file,month,server_modified,size_bytes,sha256,records,layout,fields
RDRR0801.dbc,2008-01,2013-11-01T11:45,75358,ad3817afbe19f8087415f5204a677893dee767a802de093d84bb193577c2d4e7,1475,1,UF_ZI C6.0 ANO_CMPT C4.0 MES_CMPT C2.0 ESPEC C2.0 CGC_HOSP C14.0 N_AIH C13.0 IDENT C1.0 CEP C8.0 MUNIC_RES C6.0 NASC C8.0 SEXO C1.0 UTI_MES_IN N2.0 UTI_MES_AN N2.0 UTI_MES_AL N2.0 UTI_MES_TO N3.0 MARCA_UTI C2.0 UTI_INT_IN N2.0 UTI_INT_AN N2.0 UTI_INT_AL N2.0 UTI_INT_TO N3.0 DIAR_ACOM N3.0 QT_DIARIAS N3.0 PROC_SOLIC C10.0 PROC_REA C10.0 VAL_SH N13.2 VAL_SP N13.2 VAL_SADT N13.2 VAL_RN N13.2 VAL_ACOMP N13.2 VAL_ORTP N13.2 VAL_SANGUE N13.2 VAL_SADTSR N11.2 VAL_TRANSP N13.2 VAL_OBSANG N11.2 VAL_PED1AC N11.2 VAL_TOT N14.2 VAL_UTI N8.2 US_TOT N10.2 DT_INTER C8.0 DT_SAIDA C8.0 DIAG_PRINC C4.0 DIAG_SECUN C4.0 COBRANCA C2.0 NATUREZA C2.0 GESTAO C1.0 RUBRICA N5.0 IND_VDRL C1.0 MUNIC_MOV C6.0 COD_IDADE C1.0 IDADE N2.0 DIAS_PERM N5.0 MORTE N1.0 NACIONAL C3.0 NUM_PROC C4.0 CAR_INT C2.0 TOT_PT_SP N6.0 CPF_AUT C11.0 HOMONIMO C1.0 NUM_FILHOS N2.0 INSTRU C1.0 CID_NOTIF C4.0 CONTRACEP1 C2.0 CONTRACEP2 C2.0 GESTRISCO C1.0 INSC_PN C10.0 SEQ_AIH5 C3.0 CBOR C6.0 CNAER C3.0 VINCPREV C1.0 GESTOR_COD C3.0 GESTOR_TP C1.0 GESTOR_CPF C15.0 GESTOR_DT C8.0 CNES C7.0 CNPJ_MANT C14.0 INFEHOSP C1.0 CID_ASSO C4.0 CID_MORTE C4.0 COMPLEX C2.0 FINANC C2.0 FAEC_TP C6.0 REGCT C4.0 RACA_COR C2.0 ETNIA C4.0 SEQUENCIA N9.0 REMESSA C21.0
RDRR0802.dbc,2008-02,2013-11-01T11:45,103695,d2afb620a5828268d0c2c3ddb9408753e956373a171e9efc1e2112f5c454b71f,1812,1,UF_ZI C6.0 ANO_CMPT C4.0 MES_CMPT C2.0 ESPEC C2.0 CGC_HOSP C14.0 N_AIH C13.0 IDENT C1.0 CEP C8.0 MUNIC_RES C6.0 NASC C8.0 SEXO C1.0 UTI_MES_IN N2.0 UTI_MES_AN N2.0 UTI_MES_AL N2.0 UTI_MES_TO N3.0 MARCA_UTI C2.0 UTI_INT_IN N2.0 UTI_INT_AN N2.0 UTI_INT_AL N2.0 UTI_INT_TO N3.0 DIAR_ACOM N3.0 QT_DIARIAS N3.0 PROC_SOLIC C10.0 PROC_REA C10.0 VAL_SH N13.2 VAL_SP N13.2 VAL_SADT N13.2 VAL_RN N13.2 VAL_ACOMP N13.2 VAL_ORTP N13.2 VAL_SANGUE N13.2 VAL_SADTSR N11.2 VAL_TRANSP N13.2 VAL_OBSANG N11.2 VAL_PED1AC N11.2 VAL_TOT N14.2 VAL_UTI N8.2 US_TOT N10.2 DT_INTER C8.0 DT_SAIDA C8.0 DIAG_PRINC C4.0 DIAG_SECUN C4.0 COBRANCA C2.0 NATUREZA C2.0 GESTAO C1.0 RUBRICA N5.0 IND_VDRL C1.0 MUNIC_MOV C6.0 COD_IDADE C1.0 IDADE N2.0 DIAS_PERM N5.0 MORTE N1.0 NACIONAL C3.0 NUM_PROC C4.0 CAR_INT C2.0 TOT_PT_SP N6.0 CPF_AUT C11.0 HOMONIMO C1.0 NUM_FILHOS N2.0 INSTRU C1.0 CID_NOTIF C4.0 CONTRACEP1 C2.0 CONTRACEP2 C2.0 GESTRISCO C1.0 INSC_PN C10.0 SEQ_AIH5 C3.0 CBOR C6.0 CNAER C3.0 VINCPREV C1.0 GESTOR_COD C3.0 GESTOR_TP C1.0 GESTOR_CPF C15.0 GESTOR_DT C8.0 CNES C7.0 CNPJ_MANT C14.0 INFEHOSP C1.0 CID_ASSO C4.0 CID_MORTE C4.0 COMPLEX C2.0 FINANC C2.0 FAEC_TP C6.0 REGCT C4.0 RACA_COR C2.0 ETNIA C4.0 SEQUENCIA N9.0 REMESSA C21.0
RDRR0803.dbc,2008-03,2013-11-01T11:45,113845,96ba05f73b7f66837d0dfabf0ab8541c8a726edd55b6465ccbba1d26c628edb5,1813,1,UF_ZI C6.0 ANO_CMPT C4.0 MES_CMPT C2.0 ESPEC C2.0 CGC_HOSP C14.0 N_AIH C13.0 IDENT C1.0 CEP C8.0 MUNIC_RES C6.0 NASC C8.0 SEXO C1.0 UTI_MES_IN N2.0 UTI_MES_AN N2.0 UTI_MES_AL N2.0 UTI_MES_TO N3.0 MARCA_UTI C2.0 UTI_INT_IN N2.0 UTI_INT_AN N2.0 UTI_INT_AL N2.0 UTI_INT_TO N3.0 DIAR_ACOM N3.0 QT_DIARIAS N3.0 PROC_SOLIC C10.0 PROC_REA C10.0 VAL_SH N13.2 VAL_SP N13.2 VAL_SADT N13.2 VAL_RN N13.2 VAL_ACOMP N13.2 VAL_ORTP N13.2 VAL_SANGUE N13.2 VAL_SADTSR N11.2 VAL_TRANSP N13.2 VAL_OBSANG N11.2 VAL_PED1AC N11.2 VAL_TOT N14.2 VAL_UTI N8.2 US_TOT N10.2 DT_INTER C8.0 DT_SAIDA C8.0 DIAG_PRINC C4.0 DIAG_SECUN C4.0 COBRANCA C2.0 NATUREZA C2.0 GESTAO C1.0 RUBRICA N5.0 IND_VDRL C1.0 MUNIC_MOV C6.0 COD_IDADE C1.0 IDADE N2.0 DIAS_PERM N5.0 MORTE N1.0 NACIONAL C3.0 NUM_PROC C4.0 CAR_INT C2.0 TOT_PT_SP N6.0 CPF_AUT C11.0 HOMONIMO C1.0 NUM_FILHOS N2.0 INSTRU C1.0 CID_NOTIF C4.0 CONTRACEP1 C2.0 CONTRACEP2 C2.0 GESTRISCO C1.0 INSC_PN C10.0 SEQ_AIH5 C3.0 CBOR C6.0 CNAER C3.0 VINCPREV C1.0 GESTOR_COD C3.0 GESTOR_TP C1.0 GESTOR_CPF C15.0 GESTOR_DT C8.0 CNES C7.0 CNPJ_MANT C14.0 INFEHOSP C1.0 CID_ASSO C4.0 CID_MORTE C4.0 COMPLEX C2.0 FINANC C2.0 FAEC_TP C6.0 REGCT C4.0 RACA_COR C2.0 ETNIA C4.0 SEQUENCIA N9.0 REMESSA C21.0
RDRR0804.dbc,2008-04,2013-11-01T11:45,117541,7a7b4124ad52f582185a5a9f822875831740e1d8478de3a8d07c20d62348c0b1,1964,1,UF_ZI C6.0 ANO_CMPT C4.0 MES_CMPT C2.0 ESPEC C2.0 CGC_HOSP C14.0 N_AIH C13.0 IDENT C1.0 CEP C8.0 MUNIC_RES C6.0 NASC C8.0 SEXO C1.0 UTI_MES_IN N2.0 UTI_MES_AN N2.0 UTI_MES_AL N2.0 UTI_MES_TO N3.0 MARCA_UTI C2.0 UTI_INT_IN N2.0 UTI_INT_AN N2.0 UTI_INT_AL N2.0 UTI_INT_TO N3.0 DIAR_ACOM N3.0 QT_DIARIAS N3.0 PROC_SOLIC C10.0 PROC_REA C10.0 VAL_SH N13.2 VAL_SP N13.2 VAL_SADT N13.2 VAL_RN N13.2 VAL_ACOMP N13.2 VAL_ORTP N13.2 VAL_SANGUE N13.2 VAL_SADTSR N11.2 VAL_TRANSP N13.2 VAL_OBSANG N11.2 VAL_PED1AC N11.2 VAL_TOT N14.2 VAL_UTI N8.2 US_TOT N10.2 DT_INTER C8.0 DT_SAIDA C8.0 DIAG_PRINC C4.0 DIAG_SECUN C4.0 COBRANCA C2.0 NATUREZA C2.0 GESTAO C1.0 RUBRICA N5.0 IND_VDRL C1.0 MUNIC_MOV C6.0 COD_IDADE C1.0 IDADE N2.0 DIAS_PERM N5.0 MORTE N1.0 NACIONAL C3.0 NUM_PROC C4.0 CAR_INT C2.0 TOT_PT_SP N6.0 CPF_AUT C11.0 HOMONIMO C1.0 NUM_FILHOS N2.0 INSTRU C1.0 CID_NOTIF C4.0 CONTRACEP1 C2.0 CONTRACEP2 C2.0 GESTRISCO C1.0 INSC_PN C10.0 SEQ_AIH5 C3.0 CBOR C6.0 CNAER C3.0 VINCPREV C1.0 GESTOR_COD C3.0 GESTOR_TP C1.0 GESTOR_CPF C15.0 GESTOR_DT C8.0 CNES C7.0 CNPJ_MANT C14.0 INFEHOSP C1.0 CID_ASSO C4.0 CID_MORTE C4.0 COMPLEX C2.0 FINANC C2.0 FAEC_TP C6.0 REGCT C4.0 RACA_COR C2.0 ETNIA C4.0 SEQUENCIA N9.0 REMESSA C21.0
RDRR0805.dbc,2008-05,2013-11-01T11:45,123401,6df2bc9dde73097b06aaa80826a407e8342f8351be6a58ff37ad91a9fc971f7d,2037,1,UF_ZI C6.0 ANO_CMPT C4.0 MES_CMPT C2.0 ESPEC C2.0 CGC_HOSP C14.0 N_AIH C13.0 IDENT C1.0 CEP C8.0 MUNIC_RES C6.0 NASC C8.0 SEXO C1.0 UTI_MES_IN N2.0 UTI_MES_AN N2.0 UTI_MES_AL N2.0 UTI_MES_TO N3.0 MARCA_UTI C2.0 UTI_INT_IN N2.0 UTI_INT_AN N2.0 UTI_INT_AL N2.0 UTI_INT_TO N3.0 DIAR_ACOM N3.0 QT_DIARIAS N3.0 PROC_SOLIC C10.0 PROC_REA C10.0 VAL_SH N13.2 VAL_SP N13.2 VAL_SADT N13.2 VAL_RN N13.2 VAL_ACOMP N13.2 VAL_ORTP N13.2 VAL_SANGUE N13.2 VAL_SADTSR N11.2 VAL_TRANSP N13.2 VAL_OBSANG N11.2 VAL_PED1AC N11.2 VAL_TOT N14.2 VAL_UTI N8.2 US_TOT N10.2 DT_INTER C8.0 DT_SAIDA C8.0 DIAG_PRINC C4.0 DIAG_SECUN C4.0 COBRANCA C2.0 NATUREZA C2.0 GESTAO C1.0 RUBRICA N5.0 IND_VDRL C1.0 MUNIC_MOV C6.0 COD_IDADE C1.0 IDADE N2.0 DIAS_PERM N5.0 MORTE N1.0 NACIONAL C3.0 NUM_PROC C4.0 CAR_INT C2.0 TOT_PT_SP N6.0 CPF_AUT C11.0 HOMONIMO C1.0 NUM_FILHOS N2.0 INSTRU C1.0 CID_NOTIF C4.0 CONTRACEP1 C2.0 CONTRACEP2 C2.0 GESTRISCO C1.0 INSC_PN C10.0 SEQ_AIH5 C3.0 CBOR C6.0 CNAER C3.0 VINCPREV C1.0 GESTOR_COD C3.0 GESTOR_TP C1.0 GESTOR_CPF C15.0 GESTOR_DT C8.0 CNES C7.0 CNPJ_MANT C14.0 INFEHOSP C1.0 CID_ASSO C4.0 CID_MORTE C4.0 COMPLEX C2.0 FINANC C2.0 FAEC_TP C6.0 REGCT C4.0 RACA_COR C2.0 ETNIA C4.0 SEQUENCIA N9.0 REMESSA C21.0
RDRR0806.dbc,2008-06,2013-11-01T11:45,124923,37afe99ba9ecc88426037ea6226ed10989f3de44d35279ea91edfc1f26a36ef6,2030,1,UF_ZI C6.0 ANO_CMPT C4.0 MES_CMPT C2.0 ESPEC C2.0 CGC_HOSP C14.0 N_AIH C13.0 IDENT C1.0 CEP C8.0 MUNIC_RES C6.0 NASC C8.0 SEXO C1.0 UTI_MES_IN N2.0 UTI_MES_AN N2.0 UTI_MES_AL N2.0 UTI_MES_TO N3.0 MARCA_UTI C2.0 UTI_INT_IN N2.0 UTI_INT_AN N2.0 UTI_INT_AL N2.0 UTI_INT_TO N3.0 DIAR_ACOM N3.0 QT_DIARIAS N3.0 PROC_SOLIC C10.0 PROC_REA C10.0 VAL_SH N13.2 VAL_SP N13.2 VAL_SADT N13.2 VAL_RN N13.2 VAL_ACOMP N13.2 VAL_ORTP N13.2 VAL_SANGUE N13.2 VAL_SADTSR N11.2 VAL_TRANSP N13.2 VAL_OBSANG N11.2 VAL_PED1AC N11.2 VAL_TOT N14.2 VAL_UTI N8.2 US_TOT N10.2 DT_INTER C8.0 DT_SAIDA C8.0 DIAG_PRINC C4.0 DIAG_SECUN C4.0 COBRANCA C2.0 NATUREZA C2.0 GESTAO C1.0 RUBRICA N5.0 IND_VDRL C1.0 MUNIC_MOV C6.0 COD_IDADE C1.0 IDADE N2.0 DIAS_PERM N5.0 MORTE N1.0 NACIONAL C3.0 NUM_PROC C4.0 CAR_INT C2.0 TOT_PT_SP N6.0 CPF_AUT C11.0 HOMONIMO C1.0 NUM_FILHOS N2.0 INSTRU C1.0 CID_NOTIF C4.0 CONTRACEP1 C2.0 CONTRACEP2 C2.0 GESTRISCO C1.0 INSC_PN C10.0 SEQ_AIH5 C3.0 CBOR C6.0 CNAER C3.0 VINCPREV C1.0 GESTOR_COD C3.0 GESTOR_TP C1.0 GESTOR_CPF C15.0 GESTOR_DT C8.0 CNES C7.0 CNPJ_MANT C14.0 INFEHOSP C1.0 CID_ASSO C4.0 CID_MORTE C4.0 COMPLEX C2.0 FINANC C2.0 FAEC_TP C6.0 REGCT C4.0 RACA_COR C2.0 ETNIA C4.0 SEQUENCIA N9.0 REMESSA C21.0
RDRR0807.dbc,2008-07,2013-11-01T11:45,136327,c34de04fb653c521c8c5b6409bc8d920dd5d959a0f98f4b30f7b152932cf9f87,2307,1,UF_ZI C6.0 ANO_CMPT C4.0 MES_CMPT C2.0 ESPEC C2.0 CGC_HOSP C14.0 N_AIH C13.0 IDENT C1.0 CEP C8.0 MUNIC_RES C6.0 NASC C8.0 SEXO C1.0 UTI_MES_IN N2.0 UTI_MES_AN N2.0 UTI_MES_AL N2.0 UTI_MES_TO N3.0 MARCA_UTI C2.0 UTI_INT_IN N2.0 UTI_INT_AN N2.0 UTI_INT_AL N2.0 UTI_INT_TO N3.0 DIAR_ACOM N3.0 QT_DIARIAS N3.0 PROC_SOLIC C10.0 PROC_REA C10.0 VAL_SH N13.2 VAL_SP N13.2 VAL_SADT N13.2 VAL_RN N13.2 VAL_ACOMP N13.2 VAL_ORTP N13.2 VAL_SANGUE N13.2 VAL_SADTSR N11.2 VAL_TRANSP N13.2 VAL_OBSANG N11.2 VAL_PED1AC N11.2 VAL_TOT N14.2 VAL_UTI N8.2 US_TOT N10.2 DT_INTER C8.0 DT_SAIDA C8.0 DIAG_PRINC C4.0 DIAG_SECUN C4.0 COBRANCA C2.0 NATUREZA C2.0 GESTAO C1.0 RUBRICA N5.0 IND_VDRL C1.0 MUNIC_MOV C6.0 COD_IDADE C1.0 IDADE N2.0 DIAS_PERM N5.0 MORTE N1.0 NACIONAL C3.0 NUM_PROC C4.0 CAR_INT C2.0 TOT_PT_SP N6.0 CPF_AUT C11.0 HOMONIMO C1.0 NUM_FILHOS N2.0 INSTRU C1.0 CID_NOTIF C4.0 CONTRACEP1 C2.0 CONTRACEP2 C2.0 GESTRISCO C1.0 INSC_PN C10.0 SEQ_AIH5 C3.0 CBOR C6.0 CNAER C3.0 VINCPREV C1.0 GESTOR_COD C3.0 GESTOR_TP C1.0 GESTOR_CPF C15.0 GESTOR_DT C8.0 CNES C7.0 CNPJ_MANT C14.0 INFEHOSP C1.0 CID_ASSO C4.0 CID_MORTE C4.0 COMPLEX C2.0 FINANC C2.0 FAEC_TP C6.0 REGCT C4.0 RACA_COR C2.0 ETNIA C4.0 SEQUENCIA N9.0 REMESSA C21.0
RDRR0808.dbc,2008-08,2013-11-01T11:45,131727,4b34cd2b400b1d86e70d47f6a06c25db79f9a515dcc1dbcb8608af3308b5f161,2153,1,UF_ZI C6.0 ANO_CMPT C4.0 MES_CMPT C2.0 ESPEC C2.0 CGC_HOSP C14.0 N_AIH C13.0 IDENT C1.0 CEP C8.0 MUNIC_RES C6.0 NASC C8.0 SEXO C1.0 UTI_MES_IN N2.0 UTI_MES_AN N2.0 UTI_MES_AL N2.0 UTI_MES_TO N3.0 MARCA_UTI C2.0 UTI_INT_IN N2.0 UTI_INT_AN N2.0 UTI_INT_AL N2.0 UTI_INT_TO N3.0 DIAR_ACOM N3.0 QT_DIARIAS N3.0 PROC_SOLIC C10.0 PROC_REA C10.0 VAL_SH N13.2 VAL_SP N13.2 VAL_SADT N13.2 VAL_RN N13.2 VAL_ACOMP N13.2 VAL_ORTP N13.2 VAL_SANGUE N13.2 VAL_SADTSR N11.2 VAL_TRANSP N13.2 VAL_OBSANG N11.2 VAL_PED1AC N11.2 VAL_TOT N14.2 VAL_UTI N8.2 US_TOT N10.2 DT_INTER C8.0 DT_SAIDA C8.0 DIAG_PRINC C4.0 DIAG_SECUN C4.0 COBRANCA C2.0 NATUREZA C2.0 GESTAO C1.0 RUBRICA N5.0 IND_VDRL C1.0 MUNIC_MOV C6.0 COD_IDADE C1.0 IDADE N2.0 DIAS_PERM N5.0 MORTE N1.0 NACIONAL C3.0 NUM_PROC C4.0 CAR_INT C2.0 TOT_PT_SP N6.0 CPF_AUT C11.0 HOMONIMO C1.0 NUM_FILHOS N2.0 INSTRU C1.0 CID_NOTIF C4.0 CONTRACEP1 C2.0 CONTRACEP2 C2.0 GESTRISCO C1.0 INSC_PN C10.0 SEQ_AIH5 C3.0 CBOR C6.0 CNAER C3.0 VINCPREV C1.0 GESTOR_COD C3.0 GESTOR_TP C1.0 GESTOR_CPF C15.0 GESTOR_DT C8.0 CNES C7.0 CNPJ_MANT C14.0 INFEHOSP C1.0 CID_ASSO C4.0 CID_MORTE C4.0 COMPLEX C2.0 FINANC C2.0 FAEC_TP C6.0 REGCT C4.0 RACA_COR C2.0 ETNIA C4.0 SEQUENCIA N9.0 REMESSA C21.0
RDRR0809.dbc,2008-09,2013-11-01T11:45,115236,850b341bec46e315ceb83b66089105ee22ab08ab6a3ac9a66f3d893c471c8b9f,1913,1,UF_ZI C6.0 ANO_CMPT C4.0 MES_CMPT C2.0 ESPEC C2.0 CGC_HOSP C14.0 N_AIH C13.0 IDENT C1.0 CEP C8.0 MUNIC_RES C6.0 NASC C8.0 SEXO C1.0 UTI_MES_IN N2.0 UTI_MES_AN N2.0 UTI_MES_AL N2.0 UTI_MES_TO N3.0 MARCA_UTI C2.0 UTI_INT_IN N2.0 UTI_INT_AN N2.0 UTI_INT_AL N2.0 UTI_INT_TO N3.0 DIAR_ACOM N3.0 QT_DIARIAS N3.0 PROC_SOLIC C10.0 PROC_REA C10.0 VAL_SH N13.2 VAL_SP N13.2 VAL_SADT N13.2 VAL_RN N13.2 VAL_ACOMP N13.2 VAL_ORTP N13.2 VAL_SANGUE N13.2 VAL_SADTSR N11.2 VAL_TRANSP N13.2 VAL_OBSANG N11.2 VAL_PED1AC N11.2 VAL_TOT N14.2 VAL_UTI N8.2 US_TOT N10.2 DT_INTER C8.0 DT_SAIDA C8.0 DIAG_PRINC C4.0 DIAG_SECUN C4.0 COBRANCA C2.0 NATUREZA C2.0 GESTAO C1.0 RUBRICA N5.0 IND_VDRL C1.0 MUNIC_MOV C6.0 COD_IDADE C1.0 IDADE N2.0 DIAS_PERM N5.0 MORTE N1.0 NACIONAL C3.0 NUM_PROC C4.0 CAR_INT C2.0 TOT_PT_SP N6.0 CPF_AUT C11.0 HOMONIMO C1.0 NUM_FILHOS N2.0 INSTRU C1.0 CID_NOTIF C4.0 CONTRACEP1 C2.0 CONTRACEP2 C2.0 GESTRISCO C1.0 INSC_PN C10.0 SEQ_AIH5 C3.0 CBOR C6.0 CNAER C3.0 VINCPREV C1.0 GESTOR_COD C3.0 GESTOR_TP C1.0 GESTOR_CPF C15.0 GESTOR_DT C8.0 CNES C7.0 CNPJ_MANT C14.0 INFEHOSP C1.0 CID_ASSO C4.0 CID_MORTE C4.0 COMPLEX C2.0 FINANC C2.0 FAEC_TP C6.0 REGCT C4.0 RACA_COR C2.0 ETNIA C4.0 SEQUENCIA N9.0 REMESSA C21.0
RDRR0810.dbc,2008-10,2013-11-01T11:45,154239,4b65ae7e8488fa8acd1b8cc2e485f88f51286839951997933c41791b8aab0ca5,2550,1,UF_ZI C6.0 ANO_CMPT C4.0 MES_CMPT C2.0 ESPEC C2.0 CGC_HOSP C14.0 N_AIH C13.0 IDENT C1.0 CEP C8.0 MUNIC_RES C6.0 NASC C8.0 SEXO C1.0 UTI_MES_IN N2.0 UTI_MES_AN N2.0 UTI_MES_AL N2.0 UTI_MES_TO N3.0 MARCA_UTI C2.0 UTI_INT_IN N2.0 UTI_INT_AN N2.0 UTI_INT_AL N2.0 UTI_INT_TO N3.0 DIAR_ACOM N3.0 QT_DIARIAS N3.0 PROC_SOLIC C10.0 PROC_REA C10.0 VAL_SH N13.2 VAL_SP N13.2 VAL_SADT N13.2 VAL_RN N13.2 VAL_ACOMP N13.2 VAL_ORTP N13.2 VAL_SANGUE N13.2 VAL_SADTSR N11.2 VAL_TRANSP N13.2 VAL_OBSANG N11.2 VAL_PED1AC N11.2 VAL_TOT N14.2 VAL_UTI N8.2 US_TOT N10.2 DT_INTER C8.0 DT_SAIDA C8.0 DIAG_PRINC C4.0 DIAG_SECUN C4.0 COBRANCA C2.0 NATUREZA C2.0 GESTAO C1.0 RUBRICA N5.0 IND_VDRL C1.0 MUNIC_MOV C6.0 COD_IDADE C1.0 IDADE N2.0 DIAS_PERM N5.0 MORTE N1.0 NACIONAL C3.0 NUM_PROC C4.0 CAR_INT C2.0 TOT_PT_SP N6.0 CPF_AUT C11.0 HOMONIMO C1.0 NUM_FILHOS N2.0 INSTRU C1.0 CID_NOTIF C4.0 CONTRACEP1 C2.0 CONTRACEP2 C2.0 GESTRISCO C1.0 INSC_PN C10.0 SEQ_AIH5 C3.0 CBOR C6.0 CNAER C3.0 VINCPREV C1.0 GESTOR_COD C3.0 GESTOR_TP C1.0 GESTOR_CPF C15.0 GESTOR_DT C8.0 CNES C7.0 CNPJ_MANT C14.0 INFEHOSP C1.0 CID_ASSO C4.0 CID_MORTE C4.0 COMPLEX C2.0 FINANC C2.0 FAEC_TP C6.0 REGCT C4.0 RACA_COR C2.0 ETNIA C4.0 SEQUENCIA N9.0 REMESSA C21.0
RDRR0811.dbc,2008-11,2013-11-01T11:45,141860,e11769e98d599211948f3006e077816d214aef7bc2365cf7e09ca41d8e6cfd56,2416,1,UF_ZI C6.0 ANO_CMPT C4.0 MES_CMPT C2.0 ESPEC C2.0 CGC_HOSP C14.0 N_AIH C13.0 IDENT C1.0 CEP C8.0 MUNIC_RES C6.0 NASC C8.0 SEXO C1.0 UTI_MES_IN N2.0 UTI_MES_AN N2.0 UTI_MES_AL N2.0 UTI_MES_TO N3.0 MARCA_UTI C2.0 UTI_INT_IN N2.0 UTI_INT_AN N2.0 UTI_INT_AL N2.0 UTI_INT_TO N3.0 DIAR_ACOM N3.0 QT_DIARIAS N3.0 PROC_SOLIC C10.0 PROC_REA C10.0 VAL_SH N13.2 VAL_SP N13.2 VAL_SADT N13.2 VAL_RN N13.2 VAL_ACOMP N13.2 VAL_ORTP N13.2 VAL_SANGUE N13.2 VAL_SADTSR N11.2 VAL_TRANSP N13.2 VAL_OBSANG N11.2 VAL_PED1AC N11.2 VAL_TOT N14.2 VAL_UTI N8.2 US_TOT N10.2 DT_INTER C8.0 DT_SAIDA C8.0 DIAG_PRINC C4.0 DIAG_SECUN C4.0 COBRANCA C2.0 NATUREZA C2.0 GESTAO C1.0 RUBRICA N5.0 IND_VDRL C1.0 MUNIC_MOV C6.0 COD_IDADE C1.0 IDADE N2.0 DIAS_PERM N5.0 MORTE N1.0 NACIONAL C3.0 NUM_PROC C4.0 CAR_INT C2.0 TOT_PT_SP N6.0 CPF_AUT C11.0 HOMONIMO C1.0 NUM_FILHOS N2.0 INSTRU C1.0 CID_NOTIF C4.0 CONTRACEP1 C2.0 CONTRACEP2 C2.0 GESTRISCO C1.0 INSC_PN C10.0 SEQ_AIH5 C3.0 CBOR C6.0 CNAER C3.0 VINCPREV C1.0 GESTOR_COD C3.0 GESTOR_TP C1.0 GESTOR_CPF C15.0 GESTOR_DT C8.0 CNES C7.0 CNPJ_MANT C14.0 INFEHOSP C1.0 CID_ASSO C4.0 CID_MORTE C4.0 COMPLEX C2.0 FINANC C2.0 FAEC_TP C6.0 REGCT C4.0 RACA_COR C2.0 ETNIA C4.0 SEQUENCIA N9.0 REMESSA C21.0
RDRR0812.dbc,2008-12,2013-11-01T11:45,132398,cc485cf224bd476d1b9589b4fe97a6b2202f43e89fb82b53f5b0c9b0a0e363e0,2233,1,UF_ZI C6.0 ANO_CMPT C4.0 MES_CMPT C2.0 ESPEC C2.0 CGC_HOSP C14.0 N_AIH C13.0 IDENT C1.0 CEP C8.0 MUNIC_RES C6.0 NASC C8.0 SEXO C1.0 UTI_MES_IN N2.0 UTI_MES_AN N2.0 UTI_MES_AL N2.0 UTI_MES_TO N3.0 MARCA_UTI C2.0 UTI_INT_IN N2.0 UTI_INT_AN N2.0 UTI_INT_AL N2.0 UTI_INT_TO N3.0 DIAR_ACOM N3.0 QT_DIARIAS N3.0 PROC_SOLIC C10.0 PROC_REA C10.0 VAL_SH N13.2 VAL_SP N13.2 VAL_SADT N13.2 VAL_RN N13.2 VAL_ACOMP N13.2 VAL_ORTP N13.2 VAL_SANGUE N13.2 VAL_SADTSR N11.2 VAL_TRANSP N13.2 VAL_OBSANG N11.2 VAL_PED1AC N11.2 VAL_TOT N14.2 VAL_UTI N8.2 US_TOT N10.2 DT_INTER C8.0 DT_SAIDA C8.0 DIAG_PRINC C4.0 DIAG_SECUN C4.0 COBRANCA C2.0 NATUREZA C2.0 GESTAO C1.0 RUBRICA N5.0 IND_VDRL C1.0 MUNIC_MOV C6.0 COD_IDADE C1.0 IDADE N2.0 DIAS_PERM N5.0 MORTE N1.0 NACIONAL C3.0 NUM_PROC C4.0 CAR_INT C2.0 TOT_PT_SP N6.0 CPF_AUT C11.0 HOMONIMO C1.0 NUM_FILHOS N2.0 INSTRU C1.0 CID_NOTIF C4.0 CONTRACEP1 C2.0 CONTRACEP2 C2.0 GESTRISCO C1.0 INSC_PN C10.0 SEQ_AIH5 C3.0 CBOR C6.0 CNAER C3.0 VINCPREV C1.0 GESTOR_COD C3.0 GESTOR_TP C1.0 GESTOR_CPF C15.0 GESTOR_DT C8.0 CNES C7.0 CNPJ_MANT C14.0 INFEHOSP C1.0 CID_ASSO C4.0 CID_MORTE C4.0 COMPLEX C2.0 FINANC C2.0 FAEC_TP C6.0 REGCT C4.0 RACA_COR C2.0 ETNIA C4.0 SEQUENCIA N9.0 REMESSA C21.0
RDRR0901.dbc,2009-01,2013-11-01T11:45,136666,d032cbc5bfd3581f76f84e573d4ba92a8bbe9e2e1939cd2108d5a864e2dcbe51,2190,1,UF_ZI C6.0 ANO_CMPT C4.0 MES_CMPT C2.0 ESPEC C2.0 CGC_HOSP C14.0 N_AIH C13.0 IDENT C1.0 CEP C8.0 MUNIC_RES C6.0 NASC C8.0 SEXO C1.0 UTI_MES_IN N2.0 UTI_MES_AN N2.0 UTI_MES_AL N2.0 UTI_MES_TO N3.0 MARCA_UTI C2.0 UTI_INT_IN N2.0 UTI_INT_AN N2.0 UTI_INT_AL N2.0 UTI_INT_TO N3.0 DIAR_ACOM N3.0 QT_DIARIAS N3.0 PROC_SOLIC C10.0 PROC_REA C10.0 VAL_SH N13.2 VAL_SP N13.2 VAL_SADT N13.2 VAL_RN N13.2 VAL_ACOMP N13.2 VAL_ORTP N13.2 VAL_SANGUE N13.2 VAL_SADTSR N11.2 VAL_TRANSP N13.2 VAL_OBSANG N11.2 VAL_PED1AC N11.2 VAL_TOT N14.2 VAL_UTI N8.2 US_TOT N10.2 DT_INTER C8.0 DT_SAIDA C8.0 DIAG_PRINC C4.0 DIAG_SECUN C4.0 COBRANCA C2.0 NATUREZA C2.0 GESTAO C1.0 RUBRICA N5.0 IND_VDRL C1.0 MUNIC_MOV C6.0 COD_IDADE C1.0 IDADE N2.0 DIAS_PERM N5.0 MORTE N1.0 NACIONAL C3.0 NUM_PROC C4.0 CAR_INT C2.0 TOT_PT_SP N6.0 CPF_AUT C11.0 HOMONIMO C1.0 NUM_FILHOS N2.0 INSTRU C1.0 CID_NOTIF C4.0 CONTRACEP1 C2.0 CONTRACEP2 C2.0 GESTRISCO C1.0 INSC_PN C10.0 SEQ_AIH5 C3.0 CBOR C6.0 CNAER C3.0 VINCPREV C1.0 GESTOR_COD C3.0 GESTOR_TP C1.0 GESTOR_CPF C15.0 GESTOR_DT C8.0 CNES C7.0 CNPJ_MANT C14.0 INFEHOSP C1.0 CID_ASSO C4.0 CID_MORTE C4.0 COMPLEX C2.0 FINANC C2.0 FAEC_TP C6.0 REGCT C4.0 RACA_COR C2.0 ETNIA C4.0 SEQUENCIA N9.0 REMESSA C21.0
RDRR0902.dbc,2009-02,2013-11-01T11:45,122676,79b5dad87e5386cd4ac40713138cb066750f3ba855c2eb05e4adeba0922d764b,1971,1,UF_ZI C6.0 ANO_CMPT C4.0 MES_CMPT C2.0 ESPEC C2.0 CGC_HOSP C14.0 N_AIH C13.0 IDENT C1.0 CEP C8.0 MUNIC_RES C6.0 NASC C8.0 SEXO C1.0 UTI_MES_IN N2.0 UTI_MES_AN N2.0 UTI_MES_AL N2.0 UTI_MES_TO N3.0 MARCA_UTI C2.0 UTI_INT_IN N2.0 UTI_INT_AN N2.0 UTI_INT_AL N2.0 UTI_INT_TO N3.0 DIAR_ACOM N3.0 QT_DIARIAS N3.0 PROC_SOLIC C10.0 PROC_REA C10.0 VAL_SH N13.2 VAL_SP N13.2 VAL_SADT N13.2 VAL_RN N13.2 VAL_ACOMP N13.2 VAL_ORTP N13.2 VAL_SANGUE N13.2 VAL_SADTSR N11.2 VAL_TRANSP N13.2 VAL_OBSANG N11.2 VAL_PED1AC N11.2 VAL_TOT N14.2 VAL_UTI N8.2 US_TOT N10.2 DT_INTER C8.0 DT_SAIDA C8.0 DIAG_PRINC C4.0 DIAG_SECUN C4.0 COBRANCA C2.0 NATUREZA C2.0 GESTAO C1.0 RUBRICA N5.0 IND_VDRL C1.0 MUNIC_MOV C6.0 COD_IDADE C1.0 IDADE N2.0 DIAS_PERM N5.0 MORTE N1.0 NACIONAL C3.0 NUM_PROC C4.0 CAR_INT C2.0 TOT_PT_SP N6.0 CPF_AUT C11.0 HOMONIMO C1.0 NUM_FILHOS N2.0 INSTRU C1.0 CID_NOTIF C4.0 CONTRACEP1 C2.0 CONTRACEP2 C2.0 GESTRISCO C1.0 INSC_PN C10.0 SEQ_AIH5 C3.0 CBOR C6.0 CNAER C3.0 VINCPREV C1.0 GESTOR_COD C3.0 GESTOR_TP C1.0 GESTOR_CPF C15.0 GESTOR_DT C8.0 CNES C7.0 CNPJ_MANT C14.0 INFEHOSP C1.0 CID_ASSO C4.0 CID_MORTE C4.0 COMPLEX C2.0 FINANC C2.0 FAEC_TP C6.0 REGCT C4.0 RACA_COR C2.0 ETNIA C4.0 SEQUENCIA N9.0 REMESSA C21.0
RDRR0903.dbc,2009-03,2013-11-01T11:45,140448,5fe5bd8b9fda22e36ef173a6aa604bc3bbe8dab6d8a8e73e3f9532cf2db19cdf,2277,1,UF_ZI C6.0 ANO_CMPT C4.0 MES_CMPT C2.0 ESPEC C2.0 CGC_HOSP C14.0 N_AIH C13.0 IDENT C1.0 CEP C8.0 MUNIC_RES C6.0 NASC C8.0 SEXO C1.0 UTI_MES_IN N2.0 UTI_MES_AN N2.0 UTI_MES_AL N2.0 UTI_MES_TO N3.0 MARCA_UTI C2.0 UTI_INT_IN N2.0 UTI_INT_AN N2.0 UTI_INT_AL N2.0 UTI_INT_TO N3.0 DIAR_ACOM N3.0 QT_DIARIAS N3.0 PROC_SOLIC C10.0 PROC_REA C10.0 VAL_SH N13.2 VAL_SP N13.2 VAL_SADT N13.2 VAL_RN N13.2 VAL_ACOMP N13.2 VAL_ORTP N13.2 VAL_SANGUE N13.2 VAL_SADTSR N11.2 VAL_TRANSP N13.2 VAL_OBSANG N11.2 VAL_PED1AC N11.2 VAL_TOT N14.2 VAL_UTI N8.2 US_TOT N10.2 DT_INTER C8.0 DT_SAIDA C8.0 DIAG_PRINC C4.0 DIAG_SECUN C4.0 COBRANCA C2.0 NATUREZA C2.0 GESTAO C1.0 RUBRICA N5.0 IND_VDRL C1.0 MUNIC_MOV C6.0 COD_IDADE C1.0 IDADE N2.0 DIAS_PERM N5.0 MORTE N1.0 NACIONAL C3.0 NUM_PROC C4.0 CAR_INT C2.0 TOT_PT_SP N6.0 CPF_AUT C11.0 HOMONIMO C1.0 NUM_FILHOS N2.0 INSTRU C1.0 CID_NOTIF C4.0 CONTRACEP1 C2.0 CONTRACEP2 C2.0 GESTRISCO C1.0 INSC_PN C10.0 SEQ_AIH5 C3.0 CBOR C6.0 CNAER C3.0 VINCPREV C1.0 GESTOR_COD C3.0 GESTOR_TP C1.0 GESTOR_CPF C15.0 GESTOR_DT C8.0 CNES C7.0 CNPJ_MANT C14.0 INFEHOSP C1.0 CID_ASSO C4.0 CID_MORTE C4.0 COMPLEX C2.0 FINANC C2.0 FAEC_TP C6.0 REGCT C4.0 RACA_COR C2.0 ETNIA C4.0 SEQUENCIA N9.0 REMESSA C21.0
RDRR0904.dbc,2009-04,2013-11-01T11:45,141606,d390ee327aa0f0d211957229a1f042f09986a846f8a30774ad2ec90f83d70bc5,2340,1,UF_ZI C6.0 ANO_CMPT C4.0 MES_CMPT C2.0 ESPEC C2.0 CGC_HOSP C14.0 N_AIH C13.0 IDENT C1.0 CEP C8.0 MUNIC_RES C6.0 NASC C8.0 SEXO C1.0 UTI_MES_IN N2.0 UTI_MES_AN N2.0 UTI_MES_AL N2.0 UTI_MES_TO N3.0 MARCA_UTI C2.0 UTI_INT_IN N2.0 UTI_INT_AN N2.0 UTI_INT_AL N2.0 UTI_INT_TO N3.0 DIAR_ACOM N3.0 QT_DIARIAS N3.0 PROC_SOLIC C10.0 PROC_REA C10.0 VAL_SH N13.2 VAL_SP N13.2 VAL_SADT N13.2 VAL_RN N13.2 VAL_ACOMP N13.2 VAL_ORTP N13.2 VAL_SANGUE N13.2 VAL_SADTSR N11.2 VAL_TRANSP N13.2 VAL_OBSANG N11.2 VAL_PED1AC N11.2 VAL_TOT N14.2 VAL_UTI N8.2 US_TOT N10.2 DT_INTER C8.0 DT_SAIDA C8.0 DIAG_PRINC C4.0 DIAG_SECUN C4.0 COBRANCA C2.0 NATUREZA C2.0 GESTAO C1.0 RUBRICA N5.0 IND_VDRL C1.0 MUNIC_MOV C6.0 COD_IDADE C1.0 IDADE N2.0 DIAS_PERM N5.0 MORTE N1.0 NACIONAL C3.0 NUM_PROC C4.0 CAR_INT C2.0 TOT_PT_SP N6.0 CPF_AUT C11.0 HOMONIMO C1.0 NUM_FILHOS N2.0 INSTRU C1.0 CID_NOTIF C4.0 CONTRACEP1 C2.0 CONTRACEP2 C2.0 GESTRISCO C1.0 INSC_PN C10.0 SEQ_AIH5 C3.0 CBOR C6.0 CNAER C3.0 VINCPREV C1.0 GESTOR_COD C3.0 GESTOR_TP C1.0 GESTOR_CPF C15.0 GESTOR_DT C8.0 CNES C7.0 CNPJ_MANT C14.0 INFEHOSP C1.0 CID_ASSO C4.0 CID_MORTE C4.0 COMPLEX C2.0 FINANC C2.0 FAEC_TP C6.0 REGCT C4.0 RACA_COR C2.0 ETNIA C4.0 SEQUENCIA N9.0 REMESSA C21.0
RDRR0905.dbc,2009-05,2013-11-01T11:45,182338,b7bcaa8f013334892e35a80624bb42cdafe2b5565d5f5a15ab480a28fd543434,2974,1,UF_ZI C6.0 ANO_CMPT C4.0 MES_CMPT C2.0 ESPEC C2.0 CGC_HOSP C14.0 N_AIH C13.0 IDENT C1.0 CEP C8.0 MUNIC_RES C6.0 NASC C8.0 SEXO C1.0 UTI_MES_IN N2.0 UTI_MES_AN N2.0 UTI_MES_AL N2.0 UTI_MES_TO N3.0 MARCA_UTI C2.0 UTI_INT_IN N2.0 UTI_INT_AN N2.0 UTI_INT_AL N2.0 UTI_INT_TO N3.0 DIAR_ACOM N3.0 QT_DIARIAS N3.0 PROC_SOLIC C10.0 PROC_REA C10.0 VAL_SH N13.2 VAL_SP N13.2 VAL_SADT N13.2 VAL_RN N13.2 VAL_ACOMP N13.2 VAL_ORTP N13.2 VAL_SANGUE N13.2 VAL_SADTSR N11.2 VAL_TRANSP N13.2 VAL_OBSANG N11.2 VAL_PED1AC N11.2 VAL_TOT N14.2 VAL_UTI N8.2 US_TOT N10.2 DT_INTER C8.0 DT_SAIDA C8.0 DIAG_PRINC C4.0 DIAG_SECUN C4.0 COBRANCA C2.0 NATUREZA C2.0 GESTAO C1.0 RUBRICA N5.0 IND_VDRL C1.0 MUNIC_MOV C6.0 COD_IDADE C1.0 IDADE N2.0 DIAS_PERM N5.0 MORTE N1.0 NACIONAL C3.0 NUM_PROC C4.0 CAR_INT C2.0 TOT_PT_SP N6.0 CPF_AUT C11.0 HOMONIMO C1.0 NUM_FILHOS N2.0 INSTRU C1.0 CID_NOTIF C4.0 CONTRACEP1 C2.0 CONTRACEP2 C2.0 GESTRISCO C1.0 INSC_PN C10.0 SEQ_AIH5 C3.0 CBOR C6.0 CNAER C3.0 VINCPREV C1.0 GESTOR_COD C3.0 GESTOR_TP C1.0 GESTOR_CPF C15.0 GESTOR_DT C8.0 CNES C7.0 CNPJ_MANT C14.0 INFEHOSP C1.0 CID_ASSO C4.0 CID_MORTE C4.0 COMPLEX C2.0 FINANC C2.0 FAEC_TP C6.0 REGCT C4.0 RACA_COR C2.0 ETNIA C4.0 SEQUENCIA N9.0 REMESSA C21.0
RDRR0906.dbc,2009-06,2013-11-01T11:45,157033,db25253216d9ef9d8bb84e0146087ecbdb1dbceb8e2addebe1664b2925f855c1,2570,1,UF_ZI C6.0 ANO_CMPT C4.0 MES_CMPT C2.0 ESPEC C2.0 CGC_HOSP C14.0 N_AIH C13.0 IDENT C1.0 CEP C8.0 MUNIC_RES C6.0 NASC C8.0 SEXO C1.0 UTI_MES_IN N2.0 UTI_MES_AN N2.0 UTI_MES_AL N2.0 UTI_MES_TO N3.0 MARCA_UTI C2.0 UTI_INT_IN N2.0 UTI_INT_AN N2.0 UTI_INT_AL N2.0 UTI_INT_TO N3.0 DIAR_ACOM N3.0 QT_DIARIAS N3.0 PROC_SOLIC C10.0 PROC_REA C10.0 VAL_SH N13.2 VAL_SP N13.2 VAL_SADT N13.2 VAL_RN N13.2 VAL_ACOMP N13.2 VAL_ORTP N13.2 VAL_SANGUE N13.2 VAL_SADTSR N11.2 VAL_TRANSP N13.2 VAL_OBSANG N11.2 VAL_PED1AC N11.2 VAL_TOT N14.2 VAL_UTI N8.2 US_TOT N10.2 DT_INTER C8.0 DT_SAIDA C8.0 DIAG_PRINC C4.0 DIAG_SECUN C4.0 COBRANCA C2.0 NATUREZA C2.0 GESTAO C1.0 RUBRICA N5.0 IND_VDRL C1.0 MUNIC_MOV C6.0 COD_IDADE C1.0 IDADE N2.0 DIAS_PERM N5.0 MORTE N1.0 NACIONAL C3.0 NUM_PROC C4.0 CAR_INT C2.0 TOT_PT_SP N6.0 CPF_AUT C11.0 HOMONIMO C1.0 NUM_FILHOS N2.0 INSTRU C1.0 CID_NOTIF C4.0 CONTRACEP1 C2.0 CONTRACEP2 C2.0 GESTRISCO C1.0 INSC_PN C10.0 SEQ_AIH5 C3.0 CBOR C6.0 CNAER C3.0 VINCPREV C1.0 GESTOR_COD C3.0 GESTOR_TP C1.0 GESTOR_CPF C15.0 GESTOR_DT C8.0 CNES C7.0 CNPJ_MANT C14.0 INFEHOSP C1.0 CID_ASSO C4.0 CID_MORTE C4.0 COMPLEX C2.0 FINANC C2.0 FAEC_TP C6.0 REGCT C4.0 RACA_COR C2.0 ETNIA C4.0 SEQUENCIA N9.0 REMESSA C21.0
RDRR0907.dbc,2009-07,2013-11-01T11:45,168939,1a27c3e2320b0b33aeba09bf4a20745c31a2f902e9e6e908940919cae335cedf,2828,1,UF_ZI C6.0 ANO_CMPT C4.0 MES_CMPT C2.0 ESPEC C2.0 CGC_HOSP C14.0 N_AIH C13.0 IDENT C1.0 CEP C8.0 MUNIC_RES C6.0 NASC C8.0 SEXO C1.0 UTI_MES_IN N2.0 UTI_MES_AN N2.0 UTI_MES_AL N2.0 UTI_MES_TO N3.0 MARCA_UTI C2.0 UTI_INT_IN N2.0 UTI_INT_AN N2.0 UTI_INT_AL N2.0 UTI_INT_TO N3.0 DIAR_ACOM N3.0 QT_DIARIAS N3.0 PROC_SOLIC C10.0 PROC_REA C10.0 VAL_SH N13.2 VAL_SP N13.2 VAL_SADT N13.2 VAL_RN N13.2 VAL_ACOMP N13.2 VAL_ORTP N13.2 VAL_SANGUE N13.2 VAL_SADTSR N11.2 VAL_TRANSP N13.2 VAL_OBSANG N11.2 VAL_PED1AC N11.2 VAL_TOT N14.2 VAL_UTI N8.2 US_TOT N10.2 DT_INTER C8.0 DT_SAIDA C8.0 DIAG_PRINC C4.0 DIAG_SECUN C4.0 COBRANCA C2.0 NATUREZA C2.0 GESTAO C1.0 RUBRICA N5.0 IND_VDRL C1.0 MUNIC_MOV C6.0 COD_IDADE C1.0 IDADE N2.0 DIAS_PERM N5.0 MORTE N1.0 NACIONAL C3.0 NUM_PROC C4.0 CAR_INT C2.0 TOT_PT_SP N6.0 CPF_AUT C11.0 HOMONIMO C1.0 NUM_FILHOS N2.0 INSTRU C1.0 CID_NOTIF C4.0 CONTRACEP1 C2.0 CONTRACEP2 C2.0 GESTRISCO C1.0 INSC_PN C10.0 SEQ_AIH5 C3.0 CBOR C6.0 CNAER C3.0 VINCPREV C1.0 GESTOR_COD C3.0 GESTOR_TP C1.0 GESTOR_CPF C15.0 GESTOR_DT C8.0 CNES C7.0 CNPJ_MANT C14.0 INFEHOSP C1.0 CID_ASSO C4.0 CID_MORTE C4.0 COMPLEX C2.0 FINANC C2.0 FAEC_TP C6.0 REGCT C4.0 RACA_COR C2.0 ETNIA C4.0 SEQUENCIA N9.0 REMESSA C21.0
RDRR0908.dbc,2009-08,2013-11-01T11:45,176601,945d73b332bcde2eefe4853d798953a145cecbc4a14c2738ce53aac97eca28ed,3024,1,UF_ZI C6.0 ANO_CMPT C4.0 MES_CMPT C2.0 ESPEC C2.0 CGC_HOSP C14.0 N_AIH C13.0 IDENT C1.0 CEP C8.0 MUNIC_RES C6.0 NASC C8.0 SEXO C1.0 UTI_MES_IN N2.0 UTI_MES_AN N2.0 UTI_MES_AL N2.0 UTI_MES_TO N3.0 MARCA_UTI C2.0 UTI_INT_IN N2.0 UTI_INT_AN N2.0 UTI_INT_AL N2.0 UTI_INT_TO N3.0 DIAR_ACOM N3.0 QT_DIARIAS N3.0 PROC_SOLIC C10.0 PROC_REA C10.0 VAL_SH N13.2 VAL_SP N13.2 VAL_SADT N13.2 VAL_RN N13.2 VAL_ACOMP N13.2 VAL_ORTP N13.2 VAL_SANGUE N13.2 VAL_SADTSR N11.2 VAL_TRANSP N13.2 VAL_OBSANG N11.2 VAL_PED1AC N11.2 VAL_TOT N14.2 VAL_UTI N8.2 US_TOT N10.2 DT_INTER C8.0 DT_SAIDA C8.0 DIAG_PRINC C4.0 DIAG_SECUN C4.0 COBRANCA C2.0 NATUREZA C2.0 GESTAO C1.0 RUBRICA N5.0 IND_VDRL C1.0 MUNIC_MOV C6.0 COD_IDADE C1.0 IDADE N2.0 DIAS_PERM N5.0 MORTE N1.0 NACIONAL C3.0 NUM_PROC C4.0 CAR_INT C2.0 TOT_PT_SP N6.0 CPF_AUT C11.0 HOMONIMO C1.0 NUM_FILHOS N2.0 INSTRU C1.0 CID_NOTIF C4.0 CONTRACEP1 C2.0 CONTRACEP2 C2.0 GESTRISCO C1.0 INSC_PN C10.0 SEQ_AIH5 C3.0 CBOR C6.0 CNAER C3.0 VINCPREV C1.0 GESTOR_COD C3.0 GESTOR_TP C1.0 GESTOR_CPF C15.0 GESTOR_DT C8.0 CNES C7.0 CNPJ_MANT C14.0 INFEHOSP C1.0 CID_ASSO C4.0 CID_MORTE C4.0 COMPLEX C2.0 FINANC C2.0 FAEC_TP C6.0 REGCT C4.0 RACA_COR C2.0 ETNIA C4.0 SEQUENCIA N9.0 REMESSA C21.0
RDRR0909.dbc,2009-09,2013-11-01T11:45,183039,7ad78281d82470f6d533a3bff4b4a226b7706c7a6086dade1226f3f3ee4d4884,3049,1,UF_ZI C6.0 ANO_CMPT C4.0 MES_CMPT C2.0 ESPEC C2.0 CGC_HOSP C14.0 N_AIH C13.0 IDENT C1.0 CEP C8.0 MUNIC_RES C6.0 NASC C8.0 SEXO C1.0 UTI_MES_IN N2.0 UTI_MES_AN N2.0 UTI_MES_AL N2.0 UTI_MES_TO N3.0 MARCA_UTI C2.0 UTI_INT_IN N2.0 UTI_INT_AN N2.0 UTI_INT_AL N2.0 UTI_INT_TO N3.0 DIAR_ACOM N3.0 QT_DIARIAS N3.0 PROC_SOLIC C10.0 PROC_REA C10.0 VAL_SH N13.2 VAL_SP N13.2 VAL_SADT N13.2 VAL_RN N13.2 VAL_ACOMP N13.2 VAL_ORTP N13.2 VAL_SANGUE N13.2 VAL_SADTSR N11.2 VAL_TRANSP N13.2 VAL_OBSANG N11.2 VAL_PED1AC N11.2 VAL_TOT N14.2 VAL_UTI N8.2 US_TOT N10.2 DT_INTER C8.0 DT_SAIDA C8.0 DIAG_PRINC C4.0 DIAG_SECUN C4.0 COBRANCA C2.0 NATUREZA C2.0 GESTAO C1.0 RUBRICA N5.0 IND_VDRL C1.0 MUNIC_MOV C6.0 COD_IDADE C1.0 IDADE N2.0 DIAS_PERM N5.0 MORTE N1.0 NACIONAL C3.0 NUM_PROC C4.0 CAR_INT C2.0 TOT_PT_SP N6.0 CPF_AUT C11.0 HOMONIMO C1.0 NUM_FILHOS N2.0 INSTRU C1.0 CID_NOTIF C4.0 CONTRACEP1 C2.0 CONTRACEP2 C2.0 GESTRISCO C1.0 INSC_PN C10.0 SEQ_AIH5 C3.0 CBOR C6.0 CNAER C3.0 VINCPREV C1.0 GESTOR_COD C3.0 GESTOR_TP C1.0 GESTOR_CPF C15.0 GESTOR_DT C8.0 CNES C7.0 CNPJ_MANT C14.0 INFEHOSP C1.0 CID_ASSO C4.0 CID_MORTE C4.0 COMPLEX C2.0 FINANC C2.0 FAEC_TP C6.0 REGCT C4.0 RACA_COR C2.0 ETNIA C4.0 SEQUENCIA N9.0 REMESSA C21.0
RDRR0910.dbc,2009-10,2013-11-01T11:45,136527,f201575fe328905204f3c4a0648698e0e4dc715f7486b1e24d5fc983e30977ef,2108,1,UF_ZI C6.0 ANO_CMPT C4.0 MES_CMPT C2.0 ESPEC C2.0 CGC_HOSP C14.0 N_AIH C13.0 IDENT C1.0 CEP C8.0 MUNIC_RES C6.0 NASC C8.0 SEXO C1.0 UTI_MES_IN N2.0 UTI_MES_AN N2.0 UTI_MES_AL N2.0 UTI_MES_TO N3.0 MARCA_UTI C2.0 UTI_INT_IN N2.0 UTI_INT_AN N2.0 UTI_INT_AL N2.0 UTI_INT_TO N3.0 DIAR_ACOM N3.0 QT_DIARIAS N3.0 PROC_SOLIC C10.0 PROC_REA C10.0 VAL_SH N13.2 VAL_SP N13.2 VAL_SADT N13.2 VAL_RN N13.2 VAL_ACOMP N13.2 VAL_ORTP N13.2 VAL_SANGUE N13.2 VAL_SADTSR N11.2 VAL_TRANSP N13.2 VAL_OBSANG N11.2 VAL_PED1AC N11.2 VAL_TOT N14.2 VAL_UTI N8.2 US_TOT N10.2 DT_INTER C8.0 DT_SAIDA C8.0 DIAG_PRINC C4.0 DIAG_SECUN C4.0 COBRANCA C2.0 NATUREZA C2.0 GESTAO C1.0 RUBRICA N5.0 IND_VDRL C1.0 MUNIC_MOV C6.0 COD_IDADE C1.0 IDADE N2.0 DIAS_PERM N5.0 MORTE N1.0 NACIONAL C3.0 NUM_PROC C4.0 CAR_INT C2.0 TOT_PT_SP N6.0 CPF_AUT C11.0 HOMONIMO C1.0 NUM_FILHOS N2.0 INSTRU C1.0 CID_NOTIF C4.0 CONTRACEP1 C2.0 CONTRACEP2 C2.0 GESTRISCO C1.0 INSC_PN C10.0 SEQ_AIH5 C3.0 CBOR C6.0 CNAER C3.0 VINCPREV C1.0 GESTOR_COD C3.0 GESTOR_TP C1.0 GESTOR_CPF C15.0 GESTOR_DT C8.0 CNES C7.0 CNPJ_MANT C14.0 INFEHOSP C1.0 CID_ASSO C4.0 CID_MORTE C4.0 COMPLEX C2.0 FINANC C2.0 FAEC_TP C6.0 REGCT C4.0 RACA_COR C2.0 ETNIA C4.0 SEQUENCIA N9.0 REMESSA C21.0
RDRR0911.dbc,2009-11,2013-11-01T11:45,163490,ffd64a859089325453aab53f89035393105ae8d2a9f97a31ccd4a750fd7c035e,2592,1,UF_ZI C6.0 ANO_CMPT C4.0 MES_CMPT C2.0 ESPEC C2.0 CGC_HOSP C14.0 N_AIH C13.0 IDENT C1.0 CEP C8.0 MUNIC_RES C6.0 NASC C8.0 SEXO C1.0 UTI_MES_IN N2.0 UTI_MES_AN N2.0 UTI_MES_AL N2.0 UTI_MES_TO N3.0 MARCA_UTI C2.0 UTI_INT_IN N2.0 UTI_INT_AN N2.0 UTI_INT_AL N2.0 UTI_INT_TO N3.0 DIAR_ACOM N3.0 QT_DIARIAS N3.0 PROC_SOLIC C10.0 PROC_REA C10.0 VAL_SH N13.2 VAL_SP N13.2 VAL_SADT N13.2 VAL_RN N13.2 VAL_ACOMP N13.2 VAL_ORTP N13.2 VAL_SANGUE N13.2 VAL_SADTSR N11.2 VAL_TRANSP N13.2 VAL_OBSANG N11.2 VAL_PED1AC N11.2 VAL_TOT N14.2 VAL_UTI N8.2 US_TOT N10.2 DT_INTER C8.0 DT_SAIDA C8.0 DIAG_PRINC C4.0 DIAG_SECUN C4.0 COBRANCA C2.0 NATUREZA C2.0 GESTAO C1.0 RUBRICA N5.0 IND_VDRL C1.0 MUNIC_MOV C6.0 COD_IDADE C1.0 IDADE N2.0 DIAS_PERM N5.0 MORTE N1.0 NACIONAL C3.0 NUM_PROC C4.0 CAR_INT C2.0 TOT_PT_SP N6.0 CPF_AUT C11.0 HOMONIMO C1.0 NUM_FILHOS N2.0 INSTRU C1.0 CID_NOTIF C4.0 CONTRACEP1 C2.0 CONTRACEP2 C2.0 GESTRISCO C1.0 INSC_PN C10.0 SEQ_AIH5 C3.0 CBOR C6.0 CNAER C3.0 VINCPREV C1.0 GESTOR_COD C3.0 GESTOR_TP C1.0 GESTOR_CPF C15.0 GESTOR_DT C8.0 CNES C7.0 CNPJ_MANT C14.0 INFEHOSP C1.0 CID_ASSO C4.0 CID_MORTE C4.0 COMPLEX C2.0 FINANC C2.0 FAEC_TP C6.0 REGCT C4.0 RACA_COR C2.0 ETNIA C4.0 SEQUENCIA N9.0 REMESSA C21.0
RDRR0912.dbc,2009-12,2013-11-01T11:45,135536,fc375c31b862398f1c341356a32bcf96887d0a2265fc50f2a91c5f041f7a3ecf,2122,1,UF_ZI C6.0 ANO_CMPT C4.0 MES_CMPT C2.0 ESPEC C2.0 CGC_HOSP C14.0 N_AIH C13.0 IDENT C1.0 CEP C8.0 MUNIC_RES C6.0 NASC C8.0 SEXO C1.0 UTI_MES_IN N2.0 UTI_MES_AN N2.0 UTI_MES_AL N2.0 UTI_MES_TO N3.0 MARCA_UTI C2.0 UTI_INT_IN N2.0 UTI_INT_AN N2.0 UTI_INT_AL N2.0 UTI_INT_TO N3.0 DIAR_ACOM N3.0 QT_DIARIAS N3.0 PROC_SOLIC C10.0 PROC_REA C10.0 VAL_SH N13.2 VAL_SP N13.2 VAL_SADT N13.2 VAL_RN N13.2 VAL_ACOMP N13.2 VAL_ORTP N13.2 VAL_SANGUE N13.2 VAL_SADTSR N11.2 VAL_TRANSP N13.2 VAL_OBSANG N11.2 VAL_PED1AC N11.2 VAL_TOT N14.2 VAL_UTI N8.2 US_TOT N10.2 DT_INTER C8.0 DT_SAIDA C8.0 DIAG_PRINC C4.0 DIAG_SECUN C4.0 COBRANCA C2.0 NATUREZA C2.0 GESTAO C1.0 RUBRICA N5.0 IND_VDRL C1.0 MUNIC_MOV C6.0 COD_IDADE C1.0 IDADE N2.0 DIAS_PERM N5.0 MORTE N1.0 NACIONAL C3.0 NUM_PROC C4.0 CAR_INT C2.0 TOT_PT_SP N6.0 CPF_AUT C11.0 HOMONIMO C1.0 NUM_FILHOS N2.0 INSTRU C1.0 CID_NOTIF C4.0 CONTRACEP1 C2.0 CONTRACEP2 C2.0 GESTRISCO C1.0 INSC_PN C10.0 SEQ_AIH5 C3.0 CBOR C6.0 CNAER C3.0 VINCPREV C1.0 GESTOR_COD C3.0 GESTOR_TP C1.0 GESTOR_CPF C15.0 GESTOR_DT C8.0 CNES C7.0 CNPJ_MANT C14.0 INFEHOSP C1.0 CID_ASSO C4.0 CID_MORTE C4.0 COMPLEX C2.0 FINANC C2.0 FAEC_TP C6.0 REGCT C4.0 RACA_COR C2.0 ETNIA C4.0 SEQUENCIA N9.0 REMESSA C21.0
RDRR1001.dbc,2010-01,2013-11-01T11:45,143585,3a65079af7a21cfdaaddfe437def5199713d241ac421d8da4de9879af583f20a,2280,1,UF_ZI C6.0 ANO_CMPT C4.0 MES_CMPT C2.0 ESPEC C2.0 CGC_HOSP C14.0 N_AIH C13.0 IDENT C1.0 CEP C8.0 MUNIC_RES C6.0 NASC C8.0 SEXO C1.0 UTI_MES_IN N2.0 UTI_MES_AN N2.0 UTI_MES_AL N2.0 UTI_MES_TO N3.0 MARCA_UTI C2.0 UTI_INT_IN N2.0 UTI_INT_AN N2.0 UTI_INT_AL N2.0 UTI_INT_TO N3.0 DIAR_ACOM N3.0 QT_DIARIAS N3.0 PROC_SOLIC C10.0 PROC_REA C10.0 VAL_SH N13.2 VAL_SP N13.2 VAL_SADT N13.2 VAL_RN N13.2 VAL_ACOMP N13.2 VAL_ORTP N13.2 VAL_SANGUE N13.2 VAL_SADTSR N11.2 VAL_TRANSP N13.2 VAL_OBSANG N11.2 VAL_PED1AC N11.2 VAL_TOT N14.2 VAL_UTI N8.2 US_TOT N10.2 DT_INTER C8.0 DT_SAIDA C8.0 DIAG_PRINC C4.0 DIAG_SECUN C4.0 COBRANCA C2.0 NATUREZA C2.0 GESTAO C1.0 RUBRICA N5.0 IND_VDRL C1.0 MUNIC_MOV C6.0 COD_IDADE C1.0 IDADE N2.0 DIAS_PERM N5.0 MORTE N1.0 NACIONAL C3.0 NUM_PROC C4.0 CAR_INT C2.0 TOT_PT_SP N6.0 CPF_AUT C11.0 HOMONIMO C1.0 NUM_FILHOS N2.0 INSTRU C1.0 CID_NOTIF C4.0 CONTRACEP1 C2.0 CONTRACEP2 C2.0 GESTRISCO C1.0 INSC_PN C10.0 SEQ_AIH5 C3.0 CBOR C6.0 CNAER C3.0 VINCPREV C1.0 GESTOR_COD C3.0 GESTOR_TP C1.0 GESTOR_CPF C15.0 GESTOR_DT C8.0 CNES C7.0 CNPJ_MANT C14.0 INFEHOSP C1.0 CID_ASSO C4.0 CID_MORTE C4.0 COMPLEX C2.0 FINANC C2.0 FAEC_TP C6.0 REGCT C4.0 RACA_COR C2.0 ETNIA C4.0 SEQUENCIA N9.0 REMESSA C21.0
RDRR1002.dbc,2010-02,2013-11-01T11:45,133775,109f1e4e775e9c7ecb11ad80f30f1ea040dcf0b17c396f6bdef22a0d01c66988,2027,1,UF_ZI C6.0 ANO_CMPT C4.0 MES_CMPT C2.0 ESPEC C2.0 CGC_HOSP C14.0 N_AIH C13.0 IDENT C1.0 CEP C8.0 MUNIC_RES C6.0 NASC C8.0 SEXO C1.0 UTI_MES_IN N2.0 UTI_MES_AN N2.0 UTI_MES_AL N2.0 UTI_MES_TO N3.0 MARCA_UTI C2.0 UTI_INT_IN N2.0 UTI_INT_AN N2.0 UTI_INT_AL N2.0 UTI_INT_TO N3.0 DIAR_ACOM N3.0 QT_DIARIAS N3.0 PROC_SOLIC C10.0 PROC_REA C10.0 VAL_SH N13.2 VAL_SP N13.2 VAL_SADT N13.2 VAL_RN N13.2 VAL_ACOMP N13.2 VAL_ORTP N13.2 VAL_SANGUE N13.2 VAL_SADTSR N11.2 VAL_TRANSP N13.2 VAL_OBSANG N11.2 VAL_PED1AC N11.2 VAL_TOT N14.2 VAL_UTI N8.2 US_TOT N10.2 DT_INTER C8.0 DT_SAIDA C8.0 DIAG_PRINC C4.0 DIAG_SECUN C4.0 COBRANCA C2.0 NATUREZA C2.0 GESTAO C1.0 RUBRICA N5.0 IND_VDRL C1.0 MUNIC_MOV C6.0 COD_IDADE C1.0 IDADE N2.0 DIAS_PERM N5.0 MORTE N1.0 NACIONAL C3.0 NUM_PROC C4.0 CAR_INT C2.0 TOT_PT_SP N6.0 CPF_AUT C11.0 HOMONIMO C1.0 NUM_FILHOS N2.0 INSTRU C1.0 CID_NOTIF C4.0 CONTRACEP1 C2.0 CONTRACEP2 C2.0 GESTRISCO C1.0 INSC_PN C10.0 SEQ_AIH5 C3.0 CBOR C6.0 CNAER C3.0 VINCPREV C1.0 GESTOR_COD C3.0 GESTOR_TP C1.0 GESTOR_CPF C15.0 GESTOR_DT C8.0 CNES C7.0 CNPJ_MANT C14.0 INFEHOSP C1.0 CID_ASSO C4.0 CID_MORTE C4.0 COMPLEX C2.0 FINANC C2.0 FAEC_TP C6.0 REGCT C4.0 RACA_COR C2.0 ETNIA C4.0 SEQUENCIA N9.0 REMESSA C21.0
RDRR1003.dbc,2010-03,2013-11-01T11:45,164639,022ac50c1718472276d975d9d78ddfac477b70042ae03aba82bfef5bffd99255,2787,1,UF_ZI C6.0 ANO_CMPT C4.0 MES_CMPT C2.0 ESPEC C2.0 CGC_HOSP C14.0 N_AIH C13.0 IDENT C1.0 CEP C8.0 MUNIC_RES C6.0 NASC C8.0 SEXO C1.0 UTI_MES_IN N2.0 UTI_MES_AN N2.0 UTI_MES_AL N2.0 UTI_MES_TO N3.0 MARCA_UTI C2.0 UTI_INT_IN N2.0 UTI_INT_AN N2.0 UTI_INT_AL N2.0 UTI_INT_TO N3.0 DIAR_ACOM N3.0 QT_DIARIAS N3.0 PROC_SOLIC C10.0 PROC_REA C10.0 VAL_SH N13.2 VAL_SP N13.2 VAL_SADT N13.2 VAL_RN N13.2 VAL_ACOMP N13.2 VAL_ORTP N13.2 VAL_SANGUE N13.2 VAL_SADTSR N11.2 VAL_TRANSP N13.2 VAL_OBSANG N11.2 VAL_PED1AC N11.2 VAL_TOT N14.2 VAL_UTI N8.2 US_TOT N10.2 DT_INTER C8.0 DT_SAIDA C8.0 DIAG_PRINC C4.0 DIAG_SECUN C4.0 COBRANCA C2.0 NATUREZA C2.0 GESTAO C1.0 RUBRICA N5.0 IND_VDRL C1.0 MUNIC_MOV C6.0 COD_IDADE C1.0 IDADE N2.0 DIAS_PERM N5.0 MORTE N1.0 NACIONAL C3.0 NUM_PROC C4.0 CAR_INT C2.0 TOT_PT_SP N6.0 CPF_AUT C11.0 HOMONIMO C1.0 NUM_FILHOS N2.0 INSTRU C1.0 CID_NOTIF C4.0 CONTRACEP1 C2.0 CONTRACEP2 C2.0 GESTRISCO C1.0 INSC_PN C10.0 SEQ_AIH5 C3.0 CBOR C6.0 CNAER C3.0 VINCPREV C1.0 GESTOR_COD C3.0 GESTOR_TP C1.0 GESTOR_CPF C15.0 GESTOR_DT C8.0 CNES C7.0 CNPJ_MANT C14.0 INFEHOSP C1.0 CID_ASSO C4.0 CID_MORTE C4.0 COMPLEX C2.0 FINANC C2.0 FAEC_TP C6.0 REGCT C4.0 RACA_COR C2.0 ETNIA C4.0 SEQUENCIA N9.0 REMESSA C21.0
RDRR1004.dbc,2010-04,2013-11-01T11:45,174247,18fabde6d6ad921677e2ab1df0204e9612d20a5b499cc55d4af243268d4ad04e,2898,1,UF_ZI C6.0 ANO_CMPT C4.0 MES_CMPT C2.0 ESPEC C2.0 CGC_HOSP C14.0 N_AIH C13.0 IDENT C1.0 CEP C8.0 MUNIC_RES C6.0 NASC C8.0 SEXO C1.0 UTI_MES_IN N2.0 UTI_MES_AN N2.0 UTI_MES_AL N2.0 UTI_MES_TO N3.0 MARCA_UTI C2.0 UTI_INT_IN N2.0 UTI_INT_AN N2.0 UTI_INT_AL N2.0 UTI_INT_TO N3.0 DIAR_ACOM N3.0 QT_DIARIAS N3.0 PROC_SOLIC C10.0 PROC_REA C10.0 VAL_SH N13.2 VAL_SP N13.2 VAL_SADT N13.2 VAL_RN N13.2 VAL_ACOMP N13.2 VAL_ORTP N13.2 VAL_SANGUE N13.2 VAL_SADTSR N11.2 VAL_TRANSP N13.2 VAL_OBSANG N11.2 VAL_PED1AC N11.2 VAL_TOT N14.2 VAL_UTI N8.2 US_TOT N10.2 DT_INTER C8.0 DT_SAIDA C8.0 DIAG_PRINC C4.0 DIAG_SECUN C4.0 COBRANCA C2.0 NATUREZA C2.0 GESTAO C1.0 RUBRICA N5.0 IND_VDRL C1.0 MUNIC_MOV C6.0 COD_IDADE C1.0 IDADE N2.0 DIAS_PERM N5.0 MORTE N1.0 NACIONAL C3.0 NUM_PROC C4.0 CAR_INT C2.0 TOT_PT_SP N6.0 CPF_AUT C11.0 HOMONIMO C1.0 NUM_FILHOS N2.0 INSTRU C1.0 CID_NOTIF C4.0 CONTRACEP1 C2.0 CONTRACEP2 C2.0 GESTRISCO C1.0 INSC_PN C10.0 SEQ_AIH5 C3.0 CBOR C6.0 CNAER C3.0 VINCPREV C1.0 GESTOR_COD C3.0 GESTOR_TP C1.0 GESTOR_CPF C15.0 GESTOR_DT C8.0 CNES C7.0 CNPJ_MANT C14.0 INFEHOSP C1.0 CID_ASSO C4.0 CID_MORTE C4.0 COMPLEX C2.0 FINANC C2.0 FAEC_TP C6.0 REGCT C4.0 RACA_COR C2.0 ETNIA C4.0 SEQUENCIA N9.0 REMESSA C21.0
RDRR1005.dbc,2010-05,2013-11-01T11:45,176373,9fde83895c2aaa62a4820a4797d0cc41c008c9e00659ac177299caaa1b9dedd1,2940,1,UF_ZI C6.0 ANO_CMPT C4.0 MES_CMPT C2.0 ESPEC C2.0 CGC_HOSP C14.0 N_AIH C13.0 IDENT C1.0 CEP C8.0 MUNIC_RES C6.0 NASC C8.0 SEXO C1.0 UTI_MES_IN N2.0 UTI_MES_AN N2.0 UTI_MES_AL N2.0 UTI_MES_TO N3.0 MARCA_UTI C2.0 UTI_INT_IN N2.0 UTI_INT_AN N2.0 UTI_INT_AL N2.0 UTI_INT_TO N3.0 DIAR_ACOM N3.0 QT_DIARIAS N3.0 PROC_SOLIC C10.0 PROC_REA C10.0 VAL_SH N13.2 VAL_SP N13.2 VAL_SADT N13.2 VAL_RN N13.2 VAL_ACOMP N13.2 VAL_ORTP N13.2 VAL_SANGUE N13.2 VAL_SADTSR N11.2 VAL_TRANSP N13.2 VAL_OBSANG N11.2 VAL_PED1AC N11.2 VAL_TOT N14.2 VAL_UTI N8.2 US_TOT N10.2 DT_INTER C8.0 DT_SAIDA C8.0 DIAG_PRINC C4.0 DIAG_SECUN C4.0 COBRANCA C2.0 NATUREZA C2.0 GESTAO C1.0 RUBRICA N5.0 IND_VDRL C1.0 MUNIC_MOV C6.0 COD_IDADE C1.0 IDADE N2.0 DIAS_PERM N5.0 MORTE N1.0 NACIONAL C3.0 NUM_PROC C4.0 CAR_INT C2.0 TOT_PT_SP N6.0 CPF_AUT C11.0 HOMONIMO C1.0 NUM_FILHOS N2.0 INSTRU C1.0 CID_NOTIF C4.0 CONTRACEP1 C2.0 CONTRACEP2 C2.0 GESTRISCO C1.0 INSC_PN C10.0 SEQ_AIH5 C3.0 CBOR C6.0 CNAER C3.0 VINCPREV C1.0 GESTOR_COD C3.0 GESTOR_TP C1.0 GESTOR_CPF C15.0 GESTOR_DT C8.0 CNES C7.0 CNPJ_MANT C14.0 INFEHOSP C1.0 CID_ASSO C4.0 CID_MORTE C4.0 COMPLEX C2.0 FINANC C2.0 FAEC_TP C6.0 REGCT C4.0 RACA_COR C2.0 ETNIA C4.0 SEQUENCIA N9.0 REMESSA C21.0
RDRR1006.dbc,2010-06,2013-11-01T11:45,171039,bf0f11aed6f664af18066321773102cd73bfb123ac3d9a3daeb8bc211d414ba9,2912,1,UF_ZI C6.0 ANO_CMPT C4.0 MES_CMPT C2.0 ESPEC C2.0 CGC_HOSP C14.0 N_AIH C13.0 IDENT C1.0 CEP C8.0 MUNIC_RES C6.0 NASC C8.0 SEXO C1.0 UTI_MES_IN N2.0 UTI_MES_AN N2.0 UTI_MES_AL N2.0 UTI_MES_TO N3.0 MARCA_UTI C2.0 UTI_INT_IN N2.0 UTI_INT_AN N2.0 UTI_INT_AL N2.0 UTI_INT_TO N3.0 DIAR_ACOM N3.0 QT_DIARIAS N3.0 PROC_SOLIC C10.0 PROC_REA C10.0 VAL_SH N13.2 VAL_SP N13.2 VAL_SADT N13.2 VAL_RN N13.2 VAL_ACOMP N13.2 VAL_ORTP N13.2 VAL_SANGUE N13.2 VAL_SADTSR N11.2 VAL_TRANSP N13.2 VAL_OBSANG N11.2 VAL_PED1AC N11.2 VAL_TOT N14.2 VAL_UTI N8.2 US_TOT N10.2 DT_INTER C8.0 DT_SAIDA C8.0 DIAG_PRINC C4.0 DIAG_SECUN C4.0 COBRANCA C2.0 NATUREZA C2.0 GESTAO C1.0 RUBRICA N5.0 IND_VDRL C1.0 MUNIC_MOV C6.0 COD_IDADE C1.0 IDADE N2.0 DIAS_PERM N5.0 MORTE N1.0 NACIONAL C3.0 NUM_PROC C4.0 CAR_INT C2.0 TOT_PT_SP N6.0 CPF_AUT C11.0 HOMONIMO C1.0 NUM_FILHOS N2.0 INSTRU C1.0 CID_NOTIF C4.0 CONTRACEP1 C2.0 CONTRACEP2 C2.0 GESTRISCO C1.0 INSC_PN C10.0 SEQ_AIH5 C3.0 CBOR C6.0 CNAER C3.0 VINCPREV C1.0 GESTOR_COD C3.0 GESTOR_TP C1.0 GESTOR_CPF C15.0 GESTOR_DT C8.0 CNES C7.0 CNPJ_MANT C14.0 INFEHOSP C1.0 CID_ASSO C4.0 CID_MORTE C4.0 COMPLEX C2.0 FINANC C2.0 FAEC_TP C6.0 REGCT C4.0 RACA_COR C2.0 ETNIA C4.0 SEQUENCIA N9.0 REMESSA C21.0
RDRR1007.dbc,2010-07,2013-11-01T11:45,185038,70a38386f8c5d50f5f1061781ddaaa1c81e4b0b56f67644af0af24cf693b0c56,2905,1,UF_ZI C6.0 ANO_CMPT C4.0 MES_CMPT C2.0 ESPEC C2.0 CGC_HOSP C14.0 N_AIH C13.0 IDENT C1.0 CEP C8.0 MUNIC_RES C6.0 NASC C8.0 SEXO C1.0 UTI_MES_IN N2.0 UTI_MES_AN N2.0 UTI_MES_AL N2.0 UTI_MES_TO N3.0 MARCA_UTI C2.0 UTI_INT_IN N2.0 UTI_INT_AN N2.0 UTI_INT_AL N2.0 UTI_INT_TO N3.0 DIAR_ACOM N3.0 QT_DIARIAS N3.0 PROC_SOLIC C10.0 PROC_REA C10.0 VAL_SH N13.2 VAL_SP N13.2 VAL_SADT N13.2 VAL_RN N13.2 VAL_ACOMP N13.2 VAL_ORTP N13.2 VAL_SANGUE N13.2 VAL_SADTSR N11.2 VAL_TRANSP N13.2 VAL_OBSANG N11.2 VAL_PED1AC N11.2 VAL_TOT N14.2 VAL_UTI N8.2 US_TOT N10.2 DT_INTER C8.0 DT_SAIDA C8.0 DIAG_PRINC C4.0 DIAG_SECUN C4.0 COBRANCA C2.0 NATUREZA C2.0 GESTAO C1.0 RUBRICA N5.0 IND_VDRL C1.0 MUNIC_MOV C6.0 COD_IDADE C1.0 IDADE N2.0 DIAS_PERM N5.0 MORTE N1.0 NACIONAL C3.0 NUM_PROC C4.0 CAR_INT C2.0 TOT_PT_SP N6.0 CPF_AUT C11.0 HOMONIMO C1.0 NUM_FILHOS N2.0 INSTRU C1.0 CID_NOTIF C4.0 CONTRACEP1 C2.0 CONTRACEP2 C2.0 GESTRISCO C1.0 INSC_PN C10.0 SEQ_AIH5 C3.0 CBOR C6.0 CNAER C3.0 VINCPREV C1.0 GESTOR_COD C3.0 GESTOR_TP C1.0 GESTOR_CPF C15.0 GESTOR_DT C8.0 CNES C7.0 CNPJ_MANT C14.0 INFEHOSP C1.0 CID_ASSO C4.0 CID_MORTE C4.0 COMPLEX C2.0 FINANC C2.0 FAEC_TP C6.0 REGCT C4.0 RACA_COR C2.0 ETNIA C4.0 SEQUENCIA N9.0 REMESSA C21.0
RDRR1008.dbc,2010-08,2013-11-01T11:45,164160,b0d3842a84792c31c87232011a56d91a856c9ee5974cc2caabbe1222cda17efa,2701,1,UF_ZI C6.0 ANO_CMPT C4.0 MES_CMPT C2.0 ESPEC C2.0 CGC_HOSP C14.0 N_AIH C13.0 IDENT C1.0 CEP C8.0 MUNIC_RES C6.0 NASC C8.0 SEXO C1.0 UTI_MES_IN N2.0 UTI_MES_AN N2.0 UTI_MES_AL N2.0 UTI_MES_TO N3.0 MARCA_UTI C2.0 UTI_INT_IN N2.0 UTI_INT_AN N2.0 UTI_INT_AL N2.0 UTI_INT_TO N3.0 DIAR_ACOM N3.0 QT_DIARIAS N3.0 PROC_SOLIC C10.0 PROC_REA C10.0 VAL_SH N13.2 VAL_SP N13.2 VAL_SADT N13.2 VAL_RN N13.2 VAL_ACOMP N13.2 VAL_ORTP N13.2 VAL_SANGUE N13.2 VAL_SADTSR N11.2 VAL_TRANSP N13.2 VAL_OBSANG N11.2 VAL_PED1AC N11.2 VAL_TOT N14.2 VAL_UTI N8.2 US_TOT N10.2 DT_INTER C8.0 DT_SAIDA C8.0 DIAG_PRINC C4.0 DIAG_SECUN C4.0 COBRANCA C2.0 NATUREZA C2.0 GESTAO C1.0 RUBRICA N5.0 IND_VDRL C1.0 MUNIC_MOV C6.0 COD_IDADE C1.0 IDADE N2.0 DIAS_PERM N5.0 MORTE N1.0 NACIONAL C3.0 NUM_PROC C4.0 CAR_INT C2.0 TOT_PT_SP N6.0 CPF_AUT C11.0 HOMONIMO C1.0 NUM_FILHOS N2.0 INSTRU C1.0 CID_NOTIF C4.0 CONTRACEP1 C2.0 CONTRACEP2 C2.0 GESTRISCO C1.0 INSC_PN C10.0 SEQ_AIH5 C3.0 CBOR C6.0 CNAER C3.0 VINCPREV C1.0 GESTOR_COD C3.0 GESTOR_TP C1.0 GESTOR_CPF C15.0 GESTOR_DT C8.0 CNES C7.0 CNPJ_MANT C14.0 INFEHOSP C1.0 CID_ASSO C4.0 CID_MORTE C4.0 COMPLEX C2.0 FINANC C2.0 FAEC_TP C6.0 REGCT C4.0 RACA_COR C2.0 ETNIA C4.0 SEQUENCIA N9.0 REMESSA C21.0
RDRR1009.dbc,2010-09,2013-11-01T11:45,177395,c2a3d660e0a93ba737538a83a1931ae71558c1ab7e09088d70b41014f8fc62c0,2762,1,UF_ZI C6.0 ANO_CMPT C4.0 MES_CMPT C2.0 ESPEC C2.0 CGC_HOSP C14.0 N_AIH C13.0 IDENT C1.0 CEP C8.0 MUNIC_RES C6.0 NASC C8.0 SEXO C1.0 UTI_MES_IN N2.0 UTI_MES_AN N2.0 UTI_MES_AL N2.0 UTI_MES_TO N3.0 MARCA_UTI C2.0 UTI_INT_IN N2.0 UTI_INT_AN N2.0 UTI_INT_AL N2.0 UTI_INT_TO N3.0 DIAR_ACOM N3.0 QT_DIARIAS N3.0 PROC_SOLIC C10.0 PROC_REA C10.0 VAL_SH N13.2 VAL_SP N13.2 VAL_SADT N13.2 VAL_RN N13.2 VAL_ACOMP N13.2 VAL_ORTP N13.2 VAL_SANGUE N13.2 VAL_SADTSR N11.2 VAL_TRANSP N13.2 VAL_OBSANG N11.2 VAL_PED1AC N11.2 VAL_TOT N14.2 VAL_UTI N8.2 US_TOT N10.2 DT_INTER C8.0 DT_SAIDA C8.0 DIAG_PRINC C4.0 DIAG_SECUN C4.0 COBRANCA C2.0 NATUREZA C2.0 GESTAO C1.0 RUBRICA N5.0 IND_VDRL C1.0 MUNIC_MOV C6.0 COD_IDADE C1.0 IDADE N2.0 DIAS_PERM N5.0 MORTE N1.0 NACIONAL C3.0 NUM_PROC C4.0 CAR_INT C2.0 TOT_PT_SP N6.0 CPF_AUT C11.0 HOMONIMO C1.0 NUM_FILHOS N2.0 INSTRU C1.0 CID_NOTIF C4.0 CONTRACEP1 C2.0 CONTRACEP2 C2.0 GESTRISCO C1.0 INSC_PN C10.0 SEQ_AIH5 C3.0 CBOR C6.0 CNAER C3.0 VINCPREV C1.0 GESTOR_COD C3.0 GESTOR_TP C1.0 GESTOR_CPF C15.0 GESTOR_DT C8.0 CNES C7.0 CNPJ_MANT C14.0 INFEHOSP C1.0 CID_ASSO C4.0 CID_MORTE C4.0 COMPLEX C2.0 FINANC C2.0 FAEC_TP C6.0 REGCT C4.0 RACA_COR C2.0 ETNIA C4.0 SEQUENCIA N9.0 REMESSA C21.0
RDRR1010.dbc,2010-10,2013-11-01T11:45,169328,94f3accdf013abd158a7429125647399a8f86edd0662e68f08e1c9d60a89cdb3,2580,1,UF_ZI C6.0 ANO_CMPT C4.0 MES_CMPT C2.0 ESPEC C2.0 CGC_HOSP C14.0 N_AIH C13.0 IDENT C1.0 CEP C8.0 MUNIC_RES C6.0 NASC C8.0 SEXO C1.0 UTI_MES_IN N2.0 UTI_MES_AN N2.0 UTI_MES_AL N2.0 UTI_MES_TO N3.0 MARCA_UTI C2.0 UTI_INT_IN N2.0 UTI_INT_AN N2.0 UTI_INT_AL N2.0 UTI_INT_TO N3.0 DIAR_ACOM N3.0 QT_DIARIAS N3.0 PROC_SOLIC C10.0 PROC_REA C10.0 VAL_SH N13.2 VAL_SP N13.2 VAL_SADT N13.2 VAL_RN N13.2 VAL_ACOMP N13.2 VAL_ORTP N13.2 VAL_SANGUE N13.2 VAL_SADTSR N11.2 VAL_TRANSP N13.2 VAL_OBSANG N11.2 VAL_PED1AC N11.2 VAL_TOT N14.2 VAL_UTI N8.2 US_TOT N10.2 DT_INTER C8.0 DT_SAIDA C8.0 DIAG_PRINC C4.0 DIAG_SECUN C4.0 COBRANCA C2.0 NATUREZA C2.0 GESTAO C1.0 RUBRICA N5.0 IND_VDRL C1.0 MUNIC_MOV C6.0 COD_IDADE C1.0 IDADE N2.0 DIAS_PERM N5.0 MORTE N1.0 NACIONAL C3.0 NUM_PROC C4.0 CAR_INT C2.0 TOT_PT_SP N6.0 CPF_AUT C11.0 HOMONIMO C1.0 NUM_FILHOS N2.0 INSTRU C1.0 CID_NOTIF C4.0 CONTRACEP1 C2.0 CONTRACEP2 C2.0 GESTRISCO C1.0 INSC_PN C10.0 SEQ_AIH5 C3.0 CBOR C6.0 CNAER C3.0 VINCPREV C1.0 GESTOR_COD C3.0 GESTOR_TP C1.0 GESTOR_CPF C15.0 GESTOR_DT C8.0 CNES C7.0 CNPJ_MANT C14.0 INFEHOSP C1.0 CID_ASSO C4.0 CID_MORTE C4.0 COMPLEX C2.0 FINANC C2.0 FAEC_TP C6.0 REGCT C4.0 RACA_COR C2.0 ETNIA C4.0 SEQUENCIA N9.0 REMESSA C21.0
RDRR1011.dbc,2010-11,2013-11-01T11:45,158790,05e61e199e20947de9c301ab86789f6809147ab5d93a9c9620f79a1e90f0b755,2510,1,UF_ZI C6.0 ANO_CMPT C4.0 MES_CMPT C2.0 ESPEC C2.0 CGC_HOSP C14.0 N_AIH C13.0 IDENT C1.0 CEP C8.0 MUNIC_RES C6.0 NASC C8.0 SEXO C1.0 UTI_MES_IN N2.0 UTI_MES_AN N2.0 UTI_MES_AL N2.0 UTI_MES_TO N3.0 MARCA_UTI C2.0 UTI_INT_IN N2.0 UTI_INT_AN N2.0 UTI_INT_AL N2.0 UTI_INT_TO N3.0 DIAR_ACOM N3.0 QT_DIARIAS N3.0 PROC_SOLIC C10.0 PROC_REA C10.0 VAL_SH N13.2 VAL_SP N13.2 VAL_SADT N13.2 VAL_RN N13.2 VAL_ACOMP N13.2 VAL_ORTP N13.2 VAL_SANGUE N13.2 VAL_SADTSR N11.2 VAL_TRANSP N13.2 VAL_OBSANG N11.2 VAL_PED1AC N11.2 VAL_TOT N14.2 VAL_UTI N8.2 US_TOT N10.2 DT_INTER C8.0 DT_SAIDA C8.0 DIAG_PRINC C4.0 DIAG_SECUN C4.0 COBRANCA C2.0 NATUREZA C2.0 GESTAO C1.0 RUBRICA N5.0 IND_VDRL C1.0 MUNIC_MOV C6.0 COD_IDADE C1.0 IDADE N2.0 DIAS_PERM N5.0 MORTE N1.0 NACIONAL C3.0 NUM_PROC C4.0 CAR_INT C2.0 TOT_PT_SP N6.0 CPF_AUT C11.0 HOMONIMO C1.0 NUM_FILHOS N2.0 INSTRU C1.0 CID_NOTIF C4.0 CONTRACEP1 C2.0 CONTRACEP2 C2.0 GESTRISCO C1.0 INSC_PN C10.0 SEQ_AIH5 C3.0 CBOR C6.0 CNAER C3.0 VINCPREV C1.0 GESTOR_COD C3.0 GESTOR_TP C1.0 GESTOR_CPF C15.0 GESTOR_DT C8.0 CNES C7.0 CNPJ_MANT C14.0 INFEHOSP C1.0 CID_ASSO C4.0 CID_MORTE C4.0 COMPLEX C2.0 FINANC C2.0 FAEC_TP C6.0 REGCT C4.0 RACA_COR C2.0 ETNIA C4.0 SEQUENCIA N9.0 REMESSA C21.0
RDMG1012.dbc,2010-12,2013-11-01T11:39,6160055,cef31f32d16ec3ed3ab0481867dd42be34ccfdd3a8c98a991eeff369d47e6e91,95341,1,UF_ZI C6.0 ANO_CMPT C4.0 MES_CMPT C2.0 ESPEC C2.0 CGC_HOSP C14.0 N_AIH C13.0 IDENT C1.0 CEP C8.0 MUNIC_RES C6.0 NASC C8.0 SEXO C1.0 UTI_MES_IN N2.0 UTI_MES_AN N2.0 UTI_MES_AL N2.0 UTI_MES_TO N3.0 MARCA_UTI C2.0 UTI_INT_IN N2.0 UTI_INT_AN N2.0 UTI_INT_AL N2.0 UTI_INT_TO N3.0 DIAR_ACOM N3.0 QT_DIARIAS N3.0 PROC_SOLIC C10.0 PROC_REA C10.0 VAL_SH N13.2 VAL_SP N13.2 VAL_SADT N13.2 VAL_RN N13.2 VAL_ACOMP N13.2 VAL_ORTP N13.2 VAL_SANGUE N13.2 VAL_SADTSR N11.2 VAL_TRANSP N13.2 VAL_OBSANG N11.2 VAL_PED1AC N11.2 VAL_TOT N14.2 VAL_UTI N8.2 US_TOT N10.2 DT_INTER C8.0 DT_SAIDA C8.0 DIAG_PRINC C4.0 DIAG_SECUN C4.0 COBRANCA C2.0 NATUREZA C2.0 GESTAO C1.0 RUBRICA N5.0 IND_VDRL C1.0 MUNIC_MOV C6.0 COD_IDADE C1.0 IDADE N2.0 DIAS_PERM N5.0 MORTE N1.0 NACIONAL C3.0 NUM_PROC C4.0 CAR_INT C2.0 TOT_PT_SP N6.0 CPF_AUT C11.0 HOMONIMO C1.0 NUM_FILHOS N2.0 INSTRU C1.0 CID_NOTIF C4.0 CONTRACEP1 C2.0 CONTRACEP2 C2.0 GESTRISCO C1.0 INSC_PN C10.0 SEQ_AIH5 C3.0 CBOR C6.0 CNAER C3.0 VINCPREV C1.0 GESTOR_COD C3.0 GESTOR_TP C1.0 GESTOR_CPF C15.0 GESTOR_DT C8.0 CNES C7.0 CNPJ_MANT C14.0 INFEHOSP C1.0 CID_ASSO C4.0 CID_MORTE C4.0 COMPLEX C2.0 FINANC C2.0 FAEC_TP C6.0 REGCT C4.0 RACA_COR C2.0 ETNIA C4.0 SEQUENCIA N9.0 REMESSA C21.0
RDRR1012.dbc,2010-12,2013-11-01T11:45,121155,eb142f5e3204f3a5c7f315057d072401f3c73e60c9d275074100d6d7fbd6d989,1897,1,UF_ZI C6.0 ANO_CMPT C4.0 MES_CMPT C2.0 ESPEC C2.0 CGC_HOSP C14.0 N_AIH C13.0 IDENT C1.0 CEP C8.0 MUNIC_RES C6.0 NASC C8.0 SEXO C1.0 UTI_MES_IN N2.0 UTI_MES_AN N2.0 UTI_MES_AL N2.0 UTI_MES_TO N3.0 MARCA_UTI C2.0 UTI_INT_IN N2.0 UTI_INT_AN N2.0 UTI_INT_AL N2.0 UTI_INT_TO N3.0 DIAR_ACOM N3.0 QT_DIARIAS N3.0 PROC_SOLIC C10.0 PROC_REA C10.0 VAL_SH N13.2 VAL_SP N13.2 VAL_SADT N13.2 VAL_RN N13.2 VAL_ACOMP N13.2 VAL_ORTP N13.2 VAL_SANGUE N13.2 VAL_SADTSR N11.2 VAL_TRANSP N13.2 VAL_OBSANG N11.2 VAL_PED1AC N11.2 VAL_TOT N14.2 VAL_UTI N8.2 US_TOT N10.2 DT_INTER C8.0 DT_SAIDA C8.0 DIAG_PRINC C4.0 DIAG_SECUN C4.0 COBRANCA C2.0 NATUREZA C2.0 GESTAO C1.0 RUBRICA N5.0 IND_VDRL C1.0 MUNIC_MOV C6.0 COD_IDADE C1.0 IDADE N2.0 DIAS_PERM N5.0 MORTE N1.0 NACIONAL C3.0 NUM_PROC C4.0 CAR_INT C2.0 TOT_PT_SP N6.0 CPF_AUT C11.0 HOMONIMO C1.0 NUM_FILHOS N2.0 INSTRU C1.0 CID_NOTIF C4.0 CONTRACEP1 C2.0 CONTRACEP2 C2.0 GESTRISCO C1.0 INSC_PN C10.0 SEQ_AIH5 C3.0 CBOR C6.0 CNAER C3.0 VINCPREV C1.0 GESTOR_COD C3.0 GESTOR_TP C1.0 GESTOR_CPF C15.0 GESTOR_DT C8.0 CNES C7.0 CNPJ_MANT C14.0 INFEHOSP C1.0 CID_ASSO C4.0 CID_MORTE C4.0 COMPLEX C2.0 FINANC C2.0 FAEC_TP C6.0 REGCT C4.0 RACA_COR C2.0 ETNIA C4.0 SEQUENCIA N9.0 REMESSA C21.0
RDSP1012.dbc,2010-12,2013-11-01T11:48,13462848,3542635c0ad7c4b451f457a89e7a07775ed4454c1dc065eb7b84c9f8de37f71b,210764,1,UF_ZI C6.0 ANO_CMPT C4.0 MES_CMPT C2.0 ESPEC C2.0 CGC_HOSP C14.0 N_AIH C13.0 IDENT C1.0 CEP C8.0 MUNIC_RES C6.0 NASC C8.0 SEXO C1.0 UTI_MES_IN N2.0 UTI_MES_AN N2.0 UTI_MES_AL N2.0 UTI_MES_TO N3.0 MARCA_UTI C2.0 UTI_INT_IN N2.0 UTI_INT_AN N2.0 UTI_INT_AL N2.0 UTI_INT_TO N3.0 DIAR_ACOM N3.0 QT_DIARIAS N3.0 PROC_SOLIC C10.0 PROC_REA C10.0 VAL_SH N13.2 VAL_SP N13.2 VAL_SADT N13.2 VAL_RN N13.2 VAL_ACOMP N13.2 VAL_ORTP N13.2 VAL_SANGUE N13.2 VAL_SADTSR N11.2 VAL_TRANSP N13.2 VAL_OBSANG N11.2 VAL_PED1AC N11.2 VAL_TOT N14.2 VAL_UTI N8.2 US_TOT N10.2 DT_INTER C8.0 DT_SAIDA C8.0 DIAG_PRINC C4.0 DIAG_SECUN C4.0 COBRANCA C2.0 NATUREZA C2.0 GESTAO C1.0 RUBRICA N5.0 IND_VDRL C1.0 MUNIC_MOV C6.0 COD_IDADE C1.0 IDADE N2.0 DIAS_PERM N5.0 MORTE N1.0 NACIONAL C3.0 NUM_PROC C4.0 CAR_INT C2.0 TOT_PT_SP N6.0 CPF_AUT C11.0 HOMONIMO C1.0 NUM_FILHOS N2.0 INSTRU C1.0 CID_NOTIF C4.0 CONTRACEP1 C2.0 CONTRACEP2 C2.0 GESTRISCO C1.0 INSC_PN C10.0 SEQ_AIH5 C3.0 CBOR C6.0 CNAER C3.0 VINCPREV C1.0 GESTOR_COD C3.0 GESTOR_TP C1.0 GESTOR_CPF C15.0 GESTOR_DT C8.0 CNES C7.0 CNPJ_MANT C14.0 INFEHOSP C1.0 CID_ASSO C4.0 CID_MORTE C4.0 COMPLEX C2.0 FINANC C2.0 FAEC_TP C6.0 REGCT C4.0 RACA_COR C2.0 ETNIA C4.0 SEQUENCIA N9.0 REMESSA C21.0
RDMG1101.dbc,2011-01,2013-11-01T11:39,6656750,26e85ea6bf9405c15d1db4a51b28843bc7f1dc49294024d52de3989a26cee744,95436,2,UF_ZI C6.0 ANO_CMPT C4.0 MES_CMPT C2.0 ESPEC C2.0 CGC_HOSP C14.0 N_AIH C13.0 IDENT C1.0 CEP C8.0 MUNIC_RES C6.0 NASC C8.0 SEXO C1.0 UTI_MES_IN N2.0 UTI_MES_AN N2.0 UTI_MES_AL N2.0 UTI_MES_TO N3.0 MARCA_UTI C2.0 UTI_INT_IN N2.0 UTI_INT_AN N2.0 UTI_INT_AL N2.0 UTI_INT_TO N3.0 DIAR_ACOM N3.0 QT_DIARIAS N3.0 PROC_SOLIC C10.0 PROC_REA C10.0 VAL_SH N13.2 VAL_SP N13.2 VAL_SADT N13.2 VAL_RN N13.2 VAL_ACOMP N13.2 VAL_ORTP N13.2 VAL_SANGUE N13.2 VAL_SADTSR N11.2 VAL_TRANSP N13.2 VAL_OBSANG N11.2 VAL_PED1AC N11.2 VAL_TOT N14.2 VAL_UTI N8.2 US_TOT N10.2 DT_INTER C8.0 DT_SAIDA C8.0 DIAG_PRINC C4.0 DIAG_SECUN C4.0 COBRANCA C2.0 NATUREZA C2.0 NAT_JUR C4.0 GESTAO C1.0 RUBRICA N5.0 IND_VDRL C1.0 MUNIC_MOV C6.0 COD_IDADE C1.0 IDADE N2.0 DIAS_PERM N5.0 MORTE N1.0 NACIONAL C3.0 NUM_PROC C4.0 CAR_INT C2.0 TOT_PT_SP N6.0 CPF_AUT C11.0 HOMONIMO C1.0 NUM_FILHOS N2.0 INSTRU C1.0 CID_NOTIF C4.0 CONTRACEP1 C2.0 CONTRACEP2 C2.0 GESTRISCO C1.0 INSC_PN C10.0 SEQ_AIH5 C3.0 CBOR C6.0 CNAER C3.0 VINCPREV C1.0 GESTOR_COD C3.0 GESTOR_TP C1.0 GESTOR_CPF C15.0 GESTOR_DT C8.0 CNES C7.0 CNPJ_MANT C14.0 INFEHOSP C1.0 CID_ASSO C4.0 CID_MORTE C4.0 COMPLEX C2.0 FINANC C2.0 FAEC_TP C6.0 REGCT C4.0 RACA_COR C2.0 ETNIA C4.0 SEQUENCIA N9.0 REMESSA C21.0 AUD_JUST C50.0 SIS_JUST C50.0 VAL_SH_FED N10.2 VAL_SP_FED N10.2 VAL_SH_GES N10.2 VAL_SP_GES N10.2
RDRR1101.dbc,2011-01,2013-11-01T11:45,136360,5ad0dd43df816dffc994efd60ddddf1b7342444a59c02ed0204bdbda28787739,1905,2,UF_ZI C6.0 ANO_CMPT C4.0 MES_CMPT C2.0 ESPEC C2.0 CGC_HOSP C14.0 N_AIH C13.0 IDENT C1.0 CEP C8.0 MUNIC_RES C6.0 NASC C8.0 SEXO C1.0 UTI_MES_IN N2.0 UTI_MES_AN N2.0 UTI_MES_AL N2.0 UTI_MES_TO N3.0 MARCA_UTI C2.0 UTI_INT_IN N2.0 UTI_INT_AN N2.0 UTI_INT_AL N2.0 UTI_INT_TO N3.0 DIAR_ACOM N3.0 QT_DIARIAS N3.0 PROC_SOLIC C10.0 PROC_REA C10.0 VAL_SH N13.2 VAL_SP N13.2 VAL_SADT N13.2 VAL_RN N13.2 VAL_ACOMP N13.2 VAL_ORTP N13.2 VAL_SANGUE N13.2 VAL_SADTSR N11.2 VAL_TRANSP N13.2 VAL_OBSANG N11.2 VAL_PED1AC N11.2 VAL_TOT N14.2 VAL_UTI N8.2 US_TOT N10.2 DT_INTER C8.0 DT_SAIDA C8.0 DIAG_PRINC C4.0 DIAG_SECUN C4.0 COBRANCA C2.0 NATUREZA C2.0 NAT_JUR C4.0 GESTAO C1.0 RUBRICA N5.0 IND_VDRL C1.0 MUNIC_MOV C6.0 COD_IDADE C1.0 IDADE N2.0 DIAS_PERM N5.0 MORTE N1.0 NACIONAL C3.0 NUM_PROC C4.0 CAR_INT C2.0 TOT_PT_SP N6.0 CPF_AUT C11.0 HOMONIMO C1.0 NUM_FILHOS N2.0 INSTRU C1.0 CID_NOTIF C4.0 CONTRACEP1 C2.0 CONTRACEP2 C2.0 GESTRISCO C1.0 INSC_PN C10.0 SEQ_AIH5 C3.0 CBOR C6.0 CNAER C3.0 VINCPREV C1.0 GESTOR_COD C3.0 GESTOR_TP C1.0 GESTOR_CPF C15.0 GESTOR_DT C8.0 CNES C7.0 CNPJ_MANT C14.0 INFEHOSP C1.0 CID_ASSO C4.0 CID_MORTE C4.0 COMPLEX C2.0 FINANC C2.0 FAEC_TP C6.0 REGCT C4.0 RACA_COR C2.0 ETNIA C4.0 SEQUENCIA N9.0 REMESSA C21.0 AUD_JUST C50.0 SIS_JUST C50.0 VAL_SH_FED N10.2 VAL_SP_FED N10.2 VAL_SH_GES N10.2 VAL_SP_GES N10.2
RDSP1101.dbc,2011-01,2013-11-01T11:48,13594288,4f04b48cb8558c101a3b22d9e8cac412677e6733d255f4a9fdbf88ad022da458,200250,2,UF_ZI C6.0 ANO_CMPT C4.0 MES_CMPT C2.0 ESPEC C2.0 CGC_HOSP C14.0 N_AIH C13.0 IDENT C1.0 CEP C8.0 MUNIC_RES C6.0 NASC C8.0 SEXO C1.0 UTI_MES_IN N2.0 UTI_MES_AN N2.0 UTI_MES_AL N2.0 UTI_MES_TO N3.0 MARCA_UTI C2.0 UTI_INT_IN N2.0 UTI_INT_AN N2.0 UTI_INT_AL N2.0 UTI_INT_TO N3.0 DIAR_ACOM N3.0 QT_DIARIAS N3.0 PROC_SOLIC C10.0 PROC_REA C10.0 VAL_SH N13.2 VAL_SP N13.2 VAL_SADT N13.2 VAL_RN N13.2 VAL_ACOMP N13.2 VAL_ORTP N13.2 VAL_SANGUE N13.2 VAL_SADTSR N11.2 VAL_TRANSP N13.2 VAL_OBSANG N11.2 VAL_PED1AC N11.2 VAL_TOT N14.2 VAL_UTI N8.2 US_TOT N10.2 DT_INTER C8.0 DT_SAIDA C8.0 DIAG_PRINC C4.0 DIAG_SECUN C4.0 COBRANCA C2.0 NATUREZA C2.0 NAT_JUR C4.0 GESTAO C1.0 RUBRICA N5.0 IND_VDRL C1.0 MUNIC_MOV C6.0 COD_IDADE C1.0 IDADE N2.0 DIAS_PERM N5.0 MORTE N1.0 NACIONAL C3.0 NUM_PROC C4.0 CAR_INT C2.0 TOT_PT_SP N6.0 CPF_AUT C11.0 HOMONIMO C1.0 NUM_FILHOS N2.0 INSTRU C1.0 CID_NOTIF C4.0 CONTRACEP1 C2.0 CONTRACEP2 C2.0 GESTRISCO C1.0 INSC_PN C10.0 SEQ_AIH5 C3.0 CBOR C6.0 CNAER C3.0 VINCPREV C1.0 GESTOR_COD C3.0 GESTOR_TP C1.0 GESTOR_CPF C15.0 GESTOR_DT C8.0 CNES C7.0 CNPJ_MANT C14.0 INFEHOSP C1.0 CID_ASSO C4.0 CID_MORTE C4.0 COMPLEX C2.0 FINANC C2.0 FAEC_TP C6.0 REGCT C4.0 RACA_COR C2.0 ETNIA C4.0 SEQUENCIA N9.0 REMESSA C21.0 AUD_JUST C50.0 SIS_JUST C50.0 VAL_SH_FED N10.2 VAL_SP_FED N10.2 VAL_SH_GES N10.2 VAL_SP_GES N10.2
RDRR1102.dbc,2011-02,2013-11-01T11:45,129421,0e3e6e7e456d25c8c0c20ea69ae88a9e7ec20d5b2dfa4921d371d655b25f1e04,1912,2,UF_ZI C6.0 ANO_CMPT C4.0 MES_CMPT C2.0 ESPEC C2.0 CGC_HOSP C14.0 N_AIH C13.0 IDENT C1.0 CEP C8.0 MUNIC_RES C6.0 NASC C8.0 SEXO C1.0 UTI_MES_IN N2.0 UTI_MES_AN N2.0 UTI_MES_AL N2.0 UTI_MES_TO N3.0 MARCA_UTI C2.0 UTI_INT_IN N2.0 UTI_INT_AN N2.0 UTI_INT_AL N2.0 UTI_INT_TO N3.0 DIAR_ACOM N3.0 QT_DIARIAS N3.0 PROC_SOLIC C10.0 PROC_REA C10.0 VAL_SH N13.2 VAL_SP N13.2 VAL_SADT N13.2 VAL_RN N13.2 VAL_ACOMP N13.2 VAL_ORTP N13.2 VAL_SANGUE N13.2 VAL_SADTSR N11.2 VAL_TRANSP N13.2 VAL_OBSANG N11.2 VAL_PED1AC N11.2 VAL_TOT N14.2 VAL_UTI N8.2 US_TOT N10.2 DT_INTER C8.0 DT_SAIDA C8.0 DIAG_PRINC C4.0 DIAG_SECUN C4.0 COBRANCA C2.0 NATUREZA C2.0 NAT_JUR C4.0 GESTAO C1.0 RUBRICA N5.0 IND_VDRL C1.0 MUNIC_MOV C6.0 COD_IDADE C1.0 IDADE N2.0 DIAS_PERM N5.0 MORTE N1.0 NACIONAL C3.0 NUM_PROC C4.0 CAR_INT C2.0 TOT_PT_SP N6.0 CPF_AUT C11.0 HOMONIMO C1.0 NUM_FILHOS N2.0 INSTRU C1.0 CID_NOTIF C4.0 CONTRACEP1 C2.0 CONTRACEP2 C2.0 GESTRISCO C1.0 INSC_PN C10.0 SEQ_AIH5 C3.0 CBOR C6.0 CNAER C3.0 VINCPREV C1.0 GESTOR_COD C3.0 GESTOR_TP C1.0 GESTOR_CPF C15.0 GESTOR_DT C8.0 CNES C7.0 CNPJ_MANT C14.0 INFEHOSP C1.0 CID_ASSO C4.0 CID_MORTE C4.0 COMPLEX C2.0 FINANC C2.0 FAEC_TP C6.0 REGCT C4.0 RACA_COR C2.0 ETNIA C4.0 SEQUENCIA N9.0 REMESSA C21.0 AUD_JUST C50.0 SIS_JUST C50.0 VAL_SH_FED N10.2 VAL_SP_FED N10.2 VAL_SH_GES N10.2 VAL_SP_GES N10.2
RDRR1103.dbc,2011-03,2013-11-01T11:45,164512,5da87be2ed77c276863c783e7548cfbac2553acffa73770f0630220c23aebb1a,2341,2,UF_ZI C6.0 ANO_CMPT C4.0 MES_CMPT C2.0 ESPEC C2.0 CGC_HOSP C14.0 N_AIH C13.0 IDENT C1.0 CEP C8.0 MUNIC_RES C6.0 NASC C8.0 SEXO C1.0 UTI_MES_IN N2.0 UTI_MES_AN N2.0 UTI_MES_AL N2.0 UTI_MES_TO N3.0 MARCA_UTI C2.0 UTI_INT_IN N2.0 UTI_INT_AN N2.0 UTI_INT_AL N2.0 UTI_INT_TO N3.0 DIAR_ACOM N3.0 QT_DIARIAS N3.0 PROC_SOLIC C10.0 PROC_REA C10.0 VAL_SH N13.2 VAL_SP N13.2 VAL_SADT N13.2 VAL_RN N13.2 VAL_ACOMP N13.2 VAL_ORTP N13.2 VAL_SANGUE N13.2 VAL_SADTSR N11.2 VAL_TRANSP N13.2 VAL_OBSANG N11.2 VAL_PED1AC N11.2 VAL_TOT N14.2 VAL_UTI N8.2 US_TOT N10.2 DT_INTER C8.0 DT_SAIDA C8.0 DIAG_PRINC C4.0 DIAG_SECUN C4.0 COBRANCA C2.0 NATUREZA C2.0 NAT_JUR C4.0 GESTAO C1.0 RUBRICA N5.0 IND_VDRL C1.0 MUNIC_MOV C6.0 COD_IDADE C1.0 IDADE N2.0 DIAS_PERM N5.0 MORTE N1.0 NACIONAL C3.0 NUM_PROC C4.0 CAR_INT C2.0 TOT_PT_SP N6.0 CPF_AUT C11.0 HOMONIMO C1.0 NUM_FILHOS N2.0 INSTRU C1.0 CID_NOTIF C4.0 CONTRACEP1 C2.0 CONTRACEP2 C2.0 GESTRISCO C1.0 INSC_PN C10.0 SEQ_AIH5 C3.0 CBOR C6.0 CNAER C3.0 VINCPREV C1.0 GESTOR_COD C3.0 GESTOR_TP C1.0 GESTOR_CPF C15.0 GESTOR_DT C8.0 CNES C7.0 CNPJ_MANT C14.0 INFEHOSP C1.0 CID_ASSO C4.0 CID_MORTE C4.0 COMPLEX C2.0 FINANC C2.0 FAEC_TP C6.0 REGCT C4.0 RACA_COR C2.0 ETNIA C4.0 SEQUENCIA N9.0 REMESSA C21.0 AUD_JUST C50.0 SIS_JUST C50.0 VAL_SH_FED N10.2 VAL_SP_FED N10.2 VAL_SH_GES N10.2 VAL_SP_GES N10.2
RDRR1104.dbc,2011-04,2013-11-01T11:45,148919,9e260869a149ea579a11111127d422de55673f3aa2d69f17e5d30eab2d81288d,2262,2,UF_ZI C6.0 ANO_CMPT C4.0 MES_CMPT C2.0 ESPEC C2.0 CGC_HOSP C14.0 N_AIH C13.0 IDENT C1.0 CEP C8.0 MUNIC_RES C6.0 NASC C8.0 SEXO C1.0 UTI_MES_IN N2.0 UTI_MES_AN N2.0 UTI_MES_AL N2.0 UTI_MES_TO N3.0 MARCA_UTI C2.0 UTI_INT_IN N2.0 UTI_INT_AN N2.0 UTI_INT_AL N2.0 UTI_INT_TO N3.0 DIAR_ACOM N3.0 QT_DIARIAS N3.0 PROC_SOLIC C10.0 PROC_REA C10.0 VAL_SH N13.2 VAL_SP N13.2 VAL_SADT N13.2 VAL_RN N13.2 VAL_ACOMP N13.2 VAL_ORTP N13.2 VAL_SANGUE N13.2 VAL_SADTSR N11.2 VAL_TRANSP N13.2 VAL_OBSANG N11.2 VAL_PED1AC N11.2 VAL_TOT N14.2 VAL_UTI N8.2 US_TOT N10.2 DT_INTER C8.0 DT_SAIDA C8.0 DIAG_PRINC C4.0 DIAG_SECUN C4.0 COBRANCA C2.0 NATUREZA C2.0 NAT_JUR C4.0 GESTAO C1.0 RUBRICA N5.0 IND_VDRL C1.0 MUNIC_MOV C6.0 COD_IDADE C1.0 IDADE N2.0 DIAS_PERM N5.0 MORTE N1.0 NACIONAL C3.0 NUM_PROC C4.0 CAR_INT C2.0 TOT_PT_SP N6.0 CPF_AUT C11.0 HOMONIMO C1.0 NUM_FILHOS N2.0 INSTRU C1.0 CID_NOTIF C4.0 CONTRACEP1 C2.0 CONTRACEP2 C2.0 GESTRISCO C1.0 INSC_PN C10.0 SEQ_AIH5 C3.0 CBOR C6.0 CNAER C3.0 VINCPREV C1.0 GESTOR_COD C3.0 GESTOR_TP C1.0 GESTOR_CPF C15.0 GESTOR_DT C8.0 CNES C7.0 CNPJ_MANT C14.0 INFEHOSP C1.0 CID_ASSO C4.0 CID_MORTE C4.0 COMPLEX C2.0 FINANC C2.0 FAEC_TP C6.0 REGCT C4.0 RACA_COR C2.0 ETNIA C4.0 SEQUENCIA N9.0 REMESSA C21.0 AUD_JUST C50.0 SIS_JUST C50.0 VAL_SH_FED N10.2 VAL_SP_FED N10.2 VAL_SH_GES N10.2 VAL_SP_GES N10.2
RDRR1105.dbc,2011-05,2013-11-01T11:45,125055,1065a45bc13ac8a75c67bf1fba70dfafe5ab4f6e7f927561a8d8e906d455ccf9,1847,2,UF_ZI C6.0 ANO_CMPT C4.0 MES_CMPT C2.0 ESPEC C2.0 CGC_HOSP C14.0 N_AIH C13.0 IDENT C1.0 CEP C8.0 MUNIC_RES C6.0 NASC C8.0 SEXO C1.0 UTI_MES_IN N2.0 UTI_MES_AN N2.0 UTI_MES_AL N2.0 UTI_MES_TO N3.0 MARCA_UTI C2.0 UTI_INT_IN N2.0 UTI_INT_AN N2.0 UTI_INT_AL N2.0 UTI_INT_TO N3.0 DIAR_ACOM N3.0 QT_DIARIAS N3.0 PROC_SOLIC C10.0 PROC_REA C10.0 VAL_SH N13.2 VAL_SP N13.2 VAL_SADT N13.2 VAL_RN N13.2 VAL_ACOMP N13.2 VAL_ORTP N13.2 VAL_SANGUE N13.2 VAL_SADTSR N11.2 VAL_TRANSP N13.2 VAL_OBSANG N11.2 VAL_PED1AC N11.2 VAL_TOT N14.2 VAL_UTI N8.2 US_TOT N10.2 DT_INTER C8.0 DT_SAIDA C8.0 DIAG_PRINC C4.0 DIAG_SECUN C4.0 COBRANCA C2.0 NATUREZA C2.0 NAT_JUR C4.0 GESTAO C1.0 RUBRICA N5.0 IND_VDRL C1.0 MUNIC_MOV C6.0 COD_IDADE C1.0 IDADE N2.0 DIAS_PERM N5.0 MORTE N1.0 NACIONAL C3.0 NUM_PROC C4.0 CAR_INT C2.0 TOT_PT_SP N6.0 CPF_AUT C11.0 HOMONIMO C1.0 NUM_FILHOS N2.0 INSTRU C1.0 CID_NOTIF C4.0 CONTRACEP1 C2.0 CONTRACEP2 C2.0 GESTRISCO C1.0 INSC_PN C10.0 SEQ_AIH5 C3.0 CBOR C6.0 CNAER C3.0 VINCPREV C1.0 GESTOR_COD C3.0 GESTOR_TP C1.0 GESTOR_CPF C15.0 GESTOR_DT C8.0 CNES C7.0 CNPJ_MANT C14.0 INFEHOSP C1.0 CID_ASSO C4.0 CID_MORTE C4.0 COMPLEX C2.0 FINANC C2.0 FAEC_TP C6.0 REGCT C4.0 RACA_COR C2.0 ETNIA C4.0 SEQUENCIA N9.0 REMESSA C21.0 AUD_JUST C50.0 SIS_JUST C50.0 VAL_SH_FED N10.2 VAL_SP_FED N10.2 VAL_SH_GES N10.2 VAL_SP_GES N10.2
RDRR1106.dbc,2011-06,2013-11-01T11:45,136367,8e7d3c818a62d9db3c40c114eb768a3f84b062453fe2ff1cccd11e7039e13c8d,2017,2,UF_ZI C6.0 ANO_CMPT C4.0 MES_CMPT C2.0 ESPEC C2.0 CGC_HOSP C14.0 N_AIH C13.0 IDENT C1.0 CEP C8.0 MUNIC_RES C6.0 NASC C8.0 SEXO C1.0 UTI_MES_IN N2.0 UTI_MES_AN N2.0 UTI_MES_AL N2.0 UTI_MES_TO N3.0 MARCA_UTI C2.0 UTI_INT_IN N2.0 UTI_INT_AN N2.0 UTI_INT_AL N2.0 UTI_INT_TO N3.0 DIAR_ACOM N3.0 QT_DIARIAS N3.0 PROC_SOLIC C10.0 PROC_REA C10.0 VAL_SH N13.2 VAL_SP N13.2 VAL_SADT N13.2 VAL_RN N13.2 VAL_ACOMP N13.2 VAL_ORTP N13.2 VAL_SANGUE N13.2 VAL_SADTSR N11.2 VAL_TRANSP N13.2 VAL_OBSANG N11.2 VAL_PED1AC N11.2 VAL_TOT N14.2 VAL_UTI N8.2 US_TOT N10.2 DT_INTER C8.0 DT_SAIDA C8.0 DIAG_PRINC C4.0 DIAG_SECUN C4.0 COBRANCA C2.0 NATUREZA C2.0 NAT_JUR C4.0 GESTAO C1.0 RUBRICA N5.0 IND_VDRL C1.0 MUNIC_MOV C6.0 COD_IDADE C1.0 IDADE N2.0 DIAS_PERM N5.0 MORTE N1.0 NACIONAL C3.0 NUM_PROC C4.0 CAR_INT C2.0 TOT_PT_SP N6.0 CPF_AUT C11.0 HOMONIMO C1.0 NUM_FILHOS N2.0 INSTRU C1.0 CID_NOTIF C4.0 CONTRACEP1 C2.0 CONTRACEP2 C2.0 GESTRISCO C1.0 INSC_PN C10.0 SEQ_AIH5 C3.0 CBOR C6.0 CNAER C3.0 VINCPREV C1.0 GESTOR_COD C3.0 GESTOR_TP C1.0 GESTOR_CPF C15.0 GESTOR_DT C8.0 CNES C7.0 CNPJ_MANT C14.0 INFEHOSP C1.0 CID_ASSO C4.0 CID_MORTE C4.0 COMPLEX C2.0 FINANC C2.0 FAEC_TP C6.0 REGCT C4.0 RACA_COR C2.0 ETNIA C4.0 SEQUENCIA N9.0 REMESSA C21.0 AUD_JUST C50.0 SIS_JUST C50.0 VAL_SH_FED N10.2 VAL_SP_FED N10.2 VAL_SH_GES N10.2 VAL_SP_GES N10.2
RDRR1107.dbc,2011-07,2013-11-01T11:45,156196,c72c90c2c697fe14bc6035455e847c2d5e0042d82c44ea94943494247e746486,2184,2,UF_ZI C6.0 ANO_CMPT C4.0 MES_CMPT C2.0 ESPEC C2.0 CGC_HOSP C14.0 N_AIH C13.0 IDENT C1.0 CEP C8.0 MUNIC_RES C6.0 NASC C8.0 SEXO C1.0 UTI_MES_IN N2.0 UTI_MES_AN N2.0 UTI_MES_AL N2.0 UTI_MES_TO N3.0 MARCA_UTI C2.0 UTI_INT_IN N2.0 UTI_INT_AN N2.0 UTI_INT_AL N2.0 UTI_INT_TO N3.0 DIAR_ACOM N3.0 QT_DIARIAS N3.0 PROC_SOLIC C10.0 PROC_REA C10.0 VAL_SH N13.2 VAL_SP N13.2 VAL_SADT N13.2 VAL_RN N13.2 VAL_ACOMP N13.2 VAL_ORTP N13.2 VAL_SANGUE N13.2 VAL_SADTSR N11.2 VAL_TRANSP N13.2 VAL_OBSANG N11.2 VAL_PED1AC N11.2 VAL_TOT N14.2 VAL_UTI N8.2 US_TOT N10.2 DT_INTER C8.0 DT_SAIDA C8.0 DIAG_PRINC C4.0 DIAG_SECUN C4.0 COBRANCA C2.0 NATUREZA C2.0 NAT_JUR C4.0 GESTAO C1.0 RUBRICA N5.0 IND_VDRL C1.0 MUNIC_MOV C6.0 COD_IDADE C1.0 IDADE N2.0 DIAS_PERM N5.0 MORTE N1.0 NACIONAL C3.0 NUM_PROC C4.0 CAR_INT C2.0 TOT_PT_SP N6.0 CPF_AUT C11.0 HOMONIMO C1.0 NUM_FILHOS N2.0 INSTRU C1.0 CID_NOTIF C4.0 CONTRACEP1 C2.0 CONTRACEP2 C2.0 GESTRISCO C1.0 INSC_PN C10.0 SEQ_AIH5 C3.0 CBOR C6.0 CNAER C3.0 VINCPREV C1.0 GESTOR_COD C3.0 GESTOR_TP C1.0 GESTOR_CPF C15.0 GESTOR_DT C8.0 CNES C7.0 CNPJ_MANT C14.0 INFEHOSP C1.0 CID_ASSO C4.0 CID_MORTE C4.0 COMPLEX C2.0 FINANC C2.0 FAEC_TP C6.0 REGCT C4.0 RACA_COR C2.0 ETNIA C4.0 SEQUENCIA N9.0 REMESSA C21.0 AUD_JUST C50.0 SIS_JUST C50.0 VAL_SH_FED N10.2 VAL_SP_FED N10.2 VAL_SH_GES N10.2 VAL_SP_GES N10.2
RDRR1108.dbc,2011-08,2013-11-01T11:45,166106,3825a47e4e3cd8e9969583f8ab0671677c4ee5e126998c1c1c9667050e244e06,2426,2,UF_ZI C6.0 ANO_CMPT C4.0 MES_CMPT C2.0 ESPEC C2.0 CGC_HOSP C14.0 N_AIH C13.0 IDENT C1.0 CEP C8.0 MUNIC_RES C6.0 NASC C8.0 SEXO C1.0 UTI_MES_IN N2.0 UTI_MES_AN N2.0 UTI_MES_AL N2.0 UTI_MES_TO N3.0 MARCA_UTI C2.0 UTI_INT_IN N2.0 UTI_INT_AN N2.0 UTI_INT_AL N2.0 UTI_INT_TO N3.0 DIAR_ACOM N3.0 QT_DIARIAS N3.0 PROC_SOLIC C10.0 PROC_REA C10.0 VAL_SH N13.2 VAL_SP N13.2 VAL_SADT N13.2 VAL_RN N13.2 VAL_ACOMP N13.2 VAL_ORTP N13.2 VAL_SANGUE N13.2 VAL_SADTSR N11.2 VAL_TRANSP N13.2 VAL_OBSANG N11.2 VAL_PED1AC N11.2 VAL_TOT N14.2 VAL_UTI N8.2 US_TOT N10.2 DT_INTER C8.0 DT_SAIDA C8.0 DIAG_PRINC C4.0 DIAG_SECUN C4.0 COBRANCA C2.0 NATUREZA C2.0 NAT_JUR C4.0 GESTAO C1.0 RUBRICA N5.0 IND_VDRL C1.0 MUNIC_MOV C6.0 COD_IDADE C1.0 IDADE N2.0 DIAS_PERM N5.0 MORTE N1.0 NACIONAL C3.0 NUM_PROC C4.0 CAR_INT C2.0 TOT_PT_SP N6.0 CPF_AUT C11.0 HOMONIMO C1.0 NUM_FILHOS N2.0 INSTRU C1.0 CID_NOTIF C4.0 CONTRACEP1 C2.0 CONTRACEP2 C2.0 GESTRISCO C1.0 INSC_PN C10.0 SEQ_AIH5 C3.0 CBOR C6.0 CNAER C3.0 VINCPREV C1.0 GESTOR_COD C3.0 GESTOR_TP C1.0 GESTOR_CPF C15.0 GESTOR_DT C8.0 CNES C7.0 CNPJ_MANT C14.0 INFEHOSP C1.0 CID_ASSO C4.0 CID_MORTE C4.0 COMPLEX C2.0 FINANC C2.0 FAEC_TP C6.0 REGCT C4.0 RACA_COR C2.0 ETNIA C4.0 SEQUENCIA N9.0 REMESSA C21.0 AUD_JUST C50.0 SIS_JUST C50.0 VAL_SH_FED N10.2 VAL_SP_FED N10.2 VAL_SH_GES N10.2 VAL_SP_GES N10.2
RDRR1109.dbc,2011-09,2013-11-01T11:45,163630,21578d5f54ed9c46af84f136d5189afad708e771759ee175dfda4cb43dbeda95,2377,2,UF_ZI C6.0 ANO_CMPT C4.0 MES_CMPT C2.0 ESPEC C2.0 CGC_HOSP C14.0 N_AIH C13.0 IDENT C1.0 CEP C8.0 MUNIC_RES C6.0 NASC C8.0 SEXO C1.0 UTI_MES_IN N2.0 UTI_MES_AN N2.0 UTI_MES_AL N2.0 UTI_MES_TO N3.0 MARCA_UTI C2.0 UTI_INT_IN N2.0 UTI_INT_AN N2.0 UTI_INT_AL N2.0 UTI_INT_TO N3.0 DIAR_ACOM N3.0 QT_DIARIAS N3.0 PROC_SOLIC C10.0 PROC_REA C10.0 VAL_SH N13.2 VAL_SP N13.2 VAL_SADT N13.2 VAL_RN N13.2 VAL_ACOMP N13.2 VAL_ORTP N13.2 VAL_SANGUE N13.2 VAL_SADTSR N11.2 VAL_TRANSP N13.2 VAL_OBSANG N11.2 VAL_PED1AC N11.2 VAL_TOT N14.2 VAL_UTI N8.2 US_TOT N10.2 DT_INTER C8.0 DT_SAIDA C8.0 DIAG_PRINC C4.0 DIAG_SECUN C4.0 COBRANCA C2.0 NATUREZA C2.0 NAT_JUR C4.0 GESTAO C1.0 RUBRICA N5.0 IND_VDRL C1.0 MUNIC_MOV C6.0 COD_IDADE C1.0 IDADE N2.0 DIAS_PERM N5.0 MORTE N1.0 NACIONAL C3.0 NUM_PROC C4.0 CAR_INT C2.0 TOT_PT_SP N6.0 CPF_AUT C11.0 HOMONIMO C1.0 NUM_FILHOS N2.0 INSTRU C1.0 CID_NOTIF C4.0 CONTRACEP1 C2.0 CONTRACEP2 C2.0 GESTRISCO C1.0 INSC_PN C10.0 SEQ_AIH5 C3.0 CBOR C6.0 CNAER C3.0 VINCPREV C1.0 GESTOR_COD C3.0 GESTOR_TP C1.0 GESTOR_CPF C15.0 GESTOR_DT C8.0 CNES C7.0 CNPJ_MANT C14.0 INFEHOSP C1.0 CID_ASSO C4.0 CID_MORTE C4.0 COMPLEX C2.0 FINANC C2.0 FAEC_TP C6.0 REGCT C4.0 RACA_COR C2.0 ETNIA C4.0 SEQUENCIA N9.0 REMESSA C21.0 AUD_JUST C50.0 SIS_JUST C50.0 VAL_SH_FED N10.2 VAL_SP_FED N10.2 VAL_SH_GES N10.2 VAL_SP_GES N10.2
RDRR1110.dbc,2011-10,2013-11-01T11:45,161639,f3afc4b1461be4e56c0b56227d880ef3ceefb2d571aab62837e94f4800f369ed,2284,2,UF_ZI C6.0 ANO_CMPT C4.0 MES_CMPT C2.0 ESPEC C2.0 CGC_HOSP C14.0 N_AIH C13.0 IDENT C1.0 CEP C8.0 MUNIC_RES C6.0 NASC C8.0 SEXO C1.0 UTI_MES_IN N2.0 UTI_MES_AN N2.0 UTI_MES_AL N2.0 UTI_MES_TO N3.0 MARCA_UTI C2.0 UTI_INT_IN N2.0 UTI_INT_AN N2.0 UTI_INT_AL N2.0 UTI_INT_TO N3.0 DIAR_ACOM N3.0 QT_DIARIAS N3.0 PROC_SOLIC C10.0 PROC_REA C10.0 VAL_SH N13.2 VAL_SP N13.2 VAL_SADT N13.2 VAL_RN N13.2 VAL_ACOMP N13.2 VAL_ORTP N13.2 VAL_SANGUE N13.2 VAL_SADTSR N11.2 VAL_TRANSP N13.2 VAL_OBSANG N11.2 VAL_PED1AC N11.2 VAL_TOT N14.2 VAL_UTI N8.2 US_TOT N10.2 DT_INTER C8.0 DT_SAIDA C8.0 DIAG_PRINC C4.0 DIAG_SECUN C4.0 COBRANCA C2.0 NATUREZA C2.0 NAT_JUR C4.0 GESTAO C1.0 RUBRICA N5.0 IND_VDRL C1.0 MUNIC_MOV C6.0 COD_IDADE C1.0 IDADE N2.0 DIAS_PERM N5.0 MORTE N1.0 NACIONAL C3.0 NUM_PROC C4.0 CAR_INT C2.0 TOT_PT_SP N6.0 CPF_AUT C11.0 HOMONIMO C1.0 NUM_FILHOS N2.0 INSTRU C1.0 CID_NOTIF C4.0 CONTRACEP1 C2.0 CONTRACEP2 C2.0 GESTRISCO C1.0 INSC_PN C10.0 SEQ_AIH5 C3.0 CBOR C6.0 CNAER C3.0 VINCPREV C1.0 GESTOR_COD C3.0 GESTOR_TP C1.0 GESTOR_CPF C15.0 GESTOR_DT C8.0 CNES C7.0 CNPJ_MANT C14.0 INFEHOSP C1.0 CID_ASSO C4.0 CID_MORTE C4.0 COMPLEX C2.0 FINANC C2.0 FAEC_TP C6.0 REGCT C4.0 RACA_COR C2.0 ETNIA C4.0 SEQUENCIA N9.0 REMESSA C21.0 AUD_JUST C50.0 SIS_JUST C50.0 VAL_SH_FED N10.2 VAL_SP_FED N10.2 VAL_SH_GES N10.2 VAL_SP_GES N10.2
RDRR1111.dbc,2011-11,2013-11-01T11:45,185357,81d406b7f288987dfe903be97946bf40b76749700512debd679cadfd2da6ed8c,2644,2,UF_ZI C6.0 ANO_CMPT C4.0 MES_CMPT C2.0 ESPEC C2.0 CGC_HOSP C14.0 N_AIH C13.0 IDENT C1.0 CEP C8.0 MUNIC_RES C6.0 NASC C8.0 SEXO C1.0 UTI_MES_IN N2.0 UTI_MES_AN N2.0 UTI_MES_AL N2.0 UTI_MES_TO N3.0 MARCA_UTI C2.0 UTI_INT_IN N2.0 UTI_INT_AN N2.0 UTI_INT_AL N2.0 UTI_INT_TO N3.0 DIAR_ACOM N3.0 QT_DIARIAS N3.0 PROC_SOLIC C10.0 PROC_REA C10.0 VAL_SH N13.2 VAL_SP N13.2 VAL_SADT N13.2 VAL_RN N13.2 VAL_ACOMP N13.2 VAL_ORTP N13.2 VAL_SANGUE N13.2 VAL_SADTSR N11.2 VAL_TRANSP N13.2 VAL_OBSANG N11.2 VAL_PED1AC N11.2 VAL_TOT N14.2 VAL_UTI N8.2 US_TOT N10.2 DT_INTER C8.0 DT_SAIDA C8.0 DIAG_PRINC C4.0 DIAG_SECUN C4.0 COBRANCA C2.0 NATUREZA C2.0 NAT_JUR C4.0 GESTAO C1.0 RUBRICA N5.0 IND_VDRL C1.0 MUNIC_MOV C6.0 COD_IDADE C1.0 IDADE N2.0 DIAS_PERM N5.0 MORTE N1.0 NACIONAL C3.0 NUM_PROC C4.0 CAR_INT C2.0 TOT_PT_SP N6.0 CPF_AUT C11.0 HOMONIMO C1.0 NUM_FILHOS N2.0 INSTRU C1.0 CID_NOTIF C4.0 CONTRACEP1 C2.0 CONTRACEP2 C2.0 GESTRISCO C1.0 INSC_PN C10.0 SEQ_AIH5 C3.0 CBOR C6.0 CNAER C3.0 VINCPREV C1.0 GESTOR_COD C3.0 GESTOR_TP C1.0 GESTOR_CPF C15.0 GESTOR_DT C8.0 CNES C7.0 CNPJ_MANT C14.0 INFEHOSP C1.0 CID_ASSO C4.0 CID_MORTE C4.0 COMPLEX C2.0 FINANC C2.0 FAEC_TP C6.0 REGCT C4.0 RACA_COR C2.0 ETNIA C4.0 SEQUENCIA N9.0 REMESSA C21.0 AUD_JUST C50.0 SIS_JUST C50.0 VAL_SH_FED N10.2 VAL_SP_FED N10.2 VAL_SH_GES N10.2 VAL_SP_GES N10.2
RDMG1112.dbc,2011-12,2013-11-01T11:39,7274698,735ee980cb85fe10e3497312bf3b5b29040bc1c12692e9b128b8b0a646f7ce46,97193,2,UF_ZI C6.0 ANO_CMPT C4.0 MES_CMPT C2.0 ESPEC C2.0 CGC_HOSP C14.0 N_AIH C13.0 IDENT C1.0 CEP C8.0 MUNIC_RES C6.0 NASC C8.0 SEXO C1.0 UTI_MES_IN N2.0 UTI_MES_AN N2.0 UTI_MES_AL N2.0 UTI_MES_TO N3.0 MARCA_UTI C2.0 UTI_INT_IN N2.0 UTI_INT_AN N2.0 UTI_INT_AL N2.0 UTI_INT_TO N3.0 DIAR_ACOM N3.0 QT_DIARIAS N3.0 PROC_SOLIC C10.0 PROC_REA C10.0 VAL_SH N13.2 VAL_SP N13.2 VAL_SADT N13.2 VAL_RN N13.2 VAL_ACOMP N13.2 VAL_ORTP N13.2 VAL_SANGUE N13.2 VAL_SADTSR N11.2 VAL_TRANSP N13.2 VAL_OBSANG N11.2 VAL_PED1AC N11.2 VAL_TOT N14.2 VAL_UTI N8.2 US_TOT N10.2 DT_INTER C8.0 DT_SAIDA C8.0 DIAG_PRINC C4.0 DIAG_SECUN C4.0 COBRANCA C2.0 NATUREZA C2.0 NAT_JUR C4.0 GESTAO C1.0 RUBRICA N5.0 IND_VDRL C1.0 MUNIC_MOV C6.0 COD_IDADE C1.0 IDADE N2.0 DIAS_PERM N5.0 MORTE N1.0 NACIONAL C3.0 NUM_PROC C4.0 CAR_INT C2.0 TOT_PT_SP N6.0 CPF_AUT C11.0 HOMONIMO C1.0 NUM_FILHOS N2.0 INSTRU C1.0 CID_NOTIF C4.0 CONTRACEP1 C2.0 CONTRACEP2 C2.0 GESTRISCO C1.0 INSC_PN C10.0 SEQ_AIH5 C3.0 CBOR C6.0 CNAER C3.0 VINCPREV C1.0 GESTOR_COD C3.0 GESTOR_TP C1.0 GESTOR_CPF C15.0 GESTOR_DT C8.0 CNES C7.0 CNPJ_MANT C14.0 INFEHOSP C1.0 CID_ASSO C4.0 CID_MORTE C4.0 COMPLEX C2.0 FINANC C2.0 FAEC_TP C6.0 REGCT C4.0 RACA_COR C2.0 ETNIA C4.0 SEQUENCIA N9.0 REMESSA C21.0 AUD_JUST C50.0 SIS_JUST C50.0 VAL_SH_FED N10.2 VAL_SP_FED N10.2 VAL_SH_GES N10.2 VAL_SP_GES N10.2
RDRR1112.dbc,2011-12,2013-11-01T11:45,213238,e0af1f2df5af971759d9f6cb277b2c65a9d2974063385363e37689e3fe8a3e64,3070,2,UF_ZI C6.0 ANO_CMPT C4.0 MES_CMPT C2.0 ESPEC C2.0 CGC_HOSP C14.0 N_AIH C13.0 IDENT C1.0 CEP C8.0 MUNIC_RES C6.0 NASC C8.0 SEXO C1.0 UTI_MES_IN N2.0 UTI_MES_AN N2.0 UTI_MES_AL N2.0 UTI_MES_TO N3.0 MARCA_UTI C2.0 UTI_INT_IN N2.0 UTI_INT_AN N2.0 UTI_INT_AL N2.0 UTI_INT_TO N3.0 DIAR_ACOM N3.0 QT_DIARIAS N3.0 PROC_SOLIC C10.0 PROC_REA C10.0 VAL_SH N13.2 VAL_SP N13.2 VAL_SADT N13.2 VAL_RN N13.2 VAL_ACOMP N13.2 VAL_ORTP N13.2 VAL_SANGUE N13.2 VAL_SADTSR N11.2 VAL_TRANSP N13.2 VAL_OBSANG N11.2 VAL_PED1AC N11.2 VAL_TOT N14.2 VAL_UTI N8.2 US_TOT N10.2 DT_INTER C8.0 DT_SAIDA C8.0 DIAG_PRINC C4.0 DIAG_SECUN C4.0 COBRANCA C2.0 NATUREZA C2.0 NAT_JUR C4.0 GESTAO C1.0 RUBRICA N5.0 IND_VDRL C1.0 MUNIC_MOV C6.0 COD_IDADE C1.0 IDADE N2.0 DIAS_PERM N5.0 MORTE N1.0 NACIONAL C3.0 NUM_PROC C4.0 CAR_INT C2.0 TOT_PT_SP N6.0 CPF_AUT C11.0 HOMONIMO C1.0 NUM_FILHOS N2.0 INSTRU C1.0 CID_NOTIF C4.0 CONTRACEP1 C2.0 CONTRACEP2 C2.0 GESTRISCO C1.0 INSC_PN C10.0 SEQ_AIH5 C3.0 CBOR C6.0 CNAER C3.0 VINCPREV C1.0 GESTOR_COD C3.0 GESTOR_TP C1.0 GESTOR_CPF C15.0 GESTOR_DT C8.0 CNES C7.0 CNPJ_MANT C14.0 INFEHOSP C1.0 CID_ASSO C4.0 CID_MORTE C4.0 COMPLEX C2.0 FINANC C2.0 FAEC_TP C6.0 REGCT C4.0 RACA_COR C2.0 ETNIA C4.0 SEQUENCIA N9.0 REMESSA C21.0 AUD_JUST C50.0 SIS_JUST C50.0 VAL_SH_FED N10.2 VAL_SP_FED N10.2 VAL_SH_GES N10.2 VAL_SP_GES N10.2
RDSP1112.dbc,2011-12,2013-11-01T11:49,14512542,6864253f5a03b52769bfe8b37fcac7a2870f0de3cf0bfb1619be38f8774c18d6,202818,2,UF_ZI C6.0 ANO_CMPT C4.0 MES_CMPT C2.0 ESPEC C2.0 CGC_HOSP C14.0 N_AIH C13.0 IDENT C1.0 CEP C8.0 MUNIC_RES C6.0 NASC C8.0 SEXO C1.0 UTI_MES_IN N2.0 UTI_MES_AN N2.0 UTI_MES_AL N2.0 UTI_MES_TO N3.0 MARCA_UTI C2.0 UTI_INT_IN N2.0 UTI_INT_AN N2.0 UTI_INT_AL N2.0 UTI_INT_TO N3.0 DIAR_ACOM N3.0 QT_DIARIAS N3.0 PROC_SOLIC C10.0 PROC_REA C10.0 VAL_SH N13.2 VAL_SP N13.2 VAL_SADT N13.2 VAL_RN N13.2 VAL_ACOMP N13.2 VAL_ORTP N13.2 VAL_SANGUE N13.2 VAL_SADTSR N11.2 VAL_TRANSP N13.2 VAL_OBSANG N11.2 VAL_PED1AC N11.2 VAL_TOT N14.2 VAL_UTI N8.2 US_TOT N10.2 DT_INTER C8.0 DT_SAIDA C8.0 DIAG_PRINC C4.0 DIAG_SECUN C4.0 COBRANCA C2.0 NATUREZA C2.0 NAT_JUR C4.0 GESTAO C1.0 RUBRICA N5.0 IND_VDRL C1.0 MUNIC_MOV C6.0 COD_IDADE C1.0 IDADE N2.0 DIAS_PERM N5.0 MORTE N1.0 NACIONAL C3.0 NUM_PROC C4.0 CAR_INT C2.0 TOT_PT_SP N6.0 CPF_AUT C11.0 HOMONIMO C1.0 NUM_FILHOS N2.0 INSTRU C1.0 CID_NOTIF C4.0 CONTRACEP1 C2.0 CONTRACEP2 C2.0 GESTRISCO C1.0 INSC_PN C10.0 SEQ_AIH5 C3.0 CBOR C6.0 CNAER C3.0 VINCPREV C1.0 GESTOR_COD C3.0 GESTOR_TP C1.0 GESTOR_CPF C15.0 GESTOR_DT C8.0 CNES C7.0 CNPJ_MANT C14.0 INFEHOSP C1.0 CID_ASSO C4.0 CID_MORTE C4.0 COMPLEX C2.0 FINANC C2.0 FAEC_TP C6.0 REGCT C4.0 RACA_COR C2.0 ETNIA C4.0 SEQUENCIA N9.0 REMESSA C21.0 AUD_JUST C50.0 SIS_JUST C50.0 VAL_SH_FED N10.2 VAL_SP_FED N10.2 VAL_SH_GES N10.2 VAL_SP_GES N10.2
RDMG1201.dbc,2012-01,2013-11-01T11:39,7229369,a2073e91a6aeb39852cc0467dabe8356c7ab3307220acaf14755dc7466c97012,96614,3,UF_ZI C6.0 ANO_CMPT C4.0 MES_CMPT C2.0 ESPEC C2.0 CGC_HOSP C14.0 N_AIH C13.0 IDENT C1.0 CEP C8.0 MUNIC_RES C6.0 NASC C8.0 SEXO C1.0 UTI_MES_IN N2.0 UTI_MES_AN N2.0 UTI_MES_AL N2.0 UTI_MES_TO N3.0 MARCA_UTI C2.0 UTI_INT_IN N2.0 UTI_INT_AN N2.0 UTI_INT_AL N2.0 UTI_INT_TO N3.0 DIAR_ACOM N3.0 QT_DIARIAS N3.0 PROC_SOLIC C10.0 PROC_REA C10.0 VAL_SH N13.2 VAL_SP N13.2 VAL_SADT N13.2 VAL_RN N13.2 VAL_ACOMP N13.2 VAL_ORTP N13.2 VAL_SANGUE N13.2 VAL_SADTSR N11.2 VAL_TRANSP N13.2 VAL_OBSANG N11.2 VAL_PED1AC N11.2 VAL_TOT N14.2 VAL_UTI N8.2 US_TOT N10.2 DT_INTER C8.0 DT_SAIDA C8.0 DIAG_PRINC C4.0 DIAG_SECUN C4.0 COBRANCA C2.0 NATUREZA C2.0 NAT_JUR C4.0 GESTAO C1.0 RUBRICA N5.0 IND_VDRL C1.0 MUNIC_MOV C6.0 COD_IDADE C1.0 IDADE N2.0 DIAS_PERM N5.0 MORTE N1.0 NACIONAL C3.0 NUM_PROC C4.0 CAR_INT C2.0 TOT_PT_SP N6.0 CPF_AUT C11.0 HOMONIMO C1.0 NUM_FILHOS N2.0 INSTRU C1.0 CID_NOTIF C4.0 CONTRACEP1 C2.0 CONTRACEP2 C2.0 GESTRISCO C1.0 INSC_PN C12.0 SEQ_AIH5 C3.0 CBOR C6.0 CNAER C3.0 VINCPREV C1.0 GESTOR_COD C5.0 GESTOR_TP C1.0 GESTOR_CPF C15.0 GESTOR_DT C8.0 CNES C7.0 CNPJ_MANT C14.0 INFEHOSP C1.0 CID_ASSO C4.0 CID_MORTE C4.0 COMPLEX C2.0 FINANC C2.0 FAEC_TP C6.0 REGCT C4.0 RACA_COR C2.0 ETNIA C4.0 SEQUENCIA N9.0 REMESSA C21.0 AUD_JUST C50.0 SIS_JUST C50.0 VAL_SH_FED N10.2 VAL_SP_FED N10.2 VAL_SH_GES N10.2 VAL_SP_GES N10.2
RDRR1201.dbc,2012-01,2013-11-01T11:45,155584,3f1ebc51b1e2aca35348d7440a982576c6fdd446762fb9a57373bd3e3e63eb48,2289,3,UF_ZI C6.0 ANO_CMPT C4.0 MES_CMPT C2.0 ESPEC C2.0 CGC_HOSP C14.0 N_AIH C13.0 IDENT C1.0 CEP C8.0 MUNIC_RES C6.0 NASC C8.0 SEXO C1.0 UTI_MES_IN N2.0 UTI_MES_AN N2.0 UTI_MES_AL N2.0 UTI_MES_TO N3.0 MARCA_UTI C2.0 UTI_INT_IN N2.0 UTI_INT_AN N2.0 UTI_INT_AL N2.0 UTI_INT_TO N3.0 DIAR_ACOM N3.0 QT_DIARIAS N3.0 PROC_SOLIC C10.0 PROC_REA C10.0 VAL_SH N13.2 VAL_SP N13.2 VAL_SADT N13.2 VAL_RN N13.2 VAL_ACOMP N13.2 VAL_ORTP N13.2 VAL_SANGUE N13.2 VAL_SADTSR N11.2 VAL_TRANSP N13.2 VAL_OBSANG N11.2 VAL_PED1AC N11.2 VAL_TOT N14.2 VAL_UTI N8.2 US_TOT N10.2 DT_INTER C8.0 DT_SAIDA C8.0 DIAG_PRINC C4.0 DIAG_SECUN C4.0 COBRANCA C2.0 NATUREZA C2.0 NAT_JUR C4.0 GESTAO C1.0 RUBRICA N5.0 IND_VDRL C1.0 MUNIC_MOV C6.0 COD_IDADE C1.0 IDADE N2.0 DIAS_PERM N5.0 MORTE N1.0 NACIONAL C3.0 NUM_PROC C4.0 CAR_INT C2.0 TOT_PT_SP N6.0 CPF_AUT C11.0 HOMONIMO C1.0 NUM_FILHOS N2.0 INSTRU C1.0 CID_NOTIF C4.0 CONTRACEP1 C2.0 CONTRACEP2 C2.0 GESTRISCO C1.0 INSC_PN C12.0 SEQ_AIH5 C3.0 CBOR C6.0 CNAER C3.0 VINCPREV C1.0 GESTOR_COD C5.0 GESTOR_TP C1.0 GESTOR_CPF C15.0 GESTOR_DT C8.0 CNES C7.0 CNPJ_MANT C14.0 INFEHOSP C1.0 CID_ASSO C4.0 CID_MORTE C4.0 COMPLEX C2.0 FINANC C2.0 FAEC_TP C6.0 REGCT C4.0 RACA_COR C2.0 ETNIA C4.0 SEQUENCIA N9.0 REMESSA C21.0 AUD_JUST C50.0 SIS_JUST C50.0 VAL_SH_FED N10.2 VAL_SP_FED N10.2 VAL_SH_GES N10.2 VAL_SP_GES N10.2
RDSP1201.dbc,2012-01,2013-11-01T11:49,13891006,3edf83e541c3287df66110c3222092d6f1c98b317a6f09804555d80f7244bf07,193264,3,UF_ZI C6.0 ANO_CMPT C4.0 MES_CMPT C2.0 ESPEC C2.0 CGC_HOSP C14.0 N_AIH C13.0 IDENT C1.0 CEP C8.0 MUNIC_RES C6.0 NASC C8.0 SEXO C1.0 UTI_MES_IN N2.0 UTI_MES_AN N2.0 UTI_MES_AL N2.0 UTI_MES_TO N3.0 MARCA_UTI C2.0 UTI_INT_IN N2.0 UTI_INT_AN N2.0 UTI_INT_AL N2.0 UTI_INT_TO N3.0 DIAR_ACOM N3.0 QT_DIARIAS N3.0 PROC_SOLIC C10.0 PROC_REA C10.0 VAL_SH N13.2 VAL_SP N13.2 VAL_SADT N13.2 VAL_RN N13.2 VAL_ACOMP N13.2 VAL_ORTP N13.2 VAL_SANGUE N13.2 VAL_SADTSR N11.2 VAL_TRANSP N13.2 VAL_OBSANG N11.2 VAL_PED1AC N11.2 VAL_TOT N14.2 VAL_UTI N8.2 US_TOT N10.2 DT_INTER C8.0 DT_SAIDA C8.0 DIAG_PRINC C4.0 DIAG_SECUN C4.0 COBRANCA C2.0 NATUREZA C2.0 NAT_JUR C4.0 GESTAO C1.0 RUBRICA N5.0 IND_VDRL C1.0 MUNIC_MOV C6.0 COD_IDADE C1.0 IDADE N2.0 DIAS_PERM N5.0 MORTE N1.0 NACIONAL C3.0 NUM_PROC C4.0 CAR_INT C2.0 TOT_PT_SP N6.0 CPF_AUT C11.0 HOMONIMO C1.0 NUM_FILHOS N2.0 INSTRU C1.0 CID_NOTIF C4.0 CONTRACEP1 C2.0 CONTRACEP2 C2.0 GESTRISCO C1.0 INSC_PN C12.0 SEQ_AIH5 C3.0 CBOR C6.0 CNAER C3.0 VINCPREV C1.0 GESTOR_COD C5.0 GESTOR_TP C1.0 GESTOR_CPF C15.0 GESTOR_DT C8.0 CNES C7.0 CNPJ_MANT C14.0 INFEHOSP C1.0 CID_ASSO C4.0 CID_MORTE C4.0 COMPLEX C2.0 FINANC C2.0 FAEC_TP C6.0 REGCT C4.0 RACA_COR C2.0 ETNIA C4.0 SEQUENCIA N9.0 REMESSA C21.0 AUD_JUST C50.0 SIS_JUST C50.0 VAL_SH_FED N10.2 VAL_SP_FED N10.2 VAL_SH_GES N10.2 VAL_SP_GES N10.2
RDRR1202.dbc,2012-02,2013-11-01T11:45,196615,41ba889b4572a567a97e3616bd2ca2dd3262effe382433713c9a8efbb8e88bc6,2708,3,UF_ZI C6.0 ANO_CMPT C4.0 MES_CMPT C2.0 ESPEC C2.0 CGC_HOSP C14.0 N_AIH C13.0 IDENT C1.0 CEP C8.0 MUNIC_RES C6.0 NASC C8.0 SEXO C1.0 UTI_MES_IN N2.0 UTI_MES_AN N2.0 UTI_MES_AL N2.0 UTI_MES_TO N3.0 MARCA_UTI C2.0 UTI_INT_IN N2.0 UTI_INT_AN N2.0 UTI_INT_AL N2.0 UTI_INT_TO N3.0 DIAR_ACOM N3.0 QT_DIARIAS N3.0 PROC_SOLIC C10.0 PROC_REA C10.0 VAL_SH N13.2 VAL_SP N13.2 VAL_SADT N13.2 VAL_RN N13.2 VAL_ACOMP N13.2 VAL_ORTP N13.2 VAL_SANGUE N13.2 VAL_SADTSR N11.2 VAL_TRANSP N13.2 VAL_OBSANG N11.2 VAL_PED1AC N11.2 VAL_TOT N14.2 VAL_UTI N8.2 US_TOT N10.2 DT_INTER C8.0 DT_SAIDA C8.0 DIAG_PRINC C4.0 DIAG_SECUN C4.0 COBRANCA C2.0 NATUREZA C2.0 NAT_JUR C4.0 GESTAO C1.0 RUBRICA N5.0 IND_VDRL C1.0 MUNIC_MOV C6.0 COD_IDADE C1.0 IDADE N2.0 DIAS_PERM N5.0 MORTE N1.0 NACIONAL C3.0 NUM_PROC C4.0 CAR_INT C2.0 TOT_PT_SP N6.0 CPF_AUT C11.0 HOMONIMO C1.0 NUM_FILHOS N2.0 INSTRU C1.0 CID_NOTIF C4.0 CONTRACEP1 C2.0 CONTRACEP2 C2.0 GESTRISCO C1.0 INSC_PN C12.0 SEQ_AIH5 C3.0 CBOR C6.0 CNAER C3.0 VINCPREV C1.0 GESTOR_COD C5.0 GESTOR_TP C1.0 GESTOR_CPF C15.0 GESTOR_DT C8.0 CNES C7.0 CNPJ_MANT C14.0 INFEHOSP C1.0 CID_ASSO C4.0 CID_MORTE C4.0 COMPLEX C2.0 FINANC C2.0 FAEC_TP C6.0 REGCT C4.0 RACA_COR C2.0 ETNIA C4.0 SEQUENCIA N9.0 REMESSA C21.0 AUD_JUST C50.0 SIS_JUST C50.0 VAL_SH_FED N10.2 VAL_SP_FED N10.2 VAL_SH_GES N10.2 VAL_SP_GES N10.2
RDRR1203.dbc,2012-03,2013-11-01T11:45,221814,0114d5afd77c2db6ea9371ead79adfe70fb23a05c078d6342876bd855f71e19e,3041,3,UF_ZI C6.0 ANO_CMPT C4.0 MES_CMPT C2.0 ESPEC C2.0 CGC_HOSP C14.0 N_AIH C13.0 IDENT C1.0 CEP C8.0 MUNIC_RES C6.0 NASC C8.0 SEXO C1.0 UTI_MES_IN N2.0 UTI_MES_AN N2.0 UTI_MES_AL N2.0 UTI_MES_TO N3.0 MARCA_UTI C2.0 UTI_INT_IN N2.0 UTI_INT_AN N2.0 UTI_INT_AL N2.0 UTI_INT_TO N3.0 DIAR_ACOM N3.0 QT_DIARIAS N3.0 PROC_SOLIC C10.0 PROC_REA C10.0 VAL_SH N13.2 VAL_SP N13.2 VAL_SADT N13.2 VAL_RN N13.2 VAL_ACOMP N13.2 VAL_ORTP N13.2 VAL_SANGUE N13.2 VAL_SADTSR N11.2 VAL_TRANSP N13.2 VAL_OBSANG N11.2 VAL_PED1AC N11.2 VAL_TOT N14.2 VAL_UTI N8.2 US_TOT N10.2 DT_INTER C8.0 DT_SAIDA C8.0 DIAG_PRINC C4.0 DIAG_SECUN C4.0 COBRANCA C2.0 NATUREZA C2.0 NAT_JUR C4.0 GESTAO C1.0 RUBRICA N5.0 IND_VDRL C1.0 MUNIC_MOV C6.0 COD_IDADE C1.0 IDADE N2.0 DIAS_PERM N5.0 MORTE N1.0 NACIONAL C3.0 NUM_PROC C4.0 CAR_INT C2.0 TOT_PT_SP N6.0 CPF_AUT C11.0 HOMONIMO C1.0 NUM_FILHOS N2.0 INSTRU C1.0 CID_NOTIF C4.0 CONTRACEP1 C2.0 CONTRACEP2 C2.0 GESTRISCO C1.0 INSC_PN C12.0 SEQ_AIH5 C3.0 CBOR C6.0 CNAER C3.0 VINCPREV C1.0 GESTOR_COD C5.0 GESTOR_TP C1.0 GESTOR_CPF C15.0 GESTOR_DT C8.0 CNES C7.0 CNPJ_MANT C14.0 INFEHOSP C1.0 CID_ASSO C4.0 CID_MORTE C4.0 COMPLEX C2.0 FINANC C2.0 FAEC_TP C6.0 REGCT C4.0 RACA_COR C2.0 ETNIA C4.0 SEQUENCIA N9.0 REMESSA C21.0 AUD_JUST C50.0 SIS_JUST C50.0 VAL_SH_FED N10.2 VAL_SP_FED N10.2 VAL_SH_GES N10.2 VAL_SP_GES N10.2
RDRR1204.dbc,2012-04,2013-11-01T11:45,214403,e9dbe4c3e542a5da74043fb1eddd029256ae4370c75139db3684435bc9d8c330,3107,3,UF_ZI C6.0 ANO_CMPT C4.0 MES_CMPT C2.0 ESPEC C2.0 CGC_HOSP C14.0 N_AIH C13.0 IDENT C1.0 CEP C8.0 MUNIC_RES C6.0 NASC C8.0 SEXO C1.0 UTI_MES_IN N2.0 UTI_MES_AN N2.0 UTI_MES_AL N2.0 UTI_MES_TO N3.0 MARCA_UTI C2.0 UTI_INT_IN N2.0 UTI_INT_AN N2.0 UTI_INT_AL N2.0 UTI_INT_TO N3.0 DIAR_ACOM N3.0 QT_DIARIAS N3.0 PROC_SOLIC C10.0 PROC_REA C10.0 VAL_SH N13.2 VAL_SP N13.2 VAL_SADT N13.2 VAL_RN N13.2 VAL_ACOMP N13.2 VAL_ORTP N13.2 VAL_SANGUE N13.2 VAL_SADTSR N11.2 VAL_TRANSP N13.2 VAL_OBSANG N11.2 VAL_PED1AC N11.2 VAL_TOT N14.2 VAL_UTI N8.2 US_TOT N10.2 DT_INTER C8.0 DT_SAIDA C8.0 DIAG_PRINC C4.0 DIAG_SECUN C4.0 COBRANCA C2.0 NATUREZA C2.0 NAT_JUR C4.0 GESTAO C1.0 RUBRICA N5.0 IND_VDRL C1.0 MUNIC_MOV C6.0 COD_IDADE C1.0 IDADE N2.0 DIAS_PERM N5.0 MORTE N1.0 NACIONAL C3.0 NUM_PROC C4.0 CAR_INT C2.0 TOT_PT_SP N6.0 CPF_AUT C11.0 HOMONIMO C1.0 NUM_FILHOS N2.0 INSTRU C1.0 CID_NOTIF C4.0 CONTRACEP1 C2.0 CONTRACEP2 C2.0 GESTRISCO C1.0 INSC_PN C12.0 SEQ_AIH5 C3.0 CBOR C6.0 CNAER C3.0 VINCPREV C1.0 GESTOR_COD C5.0 GESTOR_TP C1.0 GESTOR_CPF C15.0 GESTOR_DT C8.0 CNES C7.0 CNPJ_MANT C14.0 INFEHOSP C1.0 CID_ASSO C4.0 CID_MORTE C4.0 COMPLEX C2.0 FINANC C2.0 FAEC_TP C6.0 REGCT C4.0 RACA_COR C2.0 ETNIA C4.0 SEQUENCIA N9.0 REMESSA C21.0 AUD_JUST C50.0 SIS_JUST C50.0 VAL_SH_FED N10.2 VAL_SP_FED N10.2 VAL_SH_GES N10.2 VAL_SP_GES N10.2
RDRR1205.dbc,2012-05,2013-11-01T11:45,230364,62d225e1ec7c67a156969ce9599a458ae90d46d418b267b59507c449ee063e13,3251,3,UF_ZI C6.0 ANO_CMPT C4.0 MES_CMPT C2.0 ESPEC C2.0 CGC_HOSP C14.0 N_AIH C13.0 IDENT C1.0 CEP C8.0 MUNIC_RES C6.0 NASC C8.0 SEXO C1.0 UTI_MES_IN N2.0 UTI_MES_AN N2.0 UTI_MES_AL N2.0 UTI_MES_TO N3.0 MARCA_UTI C2.0 UTI_INT_IN N2.0 UTI_INT_AN N2.0 UTI_INT_AL N2.0 UTI_INT_TO N3.0 DIAR_ACOM N3.0 QT_DIARIAS N3.0 PROC_SOLIC C10.0 PROC_REA C10.0 VAL_SH N13.2 VAL_SP N13.2 VAL_SADT N13.2 VAL_RN N13.2 VAL_ACOMP N13.2 VAL_ORTP N13.2 VAL_SANGUE N13.2 VAL_SADTSR N11.2 VAL_TRANSP N13.2 VAL_OBSANG N11.2 VAL_PED1AC N11.2 VAL_TOT N14.2 VAL_UTI N8.2 US_TOT N10.2 DT_INTER C8.0 DT_SAIDA C8.0 DIAG_PRINC C4.0 DIAG_SECUN C4.0 COBRANCA C2.0 NATUREZA C2.0 NAT_JUR C4.0 GESTAO C1.0 RUBRICA N5.0 IND_VDRL C1.0 MUNIC_MOV C6.0 COD_IDADE C1.0 IDADE N2.0 DIAS_PERM N5.0 MORTE N1.0 NACIONAL C3.0 NUM_PROC C4.0 CAR_INT C2.0 TOT_PT_SP N6.0 CPF_AUT C11.0 HOMONIMO C1.0 NUM_FILHOS N2.0 INSTRU C1.0 CID_NOTIF C4.0 CONTRACEP1 C2.0 CONTRACEP2 C2.0 GESTRISCO C1.0 INSC_PN C12.0 SEQ_AIH5 C3.0 CBOR C6.0 CNAER C3.0 VINCPREV C1.0 GESTOR_COD C5.0 GESTOR_TP C1.0 GESTOR_CPF C15.0 GESTOR_DT C8.0 CNES C7.0 CNPJ_MANT C14.0 INFEHOSP C1.0 CID_ASSO C4.0 CID_MORTE C4.0 COMPLEX C2.0 FINANC C2.0 FAEC_TP C6.0 REGCT C4.0 RACA_COR C2.0 ETNIA C4.0 SEQUENCIA N9.0 REMESSA C21.0 AUD_JUST C50.0 SIS_JUST C50.0 VAL_SH_FED N10.2 VAL_SP_FED N10.2 VAL_SH_GES N10.2 VAL_SP_GES N10.2
RDRR1206.dbc,2012-06,2013-11-01T11:45,202400,ff9b1c4b29dcb83603a2cc113e636563099da768c427897c6cdc76b10e102d09,2926,3,UF_ZI C6.0 ANO_CMPT C4.0 MES_CMPT C2.0 ESPEC C2.0 CGC_HOSP C14.0 N_AIH C13.0 IDENT C1.0 CEP C8.0 MUNIC_RES C6.0 NASC C8.0 SEXO C1.0 UTI_MES_IN N2.0 UTI_MES_AN N2.0 UTI_MES_AL N2.0 UTI_MES_TO N3.0 MARCA_UTI C2.0 UTI_INT_IN N2.0 UTI_INT_AN N2.0 UTI_INT_AL N2.0 UTI_INT_TO N3.0 DIAR_ACOM N3.0 QT_DIARIAS N3.0 PROC_SOLIC C10.0 PROC_REA C10.0 VAL_SH N13.2 VAL_SP N13.2 VAL_SADT N13.2 VAL_RN N13.2 VAL_ACOMP N13.2 VAL_ORTP N13.2 VAL_SANGUE N13.2 VAL_SADTSR N11.2 VAL_TRANSP N13.2 VAL_OBSANG N11.2 VAL_PED1AC N11.2 VAL_TOT N14.2 VAL_UTI N8.2 US_TOT N10.2 DT_INTER C8.0 DT_SAIDA C8.0 DIAG_PRINC C4.0 DIAG_SECUN C4.0 COBRANCA C2.0 NATUREZA C2.0 NAT_JUR C4.0 GESTAO C1.0 RUBRICA N5.0 IND_VDRL C1.0 MUNIC_MOV C6.0 COD_IDADE C1.0 IDADE N2.0 DIAS_PERM N5.0 MORTE N1.0 NACIONAL C3.0 NUM_PROC C4.0 CAR_INT C2.0 TOT_PT_SP N6.0 CPF_AUT C11.0 HOMONIMO C1.0 NUM_FILHOS N2.0 INSTRU C1.0 CID_NOTIF C4.0 CONTRACEP1 C2.0 CONTRACEP2 C2.0 GESTRISCO C1.0 INSC_PN C12.0 SEQ_AIH5 C3.0 CBOR C6.0 CNAER C3.0 VINCPREV C1.0 GESTOR_COD C5.0 GESTOR_TP C1.0 GESTOR_CPF C15.0 GESTOR_DT C8.0 CNES C7.0 CNPJ_MANT C14.0 INFEHOSP C1.0 CID_ASSO C4.0 CID_MORTE C4.0 COMPLEX C2.0 FINANC C2.0 FAEC_TP C6.0 REGCT C4.0 RACA_COR C2.0 ETNIA C4.0 SEQUENCIA N9.0 REMESSA C21.0 AUD_JUST C50.0 SIS_JUST C50.0 VAL_SH_FED N10.2 VAL_SP_FED N10.2 VAL_SH_GES N10.2 VAL_SP_GES N10.2
RDRR1207.dbc,2012-07,2013-11-01T11:45,192700,733ed82cd8c1d97df4c9aaba5c685133942e340f6b467099d310b3c860dd09b1,2755,3,UF_ZI C6.0 ANO_CMPT C4.0 MES_CMPT C2.0 ESPEC C2.0 CGC_HOSP C14.0 N_AIH C13.0 IDENT C1.0 CEP C8.0 MUNIC_RES C6.0 NASC C8.0 SEXO C1.0 UTI_MES_IN N2.0 UTI_MES_AN N2.0 UTI_MES_AL N2.0 UTI_MES_TO N3.0 MARCA_UTI C2.0 UTI_INT_IN N2.0 UTI_INT_AN N2.0 UTI_INT_AL N2.0 UTI_INT_TO N3.0 DIAR_ACOM N3.0 QT_DIARIAS N3.0 PROC_SOLIC C10.0 PROC_REA C10.0 VAL_SH N13.2 VAL_SP N13.2 VAL_SADT N13.2 VAL_RN N13.2 VAL_ACOMP N13.2 VAL_ORTP N13.2 VAL_SANGUE N13.2 VAL_SADTSR N11.2 VAL_TRANSP N13.2 VAL_OBSANG N11.2 VAL_PED1AC N11.2 VAL_TOT N14.2 VAL_UTI N8.2 US_TOT N10.2 DT_INTER C8.0 DT_SAIDA C8.0 DIAG_PRINC C4.0 DIAG_SECUN C4.0 COBRANCA C2.0 NATUREZA C2.0 NAT_JUR C4.0 GESTAO C1.0 RUBRICA N5.0 IND_VDRL C1.0 MUNIC_MOV C6.0 COD_IDADE C1.0 IDADE N2.0 DIAS_PERM N5.0 MORTE N1.0 NACIONAL C3.0 NUM_PROC C4.0 CAR_INT C2.0 TOT_PT_SP N6.0 CPF_AUT C11.0 HOMONIMO C1.0 NUM_FILHOS N2.0 INSTRU C1.0 CID_NOTIF C4.0 CONTRACEP1 C2.0 CONTRACEP2 C2.0 GESTRISCO C1.0 INSC_PN C12.0 SEQ_AIH5 C3.0 CBOR C6.0 CNAER C3.0 VINCPREV C1.0 GESTOR_COD C5.0 GESTOR_TP C1.0 GESTOR_CPF C15.0 GESTOR_DT C8.0 CNES C7.0 CNPJ_MANT C14.0 INFEHOSP C1.0 CID_ASSO C4.0 CID_MORTE C4.0 COMPLEX C2.0 FINANC C2.0 FAEC_TP C6.0 REGCT C4.0 RACA_COR C2.0 ETNIA C4.0 SEQUENCIA N9.0 REMESSA C21.0 AUD_JUST C50.0 SIS_JUST C50.0 VAL_SH_FED N10.2 VAL_SP_FED N10.2 VAL_SH_GES N10.2 VAL_SP_GES N10.2
RDRR1208.dbc,2012-08,2013-11-01T11:45,185618,60e1a313da6ad118c41c66d4432080e523563477ca9b752edfd1a2fa5ce5f3bb,2711,3,UF_ZI C6.0 ANO_CMPT C4.0 MES_CMPT C2.0 ESPEC C2.0 CGC_HOSP C14.0 N_AIH C13.0 IDENT C1.0 CEP C8.0 MUNIC_RES C6.0 NASC C8.0 SEXO C1.0 UTI_MES_IN N2.0 UTI_MES_AN N2.0 UTI_MES_AL N2.0 UTI_MES_TO N3.0 MARCA_UTI C2.0 UTI_INT_IN N2.0 UTI_INT_AN N2.0 UTI_INT_AL N2.0 UTI_INT_TO N3.0 DIAR_ACOM N3.0 QT_DIARIAS N3.0 PROC_SOLIC C10.0 PROC_REA C10.0 VAL_SH N13.2 VAL_SP N13.2 VAL_SADT N13.2 VAL_RN N13.2 VAL_ACOMP N13.2 VAL_ORTP N13.2 VAL_SANGUE N13.2 VAL_SADTSR N11.2 VAL_TRANSP N13.2 VAL_OBSANG N11.2 VAL_PED1AC N11.2 VAL_TOT N14.2 VAL_UTI N8.2 US_TOT N10.2 DT_INTER C8.0 DT_SAIDA C8.0 DIAG_PRINC C4.0 DIAG_SECUN C4.0 COBRANCA C2.0 NATUREZA C2.0 NAT_JUR C4.0 GESTAO C1.0 RUBRICA N5.0 IND_VDRL C1.0 MUNIC_MOV C6.0 COD_IDADE C1.0 IDADE N2.0 DIAS_PERM N5.0 MORTE N1.0 NACIONAL C3.0 NUM_PROC C4.0 CAR_INT C2.0 TOT_PT_SP N6.0 CPF_AUT C11.0 HOMONIMO C1.0 NUM_FILHOS N2.0 INSTRU C1.0 CID_NOTIF C4.0 CONTRACEP1 C2.0 CONTRACEP2 C2.0 GESTRISCO C1.0 INSC_PN C12.0 SEQ_AIH5 C3.0 CBOR C6.0 CNAER C3.0 VINCPREV C1.0 GESTOR_COD C5.0 GESTOR_TP C1.0 GESTOR_CPF C15.0 GESTOR_DT C8.0 CNES C7.0 CNPJ_MANT C14.0 INFEHOSP C1.0 CID_ASSO C4.0 CID_MORTE C4.0 COMPLEX C2.0 FINANC C2.0 FAEC_TP C6.0 REGCT C4.0 RACA_COR C2.0 ETNIA C4.0 SEQUENCIA N9.0 REMESSA C21.0 AUD_JUST C50.0 SIS_JUST C50.0 VAL_SH_FED N10.2 VAL_SP_FED N10.2 VAL_SH_GES N10.2 VAL_SP_GES N10.2
RDRR1209.dbc,2012-09,2013-11-01T11:45,166525,3c19512e30ea1af5e8fc1f2e8e8acc1e71e2b9afa414acfed3a6af98f8fb270f,2503,3,UF_ZI C6.0 ANO_CMPT C4.0 MES_CMPT C2.0 ESPEC C2.0 CGC_HOSP C14.0 N_AIH C13.0 IDENT C1.0 CEP C8.0 MUNIC_RES C6.0 NASC C8.0 SEXO C1.0 UTI_MES_IN N2.0 UTI_MES_AN N2.0 UTI_MES_AL N2.0 UTI_MES_TO N3.0 MARCA_UTI C2.0 UTI_INT_IN N2.0 UTI_INT_AN N2.0 UTI_INT_AL N2.0 UTI_INT_TO N3.0 DIAR_ACOM N3.0 QT_DIARIAS N3.0 PROC_SOLIC C10.0 PROC_REA C10.0 VAL_SH N13.2 VAL_SP N13.2 VAL_SADT N13.2 VAL_RN N13.2 VAL_ACOMP N13.2 VAL_ORTP N13.2 VAL_SANGUE N13.2 VAL_SADTSR N11.2 VAL_TRANSP N13.2 VAL_OBSANG N11.2 VAL_PED1AC N11.2 VAL_TOT N14.2 VAL_UTI N8.2 US_TOT N10.2 DT_INTER C8.0 DT_SAIDA C8.0 DIAG_PRINC C4.0 DIAG_SECUN C4.0 COBRANCA C2.0 NATUREZA C2.0 NAT_JUR C4.0 GESTAO C1.0 RUBRICA N5.0 IND_VDRL C1.0 MUNIC_MOV C6.0 COD_IDADE C1.0 IDADE N2.0 DIAS_PERM N5.0 MORTE N1.0 NACIONAL C3.0 NUM_PROC C4.0 CAR_INT C2.0 TOT_PT_SP N6.0 CPF_AUT C11.0 HOMONIMO C1.0 NUM_FILHOS N2.0 INSTRU C1.0 CID_NOTIF C4.0 CONTRACEP1 C2.0 CONTRACEP2 C2.0 GESTRISCO C1.0 INSC_PN C12.0 SEQ_AIH5 C3.0 CBOR C6.0 CNAER C3.0 VINCPREV C1.0 GESTOR_COD C5.0 GESTOR_TP C1.0 GESTOR_CPF C15.0 GESTOR_DT C8.0 CNES C7.0 CNPJ_MANT C14.0 INFEHOSP C1.0 CID_ASSO C4.0 CID_MORTE C4.0 COMPLEX C2.0 FINANC C2.0 FAEC_TP C6.0 REGCT C4.0 RACA_COR C2.0 ETNIA C4.0 SEQUENCIA N9.0 REMESSA C21.0 AUD_JUST C50.0 SIS_JUST C50.0 VAL_SH_FED N10.2 VAL_SP_FED N10.2 VAL_SH_GES N10.2 VAL_SP_GES N10.2
RDRR1210.dbc,2012-10,2013-11-01T11:45,147810,7489e172164ba8645e7c1464ca2d6945d7a18083f13e3485e2928409a77de75e,2103,3,UF_ZI C6.0 ANO_CMPT C4.0 MES_CMPT C2.0 ESPEC C2.0 CGC_HOSP C14.0 N_AIH C13.0 IDENT C1.0 CEP C8.0 MUNIC_RES C6.0 NASC C8.0 SEXO C1.0 UTI_MES_IN N2.0 UTI_MES_AN N2.0 UTI_MES_AL N2.0 UTI_MES_TO N3.0 MARCA_UTI C2.0 UTI_INT_IN N2.0 UTI_INT_AN N2.0 UTI_INT_AL N2.0 UTI_INT_TO N3.0 DIAR_ACOM N3.0 QT_DIARIAS N3.0 PROC_SOLIC C10.0 PROC_REA C10.0 VAL_SH N13.2 VAL_SP N13.2 VAL_SADT N13.2 VAL_RN N13.2 VAL_ACOMP N13.2 VAL_ORTP N13.2 VAL_SANGUE N13.2 VAL_SADTSR N11.2 VAL_TRANSP N13.2 VAL_OBSANG N11.2 VAL_PED1AC N11.2 VAL_TOT N14.2 VAL_UTI N8.2 US_TOT N10.2 DT_INTER C8.0 DT_SAIDA C8.0 DIAG_PRINC C4.0 DIAG_SECUN C4.0 COBRANCA C2.0 NATUREZA C2.0 NAT_JUR C4.0 GESTAO C1.0 RUBRICA N5.0 IND_VDRL C1.0 MUNIC_MOV C6.0 COD_IDADE C1.0 IDADE N2.0 DIAS_PERM N5.0 MORTE N1.0 NACIONAL C3.0 NUM_PROC C4.0 CAR_INT C2.0 TOT_PT_SP N6.0 CPF_AUT C11.0 HOMONIMO C1.0 NUM_FILHOS N2.0 INSTRU C1.0 CID_NOTIF C4.0 CONTRACEP1 C2.0 CONTRACEP2 C2.0 GESTRISCO C1.0 INSC_PN C12.0 SEQ_AIH5 C3.0 CBOR C6.0 CNAER C3.0 VINCPREV C1.0 GESTOR_COD C5.0 GESTOR_TP C1.0 GESTOR_CPF C15.0 GESTOR_DT C8.0 CNES C7.0 CNPJ_MANT C14.0 INFEHOSP C1.0 CID_ASSO C4.0 CID_MORTE C4.0 COMPLEX C2.0 FINANC C2.0 FAEC_TP C6.0 REGCT C4.0 RACA_COR C2.0 ETNIA C4.0 SEQUENCIA N9.0 REMESSA C21.0 AUD_JUST C50.0 SIS_JUST C50.0 VAL_SH_FED N10.2 VAL_SP_FED N10.2 VAL_SH_GES N10.2 VAL_SP_GES N10.2
RDRR1211.dbc,2012-11,2013-11-01T11:45,165453,36b3b12a5fab7acdc05299b300ece484c2b673db527121d37ea9317b6ab3e02e,2423,3,UF_ZI C6.0 ANO_CMPT C4.0 MES_CMPT C2.0 ESPEC C2.0 CGC_HOSP C14.0 N_AIH C13.0 IDENT C1.0 CEP C8.0 MUNIC_RES C6.0 NASC C8.0 SEXO C1.0 UTI_MES_IN N2.0 UTI_MES_AN N2.0 UTI_MES_AL N2.0 UTI_MES_TO N3.0 MARCA_UTI C2.0 UTI_INT_IN N2.0 UTI_INT_AN N2.0 UTI_INT_AL N2.0 UTI_INT_TO N3.0 DIAR_ACOM N3.0 QT_DIARIAS N3.0 PROC_SOLIC C10.0 PROC_REA C10.0 VAL_SH N13.2 VAL_SP N13.2 VAL_SADT N13.2 VAL_RN N13.2 VAL_ACOMP N13.2 VAL_ORTP N13.2 VAL_SANGUE N13.2 VAL_SADTSR N11.2 VAL_TRANSP N13.2 VAL_OBSANG N11.2 VAL_PED1AC N11.2 VAL_TOT N14.2 VAL_UTI N8.2 US_TOT N10.2 DT_INTER C8.0 DT_SAIDA C8.0 DIAG_PRINC C4.0 DIAG_SECUN C4.0 COBRANCA C2.0 NATUREZA C2.0 NAT_JUR C4.0 GESTAO C1.0 RUBRICA N5.0 IND_VDRL C1.0 MUNIC_MOV C6.0 COD_IDADE C1.0 IDADE N2.0 DIAS_PERM N5.0 MORTE N1.0 NACIONAL C3.0 NUM_PROC C4.0 CAR_INT C2.0 TOT_PT_SP N6.0 CPF_AUT C11.0 HOMONIMO C1.0 NUM_FILHOS N2.0 INSTRU C1.0 CID_NOTIF C4.0 CONTRACEP1 C2.0 CONTRACEP2 C2.0 GESTRISCO C1.0 INSC_PN C12.0 SEQ_AIH5 C3.0 CBOR C6.0 CNAER C3.0 VINCPREV C1.0 GESTOR_COD C5.0 GESTOR_TP C1.0 GESTOR_CPF C15.0 GESTOR_DT C8.0 CNES C7.0 CNPJ_MANT C14.0 INFEHOSP C1.0 CID_ASSO C4.0 CID_MORTE C4.0 COMPLEX C2.0 FINANC C2.0 FAEC_TP C6.0 REGCT C4.0 RACA_COR C2.0 ETNIA C4.0 SEQUENCIA N9.0 REMESSA C21.0 AUD_JUST C50.0 SIS_JUST C50.0 VAL_SH_FED N10.2 VAL_SP_FED N10.2 VAL_SH_GES N10.2 VAL_SP_GES N10.2
RDMG1212.dbc,2012-12,2013-11-01T11:39,7053383,b73826b48ddbc2488117b060994f9fef593e82efb5c5c9996f73e41a2aed8bf2,93399,3,UF_ZI C6.0 ANO_CMPT C4.0 MES_CMPT C2.0 ESPEC C2.0 CGC_HOSP C14.0 N_AIH C13.0 IDENT C1.0 CEP C8.0 MUNIC_RES C6.0 NASC C8.0 SEXO C1.0 UTI_MES_IN N2.0 UTI_MES_AN N2.0 UTI_MES_AL N2.0 UTI_MES_TO N3.0 MARCA_UTI C2.0 UTI_INT_IN N2.0 UTI_INT_AN N2.0 UTI_INT_AL N2.0 UTI_INT_TO N3.0 DIAR_ACOM N3.0 QT_DIARIAS N3.0 PROC_SOLIC C10.0 PROC_REA C10.0 VAL_SH N13.2 VAL_SP N13.2 VAL_SADT N13.2 VAL_RN N13.2 VAL_ACOMP N13.2 VAL_ORTP N13.2 VAL_SANGUE N13.2 VAL_SADTSR N11.2 VAL_TRANSP N13.2 VAL_OBSANG N11.2 VAL_PED1AC N11.2 VAL_TOT N14.2 VAL_UTI N8.2 US_TOT N10.2 DT_INTER C8.0 DT_SAIDA C8.0 DIAG_PRINC C4.0 DIAG_SECUN C4.0 COBRANCA C2.0 NATUREZA C2.0 NAT_JUR C4.0 GESTAO C1.0 RUBRICA N5.0 IND_VDRL C1.0 MUNIC_MOV C6.0 COD_IDADE C1.0 IDADE N2.0 DIAS_PERM N5.0 MORTE N1.0 NACIONAL C3.0 NUM_PROC C4.0 CAR_INT C2.0 TOT_PT_SP N6.0 CPF_AUT C11.0 HOMONIMO C1.0 NUM_FILHOS N2.0 INSTRU C1.0 CID_NOTIF C4.0 CONTRACEP1 C2.0 CONTRACEP2 C2.0 GESTRISCO C1.0 INSC_PN C12.0 SEQ_AIH5 C3.0 CBOR C6.0 CNAER C3.0 VINCPREV C1.0 GESTOR_COD C5.0 GESTOR_TP C1.0 GESTOR_CPF C15.0 GESTOR_DT C8.0 CNES C7.0 CNPJ_MANT C14.0 INFEHOSP C1.0 CID_ASSO C4.0 CID_MORTE C4.0 COMPLEX C2.0 FINANC C2.0 FAEC_TP C6.0 REGCT C4.0 RACA_COR C2.0 ETNIA C4.0 SEQUENCIA N9.0 REMESSA C21.0 AUD_JUST C50.0 SIS_JUST C50.0 VAL_SH_FED N10.2 VAL_SP_FED N10.2 VAL_SH_GES N10.2 VAL_SP_GES N10.2
RDRR1212.dbc,2012-12,2013-11-01T11:45,147870,9baed4b86bb353b95f67ee72c8a0003807cb2ff65f51b1b22ea9e98e393552b8,2265,3,UF_ZI C6.0 ANO_CMPT C4.0 MES_CMPT C2.0 ESPEC C2.0 CGC_HOSP C14.0 N_AIH C13.0 IDENT C1.0 CEP C8.0 MUNIC_RES C6.0 NASC C8.0 SEXO C1.0 UTI_MES_IN N2.0 UTI_MES_AN N2.0 UTI_MES_AL N2.0 UTI_MES_TO N3.0 MARCA_UTI C2.0 UTI_INT_IN N2.0 UTI_INT_AN N2.0 UTI_INT_AL N2.0 UTI_INT_TO N3.0 DIAR_ACOM N3.0 QT_DIARIAS N3.0 PROC_SOLIC C10.0 PROC_REA C10.0 VAL_SH N13.2 VAL_SP N13.2 VAL_SADT N13.2 VAL_RN N13.2 VAL_ACOMP N13.2 VAL_ORTP N13.2 VAL_SANGUE N13.2 VAL_SADTSR N11.2 VAL_TRANSP N13.2 VAL_OBSANG N11.2 VAL_PED1AC N11.2 VAL_TOT N14.2 VAL_UTI N8.2 US_TOT N10.2 DT_INTER C8.0 DT_SAIDA C8.0 DIAG_PRINC C4.0 DIAG_SECUN C4.0 COBRANCA C2.0 NATUREZA C2.0 NAT_JUR C4.0 GESTAO C1.0 RUBRICA N5.0 IND_VDRL C1.0 MUNIC_MOV C6.0 COD_IDADE C1.0 IDADE N2.0 DIAS_PERM N5.0 MORTE N1.0 NACIONAL C3.0 NUM_PROC C4.0 CAR_INT C2.0 TOT_PT_SP N6.0 CPF_AUT C11.0 HOMONIMO C1.0 NUM_FILHOS N2.0 INSTRU C1.0 CID_NOTIF C4.0 CONTRACEP1 C2.0 CONTRACEP2 C2.0 GESTRISCO C1.0 INSC_PN C12.0 SEQ_AIH5 C3.0 CBOR C6.0 CNAER C3.0 VINCPREV C1.0 GESTOR_COD C5.0 GESTOR_TP C1.0 GESTOR_CPF C15.0 GESTOR_DT C8.0 CNES C7.0 CNPJ_MANT C14.0 INFEHOSP C1.0 CID_ASSO C4.0 CID_MORTE C4.0 COMPLEX C2.0 FINANC C2.0 FAEC_TP C6.0 REGCT C4.0 RACA_COR C2.0 ETNIA C4.0 SEQUENCIA N9.0 REMESSA C21.0 AUD_JUST C50.0 SIS_JUST C50.0 VAL_SH_FED N10.2 VAL_SP_FED N10.2 VAL_SH_GES N10.2 VAL_SP_GES N10.2
RDSP1212.dbc,2012-12,2013-11-01T11:49,13661718,b316a948461535478d73dad00c20cb16ed9656aedeeeb9015b0f733f4299b824,189249,3,UF_ZI C6.0 ANO_CMPT C4.0 MES_CMPT C2.0 ESPEC C2.0 CGC_HOSP C14.0 N_AIH C13.0 IDENT C1.0 CEP C8.0 MUNIC_RES C6.0 NASC C8.0 SEXO C1.0 UTI_MES_IN N2.0 UTI_MES_AN N2.0 UTI_MES_AL N2.0 UTI_MES_TO N3.0 MARCA_UTI C2.0 UTI_INT_IN N2.0 UTI_INT_AN N2.0 UTI_INT_AL N2.0 UTI_INT_TO N3.0 DIAR_ACOM N3.0 QT_DIARIAS N3.0 PROC_SOLIC C10.0 PROC_REA C10.0 VAL_SH N13.2 VAL_SP N13.2 VAL_SADT N13.2 VAL_RN N13.2 VAL_ACOMP N13.2 VAL_ORTP N13.2 VAL_SANGUE N13.2 VAL_SADTSR N11.2 VAL_TRANSP N13.2 VAL_OBSANG N11.2 VAL_PED1AC N11.2 VAL_TOT N14.2 VAL_UTI N8.2 US_TOT N10.2 DT_INTER C8.0 DT_SAIDA C8.0 DIAG_PRINC C4.0 DIAG_SECUN C4.0 COBRANCA C2.0 NATUREZA C2.0 NAT_JUR C4.0 GESTAO C1.0 RUBRICA N5.0 IND_VDRL C1.0 MUNIC_MOV C6.0 COD_IDADE C1.0 IDADE N2.0 DIAS_PERM N5.0 MORTE N1.0 NACIONAL C3.0 NUM_PROC C4.0 CAR_INT C2.0 TOT_PT_SP N6.0 CPF_AUT C11.0 HOMONIMO C1.0 NUM_FILHOS N2.0 INSTRU C1.0 CID_NOTIF C4.0 CONTRACEP1 C2.0 CONTRACEP2 C2.0 GESTRISCO C1.0 INSC_PN C12.0 SEQ_AIH5 C3.0 CBOR C6.0 CNAER C3.0 VINCPREV C1.0 GESTOR_COD C5.0 GESTOR_TP C1.0 GESTOR_CPF C15.0 GESTOR_DT C8.0 CNES C7.0 CNPJ_MANT C14.0 INFEHOSP C1.0 CID_ASSO C4.0 CID_MORTE C4.0 COMPLEX C2.0 FINANC C2.0 FAEC_TP C6.0 REGCT C4.0 RACA_COR C2.0 ETNIA C4.0 SEQUENCIA N9.0 REMESSA C21.0 AUD_JUST C50.0 SIS_JUST C50.0 VAL_SH_FED N10.2 VAL_SP_FED N10.2 VAL_SH_GES N10.2 VAL_SP_GES N10.2
RDMG1301.dbc,2013-01,2014-09-25T11:24,7314964,b5a1d25e52251b6334d6a873d73195588adc4202878def9310ed5b798b4e4222,97466,4,UF_ZI C6.0 ANO_CMPT C4.0 MES_CMPT C2.0 ESPEC C2.0 CGC_HOSP C14.0 N_AIH C13.0 IDENT C1.0 CEP C8.0 MUNIC_RES C6.0 NASC C8.0 SEXO C1.0 UTI_MES_IN N2.0 UTI_MES_AN N2.0 UTI_MES_AL N2.0 UTI_MES_TO N3.0 MARCA_UTI C2.0 UTI_INT_IN N2.0 UTI_INT_AN N2.0 UTI_INT_AL N2.0 UTI_INT_TO N3.0 DIAR_ACOM N3.0 QT_DIARIAS N3.0 PROC_SOLIC C10.0 PROC_REA C10.0 VAL_SH N13.2 VAL_SP N13.2 VAL_SADT N13.2 VAL_RN N13.2 VAL_ACOMP N13.2 VAL_ORTP N13.2 VAL_SANGUE N13.2 VAL_SADTSR N11.2 VAL_TRANSP N13.2 VAL_OBSANG N11.2 VAL_PED1AC N11.2 VAL_TOT N14.2 VAL_UTI N8.2 US_TOT N10.2 DT_INTER C8.0 DT_SAIDA C8.0 DIAG_PRINC C4.0 DIAG_SECUN C4.0 COBRANCA C2.0 NATUREZA C2.0 NAT_JUR C4.0 GESTAO C1.0 RUBRICA N5.0 IND_VDRL C1.0 MUNIC_MOV C6.0 COD_IDADE C1.0 IDADE N2.0 DIAS_PERM N5.0 MORTE N1.0 NACIONAL C3.0 NUM_PROC C4.0 CAR_INT C2.0 TOT_PT_SP N6.0 CPF_AUT C11.0 HOMONIMO C1.0 NUM_FILHOS N2.0 INSTRU C1.0 CID_NOTIF C4.0 CONTRACEP1 C2.0 CONTRACEP2 C2.0 GESTRISCO C1.0 INSC_PN C12.0 SEQ_AIH5 C3.0 CBOR C6.0 CNAER C3.0 VINCPREV C1.0 GESTOR_COD C5.0 GESTOR_TP C1.0 GESTOR_CPF C15.0 GESTOR_DT C8.0 CNES C7.0 CNPJ_MANT C14.0 INFEHOSP C1.0 CID_ASSO C4.0 CID_MORTE C4.0 COMPLEX C2.0 FINANC C2.0 FAEC_TP C6.0 REGCT C4.0 RACA_COR C2.0 ETNIA C4.0 SEQUENCIA N9.0 REMESSA C21.0 AUD_JUST C50.0 SIS_JUST C50.0 VAL_SH_FED N10.2 VAL_SP_FED N10.2 VAL_SH_GES N10.2 VAL_SP_GES N10.2 VAL_UCI N10.2 MARCA_UCI C2.0
RDRR1301.dbc,2013-01,2014-09-25T11:22,154699,199e9f0273c5577392e94d5335d8bf5fd208641b70594958a7a65109c3305c2e,2240,4,UF_ZI C6.0 ANO_CMPT C4.0 MES_CMPT C2.0 ESPEC C2.0 CGC_HOSP C14.0 N_AIH C13.0 IDENT C1.0 CEP C8.0 MUNIC_RES C6.0 NASC C8.0 SEXO C1.0 UTI_MES_IN N2.0 UTI_MES_AN N2.0 UTI_MES_AL N2.0 UTI_MES_TO N3.0 MARCA_UTI C2.0 UTI_INT_IN N2.0 UTI_INT_AN N2.0 UTI_INT_AL N2.0 UTI_INT_TO N3.0 DIAR_ACOM N3.0 QT_DIARIAS N3.0 PROC_SOLIC C10.0 PROC_REA C10.0 VAL_SH N13.2 VAL_SP N13.2 VAL_SADT N13.2 VAL_RN N13.2 VAL_ACOMP N13.2 VAL_ORTP N13.2 VAL_SANGUE N13.2 VAL_SADTSR N11.2 VAL_TRANSP N13.2 VAL_OBSANG N11.2 VAL_PED1AC N11.2 VAL_TOT N14.2 VAL_UTI N8.2 US_TOT N10.2 DT_INTER C8.0 DT_SAIDA C8.0 DIAG_PRINC C4.0 DIAG_SECUN C4.0 COBRANCA C2.0 NATUREZA C2.0 NAT_JUR C4.0 GESTAO C1.0 RUBRICA N5.0 IND_VDRL C1.0 MUNIC_MOV C6.0 COD_IDADE C1.0 IDADE N2.0 DIAS_PERM N5.0 MORTE N1.0 NACIONAL C3.0 NUM_PROC C4.0 CAR_INT C2.0 TOT_PT_SP N6.0 CPF_AUT C11.0 HOMONIMO C1.0 NUM_FILHOS N2.0 INSTRU C1.0 CID_NOTIF C4.0 CONTRACEP1 C2.0 CONTRACEP2 C2.0 GESTRISCO C1.0 INSC_PN C12.0 SEQ_AIH5 C3.0 CBOR C6.0 CNAER C3.0 VINCPREV C1.0 GESTOR_COD C5.0 GESTOR_TP C1.0 GESTOR_CPF C15.0 GESTOR_DT C8.0 CNES C7.0 CNPJ_MANT C14.0 INFEHOSP C1.0 CID_ASSO C4.0 CID_MORTE C4.0 COMPLEX C2.0 FINANC C2.0 FAEC_TP C6.0 REGCT C4.0 RACA_COR C2.0 ETNIA C4.0 SEQUENCIA N9.0 REMESSA C21.0 AUD_JUST C50.0 SIS_JUST C50.0 VAL_SH_FED N10.2 VAL_SP_FED N10.2 VAL_SH_GES N10.2 VAL_SP_GES N10.2 VAL_UCI N10.2 MARCA_UCI C2.0
RDSP1301.dbc,2013-01,2014-09-25T11:21,14507052,5464dd8ddd1a78fd735163b472da7f339b1789692e11ab13345d8e5b95d00ada,199363,4,UF_ZI C6.0 ANO_CMPT C4.0 MES_CMPT C2.0 ESPEC C2.0 CGC_HOSP C14.0 N_AIH C13.0 IDENT C1.0 CEP C8.0 MUNIC_RES C6.0 NASC C8.0 SEXO C1.0 UTI_MES_IN N2.0 UTI_MES_AN N2.0 UTI_MES_AL N2.0 UTI_MES_TO N3.0 MARCA_UTI C2.0 UTI_INT_IN N2.0 UTI_INT_AN N2.0 UTI_INT_AL N2.0 UTI_INT_TO N3.0 DIAR_ACOM N3.0 QT_DIARIAS N3.0 PROC_SOLIC C10.0 PROC_REA C10.0 VAL_SH N13.2 VAL_SP N13.2 VAL_SADT N13.2 VAL_RN N13.2 VAL_ACOMP N13.2 VAL_ORTP N13.2 VAL_SANGUE N13.2 VAL_SADTSR N11.2 VAL_TRANSP N13.2 VAL_OBSANG N11.2 VAL_PED1AC N11.2 VAL_TOT N14.2 VAL_UTI N8.2 US_TOT N10.2 DT_INTER C8.0 DT_SAIDA C8.0 DIAG_PRINC C4.0 DIAG_SECUN C4.0 COBRANCA C2.0 NATUREZA C2.0 NAT_JUR C4.0 GESTAO C1.0 RUBRICA N5.0 IND_VDRL C1.0 MUNIC_MOV C6.0 COD_IDADE C1.0 IDADE N2.0 DIAS_PERM N5.0 MORTE N1.0 NACIONAL C3.0 NUM_PROC C4.0 CAR_INT C2.0 TOT_PT_SP N6.0 CPF_AUT C11.0 HOMONIMO C1.0 NUM_FILHOS N2.0 INSTRU C1.0 CID_NOTIF C4.0 CONTRACEP1 C2.0 CONTRACEP2 C2.0 GESTRISCO C1.0 INSC_PN C12.0 SEQ_AIH5 C3.0 CBOR C6.0 CNAER C3.0 VINCPREV C1.0 GESTOR_COD C5.0 GESTOR_TP C1.0 GESTOR_CPF C15.0 GESTOR_DT C8.0 CNES C7.0 CNPJ_MANT C14.0 INFEHOSP C1.0 CID_ASSO C4.0 CID_MORTE C4.0 COMPLEX C2.0 FINANC C2.0 FAEC_TP C6.0 REGCT C4.0 RACA_COR C2.0 ETNIA C4.0 SEQUENCIA N9.0 REMESSA C21.0 AUD_JUST C50.0 SIS_JUST C50.0 VAL_SH_FED N10.2 VAL_SP_FED N10.2 VAL_SH_GES N10.2 VAL_SP_GES N10.2 VAL_UCI N10.2 MARCA_UCI C2.0
RDRR1302.dbc,2013-02,2014-09-25T11:22,154185,b03f1f91e38d0b99d24d1551e84446b7697fbaa956305c6e28d1e22cf9300966,2347,4,UF_ZI C6.0 ANO_CMPT C4.0 MES_CMPT C2.0 ESPEC C2.0 CGC_HOSP C14.0 N_AIH C13.0 IDENT C1.0 CEP C8.0 MUNIC_RES C6.0 NASC C8.0 SEXO C1.0 UTI_MES_IN N2.0 UTI_MES_AN N2.0 UTI_MES_AL N2.0 UTI_MES_TO N3.0 MARCA_UTI C2.0 UTI_INT_IN N2.0 UTI_INT_AN N2.0 UTI_INT_AL N2.0 UTI_INT_TO N3.0 DIAR_ACOM N3.0 QT_DIARIAS N3.0 PROC_SOLIC C10.0 PROC_REA C10.0 VAL_SH N13.2 VAL_SP N13.2 VAL_SADT N13.2 VAL_RN N13.2 VAL_ACOMP N13.2 VAL_ORTP N13.2 VAL_SANGUE N13.2 VAL_SADTSR N11.2 VAL_TRANSP N13.2 VAL_OBSANG N11.2 VAL_PED1AC N11.2 VAL_TOT N14.2 VAL_UTI N8.2 US_TOT N10.2 DT_INTER C8.0 DT_SAIDA C8.0 DIAG_PRINC C4.0 DIAG_SECUN C4.0 COBRANCA C2.0 NATUREZA C2.0 NAT_JUR C4.0 GESTAO C1.0 RUBRICA N5.0 IND_VDRL C1.0 MUNIC_MOV C6.0 COD_IDADE C1.0 IDADE N2.0 DIAS_PERM N5.0 MORTE N1.0 NACIONAL C3.0 NUM_PROC C4.0 CAR_INT C2.0 TOT_PT_SP N6.0 CPF_AUT C11.0 HOMONIMO C1.0 NUM_FILHOS N2.0 INSTRU C1.0 CID_NOTIF C4.0 CONTRACEP1 C2.0 CONTRACEP2 C2.0 GESTRISCO C1.0 INSC_PN C12.0 SEQ_AIH5 C3.0 CBOR C6.0 CNAER C3.0 VINCPREV C1.0 GESTOR_COD C5.0 GESTOR_TP C1.0 GESTOR_CPF C15.0 GESTOR_DT C8.0 CNES C7.0 CNPJ_MANT C14.0 INFEHOSP C1.0 CID_ASSO C4.0 CID_MORTE C4.0 COMPLEX C2.0 FINANC C2.0 FAEC_TP C6.0 REGCT C4.0 RACA_COR C2.0 ETNIA C4.0 SEQUENCIA N9.0 REMESSA C21.0 AUD_JUST C50.0 SIS_JUST C50.0 VAL_SH_FED N10.2 VAL_SP_FED N10.2 VAL_SH_GES N10.2 VAL_SP_GES N10.2 VAL_UCI N10.2 MARCA_UCI C2.0
RDRR1303.dbc,2013-03,2014-09-25T11:22,191135,70df387b230d7563d6a3068192510bf4f364879420e736fe8b854fa577c7a025,2837,4,UF_ZI C6.0 ANO_CMPT C4.0 MES_CMPT C2.0 ESPEC C2.0 CGC_HOSP C14.0 N_AIH C13.0 IDENT C1.0 CEP C8.0 MUNIC_RES C6.0 NASC C8.0 SEXO C1.0 UTI_MES_IN N2.0 UTI_MES_AN N2.0 UTI_MES_AL N2.0 UTI_MES_TO N3.0 MARCA_UTI C2.0 UTI_INT_IN N2.0 UTI_INT_AN N2.0 UTI_INT_AL N2.0 UTI_INT_TO N3.0 DIAR_ACOM N3.0 QT_DIARIAS N3.0 PROC_SOLIC C10.0 PROC_REA C10.0 VAL_SH N13.2 VAL_SP N13.2 VAL_SADT N13.2 VAL_RN N13.2 VAL_ACOMP N13.2 VAL_ORTP N13.2 VAL_SANGUE N13.2 VAL_SADTSR N11.2 VAL_TRANSP N13.2 VAL_OBSANG N11.2 VAL_PED1AC N11.2 VAL_TOT N14.2 VAL_UTI N8.2 US_TOT N10.2 DT_INTER C8.0 DT_SAIDA C8.0 DIAG_PRINC C4.0 DIAG_SECUN C4.0 COBRANCA C2.0 NATUREZA C2.0 NAT_JUR C4.0 GESTAO C1.0 RUBRICA N5.0 IND_VDRL C1.0 MUNIC_MOV C6.0 COD_IDADE C1.0 IDADE N2.0 DIAS_PERM N5.0 MORTE N1.0 NACIONAL C3.0 NUM_PROC C4.0 CAR_INT C2.0 TOT_PT_SP N6.0 CPF_AUT C11.0 HOMONIMO C1.0 NUM_FILHOS N2.0 INSTRU C1.0 CID_NOTIF C4.0 CONTRACEP1 C2.0 CONTRACEP2 C2.0 GESTRISCO C1.0 INSC_PN C12.0 SEQ_AIH5 C3.0 CBOR C6.0 CNAER C3.0 VINCPREV C1.0 GESTOR_COD C5.0 GESTOR_TP C1.0 GESTOR_CPF C15.0 GESTOR_DT C8.0 CNES C7.0 CNPJ_MANT C14.0 INFEHOSP C1.0 CID_ASSO C4.0 CID_MORTE C4.0 COMPLEX C2.0 FINANC C2.0 FAEC_TP C6.0 REGCT C4.0 RACA_COR C2.0 ETNIA C4.0 SEQUENCIA N9.0 REMESSA C21.0 AUD_JUST C50.0 SIS_JUST C50.0 VAL_SH_FED N10.2 VAL_SP_FED N10.2 VAL_SH_GES N10.2 VAL_SP_GES N10.2 VAL_UCI N10.2 MARCA_UCI C2.0
RDRR1304.dbc,2013-04,2014-09-25T11:22,184345,b7bf6a6b345a8244df9f16ed28d03c2d7b5ba0f67c5ed7b9e9dfc697dae0ed47,2748,4,UF_ZI C6.0 ANO_CMPT C4.0 MES_CMPT C2.0 ESPEC C2.0 CGC_HOSP C14.0 N_AIH C13.0 IDENT C1.0 CEP C8.0 MUNIC_RES C6.0 NASC C8.0 SEXO C1.0 UTI_MES_IN N2.0 UTI_MES_AN N2.0 UTI_MES_AL N2.0 UTI_MES_TO N3.0 MARCA_UTI C2.0 UTI_INT_IN N2.0 UTI_INT_AN N2.0 UTI_INT_AL N2.0 UTI_INT_TO N3.0 DIAR_ACOM N3.0 QT_DIARIAS N3.0 PROC_SOLIC C10.0 PROC_REA C10.0 VAL_SH N13.2 VAL_SP N13.2 VAL_SADT N13.2 VAL_RN N13.2 VAL_ACOMP N13.2 VAL_ORTP N13.2 VAL_SANGUE N13.2 VAL_SADTSR N11.2 VAL_TRANSP N13.2 VAL_OBSANG N11.2 VAL_PED1AC N11.2 VAL_TOT N14.2 VAL_UTI N8.2 US_TOT N10.2 DT_INTER C8.0 DT_SAIDA C8.0 DIAG_PRINC C4.0 DIAG_SECUN C4.0 COBRANCA C2.0 NATUREZA C2.0 NAT_JUR C4.0 GESTAO C1.0 RUBRICA N5.0 IND_VDRL C1.0 MUNIC_MOV C6.0 COD_IDADE C1.0 IDADE N2.0 DIAS_PERM N5.0 MORTE N1.0 NACIONAL C3.0 NUM_PROC C4.0 CAR_INT C2.0 TOT_PT_SP N6.0 CPF_AUT C11.0 HOMONIMO C1.0 NUM_FILHOS N2.0 INSTRU C1.0 CID_NOTIF C4.0 CONTRACEP1 C2.0 CONTRACEP2 C2.0 GESTRISCO C1.0 INSC_PN C12.0 SEQ_AIH5 C3.0 CBOR C6.0 CNAER C3.0 VINCPREV C1.0 GESTOR_COD C5.0 GESTOR_TP C1.0 GESTOR_CPF C15.0 GESTOR_DT C8.0 CNES C7.0 CNPJ_MANT C14.0 INFEHOSP C1.0 CID_ASSO C4.0 CID_MORTE C4.0 COMPLEX C2.0 FINANC C2.0 FAEC_TP C6.0 REGCT C4.0 RACA_COR C2.0 ETNIA C4.0 SEQUENCIA N9.0 REMESSA C21.0 AUD_JUST C50.0 SIS_JUST C50.0 VAL_SH_FED N10.2 VAL_SP_FED N10.2 VAL_SH_GES N10.2 VAL_SP_GES N10.2 VAL_UCI N10.2 MARCA_UCI C2.0
RDRR1305.dbc,2013-05,2014-09-25T11:22,212603,6c29d2b6089183c489230d7d72a6cb01480875b72c1ab3633d81888e139f8dfa,3201,4,UF_ZI C6.0 ANO_CMPT C4.0 MES_CMPT C2.0 ESPEC C2.0 CGC_HOSP C14.0 N_AIH C13.0 IDENT C1.0 CEP C8.0 MUNIC_RES C6.0 NASC C8.0 SEXO C1.0 UTI_MES_IN N2.0 UTI_MES_AN N2.0 UTI_MES_AL N2.0 UTI_MES_TO N3.0 MARCA_UTI C2.0 UTI_INT_IN N2.0 UTI_INT_AN N2.0 UTI_INT_AL N2.0 UTI_INT_TO N3.0 DIAR_ACOM N3.0 QT_DIARIAS N3.0 PROC_SOLIC C10.0 PROC_REA C10.0 VAL_SH N13.2 VAL_SP N13.2 VAL_SADT N13.2 VAL_RN N13.2 VAL_ACOMP N13.2 VAL_ORTP N13.2 VAL_SANGUE N13.2 VAL_SADTSR N11.2 VAL_TRANSP N13.2 VAL_OBSANG N11.2 VAL_PED1AC N11.2 VAL_TOT N14.2 VAL_UTI N8.2 US_TOT N10.2 DT_INTER C8.0 DT_SAIDA C8.0 DIAG_PRINC C4.0 DIAG_SECUN C4.0 COBRANCA C2.0 NATUREZA C2.0 NAT_JUR C4.0 GESTAO C1.0 RUBRICA N5.0 IND_VDRL C1.0 MUNIC_MOV C6.0 COD_IDADE C1.0 IDADE N2.0 DIAS_PERM N5.0 MORTE N1.0 NACIONAL C3.0 NUM_PROC C4.0 CAR_INT C2.0 TOT_PT_SP N6.0 CPF_AUT C11.0 HOMONIMO C1.0 NUM_FILHOS N2.0 INSTRU C1.0 CID_NOTIF C4.0 CONTRACEP1 C2.0 CONTRACEP2 C2.0 GESTRISCO C1.0 INSC_PN C12.0 SEQ_AIH5 C3.0 CBOR C6.0 CNAER C3.0 VINCPREV C1.0 GESTOR_COD C5.0 GESTOR_TP C1.0 GESTOR_CPF C15.0 GESTOR_DT C8.0 CNES C7.0 CNPJ_MANT C14.0 INFEHOSP C1.0 CID_ASSO C4.0 CID_MORTE C4.0 COMPLEX C2.0 FINANC C2.0 FAEC_TP C6.0 REGCT C4.0 RACA_COR C2.0 ETNIA C4.0 SEQUENCIA N9.0 REMESSA C21.0 AUD_JUST C50.0 SIS_JUST C50.0 VAL_SH_FED N10.2 VAL_SP_FED N10.2 VAL_SH_GES N10.2 VAL_SP_GES N10.2 VAL_UCI N10.2 MARCA_UCI C2.0
RDRR1306.dbc,2013-06,2014-09-25T11:22,214494,08e97bab79e17e6ea6e0d06fb66909ffb476dab74531e148f34dadc2d05afb2e,3245,4,UF_ZI C6.0 ANO_CMPT C4.0 MES_CMPT C2.0 ESPEC C2.0 CGC_HOSP C14.0 N_AIH C13.0 IDENT C1.0 CEP C8.0 MUNIC_RES C6.0 NASC C8.0 SEXO C1.0 UTI_MES_IN N2.0 UTI_MES_AN N2.0 UTI_MES_AL N2.0 UTI_MES_TO N3.0 MARCA_UTI C2.0 UTI_INT_IN N2.0 UTI_INT_AN N2.0 UTI_INT_AL N2.0 UTI_INT_TO N3.0 DIAR_ACOM N3.0 QT_DIARIAS N3.0 PROC_SOLIC C10.0 PROC_REA C10.0 VAL_SH N13.2 VAL_SP N13.2 VAL_SADT N13.2 VAL_RN N13.2 VAL_ACOMP N13.2 VAL_ORTP N13.2 VAL_SANGUE N13.2 VAL_SADTSR N11.2 VAL_TRANSP N13.2 VAL_OBSANG N11.2 VAL_PED1AC N11.2 VAL_TOT N14.2 VAL_UTI N8.2 US_TOT N10.2 DT_INTER C8.0 DT_SAIDA C8.0 DIAG_PRINC C4.0 DIAG_SECUN C4.0 COBRANCA C2.0 NATUREZA C2.0 NAT_JUR C4.0 GESTAO C1.0 RUBRICA N5.0 IND_VDRL C1.0 MUNIC_MOV C6.0 COD_IDADE C1.0 IDADE N2.0 DIAS_PERM N5.0 MORTE N1.0 NACIONAL C3.0 NUM_PROC C4.0 CAR_INT C2.0 TOT_PT_SP N6.0 CPF_AUT C11.0 HOMONIMO C1.0 NUM_FILHOS N2.0 INSTRU C1.0 CID_NOTIF C4.0 CONTRACEP1 C2.0 CONTRACEP2 C2.0 GESTRISCO C1.0 INSC_PN C12.0 SEQ_AIH5 C3.0 CBOR C6.0 CNAER C3.0 VINCPREV C1.0 GESTOR_COD C5.0 GESTOR_TP C1.0 GESTOR_CPF C15.0 GESTOR_DT C8.0 CNES C7.0 CNPJ_MANT C14.0 INFEHOSP C1.0 CID_ASSO C4.0 CID_MORTE C4.0 COMPLEX C2.0 FINANC C2.0 FAEC_TP C6.0 REGCT C4.0 RACA_COR C2.0 ETNIA C4.0 SEQUENCIA N9.0 REMESSA C21.0 AUD_JUST C50.0 SIS_JUST C50.0 VAL_SH_FED N10.2 VAL_SP_FED N10.2 VAL_SH_GES N10.2 VAL_SP_GES N10.2 VAL_UCI N10.2 MARCA_UCI C2.0
RDRR1307.dbc,2013-07,2014-09-25T11:22,239209,36414bca9643e0c59fcc4ee48a243910451c0d33225d5f95503ec9c14fbf99d6,3612,4,UF_ZI C6.0 ANO_CMPT C4.0 MES_CMPT C2.0 ESPEC C2.0 CGC_HOSP C14.0 N_AIH C13.0 IDENT C1.0 CEP C8.0 MUNIC_RES C6.0 NASC C8.0 SEXO C1.0 UTI_MES_IN N2.0 UTI_MES_AN N2.0 UTI_MES_AL N2.0 UTI_MES_TO N3.0 MARCA_UTI C2.0 UTI_INT_IN N2.0 UTI_INT_AN N2.0 UTI_INT_AL N2.0 UTI_INT_TO N3.0 DIAR_ACOM N3.0 QT_DIARIAS N3.0 PROC_SOLIC C10.0 PROC_REA C10.0 VAL_SH N13.2 VAL_SP N13.2 VAL_SADT N13.2 VAL_RN N13.2 VAL_ACOMP N13.2 VAL_ORTP N13.2 VAL_SANGUE N13.2 VAL_SADTSR N11.2 VAL_TRANSP N13.2 VAL_OBSANG N11.2 VAL_PED1AC N11.2 VAL_TOT N14.2 VAL_UTI N8.2 US_TOT N10.2 DT_INTER C8.0 DT_SAIDA C8.0 DIAG_PRINC C4.0 DIAG_SECUN C4.0 COBRANCA C2.0 NATUREZA C2.0 NAT_JUR C4.0 GESTAO C1.0 RUBRICA N5.0 IND_VDRL C1.0 MUNIC_MOV C6.0 COD_IDADE C1.0 IDADE N2.0 DIAS_PERM N5.0 MORTE N1.0 NACIONAL C3.0 NUM_PROC C4.0 CAR_INT C2.0 TOT_PT_SP N6.0 CPF_AUT C11.0 HOMONIMO C1.0 NUM_FILHOS N2.0 INSTRU C1.0 CID_NOTIF C4.0 CONTRACEP1 C2.0 CONTRACEP2 C2.0 GESTRISCO C1.0 INSC_PN C12.0 SEQ_AIH5 C3.0 CBOR C6.0 CNAER C3.0 VINCPREV C1.0 GESTOR_COD C5.0 GESTOR_TP C1.0 GESTOR_CPF C15.0 GESTOR_DT C8.0 CNES C7.0 CNPJ_MANT C14.0 INFEHOSP C1.0 CID_ASSO C4.0 CID_MORTE C4.0 COMPLEX C2.0 FINANC C2.0 FAEC_TP C6.0 REGCT C4.0 RACA_COR C2.0 ETNIA C4.0 SEQUENCIA N9.0 REMESSA C21.0 AUD_JUST C50.0 SIS_JUST C50.0 VAL_SH_FED N10.2 VAL_SP_FED N10.2 VAL_SH_GES N10.2 VAL_SP_GES N10.2 VAL_UCI N10.2 MARCA_UCI C2.0
RDRR1308.dbc,2013-08,2014-09-25T11:22,213911,27f0aeaaa85bde425b0370f73a7e53faad256dc9caa550f067bc668979ba2e4e,3289,4,UF_ZI C6.0 ANO_CMPT C4.0 MES_CMPT C2.0 ESPEC C2.0 CGC_HOSP C14.0 N_AIH C13.0 IDENT C1.0 CEP C8.0 MUNIC_RES C6.0 NASC C8.0 SEXO C1.0 UTI_MES_IN N2.0 UTI_MES_AN N2.0 UTI_MES_AL N2.0 UTI_MES_TO N3.0 MARCA_UTI C2.0 UTI_INT_IN N2.0 UTI_INT_AN N2.0 UTI_INT_AL N2.0 UTI_INT_TO N3.0 DIAR_ACOM N3.0 QT_DIARIAS N3.0 PROC_SOLIC C10.0 PROC_REA C10.0 VAL_SH N13.2 VAL_SP N13.2 VAL_SADT N13.2 VAL_RN N13.2 VAL_ACOMP N13.2 VAL_ORTP N13.2 VAL_SANGUE N13.2 VAL_SADTSR N11.2 VAL_TRANSP N13.2 VAL_OBSANG N11.2 VAL_PED1AC N11.2 VAL_TOT N14.2 VAL_UTI N8.2 US_TOT N10.2 DT_INTER C8.0 DT_SAIDA C8.0 DIAG_PRINC C4.0 DIAG_SECUN C4.0 COBRANCA C2.0 NATUREZA C2.0 NAT_JUR C4.0 GESTAO C1.0 RUBRICA N5.0 IND_VDRL C1.0 MUNIC_MOV C6.0 COD_IDADE C1.0 IDADE N2.0 DIAS_PERM N5.0 MORTE N1.0 NACIONAL C3.0 NUM_PROC C4.0 CAR_INT C2.0 TOT_PT_SP N6.0 CPF_AUT C11.0 HOMONIMO C1.0 NUM_FILHOS N2.0 INSTRU C1.0 CID_NOTIF C4.0 CONTRACEP1 C2.0 CONTRACEP2 C2.0 GESTRISCO C1.0 INSC_PN C12.0 SEQ_AIH5 C3.0 CBOR C6.0 CNAER C3.0 VINCPREV C1.0 GESTOR_COD C5.0 GESTOR_TP C1.0 GESTOR_CPF C15.0 GESTOR_DT C8.0 CNES C7.0 CNPJ_MANT C14.0 INFEHOSP C1.0 CID_ASSO C4.0 CID_MORTE C4.0 COMPLEX C2.0 FINANC C2.0 FAEC_TP C6.0 REGCT C4.0 RACA_COR C2.0 ETNIA C4.0 SEQUENCIA N9.0 REMESSA C21.0 AUD_JUST C50.0 SIS_JUST C50.0 VAL_SH_FED N10.2 VAL_SP_FED N10.2 VAL_SH_GES N10.2 VAL_SP_GES N10.2 VAL_UCI N10.2 MARCA_UCI C2.0
RDRR1309.dbc,2013-09,2014-09-25T11:22,196410,7a753ac9b11d9bae9fc1be136f3394530a37c07613f78ed3532eb750e95db767,2873,4,UF_ZI C6.0 ANO_CMPT C4.0 MES_CMPT C2.0 ESPEC C2.0 CGC_HOSP C14.0 N_AIH C13.0 IDENT C1.0 CEP C8.0 MUNIC_RES C6.0 NASC C8.0 SEXO C1.0 UTI_MES_IN N2.0 UTI_MES_AN N2.0 UTI_MES_AL N2.0 UTI_MES_TO N3.0 MARCA_UTI C2.0 UTI_INT_IN N2.0 UTI_INT_AN N2.0 UTI_INT_AL N2.0 UTI_INT_TO N3.0 DIAR_ACOM N3.0 QT_DIARIAS N3.0 PROC_SOLIC C10.0 PROC_REA C10.0 VAL_SH N13.2 VAL_SP N13.2 VAL_SADT N13.2 VAL_RN N13.2 VAL_ACOMP N13.2 VAL_ORTP N13.2 VAL_SANGUE N13.2 VAL_SADTSR N11.2 VAL_TRANSP N13.2 VAL_OBSANG N11.2 VAL_PED1AC N11.2 VAL_TOT N14.2 VAL_UTI N8.2 US_TOT N10.2 DT_INTER C8.0 DT_SAIDA C8.0 DIAG_PRINC C4.0 DIAG_SECUN C4.0 COBRANCA C2.0 NATUREZA C2.0 NAT_JUR C4.0 GESTAO C1.0 RUBRICA N5.0 IND_VDRL C1.0 MUNIC_MOV C6.0 COD_IDADE C1.0 IDADE N2.0 DIAS_PERM N5.0 MORTE N1.0 NACIONAL C3.0 NUM_PROC C4.0 CAR_INT C2.0 TOT_PT_SP N6.0 CPF_AUT C11.0 HOMONIMO C1.0 NUM_FILHOS N2.0 INSTRU C1.0 CID_NOTIF C4.0 CONTRACEP1 C2.0 CONTRACEP2 C2.0 GESTRISCO C1.0 INSC_PN C12.0 SEQ_AIH5 C3.0 CBOR C6.0 CNAER C3.0 VINCPREV C1.0 GESTOR_COD C5.0 GESTOR_TP C1.0 GESTOR_CPF C15.0 GESTOR_DT C8.0 CNES C7.0 CNPJ_MANT C14.0 INFEHOSP C1.0 CID_ASSO C4.0 CID_MORTE C4.0 COMPLEX C2.0 FINANC C2.0 FAEC_TP C6.0 REGCT C4.0 RACA_COR C2.0 ETNIA C4.0 SEQUENCIA N9.0 REMESSA C21.0 AUD_JUST C50.0 SIS_JUST C50.0 VAL_SH_FED N10.2 VAL_SP_FED N10.2 VAL_SH_GES N10.2 VAL_SP_GES N10.2 VAL_UCI N10.2 MARCA_UCI C2.0
RDRR1310.dbc,2013-10,2014-09-25T11:22,177641,d7bfc13dfbe8e2ca6ae3721fba14256bb6b48df1a1100295b026dd1a6baf3350,2652,4,UF_ZI C6.0 ANO_CMPT C4.0 MES_CMPT C2.0 ESPEC C2.0 CGC_HOSP C14.0 N_AIH C13.0 IDENT C1.0 CEP C8.0 MUNIC_RES C6.0 NASC C8.0 SEXO C1.0 UTI_MES_IN N2.0 UTI_MES_AN N2.0 UTI_MES_AL N2.0 UTI_MES_TO N3.0 MARCA_UTI C2.0 UTI_INT_IN N2.0 UTI_INT_AN N2.0 UTI_INT_AL N2.0 UTI_INT_TO N3.0 DIAR_ACOM N3.0 QT_DIARIAS N3.0 PROC_SOLIC C10.0 PROC_REA C10.0 VAL_SH N13.2 VAL_SP N13.2 VAL_SADT N13.2 VAL_RN N13.2 VAL_ACOMP N13.2 VAL_ORTP N13.2 VAL_SANGUE N13.2 VAL_SADTSR N11.2 VAL_TRANSP N13.2 VAL_OBSANG N11.2 VAL_PED1AC N11.2 VAL_TOT N14.2 VAL_UTI N8.2 US_TOT N10.2 DT_INTER C8.0 DT_SAIDA C8.0 DIAG_PRINC C4.0 DIAG_SECUN C4.0 COBRANCA C2.0 NATUREZA C2.0 NAT_JUR C4.0 GESTAO C1.0 RUBRICA N5.0 IND_VDRL C1.0 MUNIC_MOV C6.0 COD_IDADE C1.0 IDADE N2.0 DIAS_PERM N5.0 MORTE N1.0 NACIONAL C3.0 NUM_PROC C4.0 CAR_INT C2.0 TOT_PT_SP N6.0 CPF_AUT C11.0 HOMONIMO C1.0 NUM_FILHOS N2.0 INSTRU C1.0 CID_NOTIF C4.0 CONTRACEP1 C2.0 CONTRACEP2 C2.0 GESTRISCO C1.0 INSC_PN C12.0 SEQ_AIH5 C3.0 CBOR C6.0 CNAER C3.0 VINCPREV C1.0 GESTOR_COD C5.0 GESTOR_TP C1.0 GESTOR_CPF C15.0 GESTOR_DT C8.0 CNES C7.0 CNPJ_MANT C14.0 INFEHOSP C1.0 CID_ASSO C4.0 CID_MORTE C4.0 COMPLEX C2.0 FINANC C2.0 FAEC_TP C6.0 REGCT C4.0 RACA_COR C2.0 ETNIA C4.0 SEQUENCIA N9.0 REMESSA C21.0 AUD_JUST C50.0 SIS_JUST C50.0 VAL_SH_FED N10.2 VAL_SP_FED N10.2 VAL_SH_GES N10.2 VAL_SP_GES N10.2 VAL_UCI N10.2 MARCA_UCI C2.0
RDRR1311.dbc,2013-11,2014-09-25T11:22,182393,b9e69e9f0910ea1a7079c8d6c88ae706abab5232f0b7d350f06c102a89da9a47,2737,4,UF_ZI C6.0 ANO_CMPT C4.0 MES_CMPT C2.0 ESPEC C2.0 CGC_HOSP C14.0 N_AIH C13.0 IDENT C1.0 CEP C8.0 MUNIC_RES C6.0 NASC C8.0 SEXO C1.0 UTI_MES_IN N2.0 UTI_MES_AN N2.0 UTI_MES_AL N2.0 UTI_MES_TO N3.0 MARCA_UTI C2.0 UTI_INT_IN N2.0 UTI_INT_AN N2.0 UTI_INT_AL N2.0 UTI_INT_TO N3.0 DIAR_ACOM N3.0 QT_DIARIAS N3.0 PROC_SOLIC C10.0 PROC_REA C10.0 VAL_SH N13.2 VAL_SP N13.2 VAL_SADT N13.2 VAL_RN N13.2 VAL_ACOMP N13.2 VAL_ORTP N13.2 VAL_SANGUE N13.2 VAL_SADTSR N11.2 VAL_TRANSP N13.2 VAL_OBSANG N11.2 VAL_PED1AC N11.2 VAL_TOT N14.2 VAL_UTI N8.2 US_TOT N10.2 DT_INTER C8.0 DT_SAIDA C8.0 DIAG_PRINC C4.0 DIAG_SECUN C4.0 COBRANCA C2.0 NATUREZA C2.0 NAT_JUR C4.0 GESTAO C1.0 RUBRICA N5.0 IND_VDRL C1.0 MUNIC_MOV C6.0 COD_IDADE C1.0 IDADE N2.0 DIAS_PERM N5.0 MORTE N1.0 NACIONAL C3.0 NUM_PROC C4.0 CAR_INT C2.0 TOT_PT_SP N6.0 CPF_AUT C11.0 HOMONIMO C1.0 NUM_FILHOS N2.0 INSTRU C1.0 CID_NOTIF C4.0 CONTRACEP1 C2.0 CONTRACEP2 C2.0 GESTRISCO C1.0 INSC_PN C12.0 SEQ_AIH5 C3.0 CBOR C6.0 CNAER C3.0 VINCPREV C1.0 GESTOR_COD C5.0 GESTOR_TP C1.0 GESTOR_CPF C15.0 GESTOR_DT C8.0 CNES C7.0 CNPJ_MANT C14.0 INFEHOSP C1.0 CID_ASSO C4.0 CID_MORTE C4.0 COMPLEX C2.0 FINANC C2.0 FAEC_TP C6.0 REGCT C4.0 RACA_COR C2.0 ETNIA C4.0 SEQUENCIA N9.0 REMESSA C21.0 AUD_JUST C50.0 SIS_JUST C50.0 VAL_SH_FED N10.2 VAL_SP_FED N10.2 VAL_SH_GES N10.2 VAL_SP_GES N10.2 VAL_UCI N10.2 MARCA_UCI C2.0
RDMG1312.dbc,2013-12,2014-09-25T11:23,7286646,aa23d24b34b012c47fa707c005b81f2c6984e5b4ccb3708bfa9de2cc8c867e1b,96980,4,UF_ZI C6.0 ANO_CMPT C4.0 MES_CMPT C2.0 ESPEC C2.0 CGC_HOSP C14.0 N_AIH C13.0 IDENT C1.0 CEP C8.0 MUNIC_RES C6.0 NASC C8.0 SEXO C1.0 UTI_MES_IN N2.0 UTI_MES_AN N2.0 UTI_MES_AL N2.0 UTI_MES_TO N3.0 MARCA_UTI C2.0 UTI_INT_IN N2.0 UTI_INT_AN N2.0 UTI_INT_AL N2.0 UTI_INT_TO N3.0 DIAR_ACOM N3.0 QT_DIARIAS N3.0 PROC_SOLIC C10.0 PROC_REA C10.0 VAL_SH N13.2 VAL_SP N13.2 VAL_SADT N13.2 VAL_RN N13.2 VAL_ACOMP N13.2 VAL_ORTP N13.2 VAL_SANGUE N13.2 VAL_SADTSR N11.2 VAL_TRANSP N13.2 VAL_OBSANG N11.2 VAL_PED1AC N11.2 VAL_TOT N14.2 VAL_UTI N8.2 US_TOT N10.2 DT_INTER C8.0 DT_SAIDA C8.0 DIAG_PRINC C4.0 DIAG_SECUN C4.0 COBRANCA C2.0 NATUREZA C2.0 NAT_JUR C4.0 GESTAO C1.0 RUBRICA N5.0 IND_VDRL C1.0 MUNIC_MOV C6.0 COD_IDADE C1.0 IDADE N2.0 DIAS_PERM N5.0 MORTE N1.0 NACIONAL C3.0 NUM_PROC C4.0 CAR_INT C2.0 TOT_PT_SP N6.0 CPF_AUT C11.0 HOMONIMO C1.0 NUM_FILHOS N2.0 INSTRU C1.0 CID_NOTIF C4.0 CONTRACEP1 C2.0 CONTRACEP2 C2.0 GESTRISCO C1.0 INSC_PN C12.0 SEQ_AIH5 C3.0 CBOR C6.0 CNAER C3.0 VINCPREV C1.0 GESTOR_COD C5.0 GESTOR_TP C1.0 GESTOR_CPF C15.0 GESTOR_DT C8.0 CNES C7.0 CNPJ_MANT C14.0 INFEHOSP C1.0 CID_ASSO C4.0 CID_MORTE C4.0 COMPLEX C2.0 FINANC C2.0 FAEC_TP C6.0 REGCT C4.0 RACA_COR C2.0 ETNIA C4.0 SEQUENCIA N9.0 REMESSA C21.0 AUD_JUST C50.0 SIS_JUST C50.0 VAL_SH_FED N10.2 VAL_SP_FED N10.2 VAL_SH_GES N10.2 VAL_SP_GES N10.2 VAL_UCI N10.2 MARCA_UCI C2.0
RDRR1312.dbc,2013-12,2014-09-25T11:22,140263,4b6160d88fd6e5433c5a44e6a5cde346ff57f00d4e0788f596ea2a9261c4b585,2104,4,UF_ZI C6.0 ANO_CMPT C4.0 MES_CMPT C2.0 ESPEC C2.0 CGC_HOSP C14.0 N_AIH C13.0 IDENT C1.0 CEP C8.0 MUNIC_RES C6.0 NASC C8.0 SEXO C1.0 UTI_MES_IN N2.0 UTI_MES_AN N2.0 UTI_MES_AL N2.0 UTI_MES_TO N3.0 MARCA_UTI C2.0 UTI_INT_IN N2.0 UTI_INT_AN N2.0 UTI_INT_AL N2.0 UTI_INT_TO N3.0 DIAR_ACOM N3.0 QT_DIARIAS N3.0 PROC_SOLIC C10.0 PROC_REA C10.0 VAL_SH N13.2 VAL_SP N13.2 VAL_SADT N13.2 VAL_RN N13.2 VAL_ACOMP N13.2 VAL_ORTP N13.2 VAL_SANGUE N13.2 VAL_SADTSR N11.2 VAL_TRANSP N13.2 VAL_OBSANG N11.2 VAL_PED1AC N11.2 VAL_TOT N14.2 VAL_UTI N8.2 US_TOT N10.2 DT_INTER C8.0 DT_SAIDA C8.0 DIAG_PRINC C4.0 DIAG_SECUN C4.0 COBRANCA C2.0 NATUREZA C2.0 NAT_JUR C4.0 GESTAO C1.0 RUBRICA N5.0 IND_VDRL C1.0 MUNIC_MOV C6.0 COD_IDADE C1.0 IDADE N2.0 DIAS_PERM N5.0 MORTE N1.0 NACIONAL C3.0 NUM_PROC C4.0 CAR_INT C2.0 TOT_PT_SP N6.0 CPF_AUT C11.0 HOMONIMO C1.0 NUM_FILHOS N2.0 INSTRU C1.0 CID_NOTIF C4.0 CONTRACEP1 C2.0 CONTRACEP2 C2.0 GESTRISCO C1.0 INSC_PN C12.0 SEQ_AIH5 C3.0 CBOR C6.0 CNAER C3.0 VINCPREV C1.0 GESTOR_COD C5.0 GESTOR_TP C1.0 GESTOR_CPF C15.0 GESTOR_DT C8.0 CNES C7.0 CNPJ_MANT C14.0 INFEHOSP C1.0 CID_ASSO C4.0 CID_MORTE C4.0 COMPLEX C2.0 FINANC C2.0 FAEC_TP C6.0 REGCT C4.0 RACA_COR C2.0 ETNIA C4.0 SEQUENCIA N9.0 REMESSA C21.0 AUD_JUST C50.0 SIS_JUST C50.0 VAL_SH_FED N10.2 VAL_SP_FED N10.2 VAL_SH_GES N10.2 VAL_SP_GES N10.2 VAL_UCI N10.2 MARCA_UCI C2.0
RDSP1312.dbc,2013-12,2014-09-25T11:21,13728793,9dc1150dda9ed515cfd82a9466762d99b92757ffe96114ac801cd43a8b6536f5,189555,4,UF_ZI C6.0 ANO_CMPT C4.0 MES_CMPT C2.0 ESPEC C2.0 CGC_HOSP C14.0 N_AIH C13.0 IDENT C1.0 CEP C8.0 MUNIC_RES C6.0 NASC C8.0 SEXO C1.0 UTI_MES_IN N2.0 UTI_MES_AN N2.0 UTI_MES_AL N2.0 UTI_MES_TO N3.0 MARCA_UTI C2.0 UTI_INT_IN N2.0 UTI_INT_AN N2.0 UTI_INT_AL N2.0 UTI_INT_TO N3.0 DIAR_ACOM N3.0 QT_DIARIAS N3.0 PROC_SOLIC C10.0 PROC_REA C10.0 VAL_SH N13.2 VAL_SP N13.2 VAL_SADT N13.2 VAL_RN N13.2 VAL_ACOMP N13.2 VAL_ORTP N13.2 VAL_SANGUE N13.2 VAL_SADTSR N11.2 VAL_TRANSP N13.2 VAL_OBSANG N11.2 VAL_PED1AC N11.2 VAL_TOT N14.2 VAL_UTI N8.2 US_TOT N10.2 DT_INTER C8.0 DT_SAIDA C8.0 DIAG_PRINC C4.0 DIAG_SECUN C4.0 COBRANCA C2.0 NATUREZA C2.0 NAT_JUR C4.0 GESTAO C1.0 RUBRICA N5.0 IND_VDRL C1.0 MUNIC_MOV C6.0 COD_IDADE C1.0 IDADE N2.0 DIAS_PERM N5.0 MORTE N1.0 NACIONAL C3.0 NUM_PROC C4.0 CAR_INT C2.0 TOT_PT_SP N6.0 CPF_AUT C11.0 HOMONIMO C1.0 NUM_FILHOS N2.0 INSTRU C1.0 CID_NOTIF C4.0 CONTRACEP1 C2.0 CONTRACEP2 C2.0 GESTRISCO C1.0 INSC_PN C12.0 SEQ_AIH5 C3.0 CBOR C6.0 CNAER C3.0 VINCPREV C1.0 GESTOR_COD C5.0 GESTOR_TP C1.0 GESTOR_CPF C15.0 GESTOR_DT C8.0 CNES C7.0 CNPJ_MANT C14.0 INFEHOSP C1.0 CID_ASSO C4.0 CID_MORTE C4.0 COMPLEX C2.0 FINANC C2.0 FAEC_TP C6.0 REGCT C4.0 RACA_COR C2.0 ETNIA C4.0 SEQUENCIA N9.0 REMESSA C21.0 AUD_JUST C50.0 SIS_JUST C50.0 VAL_SH_FED N10.2 VAL_SP_FED N10.2 VAL_SH_GES N10.2 VAL_SP_GES N10.2 VAL_UCI N10.2 MARCA_UCI C2.0
RDMG1401.dbc,2014-01,2015-10-05T12:00,7804144,8d10ab9df88b4d1f5ccf703a7a9e246a3333d7030d365912bfa1b58835c744af,102001,5,UF_ZI C6.0 ANO_CMPT C4.0 MES_CMPT C2.0 ESPEC C2.0 CGC_HOSP C14.0 N_AIH C13.0 IDENT C1.0 CEP C8.0 MUNIC_RES C6.0 NASC C8.0 SEXO C1.0 UTI_MES_IN N2.0 UTI_MES_AN N2.0 UTI_MES_AL N2.0 UTI_MES_TO N3.0 MARCA_UTI C2.0 UTI_INT_IN N2.0 UTI_INT_AN N2.0 UTI_INT_AL N2.0 UTI_INT_TO N3.0 DIAR_ACOM N3.0 QT_DIARIAS N3.0 PROC_SOLIC C10.0 PROC_REA C10.0 VAL_SH N13.2 VAL_SP N13.2 VAL_SADT N13.2 VAL_RN N13.2 VAL_ACOMP N13.2 VAL_ORTP N13.2 VAL_SANGUE N13.2 VAL_SADTSR N11.2 VAL_TRANSP N13.2 VAL_OBSANG N11.2 VAL_PED1AC N11.2 VAL_TOT N14.2 VAL_UTI N8.2 US_TOT N10.2 DT_INTER C8.0 DT_SAIDA C8.0 DIAG_PRINC C4.0 DIAG_SECUN C4.0 COBRANCA C2.0 NATUREZA C2.0 NAT_JUR C4.0 GESTAO C1.0 RUBRICA N5.0 IND_VDRL C1.0 MUNIC_MOV C6.0 COD_IDADE C1.0 IDADE N2.0 DIAS_PERM N5.0 MORTE N1.0 NACIONAL C3.0 NUM_PROC C4.0 CAR_INT C2.0 TOT_PT_SP N6.0 CPF_AUT C11.0 HOMONIMO C1.0 NUM_FILHOS N2.0 INSTRU C1.0 CID_NOTIF C4.0 CONTRACEP1 C2.0 CONTRACEP2 C2.0 GESTRISCO C1.0 INSC_PN C12.0 SEQ_AIH5 C3.0 CBOR C6.0 CNAER C3.0 VINCPREV C1.0 GESTOR_COD C5.0 GESTOR_TP C1.0 GESTOR_CPF C15.0 GESTOR_DT C8.0 CNES C7.0 CNPJ_MANT C14.0 INFEHOSP C1.0 CID_ASSO C4.0 CID_MORTE C4.0 COMPLEX C2.0 FINANC C2.0 FAEC_TP C6.0 REGCT C4.0 RACA_COR C2.0 ETNIA C4.0 SEQUENCIA N9.0 REMESSA C21.0 AUD_JUST C50.0 SIS_JUST C50.0 VAL_SH_FED N10.2 VAL_SP_FED N10.2 VAL_SH_GES N10.2 VAL_SP_GES N10.2 VAL_UCI N10.2 MARCA_UCI C2.0 DIAGSEC1 C4.0 DIAGSEC2 C4.0 DIAGSEC3 C4.0 DIAGSEC4 C4.0 DIAGSEC5 C4.0 DIAGSEC6 C4.0 DIAGSEC7 C4.0 DIAGSEC8 C4.0 DIAGSEC9 C1.0 TPDISEC1 C1.0 TPDISEC2 C1.0 TPDISEC3 C1.0 TPDISEC4 C1.0 TPDISEC5 C1.0 TPDISEC6 C1.0 TPDISEC7 C1.0 TPDISEC8 C1.0 TPDISEC9 C1.0
RDRR1401.dbc,2014-01,2015-10-05T12:03,192388,a673694bacee98f52c88b8b2865fbcaf9060579c1fb7277ee5d8088e8cd8ffc2,2820,5,UF_ZI C6.0 ANO_CMPT C4.0 MES_CMPT C2.0 ESPEC C2.0 CGC_HOSP C14.0 N_AIH C13.0 IDENT C1.0 CEP C8.0 MUNIC_RES C6.0 NASC C8.0 SEXO C1.0 UTI_MES_IN N2.0 UTI_MES_AN N2.0 UTI_MES_AL N2.0 UTI_MES_TO N3.0 MARCA_UTI C2.0 UTI_INT_IN N2.0 UTI_INT_AN N2.0 UTI_INT_AL N2.0 UTI_INT_TO N3.0 DIAR_ACOM N3.0 QT_DIARIAS N3.0 PROC_SOLIC C10.0 PROC_REA C10.0 VAL_SH N13.2 VAL_SP N13.2 VAL_SADT N13.2 VAL_RN N13.2 VAL_ACOMP N13.2 VAL_ORTP N13.2 VAL_SANGUE N13.2 VAL_SADTSR N11.2 VAL_TRANSP N13.2 VAL_OBSANG N11.2 VAL_PED1AC N11.2 VAL_TOT N14.2 VAL_UTI N8.2 US_TOT N10.2 DT_INTER C8.0 DT_SAIDA C8.0 DIAG_PRINC C4.0 DIAG_SECUN C4.0 COBRANCA C2.0 NATUREZA C2.0 NAT_JUR C4.0 GESTAO C1.0 RUBRICA N5.0 IND_VDRL C1.0 MUNIC_MOV C6.0 COD_IDADE C1.0 IDADE N2.0 DIAS_PERM N5.0 MORTE N1.0 NACIONAL C3.0 NUM_PROC C4.0 CAR_INT C2.0 TOT_PT_SP N6.0 CPF_AUT C11.0 HOMONIMO C1.0 NUM_FILHOS N2.0 INSTRU C1.0 CID_NOTIF C4.0 CONTRACEP1 C2.0 CONTRACEP2 C2.0 GESTRISCO C1.0 INSC_PN C12.0 SEQ_AIH5 C3.0 CBOR C6.0 CNAER C3.0 VINCPREV C1.0 GESTOR_COD C5.0 GESTOR_TP C1.0 GESTOR_CPF C15.0 GESTOR_DT C8.0 CNES C7.0 CNPJ_MANT C14.0 INFEHOSP C1.0 CID_ASSO C4.0 CID_MORTE C4.0 COMPLEX C2.0 FINANC C2.0 FAEC_TP C6.0 REGCT C4.0 RACA_COR C2.0 ETNIA C4.0 SEQUENCIA N9.0 REMESSA C21.0 AUD_JUST C50.0 SIS_JUST C50.0 VAL_SH_FED N10.2 VAL_SP_FED N10.2 VAL_SH_GES N10.2 VAL_SP_GES N10.2 VAL_UCI N10.2 MARCA_UCI C2.0 DIAGSEC1 C4.0 DIAGSEC2 C4.0 DIAGSEC3 C4.0 DIAGSEC4 C4.0 DIAGSEC5 C4.0 DIAGSEC6 C4.0 DIAGSEC7 C4.0 DIAGSEC8 C4.0 DIAGSEC9 C1.0 TPDISEC1 C1.0 TPDISEC2 C1.0 TPDISEC3 C1.0 TPDISEC4 C1.0 TPDISEC5 C1.0 TPDISEC6 C1.0 TPDISEC7 C1.0 TPDISEC8 C1.0 TPDISEC9 C1.0
RDSP1401.dbc,2014-01,2015-10-05T12:02,15145100,1310c1e8ff09d2b5d3d15055d660b5f7ab0df570e0e22bcebada542accabaced,205095,5,UF_ZI C6.0 ANO_CMPT C4.0 MES_CMPT C2.0 ESPEC C2.0 CGC_HOSP C14.0 N_AIH C13.0 IDENT C1.0 CEP C8.0 MUNIC_RES C6.0 NASC C8.0 SEXO C1.0 UTI_MES_IN N2.0 UTI_MES_AN N2.0 UTI_MES_AL N2.0 UTI_MES_TO N3.0 MARCA_UTI C2.0 UTI_INT_IN N2.0 UTI_INT_AN N2.0 UTI_INT_AL N2.0 UTI_INT_TO N3.0 DIAR_ACOM N3.0 QT_DIARIAS N3.0 PROC_SOLIC C10.0 PROC_REA C10.0 VAL_SH N13.2 VAL_SP N13.2 VAL_SADT N13.2 VAL_RN N13.2 VAL_ACOMP N13.2 VAL_ORTP N13.2 VAL_SANGUE N13.2 VAL_SADTSR N11.2 VAL_TRANSP N13.2 VAL_OBSANG N11.2 VAL_PED1AC N11.2 VAL_TOT N14.2 VAL_UTI N8.2 US_TOT N10.2 DT_INTER C8.0 DT_SAIDA C8.0 DIAG_PRINC C4.0 DIAG_SECUN C4.0 COBRANCA C2.0 NATUREZA C2.0 NAT_JUR C4.0 GESTAO C1.0 RUBRICA N5.0 IND_VDRL C1.0 MUNIC_MOV C6.0 COD_IDADE C1.0 IDADE N2.0 DIAS_PERM N5.0 MORTE N1.0 NACIONAL C3.0 NUM_PROC C4.0 CAR_INT C2.0 TOT_PT_SP N6.0 CPF_AUT C11.0 HOMONIMO C1.0 NUM_FILHOS N2.0 INSTRU C1.0 CID_NOTIF C4.0 CONTRACEP1 C2.0 CONTRACEP2 C2.0 GESTRISCO C1.0 INSC_PN C12.0 SEQ_AIH5 C3.0 CBOR C6.0 CNAER C3.0 VINCPREV C1.0 GESTOR_COD C5.0 GESTOR_TP C1.0 GESTOR_CPF C15.0 GESTOR_DT C8.0 CNES C7.0 CNPJ_MANT C14.0 INFEHOSP C1.0 CID_ASSO C4.0 CID_MORTE C4.0 COMPLEX C2.0 FINANC C2.0 FAEC_TP C6.0 REGCT C4.0 RACA_COR C2.0 ETNIA C4.0 SEQUENCIA N9.0 REMESSA C21.0 AUD_JUST C50.0 SIS_JUST C50.0 VAL_SH_FED N10.2 VAL_SP_FED N10.2 VAL_SH_GES N10.2 VAL_SP_GES N10.2 VAL_UCI N10.2 MARCA_UCI C2.0 DIAGSEC1 C4.0 DIAGSEC2 C4.0 DIAGSEC3 C4.0 DIAGSEC4 C4.0 DIAGSEC5 C4.0 DIAGSEC6 C4.0 DIAGSEC7 C4.0 DIAGSEC8 C4.0 DIAGSEC9 C1.0 TPDISEC1 C1.0 TPDISEC2 C1.0 TPDISEC3 C1.0 TPDISEC4 C1.0 TPDISEC5 C1.0 TPDISEC6 C1.0 TPDISEC7 C1.0 TPDISEC8 C1.0 TPDISEC9 C1.0
RDRR1402.dbc,2014-02,2015-10-05T12:03,194733,abeed0a498e00f66fd47b07aafe99d1741b4cb273746defd27758d848953944a,2836,5,UF_ZI C6.0 ANO_CMPT C4.0 MES_CMPT C2.0 ESPEC C2.0 CGC_HOSP C14.0 N_AIH C13.0 IDENT C1.0 CEP C8.0 MUNIC_RES C6.0 NASC C8.0 SEXO C1.0 UTI_MES_IN N2.0 UTI_MES_AN N2.0 UTI_MES_AL N2.0 UTI_MES_TO N3.0 MARCA_UTI C2.0 UTI_INT_IN N2.0 UTI_INT_AN N2.0 UTI_INT_AL N2.0 UTI_INT_TO N3.0 DIAR_ACOM N3.0 QT_DIARIAS N3.0 PROC_SOLIC C10.0 PROC_REA C10.0 VAL_SH N13.2 VAL_SP N13.2 VAL_SADT N13.2 VAL_RN N13.2 VAL_ACOMP N13.2 VAL_ORTP N13.2 VAL_SANGUE N13.2 VAL_SADTSR N11.2 VAL_TRANSP N13.2 VAL_OBSANG N11.2 VAL_PED1AC N11.2 VAL_TOT N14.2 VAL_UTI N8.2 US_TOT N10.2 DT_INTER C8.0 DT_SAIDA C8.0 DIAG_PRINC C4.0 DIAG_SECUN C4.0 COBRANCA C2.0 NATUREZA C2.0 NAT_JUR C4.0 GESTAO C1.0 RUBRICA N5.0 IND_VDRL C1.0 MUNIC_MOV C6.0 COD_IDADE C1.0 IDADE N2.0 DIAS_PERM N5.0 MORTE N1.0 NACIONAL C3.0 NUM_PROC C4.0 CAR_INT C2.0 TOT_PT_SP N6.0 CPF_AUT C11.0 HOMONIMO C1.0 NUM_FILHOS N2.0 INSTRU C1.0 CID_NOTIF C4.0 CONTRACEP1 C2.0 CONTRACEP2 C2.0 GESTRISCO C1.0 INSC_PN C12.0 SEQ_AIH5 C3.0 CBOR C6.0 CNAER C3.0 VINCPREV C1.0 GESTOR_COD C5.0 GESTOR_TP C1.0 GESTOR_CPF C15.0 GESTOR_DT C8.0 CNES C7.0 CNPJ_MANT C14.0 INFEHOSP C1.0 CID_ASSO C4.0 CID_MORTE C4.0 COMPLEX C2.0 FINANC C2.0 FAEC_TP C6.0 REGCT C4.0 RACA_COR C2.0 ETNIA C4.0 SEQUENCIA N9.0 REMESSA C21.0 AUD_JUST C50.0 SIS_JUST C50.0 VAL_SH_FED N10.2 VAL_SP_FED N10.2 VAL_SH_GES N10.2 VAL_SP_GES N10.2 VAL_UCI N10.2 MARCA_UCI C2.0 DIAGSEC1 C4.0 DIAGSEC2 C4.0 DIAGSEC3 C4.0 DIAGSEC4 C4.0 DIAGSEC5 C4.0 DIAGSEC6 C4.0 DIAGSEC7 C4.0 DIAGSEC8 C4.0 DIAGSEC9 C1.0 TPDISEC1 C1.0 TPDISEC2 C1.0 TPDISEC3 C1.0 TPDISEC4 C1.0 TPDISEC5 C1.0 TPDISEC6 C1.0 TPDISEC7 C1.0 TPDISEC8 C1.0 TPDISEC9 C1.0
RDRR1403.dbc,2014-03,2015-10-05T12:03,183478,2eb6acad3291a47dcc9c352e518237db406629eed27ccd191602eb18e4bd2d63,2724,5,UF_ZI C6.0 ANO_CMPT C4.0 MES_CMPT C2.0 ESPEC C2.0 CGC_HOSP C14.0 N_AIH C13.0 IDENT C1.0 CEP C8.0 MUNIC_RES C6.0 NASC C8.0 SEXO C1.0 UTI_MES_IN N2.0 UTI_MES_AN N2.0 UTI_MES_AL N2.0 UTI_MES_TO N3.0 MARCA_UTI C2.0 UTI_INT_IN N2.0 UTI_INT_AN N2.0 UTI_INT_AL N2.0 UTI_INT_TO N3.0 DIAR_ACOM N3.0 QT_DIARIAS N3.0 PROC_SOLIC C10.0 PROC_REA C10.0 VAL_SH N13.2 VAL_SP N13.2 VAL_SADT N13.2 VAL_RN N13.2 VAL_ACOMP N13.2 VAL_ORTP N13.2 VAL_SANGUE N13.2 VAL_SADTSR N11.2 VAL_TRANSP N13.2 VAL_OBSANG N11.2 VAL_PED1AC N11.2 VAL_TOT N14.2 VAL_UTI N8.2 US_TOT N10.2 DT_INTER C8.0 DT_SAIDA C8.0 DIAG_PRINC C4.0 DIAG_SECUN C4.0 COBRANCA C2.0 NATUREZA C2.0 NAT_JUR C4.0 GESTAO C1.0 RUBRICA N5.0 IND_VDRL C1.0 MUNIC_MOV C6.0 COD_IDADE C1.0 IDADE N2.0 DIAS_PERM N5.0 MORTE N1.0 NACIONAL C3.0 NUM_PROC C4.0 CAR_INT C2.0 TOT_PT_SP N6.0 CPF_AUT C11.0 HOMONIMO C1.0 NUM_FILHOS N2.0 INSTRU C1.0 CID_NOTIF C4.0 CONTRACEP1 C2.0 CONTRACEP2 C2.0 GESTRISCO C1.0 INSC_PN C12.0 SEQ_AIH5 C3.0 CBOR C6.0 CNAER C3.0 VINCPREV C1.0 GESTOR_COD C5.0 GESTOR_TP C1.0 GESTOR_CPF C15.0 GESTOR_DT C8.0 CNES C7.0 CNPJ_MANT C14.0 INFEHOSP C1.0 CID_ASSO C4.0 CID_MORTE C4.0 COMPLEX C2.0 FINANC C2.0 FAEC_TP C6.0 REGCT C4.0 RACA_COR C2.0 ETNIA C4.0 SEQUENCIA N9.0 REMESSA C21.0 AUD_JUST C50.0 SIS_JUST C50.0 VAL_SH_FED N10.2 VAL_SP_FED N10.2 VAL_SH_GES N10.2 VAL_SP_GES N10.2 VAL_UCI N10.2 MARCA_UCI C2.0 DIAGSEC1 C4.0 DIAGSEC2 C4.0 DIAGSEC3 C4.0 DIAGSEC4 C4.0 DIAGSEC5 C4.0 DIAGSEC6 C4.0 DIAGSEC7 C4.0 DIAGSEC8 C4.0 DIAGSEC9 C1.0 TPDISEC1 C1.0 TPDISEC2 C1.0 TPDISEC3 C1.0 TPDISEC4 C1.0 TPDISEC5 C1.0 TPDISEC6 C1.0 TPDISEC7 C1.0 TPDISEC8 C1.0 TPDISEC9 C1.0
RDRR1404.dbc,2014-04,2015-10-05T12:03,159634,6f04b4e1c21c6e22d3dec8969db4958c6dc049e2f76b16ed005822e662c12928,2257,5,UF_ZI C6.0 ANO_CMPT C4.0 MES_CMPT C2.0 ESPEC C2.0 CGC_HOSP C14.0 N_AIH C13.0 IDENT C1.0 CEP C8.0 MUNIC_RES C6.0 NASC C8.0 SEXO C1.0 UTI_MES_IN N2.0 UTI_MES_AN N2.0 UTI_MES_AL N2.0 UTI_MES_TO N3.0 MARCA_UTI C2.0 UTI_INT_IN N2.0 UTI_INT_AN N2.0 UTI_INT_AL N2.0 UTI_INT_TO N3.0 DIAR_ACOM N3.0 QT_DIARIAS N3.0 PROC_SOLIC C10.0 PROC_REA C10.0 VAL_SH N13.2 VAL_SP N13.2 VAL_SADT N13.2 VAL_RN N13.2 VAL_ACOMP N13.2 VAL_ORTP N13.2 VAL_SANGUE N13.2 VAL_SADTSR N11.2 VAL_TRANSP N13.2 VAL_OBSANG N11.2 VAL_PED1AC N11.2 VAL_TOT N14.2 VAL_UTI N8.2 US_TOT N10.2 DT_INTER C8.0 DT_SAIDA C8.0 DIAG_PRINC C4.0 DIAG_SECUN C4.0 COBRANCA C2.0 NATUREZA C2.0 NAT_JUR C4.0 GESTAO C1.0 RUBRICA N5.0 IND_VDRL C1.0 MUNIC_MOV C6.0 COD_IDADE C1.0 IDADE N2.0 DIAS_PERM N5.0 MORTE N1.0 NACIONAL C3.0 NUM_PROC C4.0 CAR_INT C2.0 TOT_PT_SP N6.0 CPF_AUT C11.0 HOMONIMO C1.0 NUM_FILHOS N2.0 INSTRU C1.0 CID_NOTIF C4.0 CONTRACEP1 C2.0 CONTRACEP2 C2.0 GESTRISCO C1.0 INSC_PN C12.0 SEQ_AIH5 C3.0 CBOR C6.0 CNAER C3.0 VINCPREV C1.0 GESTOR_COD C5.0 GESTOR_TP C1.0 GESTOR_CPF C15.0 GESTOR_DT C8.0 CNES C7.0 CNPJ_MANT C14.0 INFEHOSP C1.0 CID_ASSO C4.0 CID_MORTE C4.0 COMPLEX C2.0 FINANC C2.0 FAEC_TP C6.0 REGCT C4.0 RACA_COR C2.0 ETNIA C4.0 SEQUENCIA N9.0 REMESSA C21.0 AUD_JUST C50.0 SIS_JUST C50.0 VAL_SH_FED N10.2 VAL_SP_FED N10.2 VAL_SH_GES N10.2 VAL_SP_GES N10.2 VAL_UCI N10.2 MARCA_UCI C2.0 DIAGSEC1 C4.0 DIAGSEC2 C4.0 DIAGSEC3 C4.0 DIAGSEC4 C4.0 DIAGSEC5 C4.0 DIAGSEC6 C4.0 DIAGSEC7 C4.0 DIAGSEC8 C4.0 DIAGSEC9 C1.0 TPDISEC1 C1.0 TPDISEC2 C1.0 TPDISEC3 C1.0 TPDISEC4 C1.0 TPDISEC5 C1.0 TPDISEC6 C1.0 TPDISEC7 C1.0 TPDISEC8 C1.0 TPDISEC9 C1.0
RDRR1405.dbc,2014-05,2015-10-05T12:03,191214,7212b02fad44fe447d62d7ee2228ef47186f3fb231ff9ee479a20376813c9923,2663,5,UF_ZI C6.0 ANO_CMPT C4.0 MES_CMPT C2.0 ESPEC C2.0 CGC_HOSP C14.0 N_AIH C13.0 IDENT C1.0 CEP C8.0 MUNIC_RES C6.0 NASC C8.0 SEXO C1.0 UTI_MES_IN N2.0 UTI_MES_AN N2.0 UTI_MES_AL N2.0 UTI_MES_TO N3.0 MARCA_UTI C2.0 UTI_INT_IN N2.0 UTI_INT_AN N2.0 UTI_INT_AL N2.0 UTI_INT_TO N3.0 DIAR_ACOM N3.0 QT_DIARIAS N3.0 PROC_SOLIC C10.0 PROC_REA C10.0 VAL_SH N13.2 VAL_SP N13.2 VAL_SADT N13.2 VAL_RN N13.2 VAL_ACOMP N13.2 VAL_ORTP N13.2 VAL_SANGUE N13.2 VAL_SADTSR N11.2 VAL_TRANSP N13.2 VAL_OBSANG N11.2 VAL_PED1AC N11.2 VAL_TOT N14.2 VAL_UTI N8.2 US_TOT N10.2 DT_INTER C8.0 DT_SAIDA C8.0 DIAG_PRINC C4.0 DIAG_SECUN C4.0 COBRANCA C2.0 NATUREZA C2.0 NAT_JUR C4.0 GESTAO C1.0 RUBRICA N5.0 IND_VDRL C1.0 MUNIC_MOV C6.0 COD_IDADE C1.0 IDADE N2.0 DIAS_PERM N5.0 MORTE N1.0 NACIONAL C3.0 NUM_PROC C4.0 CAR_INT C2.0 TOT_PT_SP N6.0 CPF_AUT C11.0 HOMONIMO C1.0 NUM_FILHOS N2.0 INSTRU C1.0 CID_NOTIF C4.0 CONTRACEP1 C2.0 CONTRACEP2 C2.0 GESTRISCO C1.0 INSC_PN C12.0 SEQ_AIH5 C3.0 CBOR C6.0 CNAER C3.0 VINCPREV C1.0 GESTOR_COD C5.0 GESTOR_TP C1.0 GESTOR_CPF C15.0 GESTOR_DT C8.0 CNES C7.0 CNPJ_MANT C14.0 INFEHOSP C1.0 CID_ASSO C4.0 CID_MORTE C4.0 COMPLEX C2.0 FINANC C2.0 FAEC_TP C6.0 REGCT C4.0 RACA_COR C2.0 ETNIA C4.0 SEQUENCIA N9.0 REMESSA C21.0 AUD_JUST C50.0 SIS_JUST C50.0 VAL_SH_FED N10.2 VAL_SP_FED N10.2 VAL_SH_GES N10.2 VAL_SP_GES N10.2 VAL_UCI N10.2 MARCA_UCI C2.0 DIAGSEC1 C4.0 DIAGSEC2 C4.0 DIAGSEC3 C4.0 DIAGSEC4 C4.0 DIAGSEC5 C4.0 DIAGSEC6 C4.0 DIAGSEC7 C4.0 DIAGSEC8 C4.0 DIAGSEC9 C1.0 TPDISEC1 C1.0 TPDISEC2 C1.0 TPDISEC3 C1.0 TPDISEC4 C1.0 TPDISEC5 C1.0 TPDISEC6 C1.0 TPDISEC7 C1.0 TPDISEC8 C1.0 TPDISEC9 C1.0
RDRR1406.dbc,2014-06,2015-10-05T12:03,170979,04485ee721aee78ecd4f57506de666c80f242943fd91b249259d156e221f96f3,2481,5,UF_ZI C6.0 ANO_CMPT C4.0 MES_CMPT C2.0 ESPEC C2.0 CGC_HOSP C14.0 N_AIH C13.0 IDENT C1.0 CEP C8.0 MUNIC_RES C6.0 NASC C8.0 SEXO C1.0 UTI_MES_IN N2.0 UTI_MES_AN N2.0 UTI_MES_AL N2.0 UTI_MES_TO N3.0 MARCA_UTI C2.0 UTI_INT_IN N2.0 UTI_INT_AN N2.0 UTI_INT_AL N2.0 UTI_INT_TO N3.0 DIAR_ACOM N3.0 QT_DIARIAS N3.0 PROC_SOLIC C10.0 PROC_REA C10.0 VAL_SH N13.2 VAL_SP N13.2 VAL_SADT N13.2 VAL_RN N13.2 VAL_ACOMP N13.2 VAL_ORTP N13.2 VAL_SANGUE N13.2 VAL_SADTSR N11.2 VAL_TRANSP N13.2 VAL_OBSANG N11.2 VAL_PED1AC N11.2 VAL_TOT N14.2 VAL_UTI N8.2 US_TOT N10.2 DT_INTER C8.0 DT_SAIDA C8.0 DIAG_PRINC C4.0 DIAG_SECUN C4.0 COBRANCA C2.0 NATUREZA C2.0 NAT_JUR C4.0 GESTAO C1.0 RUBRICA N5.0 IND_VDRL C1.0 MUNIC_MOV C6.0 COD_IDADE C1.0 IDADE N2.0 DIAS_PERM N5.0 MORTE N1.0 NACIONAL C3.0 NUM_PROC C4.0 CAR_INT C2.0 TOT_PT_SP N6.0 CPF_AUT C11.0 HOMONIMO C1.0 NUM_FILHOS N2.0 INSTRU C1.0 CID_NOTIF C4.0 CONTRACEP1 C2.0 CONTRACEP2 C2.0 GESTRISCO C1.0 INSC_PN C12.0 SEQ_AIH5 C3.0 CBOR C6.0 CNAER C3.0 VINCPREV C1.0 GESTOR_COD C5.0 GESTOR_TP C1.0 GESTOR_CPF C15.0 GESTOR_DT C8.0 CNES C7.0 CNPJ_MANT C14.0 INFEHOSP C1.0 CID_ASSO C4.0 CID_MORTE C4.0 COMPLEX C2.0 FINANC C2.0 FAEC_TP C6.0 REGCT C4.0 RACA_COR C2.0 ETNIA C4.0 SEQUENCIA N9.0 REMESSA C21.0 AUD_JUST C50.0 SIS_JUST C50.0 VAL_SH_FED N10.2 VAL_SP_FED N10.2 VAL_SH_GES N10.2 VAL_SP_GES N10.2 VAL_UCI N10.2 MARCA_UCI C2.0 DIAGSEC1 C4.0 DIAGSEC2 C4.0 DIAGSEC3 C4.0 DIAGSEC4 C4.0 DIAGSEC5 C4.0 DIAGSEC6 C4.0 DIAGSEC7 C4.0 DIAGSEC8 C4.0 DIAGSEC9 C1.0 TPDISEC1 C1.0 TPDISEC2 C1.0 TPDISEC3 C1.0 TPDISEC4 C1.0 TPDISEC5 C1.0 TPDISEC6 C1.0 TPDISEC7 C1.0 TPDISEC8 C1.0 TPDISEC9 C1.0
RDRR1407.dbc,2014-07,2015-10-05T12:03,199478,0015333c52b3fd962a1a3611dcf8db2bc4cc998fb8ac9247b71fdcdd4357e225,2725,5,UF_ZI C6.0 ANO_CMPT C4.0 MES_CMPT C2.0 ESPEC C2.0 CGC_HOSP C14.0 N_AIH C13.0 IDENT C1.0 CEP C8.0 MUNIC_RES C6.0 NASC C8.0 SEXO C1.0 UTI_MES_IN N2.0 UTI_MES_AN N2.0 UTI_MES_AL N2.0 UTI_MES_TO N3.0 MARCA_UTI C2.0 UTI_INT_IN N2.0 UTI_INT_AN N2.0 UTI_INT_AL N2.0 UTI_INT_TO N3.0 DIAR_ACOM N3.0 QT_DIARIAS N3.0 PROC_SOLIC C10.0 PROC_REA C10.0 VAL_SH N13.2 VAL_SP N13.2 VAL_SADT N13.2 VAL_RN N13.2 VAL_ACOMP N13.2 VAL_ORTP N13.2 VAL_SANGUE N13.2 VAL_SADTSR N11.2 VAL_TRANSP N13.2 VAL_OBSANG N11.2 VAL_PED1AC N11.2 VAL_TOT N14.2 VAL_UTI N8.2 US_TOT N10.2 DT_INTER C8.0 DT_SAIDA C8.0 DIAG_PRINC C4.0 DIAG_SECUN C4.0 COBRANCA C2.0 NATUREZA C2.0 NAT_JUR C4.0 GESTAO C1.0 RUBRICA N5.0 IND_VDRL C1.0 MUNIC_MOV C6.0 COD_IDADE C1.0 IDADE N2.0 DIAS_PERM N5.0 MORTE N1.0 NACIONAL C3.0 NUM_PROC C4.0 CAR_INT C2.0 TOT_PT_SP N6.0 CPF_AUT C11.0 HOMONIMO C1.0 NUM_FILHOS N2.0 INSTRU C1.0 CID_NOTIF C4.0 CONTRACEP1 C2.0 CONTRACEP2 C2.0 GESTRISCO C1.0 INSC_PN C12.0 SEQ_AIH5 C3.0 CBOR C6.0 CNAER C3.0 VINCPREV C1.0 GESTOR_COD C5.0 GESTOR_TP C1.0 GESTOR_CPF C15.0 GESTOR_DT C8.0 CNES C7.0 CNPJ_MANT C14.0 INFEHOSP C1.0 CID_ASSO C4.0 CID_MORTE C4.0 COMPLEX C2.0 FINANC C2.0 FAEC_TP C6.0 REGCT C4.0 RACA_COR C2.0 ETNIA C4.0 SEQUENCIA N9.0 REMESSA C21.0 AUD_JUST C50.0 SIS_JUST C50.0 VAL_SH_FED N10.2 VAL_SP_FED N10.2 VAL_SH_GES N10.2 VAL_SP_GES N10.2 VAL_UCI N10.2 MARCA_UCI C2.0 DIAGSEC1 C4.0 DIAGSEC2 C4.0 DIAGSEC3 C4.0 DIAGSEC4 C4.0 DIAGSEC5 C4.0 DIAGSEC6 C4.0 DIAGSEC7 C4.0 DIAGSEC8 C4.0 DIAGSEC9 C1.0 TPDISEC1 C1.0 TPDISEC2 C1.0 TPDISEC3 C1.0 TPDISEC4 C1.0 TPDISEC5 C1.0 TPDISEC6 C1.0 TPDISEC7 C1.0 TPDISEC8 C1.0 TPDISEC9 C1.0
RDRR1408.dbc,2014-08,2015-10-05T12:03,187453,54355f211c654805d11576c7073f12fd9e7936297ccdeb34d8c00d557e90b32b,2572,5,UF_ZI C6.0 ANO_CMPT C4.0 MES_CMPT C2.0 ESPEC C2.0 CGC_HOSP C14.0 N_AIH C13.0 IDENT C1.0 CEP C8.0 MUNIC_RES C6.0 NASC C8.0 SEXO C1.0 UTI_MES_IN N2.0 UTI_MES_AN N2.0 UTI_MES_AL N2.0 UTI_MES_TO N3.0 MARCA_UTI C2.0 UTI_INT_IN N2.0 UTI_INT_AN N2.0 UTI_INT_AL N2.0 UTI_INT_TO N3.0 DIAR_ACOM N3.0 QT_DIARIAS N3.0 PROC_SOLIC C10.0 PROC_REA C10.0 VAL_SH N13.2 VAL_SP N13.2 VAL_SADT N13.2 VAL_RN N13.2 VAL_ACOMP N13.2 VAL_ORTP N13.2 VAL_SANGUE N13.2 VAL_SADTSR N11.2 VAL_TRANSP N13.2 VAL_OBSANG N11.2 VAL_PED1AC N11.2 VAL_TOT N14.2 VAL_UTI N8.2 US_TOT N10.2 DT_INTER C8.0 DT_SAIDA C8.0 DIAG_PRINC C4.0 DIAG_SECUN C4.0 COBRANCA C2.0 NATUREZA C2.0 NAT_JUR C4.0 GESTAO C1.0 RUBRICA N5.0 IND_VDRL C1.0 MUNIC_MOV C6.0 COD_IDADE C1.0 IDADE N2.0 DIAS_PERM N5.0 MORTE N1.0 NACIONAL C3.0 NUM_PROC C4.0 CAR_INT C2.0 TOT_PT_SP N6.0 CPF_AUT C11.0 HOMONIMO C1.0 NUM_FILHOS N2.0 INSTRU C1.0 CID_NOTIF C4.0 CONTRACEP1 C2.0 CONTRACEP2 C2.0 GESTRISCO C1.0 INSC_PN C12.0 SEQ_AIH5 C3.0 CBOR C6.0 CNAER C3.0 VINCPREV C1.0 GESTOR_COD C5.0 GESTOR_TP C1.0 GESTOR_CPF C15.0 GESTOR_DT C8.0 CNES C7.0 CNPJ_MANT C14.0 INFEHOSP C1.0 CID_ASSO C4.0 CID_MORTE C4.0 COMPLEX C2.0 FINANC C2.0 FAEC_TP C6.0 REGCT C4.0 RACA_COR C2.0 ETNIA C4.0 SEQUENCIA N9.0 REMESSA C21.0 AUD_JUST C50.0 SIS_JUST C50.0 VAL_SH_FED N10.2 VAL_SP_FED N10.2 VAL_SH_GES N10.2 VAL_SP_GES N10.2 VAL_UCI N10.2 MARCA_UCI C2.0 DIAGSEC1 C4.0 DIAGSEC2 C4.0 DIAGSEC3 C4.0 DIAGSEC4 C4.0 DIAGSEC5 C4.0 DIAGSEC6 C4.0 DIAGSEC7 C4.0 DIAGSEC8 C4.0 DIAGSEC9 C1.0 TPDISEC1 C1.0 TPDISEC2 C1.0 TPDISEC3 C1.0 TPDISEC4 C1.0 TPDISEC5 C1.0 TPDISEC6 C1.0 TPDISEC7 C1.0 TPDISEC8 C1.0 TPDISEC9 C1.0
RDRR1409.dbc,2014-09,2015-11-09T10:32,168494,a98ac254146abcd43214beeaaf0260cf33dd095db63b5ba73b015ff229ca3fe8,2346,5,UF_ZI C6.0 ANO_CMPT C4.0 MES_CMPT C2.0 ESPEC C2.0 CGC_HOSP C14.0 N_AIH C13.0 IDENT C1.0 CEP C8.0 MUNIC_RES C6.0 NASC C8.0 SEXO C1.0 UTI_MES_IN N2.0 UTI_MES_AN N2.0 UTI_MES_AL N2.0 UTI_MES_TO N3.0 MARCA_UTI C2.0 UTI_INT_IN N2.0 UTI_INT_AN N2.0 UTI_INT_AL N2.0 UTI_INT_TO N3.0 DIAR_ACOM N3.0 QT_DIARIAS N3.0 PROC_SOLIC C10.0 PROC_REA C10.0 VAL_SH N13.2 VAL_SP N13.2 VAL_SADT N13.2 VAL_RN N13.2 VAL_ACOMP N13.2 VAL_ORTP N13.2 VAL_SANGUE N13.2 VAL_SADTSR N11.2 VAL_TRANSP N13.2 VAL_OBSANG N11.2 VAL_PED1AC N11.2 VAL_TOT N14.2 VAL_UTI N8.2 US_TOT N10.2 DT_INTER C8.0 DT_SAIDA C8.0 DIAG_PRINC C4.0 DIAG_SECUN C4.0 COBRANCA C2.0 NATUREZA C2.0 NAT_JUR C4.0 GESTAO C1.0 RUBRICA N5.0 IND_VDRL C1.0 MUNIC_MOV C6.0 COD_IDADE C1.0 IDADE N2.0 DIAS_PERM N5.0 MORTE N1.0 NACIONAL C3.0 NUM_PROC C4.0 CAR_INT C2.0 TOT_PT_SP N6.0 CPF_AUT C11.0 HOMONIMO C1.0 NUM_FILHOS N2.0 INSTRU C1.0 CID_NOTIF C4.0 CONTRACEP1 C2.0 CONTRACEP2 C2.0 GESTRISCO C1.0 INSC_PN C12.0 SEQ_AIH5 C3.0 CBOR C6.0 CNAER C3.0 VINCPREV C1.0 GESTOR_COD C5.0 GESTOR_TP C1.0 GESTOR_CPF C15.0 GESTOR_DT C8.0 CNES C7.0 CNPJ_MANT C14.0 INFEHOSP C1.0 CID_ASSO C4.0 CID_MORTE C4.0 COMPLEX C2.0 FINANC C2.0 FAEC_TP C6.0 REGCT C4.0 RACA_COR C2.0 ETNIA C4.0 SEQUENCIA N9.0 REMESSA C21.0 AUD_JUST C50.0 SIS_JUST C50.0 VAL_SH_FED N10.2 VAL_SP_FED N10.2 VAL_SH_GES N10.2 VAL_SP_GES N10.2 VAL_UCI N10.2 MARCA_UCI C2.0 DIAGSEC1 C4.0 DIAGSEC2 C4.0 DIAGSEC3 C4.0 DIAGSEC4 C4.0 DIAGSEC5 C4.0 DIAGSEC6 C4.0 DIAGSEC7 C4.0 DIAGSEC8 C4.0 DIAGSEC9 C1.0 TPDISEC1 C1.0 TPDISEC2 C1.0 TPDISEC3 C1.0 TPDISEC4 C1.0 TPDISEC5 C1.0 TPDISEC6 C1.0 TPDISEC7 C1.0 TPDISEC8 C1.0 TPDISEC9 C1.0
RDRR1410.dbc,2014-10,2015-12-07T09:00,177453,e1b5a82e9e6fc2b22c750fbef3edac2d58c8b774f35edc7572388c079f43ac71,2415,5,UF_ZI C6.0 ANO_CMPT C4.0 MES_CMPT C2.0 ESPEC C2.0 CGC_HOSP C14.0 N_AIH C13.0 IDENT C1.0 CEP C8.0 MUNIC_RES C6.0 NASC C8.0 SEXO C1.0 UTI_MES_IN N2.0 UTI_MES_AN N2.0 UTI_MES_AL N2.0 UTI_MES_TO N3.0 MARCA_UTI C2.0 UTI_INT_IN N2.0 UTI_INT_AN N2.0 UTI_INT_AL N2.0 UTI_INT_TO N3.0 DIAR_ACOM N3.0 QT_DIARIAS N3.0 PROC_SOLIC C10.0 PROC_REA C10.0 VAL_SH N13.2 VAL_SP N13.2 VAL_SADT N13.2 VAL_RN N13.2 VAL_ACOMP N13.2 VAL_ORTP N13.2 VAL_SANGUE N13.2 VAL_SADTSR N11.2 VAL_TRANSP N13.2 VAL_OBSANG N11.2 VAL_PED1AC N11.2 VAL_TOT N14.2 VAL_UTI N8.2 US_TOT N10.2 DT_INTER C8.0 DT_SAIDA C8.0 DIAG_PRINC C4.0 DIAG_SECUN C4.0 COBRANCA C2.0 NATUREZA C2.0 NAT_JUR C4.0 GESTAO C1.0 RUBRICA N5.0 IND_VDRL C1.0 MUNIC_MOV C6.0 COD_IDADE C1.0 IDADE N2.0 DIAS_PERM N5.0 MORTE N1.0 NACIONAL C3.0 NUM_PROC C4.0 CAR_INT C2.0 TOT_PT_SP N6.0 CPF_AUT C11.0 HOMONIMO C1.0 NUM_FILHOS N2.0 INSTRU C1.0 CID_NOTIF C4.0 CONTRACEP1 C2.0 CONTRACEP2 C2.0 GESTRISCO C1.0 INSC_PN C12.0 SEQ_AIH5 C3.0 CBOR C6.0 CNAER C3.0 VINCPREV C1.0 GESTOR_COD C5.0 GESTOR_TP C1.0 GESTOR_CPF C15.0 GESTOR_DT C8.0 CNES C7.0 CNPJ_MANT C14.0 INFEHOSP C1.0 CID_ASSO C4.0 CID_MORTE C4.0 COMPLEX C2.0 FINANC C2.0 FAEC_TP C6.0 REGCT C4.0 RACA_COR C2.0 ETNIA C4.0 SEQUENCIA N9.0 REMESSA C21.0 AUD_JUST C50.0 SIS_JUST C50.0 VAL_SH_FED N10.2 VAL_SP_FED N10.2 VAL_SH_GES N10.2 VAL_SP_GES N10.2 VAL_UCI N10.2 MARCA_UCI C2.0 DIAGSEC1 C4.0 DIAGSEC2 C4.0 DIAGSEC3 C4.0 DIAGSEC4 C4.0 DIAGSEC5 C4.0 DIAGSEC6 C4.0 DIAGSEC7 C4.0 DIAGSEC8 C4.0 DIAGSEC9 C1.0 TPDISEC1 C1.0 TPDISEC2 C1.0 TPDISEC3 C1.0 TPDISEC4 C1.0 TPDISEC5 C1.0 TPDISEC6 C1.0 TPDISEC7 C1.0 TPDISEC8 C1.0 TPDISEC9 C1.0
RDRR1411.dbc,2014-11,2016-01-07T10:04,199596,672159b97d9fc668b78cce060fafce2f15e1ed102fd1efa42a46075c0d308f6a,2800,5,UF_ZI C6.0 ANO_CMPT C4.0 MES_CMPT C2.0 ESPEC C2.0 CGC_HOSP C14.0 N_AIH C13.0 IDENT C1.0 CEP C8.0 MUNIC_RES C6.0 NASC C8.0 SEXO C1.0 UTI_MES_IN N2.0 UTI_MES_AN N2.0 UTI_MES_AL N2.0 UTI_MES_TO N3.0 MARCA_UTI C2.0 UTI_INT_IN N2.0 UTI_INT_AN N2.0 UTI_INT_AL N2.0 UTI_INT_TO N3.0 DIAR_ACOM N3.0 QT_DIARIAS N3.0 PROC_SOLIC C10.0 PROC_REA C10.0 VAL_SH N13.2 VAL_SP N13.2 VAL_SADT N13.2 VAL_RN N13.2 VAL_ACOMP N13.2 VAL_ORTP N13.2 VAL_SANGUE N13.2 VAL_SADTSR N11.2 VAL_TRANSP N13.2 VAL_OBSANG N11.2 VAL_PED1AC N11.2 VAL_TOT N14.2 VAL_UTI N8.2 US_TOT N10.2 DT_INTER C8.0 DT_SAIDA C8.0 DIAG_PRINC C4.0 DIAG_SECUN C4.0 COBRANCA C2.0 NATUREZA C2.0 NAT_JUR C4.0 GESTAO C1.0 RUBRICA N5.0 IND_VDRL C1.0 MUNIC_MOV C6.0 COD_IDADE C1.0 IDADE N2.0 DIAS_PERM N5.0 MORTE N1.0 NACIONAL C3.0 NUM_PROC C4.0 CAR_INT C2.0 TOT_PT_SP N6.0 CPF_AUT C11.0 HOMONIMO C1.0 NUM_FILHOS N2.0 INSTRU C1.0 CID_NOTIF C4.0 CONTRACEP1 C2.0 CONTRACEP2 C2.0 GESTRISCO C1.0 INSC_PN C12.0 SEQ_AIH5 C3.0 CBOR C6.0 CNAER C3.0 VINCPREV C1.0 GESTOR_COD C5.0 GESTOR_TP C1.0 GESTOR_CPF C15.0 GESTOR_DT C8.0 CNES C7.0 CNPJ_MANT C14.0 INFEHOSP C1.0 CID_ASSO C4.0 CID_MORTE C4.0 COMPLEX C2.0 FINANC C2.0 FAEC_TP C6.0 REGCT C4.0 RACA_COR C2.0 ETNIA C4.0 SEQUENCIA N9.0 REMESSA C21.0 AUD_JUST C50.0 SIS_JUST C50.0 VAL_SH_FED N10.2 VAL_SP_FED N10.2 VAL_SH_GES N10.2 VAL_SP_GES N10.2 VAL_UCI N10.2 MARCA_UCI C2.0 DIAGSEC1 C4.0 DIAGSEC2 C4.0 DIAGSEC3 C4.0 DIAGSEC4 C4.0 DIAGSEC5 C4.0 DIAGSEC6 C4.0 DIAGSEC7 C4.0 DIAGSEC8 C4.0 DIAGSEC9 C1.0 TPDISEC1 C1.0 TPDISEC2 C1.0 TPDISEC3 C1.0 TPDISEC4 C1.0 TPDISEC5 C1.0 TPDISEC6 C1.0 TPDISEC7 C1.0 TPDISEC8 C1.0 TPDISEC9 C1.0
RDRR1412.dbc,2014-12,2016-02-05T09:11,123204,4932499b02057685a157a31f25c0e77092809197e6ccc65ef10c1327c5e7621c,1690,5,UF_ZI C6.0 ANO_CMPT C4.0 MES_CMPT C2.0 ESPEC C2.0 CGC_HOSP C14.0 N_AIH C13.0 IDENT C1.0 CEP C8.0 MUNIC_RES C6.0 NASC C8.0 SEXO C1.0 UTI_MES_IN N2.0 UTI_MES_AN N2.0 UTI_MES_AL N2.0 UTI_MES_TO N3.0 MARCA_UTI C2.0 UTI_INT_IN N2.0 UTI_INT_AN N2.0 UTI_INT_AL N2.0 UTI_INT_TO N3.0 DIAR_ACOM N3.0 QT_DIARIAS N3.0 PROC_SOLIC C10.0 PROC_REA C10.0 VAL_SH N13.2 VAL_SP N13.2 VAL_SADT N13.2 VAL_RN N13.2 VAL_ACOMP N13.2 VAL_ORTP N13.2 VAL_SANGUE N13.2 VAL_SADTSR N11.2 VAL_TRANSP N13.2 VAL_OBSANG N11.2 VAL_PED1AC N11.2 VAL_TOT N14.2 VAL_UTI N8.2 US_TOT N10.2 DT_INTER C8.0 DT_SAIDA C8.0 DIAG_PRINC C4.0 DIAG_SECUN C4.0 COBRANCA C2.0 NATUREZA C2.0 NAT_JUR C4.0 GESTAO C1.0 RUBRICA N5.0 IND_VDRL C1.0 MUNIC_MOV C6.0 COD_IDADE C1.0 IDADE N2.0 DIAS_PERM N5.0 MORTE N1.0 NACIONAL C3.0 NUM_PROC C4.0 CAR_INT C2.0 TOT_PT_SP N6.0 CPF_AUT C11.0 HOMONIMO C1.0 NUM_FILHOS N2.0 INSTRU C1.0 CID_NOTIF C4.0 CONTRACEP1 C2.0 CONTRACEP2 C2.0 GESTRISCO C1.0 INSC_PN C12.0 SEQ_AIH5 C3.0 CBOR C6.0 CNAER C3.0 VINCPREV C1.0 GESTOR_COD C5.0 GESTOR_TP C1.0 GESTOR_CPF C15.0 GESTOR_DT C8.0 CNES C7.0 CNPJ_MANT C14.0 INFEHOSP C1.0 CID_ASSO C4.0 CID_MORTE C4.0 COMPLEX C2.0 FINANC C2.0 FAEC_TP C6.0 REGCT C4.0 RACA_COR C2.0 ETNIA C4.0 SEQUENCIA N9.0 REMESSA C21.0 AUD_JUST C50.0 SIS_JUST C50.0 VAL_SH_FED N10.2 VAL_SP_FED N10.2 VAL_SH_GES N10.2 VAL_SP_GES N10.2 VAL_UCI N10.2 MARCA_UCI C2.0 DIAGSEC1 C4.0 DIAGSEC2 C4.0 DIAGSEC3 C4.0 DIAGSEC4 C4.0 DIAGSEC5 C4.0 DIAGSEC6 C4.0 DIAGSEC7 C4.0 DIAGSEC8 C4.0 DIAGSEC9 C1.0 TPDISEC1 C1.0 TPDISEC2 C1.0 TPDISEC3 C1.0 TPDISEC4 C1.0 TPDISEC5 C1.0 TPDISEC6 C1.0 TPDISEC7 C1.0 TPDISEC8 C1.0 TPDISEC9 C1.0
RDRR1501.dbc,2015-01,2016-10-04T10:26,196730,a4237d66b1c9e699917c5f505184c6e6432974f7a117aa964998a633026c23b1,2759,5,UF_ZI C6.0 ANO_CMPT C4.0 MES_CMPT C2.0 ESPEC C2.0 CGC_HOSP C14.0 N_AIH C13.0 IDENT C1.0 CEP C8.0 MUNIC_RES C6.0 NASC C8.0 SEXO C1.0 UTI_MES_IN N2.0 UTI_MES_AN N2.0 UTI_MES_AL N2.0 UTI_MES_TO N3.0 MARCA_UTI C2.0 UTI_INT_IN N2.0 UTI_INT_AN N2.0 UTI_INT_AL N2.0 UTI_INT_TO N3.0 DIAR_ACOM N3.0 QT_DIARIAS N3.0 PROC_SOLIC C10.0 PROC_REA C10.0 VAL_SH N13.2 VAL_SP N13.2 VAL_SADT N13.2 VAL_RN N13.2 VAL_ACOMP N13.2 VAL_ORTP N13.2 VAL_SANGUE N13.2 VAL_SADTSR N11.2 VAL_TRANSP N13.2 VAL_OBSANG N11.2 VAL_PED1AC N11.2 VAL_TOT N14.2 VAL_UTI N8.2 US_TOT N10.2 DT_INTER C8.0 DT_SAIDA C8.0 DIAG_PRINC C4.0 DIAG_SECUN C4.0 COBRANCA C2.0 NATUREZA C2.0 NAT_JUR C4.0 GESTAO C1.0 RUBRICA N5.0 IND_VDRL C1.0 MUNIC_MOV C6.0 COD_IDADE C1.0 IDADE N2.0 DIAS_PERM N5.0 MORTE N1.0 NACIONAL C3.0 NUM_PROC C4.0 CAR_INT C2.0 TOT_PT_SP N6.0 CPF_AUT C11.0 HOMONIMO C1.0 NUM_FILHOS N2.0 INSTRU C1.0 CID_NOTIF C4.0 CONTRACEP1 C2.0 CONTRACEP2 C2.0 GESTRISCO C1.0 INSC_PN C12.0 SEQ_AIH5 C3.0 CBOR C6.0 CNAER C3.0 VINCPREV C1.0 GESTOR_COD C5.0 GESTOR_TP C1.0 GESTOR_CPF C15.0 GESTOR_DT C8.0 CNES C7.0 CNPJ_MANT C14.0 INFEHOSP C1.0 CID_ASSO C4.0 CID_MORTE C4.0 COMPLEX C2.0 FINANC C2.0 FAEC_TP C6.0 REGCT C4.0 RACA_COR C2.0 ETNIA C4.0 SEQUENCIA N9.0 REMESSA C21.0 AUD_JUST C50.0 SIS_JUST C50.0 VAL_SH_FED N10.2 VAL_SP_FED N10.2 VAL_SH_GES N10.2 VAL_SP_GES N10.2 VAL_UCI N10.2 MARCA_UCI C2.0 DIAGSEC1 C4.0 DIAGSEC2 C4.0 DIAGSEC3 C4.0 DIAGSEC4 C4.0 DIAGSEC5 C4.0 DIAGSEC6 C4.0 DIAGSEC7 C4.0 DIAGSEC8 C4.0 DIAGSEC9 C1.0 TPDISEC1 C1.0 TPDISEC2 C1.0 TPDISEC3 C1.0 TPDISEC4 C1.0 TPDISEC5 C1.0 TPDISEC6 C1.0 TPDISEC7 C1.0 TPDISEC8 C1.0 TPDISEC9 C1.0
RDRR1502.dbc,2015-02,2016-10-04T10:26,212907,c0b9bfdb31942ce27ab05a316622e193a869ab0f098c5318267e2f0981866662,2930,5,UF_ZI C6.0 ANO_CMPT C4.0 MES_CMPT C2.0 ESPEC C2.0 CGC_HOSP C14.0 N_AIH C13.0 IDENT C1.0 CEP C8.0 MUNIC_RES C6.0 NASC C8.0 SEXO C1.0 UTI_MES_IN N2.0 UTI_MES_AN N2.0 UTI_MES_AL N2.0 UTI_MES_TO N3.0 MARCA_UTI C2.0 UTI_INT_IN N2.0 UTI_INT_AN N2.0 UTI_INT_AL N2.0 UTI_INT_TO N3.0 DIAR_ACOM N3.0 QT_DIARIAS N3.0 PROC_SOLIC C10.0 PROC_REA C10.0 VAL_SH N13.2 VAL_SP N13.2 VAL_SADT N13.2 VAL_RN N13.2 VAL_ACOMP N13.2 VAL_ORTP N13.2 VAL_SANGUE N13.2 VAL_SADTSR N11.2 VAL_TRANSP N13.2 VAL_OBSANG N11.2 VAL_PED1AC N11.2 VAL_TOT N14.2 VAL_UTI N8.2 US_TOT N10.2 DT_INTER C8.0 DT_SAIDA C8.0 DIAG_PRINC C4.0 DIAG_SECUN C4.0 COBRANCA C2.0 NATUREZA C2.0 NAT_JUR C4.0 GESTAO C1.0 RUBRICA N5.0 IND_VDRL C1.0 MUNIC_MOV C6.0 COD_IDADE C1.0 IDADE N2.0 DIAS_PERM N5.0 MORTE N1.0 NACIONAL C3.0 NUM_PROC C4.0 CAR_INT C2.0 TOT_PT_SP N6.0 CPF_AUT C11.0 HOMONIMO C1.0 NUM_FILHOS N2.0 INSTRU C1.0 CID_NOTIF C4.0 CONTRACEP1 C2.0 CONTRACEP2 C2.0 GESTRISCO C1.0 INSC_PN C12.0 SEQ_AIH5 C3.0 CBOR C6.0 CNAER C3.0 VINCPREV C1.0 GESTOR_COD C5.0 GESTOR_TP C1.0 GESTOR_CPF C15.0 GESTOR_DT C8.0 CNES C7.0 CNPJ_MANT C14.0 INFEHOSP C1.0 CID_ASSO C4.0 CID_MORTE C4.0 COMPLEX C2.0 FINANC C2.0 FAEC_TP C6.0 REGCT C4.0 RACA_COR C2.0 ETNIA C4.0 SEQUENCIA N9.0 REMESSA C21.0 AUD_JUST C50.0 SIS_JUST C50.0 VAL_SH_FED N10.2 VAL_SP_FED N10.2 VAL_SH_GES N10.2 VAL_SP_GES N10.2 VAL_UCI N10.2 MARCA_UCI C2.0 DIAGSEC1 C4.0 DIAGSEC2 C4.0 DIAGSEC3 C4.0 DIAGSEC4 C4.0 DIAGSEC5 C4.0 DIAGSEC6 C4.0 DIAGSEC7 C4.0 DIAGSEC8 C4.0 DIAGSEC9 C1.0 TPDISEC1 C1.0 TPDISEC2 C1.0 TPDISEC3 C1.0 TPDISEC4 C1.0 TPDISEC5 C1.0 TPDISEC6 C1.0 TPDISEC7 C1.0 TPDISEC8 C1.0 TPDISEC9 C1.0
RDRR1503.dbc,2015-03,2016-10-04T10:26,186027,cce7370e14e4950fdd75f4f8b8430fd511c9900d14c02e816c397436dc15f3f2,2636,5,UF_ZI C6.0 ANO_CMPT C4.0 MES_CMPT C2.0 ESPEC C2.0 CGC_HOSP C14.0 N_AIH C13.0 IDENT C1.0 CEP C8.0 MUNIC_RES C6.0 NASC C8.0 SEXO C1.0 UTI_MES_IN N2.0 UTI_MES_AN N2.0 UTI_MES_AL N2.0 UTI_MES_TO N3.0 MARCA_UTI C2.0 UTI_INT_IN N2.0 UTI_INT_AN N2.0 UTI_INT_AL N2.0 UTI_INT_TO N3.0 DIAR_ACOM N3.0 QT_DIARIAS N3.0 PROC_SOLIC C10.0 PROC_REA C10.0 VAL_SH N13.2 VAL_SP N13.2 VAL_SADT N13.2 VAL_RN N13.2 VAL_ACOMP N13.2 VAL_ORTP N13.2 VAL_SANGUE N13.2 VAL_SADTSR N11.2 VAL_TRANSP N13.2 VAL_OBSANG N11.2 VAL_PED1AC N11.2 VAL_TOT N14.2 VAL_UTI N8.2 US_TOT N10.2 DT_INTER C8.0 DT_SAIDA C8.0 DIAG_PRINC C4.0 DIAG_SECUN C4.0 COBRANCA C2.0 NATUREZA C2.0 NAT_JUR C4.0 GESTAO C1.0 RUBRICA N5.0 IND_VDRL C1.0 MUNIC_MOV C6.0 COD_IDADE C1.0 IDADE N2.0 DIAS_PERM N5.0 MORTE N1.0 NACIONAL C3.0 NUM_PROC C4.0 CAR_INT C2.0 TOT_PT_SP N6.0 CPF_AUT C11.0 HOMONIMO C1.0 NUM_FILHOS N2.0 INSTRU C1.0 CID_NOTIF C4.0 CONTRACEP1 C2.0 CONTRACEP2 C2.0 GESTRISCO C1.0 INSC_PN C12.0 SEQ_AIH5 C3.0 CBOR C6.0 CNAER C3.0 VINCPREV C1.0 GESTOR_COD C5.0 GESTOR_TP C1.0 GESTOR_CPF C15.0 GESTOR_DT C8.0 CNES C7.0 CNPJ_MANT C14.0 INFEHOSP C1.0 CID_ASSO C4.0 CID_MORTE C4.0 COMPLEX C2.0 FINANC C2.0 FAEC_TP C6.0 REGCT C4.0 RACA_COR C2.0 ETNIA C4.0 SEQUENCIA N9.0 REMESSA C21.0 AUD_JUST C50.0 SIS_JUST C50.0 VAL_SH_FED N10.2 VAL_SP_FED N10.2 VAL_SH_GES N10.2 VAL_SP_GES N10.2 VAL_UCI N10.2 MARCA_UCI C2.0 DIAGSEC1 C4.0 DIAGSEC2 C4.0 DIAGSEC3 C4.0 DIAGSEC4 C4.0 DIAGSEC5 C4.0 DIAGSEC6 C4.0 DIAGSEC7 C4.0 DIAGSEC8 C4.0 DIAGSEC9 C1.0 TPDISEC1 C1.0 TPDISEC2 C1.0 TPDISEC3 C1.0 TPDISEC4 C1.0 TPDISEC5 C1.0 TPDISEC6 C1.0 TPDISEC7 C1.0 TPDISEC8 C1.0 TPDISEC9 C1.0
RDRR1504.dbc,2015-04,2016-10-04T10:26,238477,2771068ba6fcca207da16c8a307377aad3e449f36d1fa971f19bb8cc00f1beb2,3260,5,UF_ZI C6.0 ANO_CMPT C4.0 MES_CMPT C2.0 ESPEC C2.0 CGC_HOSP C14.0 N_AIH C13.0 IDENT C1.0 CEP C8.0 MUNIC_RES C6.0 NASC C8.0 SEXO C1.0 UTI_MES_IN N2.0 UTI_MES_AN N2.0 UTI_MES_AL N2.0 UTI_MES_TO N3.0 MARCA_UTI C2.0 UTI_INT_IN N2.0 UTI_INT_AN N2.0 UTI_INT_AL N2.0 UTI_INT_TO N3.0 DIAR_ACOM N3.0 QT_DIARIAS N3.0 PROC_SOLIC C10.0 PROC_REA C10.0 VAL_SH N13.2 VAL_SP N13.2 VAL_SADT N13.2 VAL_RN N13.2 VAL_ACOMP N13.2 VAL_ORTP N13.2 VAL_SANGUE N13.2 VAL_SADTSR N11.2 VAL_TRANSP N13.2 VAL_OBSANG N11.2 VAL_PED1AC N11.2 VAL_TOT N14.2 VAL_UTI N8.2 US_TOT N10.2 DT_INTER C8.0 DT_SAIDA C8.0 DIAG_PRINC C4.0 DIAG_SECUN C4.0 COBRANCA C2.0 NATUREZA C2.0 NAT_JUR C4.0 GESTAO C1.0 RUBRICA N5.0 IND_VDRL C1.0 MUNIC_MOV C6.0 COD_IDADE C1.0 IDADE N2.0 DIAS_PERM N5.0 MORTE N1.0 NACIONAL C3.0 NUM_PROC C4.0 CAR_INT C2.0 TOT_PT_SP N6.0 CPF_AUT C11.0 HOMONIMO C1.0 NUM_FILHOS N2.0 INSTRU C1.0 CID_NOTIF C4.0 CONTRACEP1 C2.0 CONTRACEP2 C2.0 GESTRISCO C1.0 INSC_PN C12.0 SEQ_AIH5 C3.0 CBOR C6.0 CNAER C3.0 VINCPREV C1.0 GESTOR_COD C5.0 GESTOR_TP C1.0 GESTOR_CPF C15.0 GESTOR_DT C8.0 CNES C7.0 CNPJ_MANT C14.0 INFEHOSP C1.0 CID_ASSO C4.0 CID_MORTE C4.0 COMPLEX C2.0 FINANC C2.0 FAEC_TP C6.0 REGCT C4.0 RACA_COR C2.0 ETNIA C4.0 SEQUENCIA N9.0 REMESSA C21.0 AUD_JUST C50.0 SIS_JUST C50.0 VAL_SH_FED N10.2 VAL_SP_FED N10.2 VAL_SH_GES N10.2 VAL_SP_GES N10.2 VAL_UCI N10.2 MARCA_UCI C2.0 DIAGSEC1 C4.0 DIAGSEC2 C4.0 DIAGSEC3 C4.0 DIAGSEC4 C4.0 DIAGSEC5 C4.0 DIAGSEC6 C4.0 DIAGSEC7 C4.0 DIAGSEC8 C4.0 DIAGSEC9 C1.0 TPDISEC1 C1.0 TPDISEC2 C1.0 TPDISEC3 C1.0 TPDISEC4 C1.0 TPDISEC5 C1.0 TPDISEC6 C1.0 TPDISEC7 C1.0 TPDISEC8 C1.0 TPDISEC9 C1.0
RDRR1505.dbc,2015-05,2016-10-04T10:26,200412,6973687ebbf6c149f81cd5a68c988118808549d7b7a19803e7dd2b0e8a26ee52,2705,5,UF_ZI C6.0 ANO_CMPT C4.0 MES_CMPT C2.0 ESPEC C2.0 CGC_HOSP C14.0 N_AIH C13.0 IDENT C1.0 CEP C8.0 MUNIC_RES C6.0 NASC C8.0 SEXO C1.0 UTI_MES_IN N2.0 UTI_MES_AN N2.0 UTI_MES_AL N2.0 UTI_MES_TO N3.0 MARCA_UTI C2.0 UTI_INT_IN N2.0 UTI_INT_AN N2.0 UTI_INT_AL N2.0 UTI_INT_TO N3.0 DIAR_ACOM N3.0 QT_DIARIAS N3.0 PROC_SOLIC C10.0 PROC_REA C10.0 VAL_SH N13.2 VAL_SP N13.2 VAL_SADT N13.2 VAL_RN N13.2 VAL_ACOMP N13.2 VAL_ORTP N13.2 VAL_SANGUE N13.2 VAL_SADTSR N11.2 VAL_TRANSP N13.2 VAL_OBSANG N11.2 VAL_PED1AC N11.2 VAL_TOT N14.2 VAL_UTI N8.2 US_TOT N10.2 DT_INTER C8.0 DT_SAIDA C8.0 DIAG_PRINC C4.0 DIAG_SECUN C4.0 COBRANCA C2.0 NATUREZA C2.0 NAT_JUR C4.0 GESTAO C1.0 RUBRICA N5.0 IND_VDRL C1.0 MUNIC_MOV C6.0 COD_IDADE C1.0 IDADE N2.0 DIAS_PERM N5.0 MORTE N1.0 NACIONAL C3.0 NUM_PROC C4.0 CAR_INT C2.0 TOT_PT_SP N6.0 CPF_AUT C11.0 HOMONIMO C1.0 NUM_FILHOS N2.0 INSTRU C1.0 CID_NOTIF C4.0 CONTRACEP1 C2.0 CONTRACEP2 C2.0 GESTRISCO C1.0 INSC_PN C12.0 SEQ_AIH5 C3.0 CBOR C6.0 CNAER C3.0 VINCPREV C1.0 GESTOR_COD C5.0 GESTOR_TP C1.0 GESTOR_CPF C15.0 GESTOR_DT C8.0 CNES C7.0 CNPJ_MANT C14.0 INFEHOSP C1.0 CID_ASSO C4.0 CID_MORTE C4.0 COMPLEX C2.0 FINANC C2.0 FAEC_TP C6.0 REGCT C4.0 RACA_COR C2.0 ETNIA C4.0 SEQUENCIA N9.0 REMESSA C21.0 AUD_JUST C50.0 SIS_JUST C50.0 VAL_SH_FED N10.2 VAL_SP_FED N10.2 VAL_SH_GES N10.2 VAL_SP_GES N10.2 VAL_UCI N10.2 MARCA_UCI C2.0 DIAGSEC1 C4.0 DIAGSEC2 C4.0 DIAGSEC3 C4.0 DIAGSEC4 C4.0 DIAGSEC5 C4.0 DIAGSEC6 C4.0 DIAGSEC7 C4.0 DIAGSEC8 C4.0 DIAGSEC9 C1.0 TPDISEC1 C1.0 TPDISEC2 C1.0 TPDISEC3 C1.0 TPDISEC4 C1.0 TPDISEC5 C1.0 TPDISEC6 C1.0 TPDISEC7 C1.0 TPDISEC8 C1.0 TPDISEC9 C1.0
RDRR1506.dbc,2015-06,2016-10-04T10:26,179515,9157998eb6aa5a66486a5987a5c2404bce70d94d4d6c979639201bf4eb8c5097,2531,5,UF_ZI C6.0 ANO_CMPT C4.0 MES_CMPT C2.0 ESPEC C2.0 CGC_HOSP C14.0 N_AIH C13.0 IDENT C1.0 CEP C8.0 MUNIC_RES C6.0 NASC C8.0 SEXO C1.0 UTI_MES_IN N2.0 UTI_MES_AN N2.0 UTI_MES_AL N2.0 UTI_MES_TO N3.0 MARCA_UTI C2.0 UTI_INT_IN N2.0 UTI_INT_AN N2.0 UTI_INT_AL N2.0 UTI_INT_TO N3.0 DIAR_ACOM N3.0 QT_DIARIAS N3.0 PROC_SOLIC C10.0 PROC_REA C10.0 VAL_SH N13.2 VAL_SP N13.2 VAL_SADT N13.2 VAL_RN N13.2 VAL_ACOMP N13.2 VAL_ORTP N13.2 VAL_SANGUE N13.2 VAL_SADTSR N11.2 VAL_TRANSP N13.2 VAL_OBSANG N11.2 VAL_PED1AC N11.2 VAL_TOT N14.2 VAL_UTI N8.2 US_TOT N10.2 DT_INTER C8.0 DT_SAIDA C8.0 DIAG_PRINC C4.0 DIAG_SECUN C4.0 COBRANCA C2.0 NATUREZA C2.0 NAT_JUR C4.0 GESTAO C1.0 RUBRICA N5.0 IND_VDRL C1.0 MUNIC_MOV C6.0 COD_IDADE C1.0 IDADE N2.0 DIAS_PERM N5.0 MORTE N1.0 NACIONAL C3.0 NUM_PROC C4.0 CAR_INT C2.0 TOT_PT_SP N6.0 CPF_AUT C11.0 HOMONIMO C1.0 NUM_FILHOS N2.0 INSTRU C1.0 CID_NOTIF C4.0 CONTRACEP1 C2.0 CONTRACEP2 C2.0 GESTRISCO C1.0 INSC_PN C12.0 SEQ_AIH5 C3.0 CBOR C6.0 CNAER C3.0 VINCPREV C1.0 GESTOR_COD C5.0 GESTOR_TP C1.0 GESTOR_CPF C15.0 GESTOR_DT C8.0 CNES C7.0 CNPJ_MANT C14.0 INFEHOSP C1.0 CID_ASSO C4.0 CID_MORTE C4.0 COMPLEX C2.0 FINANC C2.0 FAEC_TP C6.0 REGCT C4.0 RACA_COR C2.0 ETNIA C4.0 SEQUENCIA N9.0 REMESSA C21.0 AUD_JUST C50.0 SIS_JUST C50.0 VAL_SH_FED N10.2 VAL_SP_FED N10.2 VAL_SH_GES N10.2 VAL_SP_GES N10.2 VAL_UCI N10.2 MARCA_UCI C2.0 DIAGSEC1 C4.0 DIAGSEC2 C4.0 DIAGSEC3 C4.0 DIAGSEC4 C4.0 DIAGSEC5 C4.0 DIAGSEC6 C4.0 DIAGSEC7 C4.0 DIAGSEC8 C4.0 DIAGSEC9 C1.0 TPDISEC1 C1.0 TPDISEC2 C1.0 TPDISEC3 C1.0 TPDISEC4 C1.0 TPDISEC5 C1.0 TPDISEC6 C1.0 TPDISEC7 C1.0 TPDISEC8 C1.0 TPDISEC9 C1.0
RDRR1507.dbc,2015-07,2016-10-04T10:26,230058,90e7a1b808db97f509e853b1e3013d9974ae618df22bec4a0b233ee0fc7e343b,3110,5,UF_ZI C6.0 ANO_CMPT C4.0 MES_CMPT C2.0 ESPEC C2.0 CGC_HOSP C14.0 N_AIH C13.0 IDENT C1.0 CEP C8.0 MUNIC_RES C6.0 NASC C8.0 SEXO C1.0 UTI_MES_IN N2.0 UTI_MES_AN N2.0 UTI_MES_AL N2.0 UTI_MES_TO N3.0 MARCA_UTI C2.0 UTI_INT_IN N2.0 UTI_INT_AN N2.0 UTI_INT_AL N2.0 UTI_INT_TO N3.0 DIAR_ACOM N3.0 QT_DIARIAS N3.0 PROC_SOLIC C10.0 PROC_REA C10.0 VAL_SH N13.2 VAL_SP N13.2 VAL_SADT N13.2 VAL_RN N13.2 VAL_ACOMP N13.2 VAL_ORTP N13.2 VAL_SANGUE N13.2 VAL_SADTSR N11.2 VAL_TRANSP N13.2 VAL_OBSANG N11.2 VAL_PED1AC N11.2 VAL_TOT N14.2 VAL_UTI N8.2 US_TOT N10.2 DT_INTER C8.0 DT_SAIDA C8.0 DIAG_PRINC C4.0 DIAG_SECUN C4.0 COBRANCA C2.0 NATUREZA C2.0 NAT_JUR C4.0 GESTAO C1.0 RUBRICA N5.0 IND_VDRL C1.0 MUNIC_MOV C6.0 COD_IDADE C1.0 IDADE N2.0 DIAS_PERM N5.0 MORTE N1.0 NACIONAL C3.0 NUM_PROC C4.0 CAR_INT C2.0 TOT_PT_SP N6.0 CPF_AUT C11.0 HOMONIMO C1.0 NUM_FILHOS N2.0 INSTRU C1.0 CID_NOTIF C4.0 CONTRACEP1 C2.0 CONTRACEP2 C2.0 GESTRISCO C1.0 INSC_PN C12.0 SEQ_AIH5 C3.0 CBOR C6.0 CNAER C3.0 VINCPREV C1.0 GESTOR_COD C5.0 GESTOR_TP C1.0 GESTOR_CPF C15.0 GESTOR_DT C8.0 CNES C7.0 CNPJ_MANT C14.0 INFEHOSP C1.0 CID_ASSO C4.0 CID_MORTE C4.0 COMPLEX C2.0 FINANC C2.0 FAEC_TP C6.0 REGCT C4.0 RACA_COR C2.0 ETNIA C4.0 SEQUENCIA N9.0 REMESSA C21.0 AUD_JUST C50.0 SIS_JUST C50.0 VAL_SH_FED N10.2 VAL_SP_FED N10.2 VAL_SH_GES N10.2 VAL_SP_GES N10.2 VAL_UCI N10.2 MARCA_UCI C2.0 DIAGSEC1 C4.0 DIAGSEC2 C4.0 DIAGSEC3 C4.0 DIAGSEC4 C4.0 DIAGSEC5 C4.0 DIAGSEC6 C4.0 DIAGSEC7 C4.0 DIAGSEC8 C4.0 DIAGSEC9 C1.0 TPDISEC1 C1.0 TPDISEC2 C1.0 TPDISEC3 C1.0 TPDISEC4 C1.0 TPDISEC5 C1.0 TPDISEC6 C1.0 TPDISEC7 C1.0 TPDISEC8 C1.0 TPDISEC9 C1.0
RDRR1508.dbc,2015-08,2016-10-04T10:26,248108,b23306fe9c64401afe712468023218e3302e86772f9fc393892bc208df269cc9,3454,5,UF_ZI C6.0 ANO_CMPT C4.0 MES_CMPT C2.0 ESPEC C2.0 CGC_HOSP C14.0 N_AIH C13.0 IDENT C1.0 CEP C8.0 MUNIC_RES C6.0 NASC C8.0 SEXO C1.0 UTI_MES_IN N2.0 UTI_MES_AN N2.0 UTI_MES_AL N2.0 UTI_MES_TO N3.0 MARCA_UTI C2.0 UTI_INT_IN N2.0 UTI_INT_AN N2.0 UTI_INT_AL N2.0 UTI_INT_TO N3.0 DIAR_ACOM N3.0 QT_DIARIAS N3.0 PROC_SOLIC C10.0 PROC_REA C10.0 VAL_SH N13.2 VAL_SP N13.2 VAL_SADT N13.2 VAL_RN N13.2 VAL_ACOMP N13.2 VAL_ORTP N13.2 VAL_SANGUE N13.2 VAL_SADTSR N11.2 VAL_TRANSP N13.2 VAL_OBSANG N11.2 VAL_PED1AC N11.2 VAL_TOT N14.2 VAL_UTI N8.2 US_TOT N10.2 DT_INTER C8.0 DT_SAIDA C8.0 DIAG_PRINC C4.0 DIAG_SECUN C4.0 COBRANCA C2.0 NATUREZA C2.0 NAT_JUR C4.0 GESTAO C1.0 RUBRICA N5.0 IND_VDRL C1.0 MUNIC_MOV C6.0 COD_IDADE C1.0 IDADE N2.0 DIAS_PERM N5.0 MORTE N1.0 NACIONAL C3.0 NUM_PROC C4.0 CAR_INT C2.0 TOT_PT_SP N6.0 CPF_AUT C11.0 HOMONIMO C1.0 NUM_FILHOS N2.0 INSTRU C1.0 CID_NOTIF C4.0 CONTRACEP1 C2.0 CONTRACEP2 C2.0 GESTRISCO C1.0 INSC_PN C12.0 SEQ_AIH5 C3.0 CBOR C6.0 CNAER C3.0 VINCPREV C1.0 GESTOR_COD C5.0 GESTOR_TP C1.0 GESTOR_CPF C15.0 GESTOR_DT C8.0 CNES C7.0 CNPJ_MANT C14.0 INFEHOSP C1.0 CID_ASSO C4.0 CID_MORTE C4.0 COMPLEX C2.0 FINANC C2.0 FAEC_TP C6.0 REGCT C4.0 RACA_COR C2.0 ETNIA C4.0 SEQUENCIA N9.0 REMESSA C21.0 AUD_JUST C50.0 SIS_JUST C50.0 VAL_SH_FED N10.2 VAL_SP_FED N10.2 VAL_SH_GES N10.2 VAL_SP_GES N10.2 VAL_UCI N10.2 MARCA_UCI C2.0 DIAGSEC1 C4.0 DIAGSEC2 C4.0 DIAGSEC3 C4.0 DIAGSEC4 C4.0 DIAGSEC5 C4.0 DIAGSEC6 C4.0 DIAGSEC7 C4.0 DIAGSEC8 C4.0 DIAGSEC9 C1.0 TPDISEC1 C1.0 TPDISEC2 C1.0 TPDISEC3 C1.0 TPDISEC4 C1.0 TPDISEC5 C1.0 TPDISEC6 C1.0 TPDISEC7 C1.0 TPDISEC8 C1.0 TPDISEC9 C1.0
RDRR1509.dbc,2015-09,2016-10-04T10:26,219242,bc9c80c56347b3fec35b6a42f317ab0172060b57ffa34a27a638959c63d5896a,3172,5,UF_ZI C6.0 ANO_CMPT C4.0 MES_CMPT C2.0 ESPEC C2.0 CGC_HOSP C14.0 N_AIH C13.0 IDENT C1.0 CEP C8.0 MUNIC_RES C6.0 NASC C8.0 SEXO C1.0 UTI_MES_IN N2.0 UTI_MES_AN N2.0 UTI_MES_AL N2.0 UTI_MES_TO N3.0 MARCA_UTI C2.0 UTI_INT_IN N2.0 UTI_INT_AN N2.0 UTI_INT_AL N2.0 UTI_INT_TO N3.0 DIAR_ACOM N3.0 QT_DIARIAS N3.0 PROC_SOLIC C10.0 PROC_REA C10.0 VAL_SH N13.2 VAL_SP N13.2 VAL_SADT N13.2 VAL_RN N13.2 VAL_ACOMP N13.2 VAL_ORTP N13.2 VAL_SANGUE N13.2 VAL_SADTSR N11.2 VAL_TRANSP N13.2 VAL_OBSANG N11.2 VAL_PED1AC N11.2 VAL_TOT N14.2 VAL_UTI N8.2 US_TOT N10.2 DT_INTER C8.0 DT_SAIDA C8.0 DIAG_PRINC C4.0 DIAG_SECUN C4.0 COBRANCA C2.0 NATUREZA C2.0 NAT_JUR C4.0 GESTAO C1.0 RUBRICA N5.0 IND_VDRL C1.0 MUNIC_MOV C6.0 COD_IDADE C1.0 IDADE N2.0 DIAS_PERM N5.0 MORTE N1.0 NACIONAL C3.0 NUM_PROC C4.0 CAR_INT C2.0 TOT_PT_SP N6.0 CPF_AUT C11.0 HOMONIMO C1.0 NUM_FILHOS N2.0 INSTRU C1.0 CID_NOTIF C4.0 CONTRACEP1 C2.0 CONTRACEP2 C2.0 GESTRISCO C1.0 INSC_PN C12.0 SEQ_AIH5 C3.0 CBOR C6.0 CNAER C3.0 VINCPREV C1.0 GESTOR_COD C5.0 GESTOR_TP C1.0 GESTOR_CPF C15.0 GESTOR_DT C8.0 CNES C7.0 CNPJ_MANT C14.0 INFEHOSP C1.0 CID_ASSO C4.0 CID_MORTE C4.0 COMPLEX C2.0 FINANC C2.0 FAEC_TP C6.0 REGCT C4.0 RACA_COR C2.0 ETNIA C4.0 SEQUENCIA N9.0 REMESSA C21.0 AUD_JUST C50.0 SIS_JUST C50.0 VAL_SH_FED N10.2 VAL_SP_FED N10.2 VAL_SH_GES N10.2 VAL_SP_GES N10.2 VAL_UCI N10.2 MARCA_UCI C2.0 DIAGSEC1 C4.0 DIAGSEC2 C4.0 DIAGSEC3 C4.0 DIAGSEC4 C4.0 DIAGSEC5 C4.0 DIAGSEC6 C4.0 DIAGSEC7 C4.0 DIAGSEC8 C4.0 DIAGSEC9 C1.0 TPDISEC1 C1.0 TPDISEC2 C1.0 TPDISEC3 C1.0 TPDISEC4 C1.0 TPDISEC5 C1.0 TPDISEC6 C1.0 TPDISEC7 C1.0 TPDISEC8 C1.0 TPDISEC9 C1.0
RDRR1510.dbc,2015-10,2016-10-04T10:26,228697,43451d35beb13a7517a764e8bec0845f2a99fcc7707c75862a4e10837f220302,3201,5,UF_ZI C6.0 ANO_CMPT C4.0 MES_CMPT C2.0 ESPEC C2.0 CGC_HOSP C14.0 N_AIH C13.0 IDENT C1.0 CEP C8.0 MUNIC_RES C6.0 NASC C8.0 SEXO C1.0 UTI_MES_IN N2.0 UTI_MES_AN N2.0 UTI_MES_AL N2.0 UTI_MES_TO N3.0 MARCA_UTI C2.0 UTI_INT_IN N2.0 UTI_INT_AN N2.0 UTI_INT_AL N2.0 UTI_INT_TO N3.0 DIAR_ACOM N3.0 QT_DIARIAS N3.0 PROC_SOLIC C10.0 PROC_REA C10.0 VAL_SH N13.2 VAL_SP N13.2 VAL_SADT N13.2 VAL_RN N13.2 VAL_ACOMP N13.2 VAL_ORTP N13.2 VAL_SANGUE N13.2 VAL_SADTSR N11.2 VAL_TRANSP N13.2 VAL_OBSANG N11.2 VAL_PED1AC N11.2 VAL_TOT N14.2 VAL_UTI N8.2 US_TOT N10.2 DT_INTER C8.0 DT_SAIDA C8.0 DIAG_PRINC C4.0 DIAG_SECUN C4.0 COBRANCA C2.0 NATUREZA C2.0 NAT_JUR C4.0 GESTAO C1.0 RUBRICA N5.0 IND_VDRL C1.0 MUNIC_MOV C6.0 COD_IDADE C1.0 IDADE N2.0 DIAS_PERM N5.0 MORTE N1.0 NACIONAL C3.0 NUM_PROC C4.0 CAR_INT C2.0 TOT_PT_SP N6.0 CPF_AUT C11.0 HOMONIMO C1.0 NUM_FILHOS N2.0 INSTRU C1.0 CID_NOTIF C4.0 CONTRACEP1 C2.0 CONTRACEP2 C2.0 GESTRISCO C1.0 INSC_PN C12.0 SEQ_AIH5 C3.0 CBOR C6.0 CNAER C3.0 VINCPREV C1.0 GESTOR_COD C5.0 GESTOR_TP C1.0 GESTOR_CPF C15.0 GESTOR_DT C8.0 CNES C7.0 CNPJ_MANT C14.0 INFEHOSP C1.0 CID_ASSO C4.0 CID_MORTE C4.0 COMPLEX C2.0 FINANC C2.0 FAEC_TP C6.0 REGCT C4.0 RACA_COR C2.0 ETNIA C4.0 SEQUENCIA N9.0 REMESSA C21.0 AUD_JUST C50.0 SIS_JUST C50.0 VAL_SH_FED N10.2 VAL_SP_FED N10.2 VAL_SH_GES N10.2 VAL_SP_GES N10.2 VAL_UCI N10.2 MARCA_UCI C2.0 DIAGSEC1 C4.0 DIAGSEC2 C4.0 DIAGSEC3 C4.0 DIAGSEC4 C4.0 DIAGSEC5 C4.0 DIAGSEC6 C4.0 DIAGSEC7 C4.0 DIAGSEC8 C4.0 DIAGSEC9 C1.0 TPDISEC1 C1.0 TPDISEC2 C1.0 TPDISEC3 C1.0 TPDISEC4 C1.0 TPDISEC5 C1.0 TPDISEC6 C1.0 TPDISEC7 C1.0 TPDISEC8 C1.0 TPDISEC9 C1.0
RDRR1511.dbc,2015-11,2016-10-04T10:26,196766,f4fe52357917d7b74d80a35e22e802428869e4ad758bfb92a363dd6d00030261,2725,5,UF_ZI C6.0 ANO_CMPT C4.0 MES_CMPT C2.0 ESPEC C2.0 CGC_HOSP C14.0 N_AIH C13.0 IDENT C1.0 CEP C8.0 MUNIC_RES C6.0 NASC C8.0 SEXO C1.0 UTI_MES_IN N2.0 UTI_MES_AN N2.0 UTI_MES_AL N2.0 UTI_MES_TO N3.0 MARCA_UTI C2.0 UTI_INT_IN N2.0 UTI_INT_AN N2.0 UTI_INT_AL N2.0 UTI_INT_TO N3.0 DIAR_ACOM N3.0 QT_DIARIAS N3.0 PROC_SOLIC C10.0 PROC_REA C10.0 VAL_SH N13.2 VAL_SP N13.2 VAL_SADT N13.2 VAL_RN N13.2 VAL_ACOMP N13.2 VAL_ORTP N13.2 VAL_SANGUE N13.2 VAL_SADTSR N11.2 VAL_TRANSP N13.2 VAL_OBSANG N11.2 VAL_PED1AC N11.2 VAL_TOT N14.2 VAL_UTI N8.2 US_TOT N10.2 DT_INTER C8.0 DT_SAIDA C8.0 DIAG_PRINC C4.0 DIAG_SECUN C4.0 COBRANCA C2.0 NATUREZA C2.0 NAT_JUR C4.0 GESTAO C1.0 RUBRICA N5.0 IND_VDRL C1.0 MUNIC_MOV C6.0 COD_IDADE C1.0 IDADE N2.0 DIAS_PERM N5.0 MORTE N1.0 NACIONAL C3.0 NUM_PROC C4.0 CAR_INT C2.0 TOT_PT_SP N6.0 CPF_AUT C11.0 HOMONIMO C1.0 NUM_FILHOS N2.0 INSTRU C1.0 CID_NOTIF C4.0 CONTRACEP1 C2.0 CONTRACEP2 C2.0 GESTRISCO C1.0 INSC_PN C12.0 SEQ_AIH5 C3.0 CBOR C6.0 CNAER C3.0 VINCPREV C1.0 GESTOR_COD C5.0 GESTOR_TP C1.0 GESTOR_CPF C15.0 GESTOR_DT C8.0 CNES C7.0 CNPJ_MANT C14.0 INFEHOSP C1.0 CID_ASSO C4.0 CID_MORTE C4.0 COMPLEX C2.0 FINANC C2.0 FAEC_TP C6.0 REGCT C4.0 RACA_COR C2.0 ETNIA C4.0 SEQUENCIA N9.0 REMESSA C21.0 AUD_JUST C50.0 SIS_JUST C50.0 VAL_SH_FED N10.2 VAL_SP_FED N10.2 VAL_SH_GES N10.2 VAL_SP_GES N10.2 VAL_UCI N10.2 MARCA_UCI C2.0 DIAGSEC1 C4.0 DIAGSEC2 C4.0 DIAGSEC3 C4.0 DIAGSEC4 C4.0 DIAGSEC5 C4.0 DIAGSEC6 C4.0 DIAGSEC7 C4.0 DIAGSEC8 C4.0 DIAGSEC9 C1.0 TPDISEC1 C1.0 TPDISEC2 C1.0 TPDISEC3 C1.0 TPDISEC4 C1.0 TPDISEC5 C1.0 TPDISEC6 C1.0 TPDISEC7 C1.0 TPDISEC8 C1.0 TPDISEC9 C1.0
RDRR1512.dbc,2015-12,2016-10-04T10:26,175984,2e2e5847b72127a078285394a6d79ad2d3d13e9e083244da906c0fdd99fbca13,2351,5,UF_ZI C6.0 ANO_CMPT C4.0 MES_CMPT C2.0 ESPEC C2.0 CGC_HOSP C14.0 N_AIH C13.0 IDENT C1.0 CEP C8.0 MUNIC_RES C6.0 NASC C8.0 SEXO C1.0 UTI_MES_IN N2.0 UTI_MES_AN N2.0 UTI_MES_AL N2.0 UTI_MES_TO N3.0 MARCA_UTI C2.0 UTI_INT_IN N2.0 UTI_INT_AN N2.0 UTI_INT_AL N2.0 UTI_INT_TO N3.0 DIAR_ACOM N3.0 QT_DIARIAS N3.0 PROC_SOLIC C10.0 PROC_REA C10.0 VAL_SH N13.2 VAL_SP N13.2 VAL_SADT N13.2 VAL_RN N13.2 VAL_ACOMP N13.2 VAL_ORTP N13.2 VAL_SANGUE N13.2 VAL_SADTSR N11.2 VAL_TRANSP N13.2 VAL_OBSANG N11.2 VAL_PED1AC N11.2 VAL_TOT N14.2 VAL_UTI N8.2 US_TOT N10.2 DT_INTER C8.0 DT_SAIDA C8.0 DIAG_PRINC C4.0 DIAG_SECUN C4.0 COBRANCA C2.0 NATUREZA C2.0 NAT_JUR C4.0 GESTAO C1.0 RUBRICA N5.0 IND_VDRL C1.0 MUNIC_MOV C6.0 COD_IDADE C1.0 IDADE N2.0 DIAS_PERM N5.0 MORTE N1.0 NACIONAL C3.0 NUM_PROC C4.0 CAR_INT C2.0 TOT_PT_SP N6.0 CPF_AUT C11.0 HOMONIMO C1.0 NUM_FILHOS N2.0 INSTRU C1.0 CID_NOTIF C4.0 CONTRACEP1 C2.0 CONTRACEP2 C2.0 GESTRISCO C1.0 INSC_PN C12.0 SEQ_AIH5 C3.0 CBOR C6.0 CNAER C3.0 VINCPREV C1.0 GESTOR_COD C5.0 GESTOR_TP C1.0 GESTOR_CPF C15.0 GESTOR_DT C8.0 CNES C7.0 CNPJ_MANT C14.0 INFEHOSP C1.0 CID_ASSO C4.0 CID_MORTE C4.0 COMPLEX C2.0 FINANC C2.0 FAEC_TP C6.0 REGCT C4.0 RACA_COR C2.0 ETNIA C4.0 SEQUENCIA N9.0 REMESSA C21.0 AUD_JUST C50.0 SIS_JUST C50.0 VAL_SH_FED N10.2 VAL_SP_FED N10.2 VAL_SH_GES N10.2 VAL_SP_GES N10.2 VAL_UCI N10.2 MARCA_UCI C2.0 DIAGSEC1 C4.0 DIAGSEC2 C4.0 DIAGSEC3 C4.0 DIAGSEC4 C4.0 DIAGSEC5 C4.0 DIAGSEC6 C4.0 DIAGSEC7 C4.0 DIAGSEC8 C4.0 DIAGSEC9 C1.0 TPDISEC1 C1.0 TPDISEC2 C1.0 TPDISEC3 C1.0 TPDISEC4 C1.0 TPDISEC5 C1.0 TPDISEC6 C1.0 TPDISEC7 C1.0 TPDISEC8 C1.0 TPDISEC9 C1.0
RDRR1601.dbc,2016-01,2017-04-10T10:12,196012,b5426ef0c50304897e6e92b6615a0b8382f61814ccd78f3b15f12fef1dfb98b5,2748,5,UF_ZI C6.0 ANO_CMPT C4.0 MES_CMPT C2.0 ESPEC C2.0 CGC_HOSP C14.0 N_AIH C13.0 IDENT C1.0 CEP C8.0 MUNIC_RES C6.0 NASC C8.0 SEXO C1.0 UTI_MES_IN N2.0 UTI_MES_AN N2.0 UTI_MES_AL N2.0 UTI_MES_TO N3.0 MARCA_UTI C2.0 UTI_INT_IN N2.0 UTI_INT_AN N2.0 UTI_INT_AL N2.0 UTI_INT_TO N3.0 DIAR_ACOM N3.0 QT_DIARIAS N3.0 PROC_SOLIC C10.0 PROC_REA C10.0 VAL_SH N13.2 VAL_SP N13.2 VAL_SADT N13.2 VAL_RN N13.2 VAL_ACOMP N13.2 VAL_ORTP N13.2 VAL_SANGUE N13.2 VAL_SADTSR N11.2 VAL_TRANSP N13.2 VAL_OBSANG N11.2 VAL_PED1AC N11.2 VAL_TOT N14.2 VAL_UTI N8.2 US_TOT N10.2 DT_INTER C8.0 DT_SAIDA C8.0 DIAG_PRINC C4.0 DIAG_SECUN C4.0 COBRANCA C2.0 NATUREZA C2.0 NAT_JUR C4.0 GESTAO C1.0 RUBRICA N5.0 IND_VDRL C1.0 MUNIC_MOV C6.0 COD_IDADE C1.0 IDADE N2.0 DIAS_PERM N5.0 MORTE N1.0 NACIONAL C3.0 NUM_PROC C4.0 CAR_INT C2.0 TOT_PT_SP N6.0 CPF_AUT C11.0 HOMONIMO C1.0 NUM_FILHOS N2.0 INSTRU C1.0 CID_NOTIF C4.0 CONTRACEP1 C2.0 CONTRACEP2 C2.0 GESTRISCO C1.0 INSC_PN C12.0 SEQ_AIH5 C3.0 CBOR C6.0 CNAER C3.0 VINCPREV C1.0 GESTOR_COD C5.0 GESTOR_TP C1.0 GESTOR_CPF C15.0 GESTOR_DT C8.0 CNES C7.0 CNPJ_MANT C14.0 INFEHOSP C1.0 CID_ASSO C4.0 CID_MORTE C4.0 COMPLEX C2.0 FINANC C2.0 FAEC_TP C6.0 REGCT C4.0 RACA_COR C2.0 ETNIA C4.0 SEQUENCIA N9.0 REMESSA C21.0 AUD_JUST C50.0 SIS_JUST C50.0 VAL_SH_FED N10.2 VAL_SP_FED N10.2 VAL_SH_GES N10.2 VAL_SP_GES N10.2 VAL_UCI N10.2 MARCA_UCI C2.0 DIAGSEC1 C4.0 DIAGSEC2 C4.0 DIAGSEC3 C4.0 DIAGSEC4 C4.0 DIAGSEC5 C4.0 DIAGSEC6 C4.0 DIAGSEC7 C4.0 DIAGSEC8 C4.0 DIAGSEC9 C1.0 TPDISEC1 C1.0 TPDISEC2 C1.0 TPDISEC3 C1.0 TPDISEC4 C1.0 TPDISEC5 C1.0 TPDISEC6 C1.0 TPDISEC7 C1.0 TPDISEC8 C1.0 TPDISEC9 C1.0
RDRR1602.dbc,2016-02,2017-04-10T10:12,180835,4788767ae186f0848cbc10b18c9bd025784193c5f8cf29701c82eccacf01657c,2423,5,UF_ZI C6.0 ANO_CMPT C4.0 MES_CMPT C2.0 ESPEC C2.0 CGC_HOSP C14.0 N_AIH C13.0 IDENT C1.0 CEP C8.0 MUNIC_RES C6.0 NASC C8.0 SEXO C1.0 UTI_MES_IN N2.0 UTI_MES_AN N2.0 UTI_MES_AL N2.0 UTI_MES_TO N3.0 MARCA_UTI C2.0 UTI_INT_IN N2.0 UTI_INT_AN N2.0 UTI_INT_AL N2.0 UTI_INT_TO N3.0 DIAR_ACOM N3.0 QT_DIARIAS N3.0 PROC_SOLIC C10.0 PROC_REA C10.0 VAL_SH N13.2 VAL_SP N13.2 VAL_SADT N13.2 VAL_RN N13.2 VAL_ACOMP N13.2 VAL_ORTP N13.2 VAL_SANGUE N13.2 VAL_SADTSR N11.2 VAL_TRANSP N13.2 VAL_OBSANG N11.2 VAL_PED1AC N11.2 VAL_TOT N14.2 VAL_UTI N8.2 US_TOT N10.2 DT_INTER C8.0 DT_SAIDA C8.0 DIAG_PRINC C4.0 DIAG_SECUN C4.0 COBRANCA C2.0 NATUREZA C2.0 NAT_JUR C4.0 GESTAO C1.0 RUBRICA N5.0 IND_VDRL C1.0 MUNIC_MOV C6.0 COD_IDADE C1.0 IDADE N2.0 DIAS_PERM N5.0 MORTE N1.0 NACIONAL C3.0 NUM_PROC C4.0 CAR_INT C2.0 TOT_PT_SP N6.0 CPF_AUT C11.0 HOMONIMO C1.0 NUM_FILHOS N2.0 INSTRU C1.0 CID_NOTIF C4.0 CONTRACEP1 C2.0 CONTRACEP2 C2.0 GESTRISCO C1.0 INSC_PN C12.0 SEQ_AIH5 C3.0 CBOR C6.0 CNAER C3.0 VINCPREV C1.0 GESTOR_COD C5.0 GESTOR_TP C1.0 GESTOR_CPF C15.0 GESTOR_DT C8.0 CNES C7.0 CNPJ_MANT C14.0 INFEHOSP C1.0 CID_ASSO C4.0 CID_MORTE C4.0 COMPLEX C2.0 FINANC C2.0 FAEC_TP C6.0 REGCT C4.0 RACA_COR C2.0 ETNIA C4.0 SEQUENCIA N9.0 REMESSA C21.0 AUD_JUST C50.0 SIS_JUST C50.0 VAL_SH_FED N10.2 VAL_SP_FED N10.2 VAL_SH_GES N10.2 VAL_SP_GES N10.2 VAL_UCI N10.2 MARCA_UCI C2.0 DIAGSEC1 C4.0 DIAGSEC2 C4.0 DIAGSEC3 C4.0 DIAGSEC4 C4.0 DIAGSEC5 C4.0 DIAGSEC6 C4.0 DIAGSEC7 C4.0 DIAGSEC8 C4.0 DIAGSEC9 C1.0 TPDISEC1 C1.0 TPDISEC2 C1.0 TPDISEC3 C1.0 TPDISEC4 C1.0 TPDISEC5 C1.0 TPDISEC6 C1.0 TPDISEC7 C1.0 TPDISEC8 C1.0 TPDISEC9 C1.0
RDRR1603.dbc,2016-03,2017-05-05T14:42,214891,577c7d2702e3c0d5dd97adb9c2affd08237b5e78486de5e71444965bd2046168,2928,5,UF_ZI C6.0 ANO_CMPT C4.0 MES_CMPT C2.0 ESPEC C2.0 CGC_HOSP C14.0 N_AIH C13.0 IDENT C1.0 CEP C8.0 MUNIC_RES C6.0 NASC C8.0 SEXO C1.0 UTI_MES_IN N2.0 UTI_MES_AN N2.0 UTI_MES_AL N2.0 UTI_MES_TO N3.0 MARCA_UTI C2.0 UTI_INT_IN N2.0 UTI_INT_AN N2.0 UTI_INT_AL N2.0 UTI_INT_TO N3.0 DIAR_ACOM N3.0 QT_DIARIAS N3.0 PROC_SOLIC C10.0 PROC_REA C10.0 VAL_SH N13.2 VAL_SP N13.2 VAL_SADT N13.2 VAL_RN N13.2 VAL_ACOMP N13.2 VAL_ORTP N13.2 VAL_SANGUE N13.2 VAL_SADTSR N11.2 VAL_TRANSP N13.2 VAL_OBSANG N11.2 VAL_PED1AC N11.2 VAL_TOT N14.2 VAL_UTI N8.2 US_TOT N10.2 DT_INTER C8.0 DT_SAIDA C8.0 DIAG_PRINC C4.0 DIAG_SECUN C4.0 COBRANCA C2.0 NATUREZA C2.0 NAT_JUR C4.0 GESTAO C1.0 RUBRICA N5.0 IND_VDRL C1.0 MUNIC_MOV C6.0 COD_IDADE C1.0 IDADE N2.0 DIAS_PERM N5.0 MORTE N1.0 NACIONAL C3.0 NUM_PROC C4.0 CAR_INT C2.0 TOT_PT_SP N6.0 CPF_AUT C11.0 HOMONIMO C1.0 NUM_FILHOS N2.0 INSTRU C1.0 CID_NOTIF C4.0 CONTRACEP1 C2.0 CONTRACEP2 C2.0 GESTRISCO C1.0 INSC_PN C12.0 SEQ_AIH5 C3.0 CBOR C6.0 CNAER C3.0 VINCPREV C1.0 GESTOR_COD C5.0 GESTOR_TP C1.0 GESTOR_CPF C15.0 GESTOR_DT C8.0 CNES C7.0 CNPJ_MANT C14.0 INFEHOSP C1.0 CID_ASSO C4.0 CID_MORTE C4.0 COMPLEX C2.0 FINANC C2.0 FAEC_TP C6.0 REGCT C4.0 RACA_COR C2.0 ETNIA C4.0 SEQUENCIA N9.0 REMESSA C21.0 AUD_JUST C50.0 SIS_JUST C50.0 VAL_SH_FED N10.2 VAL_SP_FED N10.2 VAL_SH_GES N10.2 VAL_SP_GES N10.2 VAL_UCI N10.2 MARCA_UCI C2.0 DIAGSEC1 C4.0 DIAGSEC2 C4.0 DIAGSEC3 C4.0 DIAGSEC4 C4.0 DIAGSEC5 C4.0 DIAGSEC6 C4.0 DIAGSEC7 C4.0 DIAGSEC8 C4.0 DIAGSEC9 C1.0 TPDISEC1 C1.0 TPDISEC2 C1.0 TPDISEC3 C1.0 TPDISEC4 C1.0 TPDISEC5 C1.0 TPDISEC6 C1.0 TPDISEC7 C1.0 TPDISEC8 C1.0 TPDISEC9 C1.0
RDRR1604.dbc,2016-04,2017-06-05T10:02,240021,93de87a48a928a12597963719d684ee661918ac15e8931cee828e085706799a5,3327,5,UF_ZI C6.0 ANO_CMPT C4.0 MES_CMPT C2.0 ESPEC C2.0 CGC_HOSP C14.0 N_AIH C13.0 IDENT C1.0 CEP C8.0 MUNIC_RES C6.0 NASC C8.0 SEXO C1.0 UTI_MES_IN N2.0 UTI_MES_AN N2.0 UTI_MES_AL N2.0 UTI_MES_TO N3.0 MARCA_UTI C2.0 UTI_INT_IN N2.0 UTI_INT_AN N2.0 UTI_INT_AL N2.0 UTI_INT_TO N3.0 DIAR_ACOM N3.0 QT_DIARIAS N3.0 PROC_SOLIC C10.0 PROC_REA C10.0 VAL_SH N13.2 VAL_SP N13.2 VAL_SADT N13.2 VAL_RN N13.2 VAL_ACOMP N13.2 VAL_ORTP N13.2 VAL_SANGUE N13.2 VAL_SADTSR N11.2 VAL_TRANSP N13.2 VAL_OBSANG N11.2 VAL_PED1AC N11.2 VAL_TOT N14.2 VAL_UTI N8.2 US_TOT N10.2 DT_INTER C8.0 DT_SAIDA C8.0 DIAG_PRINC C4.0 DIAG_SECUN C4.0 COBRANCA C2.0 NATUREZA C2.0 NAT_JUR C4.0 GESTAO C1.0 RUBRICA N5.0 IND_VDRL C1.0 MUNIC_MOV C6.0 COD_IDADE C1.0 IDADE N2.0 DIAS_PERM N5.0 MORTE N1.0 NACIONAL C3.0 NUM_PROC C4.0 CAR_INT C2.0 TOT_PT_SP N6.0 CPF_AUT C11.0 HOMONIMO C1.0 NUM_FILHOS N2.0 INSTRU C1.0 CID_NOTIF C4.0 CONTRACEP1 C2.0 CONTRACEP2 C2.0 GESTRISCO C1.0 INSC_PN C12.0 SEQ_AIH5 C3.0 CBOR C6.0 CNAER C3.0 VINCPREV C1.0 GESTOR_COD C5.0 GESTOR_TP C1.0 GESTOR_CPF C15.0 GESTOR_DT C8.0 CNES C7.0 CNPJ_MANT C14.0 INFEHOSP C1.0 CID_ASSO C4.0 CID_MORTE C4.0 COMPLEX C2.0 FINANC C2.0 FAEC_TP C6.0 REGCT C4.0 RACA_COR C2.0 ETNIA C4.0 SEQUENCIA N9.0 REMESSA C21.0 AUD_JUST C50.0 SIS_JUST C50.0 VAL_SH_FED N10.2 VAL_SP_FED N10.2 VAL_SH_GES N10.2 VAL_SP_GES N10.2 VAL_UCI N10.2 MARCA_UCI C2.0 DIAGSEC1 C4.0 DIAGSEC2 C4.0 DIAGSEC3 C4.0 DIAGSEC4 C4.0 DIAGSEC5 C4.0 DIAGSEC6 C4.0 DIAGSEC7 C4.0 DIAGSEC8 C4.0 DIAGSEC9 C1.0 TPDISEC1 C1.0 TPDISEC2 C1.0 TPDISEC3 C1.0 TPDISEC4 C1.0 TPDISEC5 C1.0 TPDISEC6 C1.0 TPDISEC7 C1.0 TPDISEC8 C1.0 TPDISEC9 C1.0
RDRR1605.dbc,2016-05,2018-01-08T15:33,253934,ad35130a2767c5330418136947e3de1af1c1138b01fb5e00424c02f0f7760f0d,3476,5,UF_ZI C6.0 ANO_CMPT C4.0 MES_CMPT C2.0 ESPEC C2.0 CGC_HOSP C14.0 N_AIH C13.0 IDENT C1.0 CEP C8.0 MUNIC_RES C6.0 NASC C8.0 SEXO C1.0 UTI_MES_IN N2.0 UTI_MES_AN N2.0 UTI_MES_AL N2.0 UTI_MES_TO N3.0 MARCA_UTI C2.0 UTI_INT_IN N2.0 UTI_INT_AN N2.0 UTI_INT_AL N2.0 UTI_INT_TO N3.0 DIAR_ACOM N3.0 QT_DIARIAS N3.0 PROC_SOLIC C10.0 PROC_REA C10.0 VAL_SH N13.2 VAL_SP N13.2 VAL_SADT N13.2 VAL_RN N13.2 VAL_ACOMP N13.2 VAL_ORTP N13.2 VAL_SANGUE N13.2 VAL_SADTSR N11.2 VAL_TRANSP N13.2 VAL_OBSANG N11.2 VAL_PED1AC N11.2 VAL_TOT N14.2 VAL_UTI N8.2 US_TOT N10.2 DT_INTER C8.0 DT_SAIDA C8.0 DIAG_PRINC C4.0 DIAG_SECUN C4.0 COBRANCA C2.0 NATUREZA C2.0 NAT_JUR C4.0 GESTAO C1.0 RUBRICA N5.0 IND_VDRL C1.0 MUNIC_MOV C6.0 COD_IDADE C1.0 IDADE N2.0 DIAS_PERM N5.0 MORTE N1.0 NACIONAL C3.0 NUM_PROC C4.0 CAR_INT C2.0 TOT_PT_SP N6.0 CPF_AUT C11.0 HOMONIMO C1.0 NUM_FILHOS N2.0 INSTRU C1.0 CID_NOTIF C4.0 CONTRACEP1 C2.0 CONTRACEP2 C2.0 GESTRISCO C1.0 INSC_PN C12.0 SEQ_AIH5 C3.0 CBOR C6.0 CNAER C3.0 VINCPREV C1.0 GESTOR_COD C5.0 GESTOR_TP C1.0 GESTOR_CPF C15.0 GESTOR_DT C8.0 CNES C7.0 CNPJ_MANT C14.0 INFEHOSP C1.0 CID_ASSO C4.0 CID_MORTE C4.0 COMPLEX C2.0 FINANC C2.0 FAEC_TP C6.0 REGCT C4.0 RACA_COR C2.0 ETNIA C4.0 SEQUENCIA N9.0 REMESSA C21.0 AUD_JUST C50.0 SIS_JUST C50.0 VAL_SH_FED N10.2 VAL_SP_FED N10.2 VAL_SH_GES N10.2 VAL_SP_GES N10.2 VAL_UCI N10.2 MARCA_UCI C2.0 DIAGSEC1 C4.0 DIAGSEC2 C4.0 DIAGSEC3 C4.0 DIAGSEC4 C4.0 DIAGSEC5 C4.0 DIAGSEC6 C4.0 DIAGSEC7 C4.0 DIAGSEC8 C4.0 DIAGSEC9 C1.0 TPDISEC1 C1.0 TPDISEC2 C1.0 TPDISEC3 C1.0 TPDISEC4 C1.0 TPDISEC5 C1.0 TPDISEC6 C1.0 TPDISEC7 C1.0 TPDISEC8 C1.0 TPDISEC9 C1.0
RDRR1606.dbc,2016-06,2018-01-08T15:33,238517,56a3c05b7371a9fb646c28ab2ee7787e1f6183f951f568570585779c2878f927,3384,5,UF_ZI C6.0 ANO_CMPT C4.0 MES_CMPT C2.0 ESPEC C2.0 CGC_HOSP C14.0 N_AIH C13.0 IDENT C1.0 CEP C8.0 MUNIC_RES C6.0 NASC C8.0 SEXO C1.0 UTI_MES_IN N2.0 UTI_MES_AN N2.0 UTI_MES_AL N2.0 UTI_MES_TO N3.0 MARCA_UTI C2.0 UTI_INT_IN N2.0 UTI_INT_AN N2.0 UTI_INT_AL N2.0 UTI_INT_TO N3.0 DIAR_ACOM N3.0 QT_DIARIAS N3.0 PROC_SOLIC C10.0 PROC_REA C10.0 VAL_SH N13.2 VAL_SP N13.2 VAL_SADT N13.2 VAL_RN N13.2 VAL_ACOMP N13.2 VAL_ORTP N13.2 VAL_SANGUE N13.2 VAL_SADTSR N11.2 VAL_TRANSP N13.2 VAL_OBSANG N11.2 VAL_PED1AC N11.2 VAL_TOT N14.2 VAL_UTI N8.2 US_TOT N10.2 DT_INTER C8.0 DT_SAIDA C8.0 DIAG_PRINC C4.0 DIAG_SECUN C4.0 COBRANCA C2.0 NATUREZA C2.0 NAT_JUR C4.0 GESTAO C1.0 RUBRICA N5.0 IND_VDRL C1.0 MUNIC_MOV C6.0 COD_IDADE C1.0 IDADE N2.0 DIAS_PERM N5.0 MORTE N1.0 NACIONAL C3.0 NUM_PROC C4.0 CAR_INT C2.0 TOT_PT_SP N6.0 CPF_AUT C11.0 HOMONIMO C1.0 NUM_FILHOS N2.0 INSTRU C1.0 CID_NOTIF C4.0 CONTRACEP1 C2.0 CONTRACEP2 C2.0 GESTRISCO C1.0 INSC_PN C12.0 SEQ_AIH5 C3.0 CBOR C6.0 CNAER C3.0 VINCPREV C1.0 GESTOR_COD C5.0 GESTOR_TP C1.0 GESTOR_CPF C15.0 GESTOR_DT C8.0 CNES C7.0 CNPJ_MANT C14.0 INFEHOSP C1.0 CID_ASSO C4.0 CID_MORTE C4.0 COMPLEX C2.0 FINANC C2.0 FAEC_TP C6.0 REGCT C4.0 RACA_COR C2.0 ETNIA C4.0 SEQUENCIA N9.0 REMESSA C21.0 AUD_JUST C50.0 SIS_JUST C50.0 VAL_SH_FED N10.2 VAL_SP_FED N10.2 VAL_SH_GES N10.2 VAL_SP_GES N10.2 VAL_UCI N10.2 MARCA_UCI C2.0 DIAGSEC1 C4.0 DIAGSEC2 C4.0 DIAGSEC3 C4.0 DIAGSEC4 C4.0 DIAGSEC5 C4.0 DIAGSEC6 C4.0 DIAGSEC7 C4.0 DIAGSEC8 C4.0 DIAGSEC9 C1.0 TPDISEC1 C1.0 TPDISEC2 C1.0 TPDISEC3 C1.0 TPDISEC4 C1.0 TPDISEC5 C1.0 TPDISEC6 C1.0 TPDISEC7 C1.0 TPDISEC8 C1.0 TPDISEC9 C1.0
RDRR1607.dbc,2016-07,2018-01-08T15:33,279438,a0bc3469841b93c0784a9f2f180d54787c6bd614b014561858f40736c44daf19,3811,5,UF_ZI C6.0 ANO_CMPT C4.0 MES_CMPT C2.0 ESPEC C2.0 CGC_HOSP C14.0 N_AIH C13.0 IDENT C1.0 CEP C8.0 MUNIC_RES C6.0 NASC C8.0 SEXO C1.0 UTI_MES_IN N2.0 UTI_MES_AN N2.0 UTI_MES_AL N2.0 UTI_MES_TO N3.0 MARCA_UTI C2.0 UTI_INT_IN N2.0 UTI_INT_AN N2.0 UTI_INT_AL N2.0 UTI_INT_TO N3.0 DIAR_ACOM N3.0 QT_DIARIAS N3.0 PROC_SOLIC C10.0 PROC_REA C10.0 VAL_SH N13.2 VAL_SP N13.2 VAL_SADT N13.2 VAL_RN N13.2 VAL_ACOMP N13.2 VAL_ORTP N13.2 VAL_SANGUE N13.2 VAL_SADTSR N11.2 VAL_TRANSP N13.2 VAL_OBSANG N11.2 VAL_PED1AC N11.2 VAL_TOT N14.2 VAL_UTI N8.2 US_TOT N10.2 DT_INTER C8.0 DT_SAIDA C8.0 DIAG_PRINC C4.0 DIAG_SECUN C4.0 COBRANCA C2.0 NATUREZA C2.0 NAT_JUR C4.0 GESTAO C1.0 RUBRICA N5.0 IND_VDRL C1.0 MUNIC_MOV C6.0 COD_IDADE C1.0 IDADE N2.0 DIAS_PERM N5.0 MORTE N1.0 NACIONAL C3.0 NUM_PROC C4.0 CAR_INT C2.0 TOT_PT_SP N6.0 CPF_AUT C11.0 HOMONIMO C1.0 NUM_FILHOS N2.0 INSTRU C1.0 CID_NOTIF C4.0 CONTRACEP1 C2.0 CONTRACEP2 C2.0 GESTRISCO C1.0 INSC_PN C12.0 SEQ_AIH5 C3.0 CBOR C6.0 CNAER C3.0 VINCPREV C1.0 GESTOR_COD C5.0 GESTOR_TP C1.0 GESTOR_CPF C15.0 GESTOR_DT C8.0 CNES C7.0 CNPJ_MANT C14.0 INFEHOSP C1.0 CID_ASSO C4.0 CID_MORTE C4.0 COMPLEX C2.0 FINANC C2.0 FAEC_TP C6.0 REGCT C4.0 RACA_COR C2.0 ETNIA C4.0 SEQUENCIA N9.0 REMESSA C21.0 AUD_JUST C50.0 SIS_JUST C50.0 VAL_SH_FED N10.2 VAL_SP_FED N10.2 VAL_SH_GES N10.2 VAL_SP_GES N10.2 VAL_UCI N10.2 MARCA_UCI C2.0 DIAGSEC1 C4.0 DIAGSEC2 C4.0 DIAGSEC3 C4.0 DIAGSEC4 C4.0 DIAGSEC5 C4.0 DIAGSEC6 C4.0 DIAGSEC7 C4.0 DIAGSEC8 C4.0 DIAGSEC9 C1.0 TPDISEC1 C1.0 TPDISEC2 C1.0 TPDISEC3 C1.0 TPDISEC4 C1.0 TPDISEC5 C1.0 TPDISEC6 C1.0 TPDISEC7 C1.0 TPDISEC8 C1.0 TPDISEC9 C1.0
RDRR1608.dbc,2016-08,2018-01-08T15:33,268177,e33d783487209b6967f59fa3ecb4e226b58dd9338daec01a3cb9d743a53ff171,3728,5,UF_ZI C6.0 ANO_CMPT C4.0 MES_CMPT C2.0 ESPEC C2.0 CGC_HOSP C14.0 N_AIH C13.0 IDENT C1.0 CEP C8.0 MUNIC_RES C6.0 NASC C8.0 SEXO C1.0 UTI_MES_IN N2.0 UTI_MES_AN N2.0 UTI_MES_AL N2.0 UTI_MES_TO N3.0 MARCA_UTI C2.0 UTI_INT_IN N2.0 UTI_INT_AN N2.0 UTI_INT_AL N2.0 UTI_INT_TO N3.0 DIAR_ACOM N3.0 QT_DIARIAS N3.0 PROC_SOLIC C10.0 PROC_REA C10.0 VAL_SH N13.2 VAL_SP N13.2 VAL_SADT N13.2 VAL_RN N13.2 VAL_ACOMP N13.2 VAL_ORTP N13.2 VAL_SANGUE N13.2 VAL_SADTSR N11.2 VAL_TRANSP N13.2 VAL_OBSANG N11.2 VAL_PED1AC N11.2 VAL_TOT N14.2 VAL_UTI N8.2 US_TOT N10.2 DT_INTER C8.0 DT_SAIDA C8.0 DIAG_PRINC C4.0 DIAG_SECUN C4.0 COBRANCA C2.0 NATUREZA C2.0 NAT_JUR C4.0 GESTAO C1.0 RUBRICA N5.0 IND_VDRL C1.0 MUNIC_MOV C6.0 COD_IDADE C1.0 IDADE N2.0 DIAS_PERM N5.0 MORTE N1.0 NACIONAL C3.0 NUM_PROC C4.0 CAR_INT C2.0 TOT_PT_SP N6.0 CPF_AUT C11.0 HOMONIMO C1.0 NUM_FILHOS N2.0 INSTRU C1.0 CID_NOTIF C4.0 CONTRACEP1 C2.0 CONTRACEP2 C2.0 GESTRISCO C1.0 INSC_PN C12.0 SEQ_AIH5 C3.0 CBOR C6.0 CNAER C3.0 VINCPREV C1.0 GESTOR_COD C5.0 GESTOR_TP C1.0 GESTOR_CPF C15.0 GESTOR_DT C8.0 CNES C7.0 CNPJ_MANT C14.0 INFEHOSP C1.0 CID_ASSO C4.0 CID_MORTE C4.0 COMPLEX C2.0 FINANC C2.0 FAEC_TP C6.0 REGCT C4.0 RACA_COR C2.0 ETNIA C4.0 SEQUENCIA N9.0 REMESSA C21.0 AUD_JUST C50.0 SIS_JUST C50.0 VAL_SH_FED N10.2 VAL_SP_FED N10.2 VAL_SH_GES N10.2 VAL_SP_GES N10.2 VAL_UCI N10.2 MARCA_UCI C2.0 DIAGSEC1 C4.0 DIAGSEC2 C4.0 DIAGSEC3 C4.0 DIAGSEC4 C4.0 DIAGSEC5 C4.0 DIAGSEC6 C4.0 DIAGSEC7 C4.0 DIAGSEC8 C4.0 DIAGSEC9 C1.0 TPDISEC1 C1.0 TPDISEC2 C1.0 TPDISEC3 C1.0 TPDISEC4 C1.0 TPDISEC5 C1.0 TPDISEC6 C1.0 TPDISEC7 C1.0 TPDISEC8 C1.0 TPDISEC9 C1.0
RDRR1609.dbc,2016-09,2018-01-08T15:33,272534,7d0a4652d6e2095d82cf089d3f45d040a14c6f9ad38d4eb0bbafe8451197b790,3717,5,UF_ZI C6.0 ANO_CMPT C4.0 MES_CMPT C2.0 ESPEC C2.0 CGC_HOSP C14.0 N_AIH C13.0 IDENT C1.0 CEP C8.0 MUNIC_RES C6.0 NASC C8.0 SEXO C1.0 UTI_MES_IN N2.0 UTI_MES_AN N2.0 UTI_MES_AL N2.0 UTI_MES_TO N3.0 MARCA_UTI C2.0 UTI_INT_IN N2.0 UTI_INT_AN N2.0 UTI_INT_AL N2.0 UTI_INT_TO N3.0 DIAR_ACOM N3.0 QT_DIARIAS N3.0 PROC_SOLIC C10.0 PROC_REA C10.0 VAL_SH N13.2 VAL_SP N13.2 VAL_SADT N13.2 VAL_RN N13.2 VAL_ACOMP N13.2 VAL_ORTP N13.2 VAL_SANGUE N13.2 VAL_SADTSR N11.2 VAL_TRANSP N13.2 VAL_OBSANG N11.2 VAL_PED1AC N11.2 VAL_TOT N14.2 VAL_UTI N8.2 US_TOT N10.2 DT_INTER C8.0 DT_SAIDA C8.0 DIAG_PRINC C4.0 DIAG_SECUN C4.0 COBRANCA C2.0 NATUREZA C2.0 NAT_JUR C4.0 GESTAO C1.0 RUBRICA N5.0 IND_VDRL C1.0 MUNIC_MOV C6.0 COD_IDADE C1.0 IDADE N2.0 DIAS_PERM N5.0 MORTE N1.0 NACIONAL C3.0 NUM_PROC C4.0 CAR_INT C2.0 TOT_PT_SP N6.0 CPF_AUT C11.0 HOMONIMO C1.0 NUM_FILHOS N2.0 INSTRU C1.0 CID_NOTIF C4.0 CONTRACEP1 C2.0 CONTRACEP2 C2.0 GESTRISCO C1.0 INSC_PN C12.0 SEQ_AIH5 C3.0 CBOR C6.0 CNAER C3.0 VINCPREV C1.0 GESTOR_COD C5.0 GESTOR_TP C1.0 GESTOR_CPF C15.0 GESTOR_DT C8.0 CNES C7.0 CNPJ_MANT C14.0 INFEHOSP C1.0 CID_ASSO C4.0 CID_MORTE C4.0 COMPLEX C2.0 FINANC C2.0 FAEC_TP C6.0 REGCT C4.0 RACA_COR C2.0 ETNIA C4.0 SEQUENCIA N9.0 REMESSA C21.0 AUD_JUST C50.0 SIS_JUST C50.0 VAL_SH_FED N10.2 VAL_SP_FED N10.2 VAL_SH_GES N10.2 VAL_SP_GES N10.2 VAL_UCI N10.2 MARCA_UCI C2.0 DIAGSEC1 C4.0 DIAGSEC2 C4.0 DIAGSEC3 C4.0 DIAGSEC4 C4.0 DIAGSEC5 C4.0 DIAGSEC6 C4.0 DIAGSEC7 C4.0 DIAGSEC8 C4.0 DIAGSEC9 C1.0 TPDISEC1 C1.0 TPDISEC2 C1.0 TPDISEC3 C1.0 TPDISEC4 C1.0 TPDISEC5 C1.0 TPDISEC6 C1.0 TPDISEC7 C1.0 TPDISEC8 C1.0 TPDISEC9 C1.0
RDRR1610.dbc,2016-10,2018-01-08T15:33,277780,3fc02ca528f922ea407547449f8e3be5cb2506051372b6058b7524a285b6be6f,3732,5,UF_ZI C6.0 ANO_CMPT C4.0 MES_CMPT C2.0 ESPEC C2.0 CGC_HOSP C14.0 N_AIH C13.0 IDENT C1.0 CEP C8.0 MUNIC_RES C6.0 NASC C8.0 SEXO C1.0 UTI_MES_IN N2.0 UTI_MES_AN N2.0 UTI_MES_AL N2.0 UTI_MES_TO N3.0 MARCA_UTI C2.0 UTI_INT_IN N2.0 UTI_INT_AN N2.0 UTI_INT_AL N2.0 UTI_INT_TO N3.0 DIAR_ACOM N3.0 QT_DIARIAS N3.0 PROC_SOLIC C10.0 PROC_REA C10.0 VAL_SH N13.2 VAL_SP N13.2 VAL_SADT N13.2 VAL_RN N13.2 VAL_ACOMP N13.2 VAL_ORTP N13.2 VAL_SANGUE N13.2 VAL_SADTSR N11.2 VAL_TRANSP N13.2 VAL_OBSANG N11.2 VAL_PED1AC N11.2 VAL_TOT N14.2 VAL_UTI N8.2 US_TOT N10.2 DT_INTER C8.0 DT_SAIDA C8.0 DIAG_PRINC C4.0 DIAG_SECUN C4.0 COBRANCA C2.0 NATUREZA C2.0 NAT_JUR C4.0 GESTAO C1.0 RUBRICA N5.0 IND_VDRL C1.0 MUNIC_MOV C6.0 COD_IDADE C1.0 IDADE N2.0 DIAS_PERM N5.0 MORTE N1.0 NACIONAL C3.0 NUM_PROC C4.0 CAR_INT C2.0 TOT_PT_SP N6.0 CPF_AUT C11.0 HOMONIMO C1.0 NUM_FILHOS N2.0 INSTRU C1.0 CID_NOTIF C4.0 CONTRACEP1 C2.0 CONTRACEP2 C2.0 GESTRISCO C1.0 INSC_PN C12.0 SEQ_AIH5 C3.0 CBOR C6.0 CNAER C3.0 VINCPREV C1.0 GESTOR_COD C5.0 GESTOR_TP C1.0 GESTOR_CPF C15.0 GESTOR_DT C8.0 CNES C7.0 CNPJ_MANT C14.0 INFEHOSP C1.0 CID_ASSO C4.0 CID_MORTE C4.0 COMPLEX C2.0 FINANC C2.0 FAEC_TP C6.0 REGCT C4.0 RACA_COR C2.0 ETNIA C4.0 SEQUENCIA N9.0 REMESSA C21.0 AUD_JUST C50.0 SIS_JUST C50.0 VAL_SH_FED N10.2 VAL_SP_FED N10.2 VAL_SH_GES N10.2 VAL_SP_GES N10.2 VAL_UCI N10.2 MARCA_UCI C2.0 DIAGSEC1 C4.0 DIAGSEC2 C4.0 DIAGSEC3 C4.0 DIAGSEC4 C4.0 DIAGSEC5 C4.0 DIAGSEC6 C4.0 DIAGSEC7 C4.0 DIAGSEC8 C4.0 DIAGSEC9 C1.0 TPDISEC1 C1.0 TPDISEC2 C1.0 TPDISEC3 C1.0 TPDISEC4 C1.0 TPDISEC5 C1.0 TPDISEC6 C1.0 TPDISEC7 C1.0 TPDISEC8 C1.0 TPDISEC9 C1.0
RDRR1611.dbc,2016-11,2018-01-08T15:33,275559,5defbbf12c884dfa507a287f833342420f73cb2464783947c78cbe43d9dae7fb,3802,5,UF_ZI C6.0 ANO_CMPT C4.0 MES_CMPT C2.0 ESPEC C2.0 CGC_HOSP C14.0 N_AIH C13.0 IDENT C1.0 CEP C8.0 MUNIC_RES C6.0 NASC C8.0 SEXO C1.0 UTI_MES_IN N2.0 UTI_MES_AN N2.0 UTI_MES_AL N2.0 UTI_MES_TO N3.0 MARCA_UTI C2.0 UTI_INT_IN N2.0 UTI_INT_AN N2.0 UTI_INT_AL N2.0 UTI_INT_TO N3.0 DIAR_ACOM N3.0 QT_DIARIAS N3.0 PROC_SOLIC C10.0 PROC_REA C10.0 VAL_SH N13.2 VAL_SP N13.2 VAL_SADT N13.2 VAL_RN N13.2 VAL_ACOMP N13.2 VAL_ORTP N13.2 VAL_SANGUE N13.2 VAL_SADTSR N11.2 VAL_TRANSP N13.2 VAL_OBSANG N11.2 VAL_PED1AC N11.2 VAL_TOT N14.2 VAL_UTI N8.2 US_TOT N10.2 DT_INTER C8.0 DT_SAIDA C8.0 DIAG_PRINC C4.0 DIAG_SECUN C4.0 COBRANCA C2.0 NATUREZA C2.0 NAT_JUR C4.0 GESTAO C1.0 RUBRICA N5.0 IND_VDRL C1.0 MUNIC_MOV C6.0 COD_IDADE C1.0 IDADE N2.0 DIAS_PERM N5.0 MORTE N1.0 NACIONAL C3.0 NUM_PROC C4.0 CAR_INT C2.0 TOT_PT_SP N6.0 CPF_AUT C11.0 HOMONIMO C1.0 NUM_FILHOS N2.0 INSTRU C1.0 CID_NOTIF C4.0 CONTRACEP1 C2.0 CONTRACEP2 C2.0 GESTRISCO C1.0 INSC_PN C12.0 SEQ_AIH5 C3.0 CBOR C6.0 CNAER C3.0 VINCPREV C1.0 GESTOR_COD C5.0 GESTOR_TP C1.0 GESTOR_CPF C15.0 GESTOR_DT C8.0 CNES C7.0 CNPJ_MANT C14.0 INFEHOSP C1.0 CID_ASSO C4.0 CID_MORTE C4.0 COMPLEX C2.0 FINANC C2.0 FAEC_TP C6.0 REGCT C4.0 RACA_COR C2.0 ETNIA C4.0 SEQUENCIA N9.0 REMESSA C21.0 AUD_JUST C50.0 SIS_JUST C50.0 VAL_SH_FED N10.2 VAL_SP_FED N10.2 VAL_SH_GES N10.2 VAL_SP_GES N10.2 VAL_UCI N10.2 MARCA_UCI C2.0 DIAGSEC1 C4.0 DIAGSEC2 C4.0 DIAGSEC3 C4.0 DIAGSEC4 C4.0 DIAGSEC5 C4.0 DIAGSEC6 C4.0 DIAGSEC7 C4.0 DIAGSEC8 C4.0 DIAGSEC9 C1.0 TPDISEC1 C1.0 TPDISEC2 C1.0 TPDISEC3 C1.0 TPDISEC4 C1.0 TPDISEC5 C1.0 TPDISEC6 C1.0 TPDISEC7 C1.0 TPDISEC8 C1.0 TPDISEC9 C1.0
RDRR1612.dbc,2016-12,2018-02-05T09:41,234840,a9a02919689b009261c39f26b426af688965edb302e9d0fe49d67408a3d42fbc,3193,5,UF_ZI C6.0 ANO_CMPT C4.0 MES_CMPT C2.0 ESPEC C2.0 CGC_HOSP C14.0 N_AIH C13.0 IDENT C1.0 CEP C8.0 MUNIC_RES C6.0 NASC C8.0 SEXO C1.0 UTI_MES_IN N2.0 UTI_MES_AN N2.0 UTI_MES_AL N2.0 UTI_MES_TO N3.0 MARCA_UTI C2.0 UTI_INT_IN N2.0 UTI_INT_AN N2.0 UTI_INT_AL N2.0 UTI_INT_TO N3.0 DIAR_ACOM N3.0 QT_DIARIAS N3.0 PROC_SOLIC C10.0 PROC_REA C10.0 VAL_SH N13.2 VAL_SP N13.2 VAL_SADT N13.2 VAL_RN N13.2 VAL_ACOMP N13.2 VAL_ORTP N13.2 VAL_SANGUE N13.2 VAL_SADTSR N11.2 VAL_TRANSP N13.2 VAL_OBSANG N11.2 VAL_PED1AC N11.2 VAL_TOT N14.2 VAL_UTI N8.2 US_TOT N10.2 DT_INTER C8.0 DT_SAIDA C8.0 DIAG_PRINC C4.0 DIAG_SECUN C4.0 COBRANCA C2.0 NATUREZA C2.0 NAT_JUR C4.0 GESTAO C1.0 RUBRICA N5.0 IND_VDRL C1.0 MUNIC_MOV C6.0 COD_IDADE C1.0 IDADE N2.0 DIAS_PERM N5.0 MORTE N1.0 NACIONAL C3.0 NUM_PROC C4.0 CAR_INT C2.0 TOT_PT_SP N6.0 CPF_AUT C11.0 HOMONIMO C1.0 NUM_FILHOS N2.0 INSTRU C1.0 CID_NOTIF C4.0 CONTRACEP1 C2.0 CONTRACEP2 C2.0 GESTRISCO C1.0 INSC_PN C12.0 SEQ_AIH5 C3.0 CBOR C6.0 CNAER C3.0 VINCPREV C1.0 GESTOR_COD C5.0 GESTOR_TP C1.0 GESTOR_CPF C15.0 GESTOR_DT C8.0 CNES C7.0 CNPJ_MANT C14.0 INFEHOSP C1.0 CID_ASSO C4.0 CID_MORTE C4.0 COMPLEX C2.0 FINANC C2.0 FAEC_TP C6.0 REGCT C4.0 RACA_COR C2.0 ETNIA C4.0 SEQUENCIA N9.0 REMESSA C21.0 AUD_JUST C50.0 SIS_JUST C50.0 VAL_SH_FED N10.2 VAL_SP_FED N10.2 VAL_SH_GES N10.2 VAL_SP_GES N10.2 VAL_UCI N10.2 MARCA_UCI C2.0 DIAGSEC1 C4.0 DIAGSEC2 C4.0 DIAGSEC3 C4.0 DIAGSEC4 C4.0 DIAGSEC5 C4.0 DIAGSEC6 C4.0 DIAGSEC7 C4.0 DIAGSEC8 C4.0 DIAGSEC9 C1.0 TPDISEC1 C1.0 TPDISEC2 C1.0 TPDISEC3 C1.0 TPDISEC4 C1.0 TPDISEC5 C1.0 TPDISEC6 C1.0 TPDISEC7 C1.0 TPDISEC8 C1.0 TPDISEC9 C1.0
RDRR1701.dbc,2017-01,2019-04-10T16:30,234889,d6a619be6bddda0a5c05c3915ad6344f2475bd93d5519afbb04e66b3ad5dc77e,3173,5,UF_ZI C6.0 ANO_CMPT C4.0 MES_CMPT C2.0 ESPEC C2.0 CGC_HOSP C14.0 N_AIH C13.0 IDENT C1.0 CEP C8.0 MUNIC_RES C6.0 NASC C8.0 SEXO C1.0 UTI_MES_IN N2.0 UTI_MES_AN N2.0 UTI_MES_AL N2.0 UTI_MES_TO N3.0 MARCA_UTI C2.0 UTI_INT_IN N2.0 UTI_INT_AN N2.0 UTI_INT_AL N2.0 UTI_INT_TO N3.0 DIAR_ACOM N3.0 QT_DIARIAS N3.0 PROC_SOLIC C10.0 PROC_REA C10.0 VAL_SH N13.2 VAL_SP N13.2 VAL_SADT N13.2 VAL_RN N13.2 VAL_ACOMP N13.2 VAL_ORTP N13.2 VAL_SANGUE N13.2 VAL_SADTSR N11.2 VAL_TRANSP N13.2 VAL_OBSANG N11.2 VAL_PED1AC N11.2 VAL_TOT N14.2 VAL_UTI N8.2 US_TOT N10.2 DT_INTER C8.0 DT_SAIDA C8.0 DIAG_PRINC C4.0 DIAG_SECUN C4.0 COBRANCA C2.0 NATUREZA C2.0 NAT_JUR C4.0 GESTAO C1.0 RUBRICA N5.0 IND_VDRL C1.0 MUNIC_MOV C6.0 COD_IDADE C1.0 IDADE N2.0 DIAS_PERM N5.0 MORTE N1.0 NACIONAL C3.0 NUM_PROC C4.0 CAR_INT C2.0 TOT_PT_SP N6.0 CPF_AUT C11.0 HOMONIMO C1.0 NUM_FILHOS N2.0 INSTRU C1.0 CID_NOTIF C4.0 CONTRACEP1 C2.0 CONTRACEP2 C2.0 GESTRISCO C1.0 INSC_PN C12.0 SEQ_AIH5 C3.0 CBOR C6.0 CNAER C3.0 VINCPREV C1.0 GESTOR_COD C5.0 GESTOR_TP C1.0 GESTOR_CPF C15.0 GESTOR_DT C8.0 CNES C7.0 CNPJ_MANT C14.0 INFEHOSP C1.0 CID_ASSO C4.0 CID_MORTE C4.0 COMPLEX C2.0 FINANC C2.0 FAEC_TP C6.0 REGCT C4.0 RACA_COR C2.0 ETNIA C4.0 SEQUENCIA N9.0 REMESSA C21.0 AUD_JUST C50.0 SIS_JUST C50.0 VAL_SH_FED N10.2 VAL_SP_FED N10.2 VAL_SH_GES N10.2 VAL_SP_GES N10.2 VAL_UCI N10.2 MARCA_UCI C2.0 DIAGSEC1 C4.0 DIAGSEC2 C4.0 DIAGSEC3 C4.0 DIAGSEC4 C4.0 DIAGSEC5 C4.0 DIAGSEC6 C4.0 DIAGSEC7 C4.0 DIAGSEC8 C4.0 DIAGSEC9 C1.0 TPDISEC1 C1.0 TPDISEC2 C1.0 TPDISEC3 C1.0 TPDISEC4 C1.0 TPDISEC5 C1.0 TPDISEC6 C1.0 TPDISEC7 C1.0 TPDISEC8 C1.0 TPDISEC9 C1.0
RDRR1702.dbc,2017-02,2019-04-10T16:30,223023,e3a46cb7c036898a8f969085eaa6031ac0b65f7f1b0871e6238dd549931dae6d,2989,5,UF_ZI C6.0 ANO_CMPT C4.0 MES_CMPT C2.0 ESPEC C2.0 CGC_HOSP C14.0 N_AIH C13.0 IDENT C1.0 CEP C8.0 MUNIC_RES C6.0 NASC C8.0 SEXO C1.0 UTI_MES_IN N2.0 UTI_MES_AN N2.0 UTI_MES_AL N2.0 UTI_MES_TO N3.0 MARCA_UTI C2.0 UTI_INT_IN N2.0 UTI_INT_AN N2.0 UTI_INT_AL N2.0 UTI_INT_TO N3.0 DIAR_ACOM N3.0 QT_DIARIAS N3.0 PROC_SOLIC C10.0 PROC_REA C10.0 VAL_SH N13.2 VAL_SP N13.2 VAL_SADT N13.2 VAL_RN N13.2 VAL_ACOMP N13.2 VAL_ORTP N13.2 VAL_SANGUE N13.2 VAL_SADTSR N11.2 VAL_TRANSP N13.2 VAL_OBSANG N11.2 VAL_PED1AC N11.2 VAL_TOT N14.2 VAL_UTI N8.2 US_TOT N10.2 DT_INTER C8.0 DT_SAIDA C8.0 DIAG_PRINC C4.0 DIAG_SECUN C4.0 COBRANCA C2.0 NATUREZA C2.0 NAT_JUR C4.0 GESTAO C1.0 RUBRICA N5.0 IND_VDRL C1.0 MUNIC_MOV C6.0 COD_IDADE C1.0 IDADE N2.0 DIAS_PERM N5.0 MORTE N1.0 NACIONAL C3.0 NUM_PROC C4.0 CAR_INT C2.0 TOT_PT_SP N6.0 CPF_AUT C11.0 HOMONIMO C1.0 NUM_FILHOS N2.0 INSTRU C1.0 CID_NOTIF C4.0 CONTRACEP1 C2.0 CONTRACEP2 C2.0 GESTRISCO C1.0 INSC_PN C12.0 SEQ_AIH5 C3.0 CBOR C6.0 CNAER C3.0 VINCPREV C1.0 GESTOR_COD C5.0 GESTOR_TP C1.0 GESTOR_CPF C15.0 GESTOR_DT C8.0 CNES C7.0 CNPJ_MANT C14.0 INFEHOSP C1.0 CID_ASSO C4.0 CID_MORTE C4.0 COMPLEX C2.0 FINANC C2.0 FAEC_TP C6.0 REGCT C4.0 RACA_COR C2.0 ETNIA C4.0 SEQUENCIA N9.0 REMESSA C21.0 AUD_JUST C50.0 SIS_JUST C50.0 VAL_SH_FED N10.2 VAL_SP_FED N10.2 VAL_SH_GES N10.2 VAL_SP_GES N10.2 VAL_UCI N10.2 MARCA_UCI C2.0 DIAGSEC1 C4.0 DIAGSEC2 C4.0 DIAGSEC3 C4.0 DIAGSEC4 C4.0 DIAGSEC5 C4.0 DIAGSEC6 C4.0 DIAGSEC7 C4.0 DIAGSEC8 C4.0 DIAGSEC9 C1.0 TPDISEC1 C1.0 TPDISEC2 C1.0 TPDISEC3 C1.0 TPDISEC4 C1.0 TPDISEC5 C1.0 TPDISEC6 C1.0 TPDISEC7 C1.0 TPDISEC8 C1.0 TPDISEC9 C1.0
RDRR1703.dbc,2017-03,2019-04-10T16:30,256709,4a2df5cf283bdb69d33b19f30419c3b9df20c1d4a19189db2f15cdbfc415ebb5,3510,5,UF_ZI C6.0 ANO_CMPT C4.0 MES_CMPT C2.0 ESPEC C2.0 CGC_HOSP C14.0 N_AIH C13.0 IDENT C1.0 CEP C8.0 MUNIC_RES C6.0 NASC C8.0 SEXO C1.0 UTI_MES_IN N2.0 UTI_MES_AN N2.0 UTI_MES_AL N2.0 UTI_MES_TO N3.0 MARCA_UTI C2.0 UTI_INT_IN N2.0 UTI_INT_AN N2.0 UTI_INT_AL N2.0 UTI_INT_TO N3.0 DIAR_ACOM N3.0 QT_DIARIAS N3.0 PROC_SOLIC C10.0 PROC_REA C10.0 VAL_SH N13.2 VAL_SP N13.2 VAL_SADT N13.2 VAL_RN N13.2 VAL_ACOMP N13.2 VAL_ORTP N13.2 VAL_SANGUE N13.2 VAL_SADTSR N11.2 VAL_TRANSP N13.2 VAL_OBSANG N11.2 VAL_PED1AC N11.2 VAL_TOT N14.2 VAL_UTI N8.2 US_TOT N10.2 DT_INTER C8.0 DT_SAIDA C8.0 DIAG_PRINC C4.0 DIAG_SECUN C4.0 COBRANCA C2.0 NATUREZA C2.0 NAT_JUR C4.0 GESTAO C1.0 RUBRICA N5.0 IND_VDRL C1.0 MUNIC_MOV C6.0 COD_IDADE C1.0 IDADE N2.0 DIAS_PERM N5.0 MORTE N1.0 NACIONAL C3.0 NUM_PROC C4.0 CAR_INT C2.0 TOT_PT_SP N6.0 CPF_AUT C11.0 HOMONIMO C1.0 NUM_FILHOS N2.0 INSTRU C1.0 CID_NOTIF C4.0 CONTRACEP1 C2.0 CONTRACEP2 C2.0 GESTRISCO C1.0 INSC_PN C12.0 SEQ_AIH5 C3.0 CBOR C6.0 CNAER C3.0 VINCPREV C1.0 GESTOR_COD C5.0 GESTOR_TP C1.0 GESTOR_CPF C15.0 GESTOR_DT C8.0 CNES C7.0 CNPJ_MANT C14.0 INFEHOSP C1.0 CID_ASSO C4.0 CID_MORTE C4.0 COMPLEX C2.0 FINANC C2.0 FAEC_TP C6.0 REGCT C4.0 RACA_COR C2.0 ETNIA C4.0 SEQUENCIA N9.0 REMESSA C21.0 AUD_JUST C50.0 SIS_JUST C50.0 VAL_SH_FED N10.2 VAL_SP_FED N10.2 VAL_SH_GES N10.2 VAL_SP_GES N10.2 VAL_UCI N10.2 MARCA_UCI C2.0 DIAGSEC1 C4.0 DIAGSEC2 C4.0 DIAGSEC3 C4.0 DIAGSEC4 C4.0 DIAGSEC5 C4.0 DIAGSEC6 C4.0 DIAGSEC7 C4.0 DIAGSEC8 C4.0 DIAGSEC9 C1.0 TPDISEC1 C1.0 TPDISEC2 C1.0 TPDISEC3 C1.0 TPDISEC4 C1.0 TPDISEC5 C1.0 TPDISEC6 C1.0 TPDISEC7 C1.0 TPDISEC8 C1.0 TPDISEC9 C1.0
RDRR1704.dbc,2017-04,2019-04-10T16:30,277583,4f003d40f2b8522f271189412ff5407fbe296a10fbb09b80d3592734e5e7761c,3829,5,UF_ZI C6.0 ANO_CMPT C4.0 MES_CMPT C2.0 ESPEC C2.0 CGC_HOSP C14.0 N_AIH C13.0 IDENT C1.0 CEP C8.0 MUNIC_RES C6.0 NASC C8.0 SEXO C1.0 UTI_MES_IN N2.0 UTI_MES_AN N2.0 UTI_MES_AL N2.0 UTI_MES_TO N3.0 MARCA_UTI C2.0 UTI_INT_IN N2.0 UTI_INT_AN N2.0 UTI_INT_AL N2.0 UTI_INT_TO N3.0 DIAR_ACOM N3.0 QT_DIARIAS N3.0 PROC_SOLIC C10.0 PROC_REA C10.0 VAL_SH N13.2 VAL_SP N13.2 VAL_SADT N13.2 VAL_RN N13.2 VAL_ACOMP N13.2 VAL_ORTP N13.2 VAL_SANGUE N13.2 VAL_SADTSR N11.2 VAL_TRANSP N13.2 VAL_OBSANG N11.2 VAL_PED1AC N11.2 VAL_TOT N14.2 VAL_UTI N8.2 US_TOT N10.2 DT_INTER C8.0 DT_SAIDA C8.0 DIAG_PRINC C4.0 DIAG_SECUN C4.0 COBRANCA C2.0 NATUREZA C2.0 NAT_JUR C4.0 GESTAO C1.0 RUBRICA N5.0 IND_VDRL C1.0 MUNIC_MOV C6.0 COD_IDADE C1.0 IDADE N2.0 DIAS_PERM N5.0 MORTE N1.0 NACIONAL C3.0 NUM_PROC C4.0 CAR_INT C2.0 TOT_PT_SP N6.0 CPF_AUT C11.0 HOMONIMO C1.0 NUM_FILHOS N2.0 INSTRU C1.0 CID_NOTIF C4.0 CONTRACEP1 C2.0 CONTRACEP2 C2.0 GESTRISCO C1.0 INSC_PN C12.0 SEQ_AIH5 C3.0 CBOR C6.0 CNAER C3.0 VINCPREV C1.0 GESTOR_COD C5.0 GESTOR_TP C1.0 GESTOR_CPF C15.0 GESTOR_DT C8.0 CNES C7.0 CNPJ_MANT C14.0 INFEHOSP C1.0 CID_ASSO C4.0 CID_MORTE C4.0 COMPLEX C2.0 FINANC C2.0 FAEC_TP C6.0 REGCT C4.0 RACA_COR C2.0 ETNIA C4.0 SEQUENCIA N9.0 REMESSA C21.0 AUD_JUST C50.0 SIS_JUST C50.0 VAL_SH_FED N10.2 VAL_SP_FED N10.2 VAL_SH_GES N10.2 VAL_SP_GES N10.2 VAL_UCI N10.2 MARCA_UCI C2.0 DIAGSEC1 C4.0 DIAGSEC2 C4.0 DIAGSEC3 C4.0 DIAGSEC4 C4.0 DIAGSEC5 C4.0 DIAGSEC6 C4.0 DIAGSEC7 C4.0 DIAGSEC8 C4.0 DIAGSEC9 C1.0 TPDISEC1 C1.0 TPDISEC2 C1.0 TPDISEC3 C1.0 TPDISEC4 C1.0 TPDISEC5 C1.0 TPDISEC6 C1.0 TPDISEC7 C1.0 TPDISEC8 C1.0 TPDISEC9 C1.0
RDRR1705.dbc,2017-05,2019-04-10T16:30,285123,5f282caebda8307e07fb3502a6c938ae761dd49e10f869a85329bc159af74d00,3878,5,UF_ZI C6.0 ANO_CMPT C4.0 MES_CMPT C2.0 ESPEC C2.0 CGC_HOSP C14.0 N_AIH C13.0 IDENT C1.0 CEP C8.0 MUNIC_RES C6.0 NASC C8.0 SEXO C1.0 UTI_MES_IN N2.0 UTI_MES_AN N2.0 UTI_MES_AL N2.0 UTI_MES_TO N3.0 MARCA_UTI C2.0 UTI_INT_IN N2.0 UTI_INT_AN N2.0 UTI_INT_AL N2.0 UTI_INT_TO N3.0 DIAR_ACOM N3.0 QT_DIARIAS N3.0 PROC_SOLIC C10.0 PROC_REA C10.0 VAL_SH N13.2 VAL_SP N13.2 VAL_SADT N13.2 VAL_RN N13.2 VAL_ACOMP N13.2 VAL_ORTP N13.2 VAL_SANGUE N13.2 VAL_SADTSR N11.2 VAL_TRANSP N13.2 VAL_OBSANG N11.2 VAL_PED1AC N11.2 VAL_TOT N14.2 VAL_UTI N8.2 US_TOT N10.2 DT_INTER C8.0 DT_SAIDA C8.0 DIAG_PRINC C4.0 DIAG_SECUN C4.0 COBRANCA C2.0 NATUREZA C2.0 NAT_JUR C4.0 GESTAO C1.0 RUBRICA N5.0 IND_VDRL C1.0 MUNIC_MOV C6.0 COD_IDADE C1.0 IDADE N2.0 DIAS_PERM N5.0 MORTE N1.0 NACIONAL C3.0 NUM_PROC C4.0 CAR_INT C2.0 TOT_PT_SP N6.0 CPF_AUT C11.0 HOMONIMO C1.0 NUM_FILHOS N2.0 INSTRU C1.0 CID_NOTIF C4.0 CONTRACEP1 C2.0 CONTRACEP2 C2.0 GESTRISCO C1.0 INSC_PN C12.0 SEQ_AIH5 C3.0 CBOR C6.0 CNAER C3.0 VINCPREV C1.0 GESTOR_COD C5.0 GESTOR_TP C1.0 GESTOR_CPF C15.0 GESTOR_DT C8.0 CNES C7.0 CNPJ_MANT C14.0 INFEHOSP C1.0 CID_ASSO C4.0 CID_MORTE C4.0 COMPLEX C2.0 FINANC C2.0 FAEC_TP C6.0 REGCT C4.0 RACA_COR C2.0 ETNIA C4.0 SEQUENCIA N9.0 REMESSA C21.0 AUD_JUST C50.0 SIS_JUST C50.0 VAL_SH_FED N10.2 VAL_SP_FED N10.2 VAL_SH_GES N10.2 VAL_SP_GES N10.2 VAL_UCI N10.2 MARCA_UCI C2.0 DIAGSEC1 C4.0 DIAGSEC2 C4.0 DIAGSEC3 C4.0 DIAGSEC4 C4.0 DIAGSEC5 C4.0 DIAGSEC6 C4.0 DIAGSEC7 C4.0 DIAGSEC8 C4.0 DIAGSEC9 C1.0 TPDISEC1 C1.0 TPDISEC2 C1.0 TPDISEC3 C1.0 TPDISEC4 C1.0 TPDISEC5 C1.0 TPDISEC6 C1.0 TPDISEC7 C1.0 TPDISEC8 C1.0 TPDISEC9 C1.0
RDRR1706.dbc,2017-06,2019-04-10T16:30,289878,0c7eb8fa0a7ef0b727121119be8b9749a1f0a6526d60e742cb0da1ffd638dd33,3915,5,UF_ZI C6.0 ANO_CMPT C4.0 MES_CMPT C2.0 ESPEC C2.0 CGC_HOSP C14.0 N_AIH C13.0 IDENT C1.0 CEP C8.0 MUNIC_RES C6.0 NASC C8.0 SEXO C1.0 UTI_MES_IN N2.0 UTI_MES_AN N2.0 UTI_MES_AL N2.0 UTI_MES_TO N3.0 MARCA_UTI C2.0 UTI_INT_IN N2.0 UTI_INT_AN N2.0 UTI_INT_AL N2.0 UTI_INT_TO N3.0 DIAR_ACOM N3.0 QT_DIARIAS N3.0 PROC_SOLIC C10.0 PROC_REA C10.0 VAL_SH N13.2 VAL_SP N13.2 VAL_SADT N13.2 VAL_RN N13.2 VAL_ACOMP N13.2 VAL_ORTP N13.2 VAL_SANGUE N13.2 VAL_SADTSR N11.2 VAL_TRANSP N13.2 VAL_OBSANG N11.2 VAL_PED1AC N11.2 VAL_TOT N14.2 VAL_UTI N8.2 US_TOT N10.2 DT_INTER C8.0 DT_SAIDA C8.0 DIAG_PRINC C4.0 DIAG_SECUN C4.0 COBRANCA C2.0 NATUREZA C2.0 NAT_JUR C4.0 GESTAO C1.0 RUBRICA N5.0 IND_VDRL C1.0 MUNIC_MOV C6.0 COD_IDADE C1.0 IDADE N2.0 DIAS_PERM N5.0 MORTE N1.0 NACIONAL C3.0 NUM_PROC C4.0 CAR_INT C2.0 TOT_PT_SP N6.0 CPF_AUT C11.0 HOMONIMO C1.0 NUM_FILHOS N2.0 INSTRU C1.0 CID_NOTIF C4.0 CONTRACEP1 C2.0 CONTRACEP2 C2.0 GESTRISCO C1.0 INSC_PN C12.0 SEQ_AIH5 C3.0 CBOR C6.0 CNAER C3.0 VINCPREV C1.0 GESTOR_COD C5.0 GESTOR_TP C1.0 GESTOR_CPF C15.0 GESTOR_DT C8.0 CNES C7.0 CNPJ_MANT C14.0 INFEHOSP C1.0 CID_ASSO C4.0 CID_MORTE C4.0 COMPLEX C2.0 FINANC C2.0 FAEC_TP C6.0 REGCT C4.0 RACA_COR C2.0 ETNIA C4.0 SEQUENCIA N9.0 REMESSA C21.0 AUD_JUST C50.0 SIS_JUST C50.0 VAL_SH_FED N10.2 VAL_SP_FED N10.2 VAL_SH_GES N10.2 VAL_SP_GES N10.2 VAL_UCI N10.2 MARCA_UCI C2.0 DIAGSEC1 C4.0 DIAGSEC2 C4.0 DIAGSEC3 C4.0 DIAGSEC4 C4.0 DIAGSEC5 C4.0 DIAGSEC6 C4.0 DIAGSEC7 C4.0 DIAGSEC8 C4.0 DIAGSEC9 C1.0 TPDISEC1 C1.0 TPDISEC2 C1.0 TPDISEC3 C1.0 TPDISEC4 C1.0 TPDISEC5 C1.0 TPDISEC6 C1.0 TPDISEC7 C1.0 TPDISEC8 C1.0 TPDISEC9 C1.0
RDRR1707.dbc,2017-07,2019-04-10T16:30,313094,34fedafebe08c34771c054573653705f6faf26f6672ca50148f9460e27a07eb2,4189,5,UF_ZI C6.0 ANO_CMPT C4.0 MES_CMPT C2.0 ESPEC C2.0 CGC_HOSP C14.0 N_AIH C13.0 IDENT C1.0 CEP C8.0 MUNIC_RES C6.0 NASC C8.0 SEXO C1.0 UTI_MES_IN N2.0 UTI_MES_AN N2.0 UTI_MES_AL N2.0 UTI_MES_TO N3.0 MARCA_UTI C2.0 UTI_INT_IN N2.0 UTI_INT_AN N2.0 UTI_INT_AL N2.0 UTI_INT_TO N3.0 DIAR_ACOM N3.0 QT_DIARIAS N3.0 PROC_SOLIC C10.0 PROC_REA C10.0 VAL_SH N13.2 VAL_SP N13.2 VAL_SADT N13.2 VAL_RN N13.2 VAL_ACOMP N13.2 VAL_ORTP N13.2 VAL_SANGUE N13.2 VAL_SADTSR N11.2 VAL_TRANSP N13.2 VAL_OBSANG N11.2 VAL_PED1AC N11.2 VAL_TOT N14.2 VAL_UTI N8.2 US_TOT N10.2 DT_INTER C8.0 DT_SAIDA C8.0 DIAG_PRINC C4.0 DIAG_SECUN C4.0 COBRANCA C2.0 NATUREZA C2.0 NAT_JUR C4.0 GESTAO C1.0 RUBRICA N5.0 IND_VDRL C1.0 MUNIC_MOV C6.0 COD_IDADE C1.0 IDADE N2.0 DIAS_PERM N5.0 MORTE N1.0 NACIONAL C3.0 NUM_PROC C4.0 CAR_INT C2.0 TOT_PT_SP N6.0 CPF_AUT C11.0 HOMONIMO C1.0 NUM_FILHOS N2.0 INSTRU C1.0 CID_NOTIF C4.0 CONTRACEP1 C2.0 CONTRACEP2 C2.0 GESTRISCO C1.0 INSC_PN C12.0 SEQ_AIH5 C3.0 CBOR C6.0 CNAER C3.0 VINCPREV C1.0 GESTOR_COD C5.0 GESTOR_TP C1.0 GESTOR_CPF C15.0 GESTOR_DT C8.0 CNES C7.0 CNPJ_MANT C14.0 INFEHOSP C1.0 CID_ASSO C4.0 CID_MORTE C4.0 COMPLEX C2.0 FINANC C2.0 FAEC_TP C6.0 REGCT C4.0 RACA_COR C2.0 ETNIA C4.0 SEQUENCIA N9.0 REMESSA C21.0 AUD_JUST C50.0 SIS_JUST C50.0 VAL_SH_FED N10.2 VAL_SP_FED N10.2 VAL_SH_GES N10.2 VAL_SP_GES N10.2 VAL_UCI N10.2 MARCA_UCI C2.0 DIAGSEC1 C4.0 DIAGSEC2 C4.0 DIAGSEC3 C4.0 DIAGSEC4 C4.0 DIAGSEC5 C4.0 DIAGSEC6 C4.0 DIAGSEC7 C4.0 DIAGSEC8 C4.0 DIAGSEC9 C1.0 TPDISEC1 C1.0 TPDISEC2 C1.0 TPDISEC3 C1.0 TPDISEC4 C1.0 TPDISEC5 C1.0 TPDISEC6 C1.0 TPDISEC7 C1.0 TPDISEC8 C1.0 TPDISEC9 C1.0
RDRR1708.dbc,2017-08,2019-04-10T16:30,293177,431b67148c452e114e15a88b287e4546b2abb1180d20ee5ebf27d7c5db9d99b2,3969,5,UF_ZI C6.0 ANO_CMPT C4.0 MES_CMPT C2.0 ESPEC C2.0 CGC_HOSP C14.0 N_AIH C13.0 IDENT C1.0 CEP C8.0 MUNIC_RES C6.0 NASC C8.0 SEXO C1.0 UTI_MES_IN N2.0 UTI_MES_AN N2.0 UTI_MES_AL N2.0 UTI_MES_TO N3.0 MARCA_UTI C2.0 UTI_INT_IN N2.0 UTI_INT_AN N2.0 UTI_INT_AL N2.0 UTI_INT_TO N3.0 DIAR_ACOM N3.0 QT_DIARIAS N3.0 PROC_SOLIC C10.0 PROC_REA C10.0 VAL_SH N13.2 VAL_SP N13.2 VAL_SADT N13.2 VAL_RN N13.2 VAL_ACOMP N13.2 VAL_ORTP N13.2 VAL_SANGUE N13.2 VAL_SADTSR N11.2 VAL_TRANSP N13.2 VAL_OBSANG N11.2 VAL_PED1AC N11.2 VAL_TOT N14.2 VAL_UTI N8.2 US_TOT N10.2 DT_INTER C8.0 DT_SAIDA C8.0 DIAG_PRINC C4.0 DIAG_SECUN C4.0 COBRANCA C2.0 NATUREZA C2.0 NAT_JUR C4.0 GESTAO C1.0 RUBRICA N5.0 IND_VDRL C1.0 MUNIC_MOV C6.0 COD_IDADE C1.0 IDADE N2.0 DIAS_PERM N5.0 MORTE N1.0 NACIONAL C3.0 NUM_PROC C4.0 CAR_INT C2.0 TOT_PT_SP N6.0 CPF_AUT C11.0 HOMONIMO C1.0 NUM_FILHOS N2.0 INSTRU C1.0 CID_NOTIF C4.0 CONTRACEP1 C2.0 CONTRACEP2 C2.0 GESTRISCO C1.0 INSC_PN C12.0 SEQ_AIH5 C3.0 CBOR C6.0 CNAER C3.0 VINCPREV C1.0 GESTOR_COD C5.0 GESTOR_TP C1.0 GESTOR_CPF C15.0 GESTOR_DT C8.0 CNES C7.0 CNPJ_MANT C14.0 INFEHOSP C1.0 CID_ASSO C4.0 CID_MORTE C4.0 COMPLEX C2.0 FINANC C2.0 FAEC_TP C6.0 REGCT C4.0 RACA_COR C2.0 ETNIA C4.0 SEQUENCIA N9.0 REMESSA C21.0 AUD_JUST C50.0 SIS_JUST C50.0 VAL_SH_FED N10.2 VAL_SP_FED N10.2 VAL_SH_GES N10.2 VAL_SP_GES N10.2 VAL_UCI N10.2 MARCA_UCI C2.0 DIAGSEC1 C4.0 DIAGSEC2 C4.0 DIAGSEC3 C4.0 DIAGSEC4 C4.0 DIAGSEC5 C4.0 DIAGSEC6 C4.0 DIAGSEC7 C4.0 DIAGSEC8 C4.0 DIAGSEC9 C1.0 TPDISEC1 C1.0 TPDISEC2 C1.0 TPDISEC3 C1.0 TPDISEC4 C1.0 TPDISEC5 C1.0 TPDISEC6 C1.0 TPDISEC7 C1.0 TPDISEC8 C1.0 TPDISEC9 C1.0
RDRR1709.dbc,2017-09,2019-04-10T16:30,264452,b23050b3f6d5bd7955db076c2ee44cbe8ae6a6d294fda9220bfd726e630ce4d7,3549,5,UF_ZI C6.0 ANO_CMPT C4.0 MES_CMPT C2.0 ESPEC C2.0 CGC_HOSP C14.0 N_AIH C13.0 IDENT C1.0 CEP C8.0 MUNIC_RES C6.0 NASC C8.0 SEXO C1.0 UTI_MES_IN N2.0 UTI_MES_AN N2.0 UTI_MES_AL N2.0 UTI_MES_TO N3.0 MARCA_UTI C2.0 UTI_INT_IN N2.0 UTI_INT_AN N2.0 UTI_INT_AL N2.0 UTI_INT_TO N3.0 DIAR_ACOM N3.0 QT_DIARIAS N3.0 PROC_SOLIC C10.0 PROC_REA C10.0 VAL_SH N13.2 VAL_SP N13.2 VAL_SADT N13.2 VAL_RN N13.2 VAL_ACOMP N13.2 VAL_ORTP N13.2 VAL_SANGUE N13.2 VAL_SADTSR N11.2 VAL_TRANSP N13.2 VAL_OBSANG N11.2 VAL_PED1AC N11.2 VAL_TOT N14.2 VAL_UTI N8.2 US_TOT N10.2 DT_INTER C8.0 DT_SAIDA C8.0 DIAG_PRINC C4.0 DIAG_SECUN C4.0 COBRANCA C2.0 NATUREZA C2.0 NAT_JUR C4.0 GESTAO C1.0 RUBRICA N5.0 IND_VDRL C1.0 MUNIC_MOV C6.0 COD_IDADE C1.0 IDADE N2.0 DIAS_PERM N5.0 MORTE N1.0 NACIONAL C3.0 NUM_PROC C4.0 CAR_INT C2.0 TOT_PT_SP N6.0 CPF_AUT C11.0 HOMONIMO C1.0 NUM_FILHOS N2.0 INSTRU C1.0 CID_NOTIF C4.0 CONTRACEP1 C2.0 CONTRACEP2 C2.0 GESTRISCO C1.0 INSC_PN C12.0 SEQ_AIH5 C3.0 CBOR C6.0 CNAER C3.0 VINCPREV C1.0 GESTOR_COD C5.0 GESTOR_TP C1.0 GESTOR_CPF C15.0 GESTOR_DT C8.0 CNES C7.0 CNPJ_MANT C14.0 INFEHOSP C1.0 CID_ASSO C4.0 CID_MORTE C4.0 COMPLEX C2.0 FINANC C2.0 FAEC_TP C6.0 REGCT C4.0 RACA_COR C2.0 ETNIA C4.0 SEQUENCIA N9.0 REMESSA C21.0 AUD_JUST C50.0 SIS_JUST C50.0 VAL_SH_FED N10.2 VAL_SP_FED N10.2 VAL_SH_GES N10.2 VAL_SP_GES N10.2 VAL_UCI N10.2 MARCA_UCI C2.0 DIAGSEC1 C4.0 DIAGSEC2 C4.0 DIAGSEC3 C4.0 DIAGSEC4 C4.0 DIAGSEC5 C4.0 DIAGSEC6 C4.0 DIAGSEC7 C4.0 DIAGSEC8 C4.0 DIAGSEC9 C1.0 TPDISEC1 C1.0 TPDISEC2 C1.0 TPDISEC3 C1.0 TPDISEC4 C1.0 TPDISEC5 C1.0 TPDISEC6 C1.0 TPDISEC7 C1.0 TPDISEC8 C1.0 TPDISEC9 C1.0
RDRR1710.dbc,2017-10,2019-04-10T16:30,270136,51fb326ae1f6524cfcbe72d75099990a4b2ef60ea762394ffea76c7bc764846b,3655,5,UF_ZI C6.0 ANO_CMPT C4.0 MES_CMPT C2.0 ESPEC C2.0 CGC_HOSP C14.0 N_AIH C13.0 IDENT C1.0 CEP C8.0 MUNIC_RES C6.0 NASC C8.0 SEXO C1.0 UTI_MES_IN N2.0 UTI_MES_AN N2.0 UTI_MES_AL N2.0 UTI_MES_TO N3.0 MARCA_UTI C2.0 UTI_INT_IN N2.0 UTI_INT_AN N2.0 UTI_INT_AL N2.0 UTI_INT_TO N3.0 DIAR_ACOM N3.0 QT_DIARIAS N3.0 PROC_SOLIC C10.0 PROC_REA C10.0 VAL_SH N13.2 VAL_SP N13.2 VAL_SADT N13.2 VAL_RN N13.2 VAL_ACOMP N13.2 VAL_ORTP N13.2 VAL_SANGUE N13.2 VAL_SADTSR N11.2 VAL_TRANSP N13.2 VAL_OBSANG N11.2 VAL_PED1AC N11.2 VAL_TOT N14.2 VAL_UTI N8.2 US_TOT N10.2 DT_INTER C8.0 DT_SAIDA C8.0 DIAG_PRINC C4.0 DIAG_SECUN C4.0 COBRANCA C2.0 NATUREZA C2.0 NAT_JUR C4.0 GESTAO C1.0 RUBRICA N5.0 IND_VDRL C1.0 MUNIC_MOV C6.0 COD_IDADE C1.0 IDADE N2.0 DIAS_PERM N5.0 MORTE N1.0 NACIONAL C3.0 NUM_PROC C4.0 CAR_INT C2.0 TOT_PT_SP N6.0 CPF_AUT C11.0 HOMONIMO C1.0 NUM_FILHOS N2.0 INSTRU C1.0 CID_NOTIF C4.0 CONTRACEP1 C2.0 CONTRACEP2 C2.0 GESTRISCO C1.0 INSC_PN C12.0 SEQ_AIH5 C3.0 CBOR C6.0 CNAER C3.0 VINCPREV C1.0 GESTOR_COD C5.0 GESTOR_TP C1.0 GESTOR_CPF C15.0 GESTOR_DT C8.0 CNES C7.0 CNPJ_MANT C14.0 INFEHOSP C1.0 CID_ASSO C4.0 CID_MORTE C4.0 COMPLEX C2.0 FINANC C2.0 FAEC_TP C6.0 REGCT C4.0 RACA_COR C2.0 ETNIA C4.0 SEQUENCIA N9.0 REMESSA C21.0 AUD_JUST C50.0 SIS_JUST C50.0 VAL_SH_FED N10.2 VAL_SP_FED N10.2 VAL_SH_GES N10.2 VAL_SP_GES N10.2 VAL_UCI N10.2 MARCA_UCI C2.0 DIAGSEC1 C4.0 DIAGSEC2 C4.0 DIAGSEC3 C4.0 DIAGSEC4 C4.0 DIAGSEC5 C4.0 DIAGSEC6 C4.0 DIAGSEC7 C4.0 DIAGSEC8 C4.0 DIAGSEC9 C1.0 TPDISEC1 C1.0 TPDISEC2 C1.0 TPDISEC3 C1.0 TPDISEC4 C1.0 TPDISEC5 C1.0 TPDISEC6 C1.0 TPDISEC7 C1.0 TPDISEC8 C1.0 TPDISEC9 C1.0
RDRR1711.dbc,2017-11,2019-04-10T16:30,261485,1275ad5da220bedf54204d5dadd3950dfbbbbb82f9b9db6731eb9fe75b217cb1,3489,5,UF_ZI C6.0 ANO_CMPT C4.0 MES_CMPT C2.0 ESPEC C2.0 CGC_HOSP C14.0 N_AIH C13.0 IDENT C1.0 CEP C8.0 MUNIC_RES C6.0 NASC C8.0 SEXO C1.0 UTI_MES_IN N2.0 UTI_MES_AN N2.0 UTI_MES_AL N2.0 UTI_MES_TO N3.0 MARCA_UTI C2.0 UTI_INT_IN N2.0 UTI_INT_AN N2.0 UTI_INT_AL N2.0 UTI_INT_TO N3.0 DIAR_ACOM N3.0 QT_DIARIAS N3.0 PROC_SOLIC C10.0 PROC_REA C10.0 VAL_SH N13.2 VAL_SP N13.2 VAL_SADT N13.2 VAL_RN N13.2 VAL_ACOMP N13.2 VAL_ORTP N13.2 VAL_SANGUE N13.2 VAL_SADTSR N11.2 VAL_TRANSP N13.2 VAL_OBSANG N11.2 VAL_PED1AC N11.2 VAL_TOT N14.2 VAL_UTI N8.2 US_TOT N10.2 DT_INTER C8.0 DT_SAIDA C8.0 DIAG_PRINC C4.0 DIAG_SECUN C4.0 COBRANCA C2.0 NATUREZA C2.0 NAT_JUR C4.0 GESTAO C1.0 RUBRICA N5.0 IND_VDRL C1.0 MUNIC_MOV C6.0 COD_IDADE C1.0 IDADE N2.0 DIAS_PERM N5.0 MORTE N1.0 NACIONAL C3.0 NUM_PROC C4.0 CAR_INT C2.0 TOT_PT_SP N6.0 CPF_AUT C11.0 HOMONIMO C1.0 NUM_FILHOS N2.0 INSTRU C1.0 CID_NOTIF C4.0 CONTRACEP1 C2.0 CONTRACEP2 C2.0 GESTRISCO C1.0 INSC_PN C12.0 SEQ_AIH5 C3.0 CBOR C6.0 CNAER C3.0 VINCPREV C1.0 GESTOR_COD C5.0 GESTOR_TP C1.0 GESTOR_CPF C15.0 GESTOR_DT C8.0 CNES C7.0 CNPJ_MANT C14.0 INFEHOSP C1.0 CID_ASSO C4.0 CID_MORTE C4.0 COMPLEX C2.0 FINANC C2.0 FAEC_TP C6.0 REGCT C4.0 RACA_COR C2.0 ETNIA C4.0 SEQUENCIA N9.0 REMESSA C21.0 AUD_JUST C50.0 SIS_JUST C50.0 VAL_SH_FED N10.2 VAL_SP_FED N10.2 VAL_SH_GES N10.2 VAL_SP_GES N10.2 VAL_UCI N10.2 MARCA_UCI C2.0 DIAGSEC1 C4.0 DIAGSEC2 C4.0 DIAGSEC3 C4.0 DIAGSEC4 C4.0 DIAGSEC5 C4.0 DIAGSEC6 C4.0 DIAGSEC7 C4.0 DIAGSEC8 C4.0 DIAGSEC9 C1.0 TPDISEC1 C1.0 TPDISEC2 C1.0 TPDISEC3 C1.0 TPDISEC4 C1.0 TPDISEC5 C1.0 TPDISEC6 C1.0 TPDISEC7 C1.0 TPDISEC8 C1.0 TPDISEC9 C1.0
RDRR1712.dbc,2017-12,2019-07-08T14:51,260899,8d46637a71debfb116dbff7eaf8c8cd05460252907f8f1e5c64aa2ccda8ba8ae,3513,5,UF_ZI C6.0 ANO_CMPT C4.0 MES_CMPT C2.0 ESPEC C2.0 CGC_HOSP C14.0 N_AIH C13.0 IDENT C1.0 CEP C8.0 MUNIC_RES C6.0 NASC C8.0 SEXO C1.0 UTI_MES_IN N2.0 UTI_MES_AN N2.0 UTI_MES_AL N2.0 UTI_MES_TO N3.0 MARCA_UTI C2.0 UTI_INT_IN N2.0 UTI_INT_AN N2.0 UTI_INT_AL N2.0 UTI_INT_TO N3.0 DIAR_ACOM N3.0 QT_DIARIAS N3.0 PROC_SOLIC C10.0 PROC_REA C10.0 VAL_SH N13.2 VAL_SP N13.2 VAL_SADT N13.2 VAL_RN N13.2 VAL_ACOMP N13.2 VAL_ORTP N13.2 VAL_SANGUE N13.2 VAL_SADTSR N11.2 VAL_TRANSP N13.2 VAL_OBSANG N11.2 VAL_PED1AC N11.2 VAL_TOT N14.2 VAL_UTI N8.2 US_TOT N10.2 DT_INTER C8.0 DT_SAIDA C8.0 DIAG_PRINC C4.0 DIAG_SECUN C4.0 COBRANCA C2.0 NATUREZA C2.0 NAT_JUR C4.0 GESTAO C1.0 RUBRICA N5.0 IND_VDRL C1.0 MUNIC_MOV C6.0 COD_IDADE C1.0 IDADE N2.0 DIAS_PERM N5.0 MORTE N1.0 NACIONAL C3.0 NUM_PROC C4.0 CAR_INT C2.0 TOT_PT_SP N6.0 CPF_AUT C11.0 HOMONIMO C1.0 NUM_FILHOS N2.0 INSTRU C1.0 CID_NOTIF C4.0 CONTRACEP1 C2.0 CONTRACEP2 C2.0 GESTRISCO C1.0 INSC_PN C12.0 SEQ_AIH5 C3.0 CBOR C6.0 CNAER C3.0 VINCPREV C1.0 GESTOR_COD C5.0 GESTOR_TP C1.0 GESTOR_CPF C15.0 GESTOR_DT C8.0 CNES C7.0 CNPJ_MANT C14.0 INFEHOSP C1.0 CID_ASSO C4.0 CID_MORTE C4.0 COMPLEX C2.0 FINANC C2.0 FAEC_TP C6.0 REGCT C4.0 RACA_COR C2.0 ETNIA C4.0 SEQUENCIA N9.0 REMESSA C21.0 AUD_JUST C50.0 SIS_JUST C50.0 VAL_SH_FED N10.2 VAL_SP_FED N10.2 VAL_SH_GES N10.2 VAL_SP_GES N10.2 VAL_UCI N10.2 MARCA_UCI C2.0 DIAGSEC1 C4.0 DIAGSEC2 C4.0 DIAGSEC3 C4.0 DIAGSEC4 C4.0 DIAGSEC5 C4.0 DIAGSEC6 C4.0 DIAGSEC7 C4.0 DIAGSEC8 C4.0 DIAGSEC9 C1.0 TPDISEC1 C1.0 TPDISEC2 C1.0 TPDISEC3 C1.0 TPDISEC4 C1.0 TPDISEC5 C1.0 TPDISEC6 C1.0 TPDISEC7 C1.0 TPDISEC8 C1.0 TPDISEC9 C1.0
RDRR1801.dbc,2018-01,2019-08-05T14:42,275993,238acd4c41b91c5348fc4ba452e2481b51245c5f040eccf201f7a797189255da,3717,5,UF_ZI C6.0 ANO_CMPT C4.0 MES_CMPT C2.0 ESPEC C2.0 CGC_HOSP C14.0 N_AIH C13.0 IDENT C1.0 CEP C8.0 MUNIC_RES C6.0 NASC C8.0 SEXO C1.0 UTI_MES_IN N2.0 UTI_MES_AN N2.0 UTI_MES_AL N2.0 UTI_MES_TO N3.0 MARCA_UTI C2.0 UTI_INT_IN N2.0 UTI_INT_AN N2.0 UTI_INT_AL N2.0 UTI_INT_TO N3.0 DIAR_ACOM N3.0 QT_DIARIAS N3.0 PROC_SOLIC C10.0 PROC_REA C10.0 VAL_SH N13.2 VAL_SP N13.2 VAL_SADT N13.2 VAL_RN N13.2 VAL_ACOMP N13.2 VAL_ORTP N13.2 VAL_SANGUE N13.2 VAL_SADTSR N11.2 VAL_TRANSP N13.2 VAL_OBSANG N11.2 VAL_PED1AC N11.2 VAL_TOT N14.2 VAL_UTI N8.2 US_TOT N10.2 DT_INTER C8.0 DT_SAIDA C8.0 DIAG_PRINC C4.0 DIAG_SECUN C4.0 COBRANCA C2.0 NATUREZA C2.0 NAT_JUR C4.0 GESTAO C1.0 RUBRICA N5.0 IND_VDRL C1.0 MUNIC_MOV C6.0 COD_IDADE C1.0 IDADE N2.0 DIAS_PERM N5.0 MORTE N1.0 NACIONAL C3.0 NUM_PROC C4.0 CAR_INT C2.0 TOT_PT_SP N6.0 CPF_AUT C11.0 HOMONIMO C1.0 NUM_FILHOS N2.0 INSTRU C1.0 CID_NOTIF C4.0 CONTRACEP1 C2.0 CONTRACEP2 C2.0 GESTRISCO C1.0 INSC_PN C12.0 SEQ_AIH5 C3.0 CBOR C6.0 CNAER C3.0 VINCPREV C1.0 GESTOR_COD C5.0 GESTOR_TP C1.0 GESTOR_CPF C15.0 GESTOR_DT C8.0 CNES C7.0 CNPJ_MANT C14.0 INFEHOSP C1.0 CID_ASSO C4.0 CID_MORTE C4.0 COMPLEX C2.0 FINANC C2.0 FAEC_TP C6.0 REGCT C4.0 RACA_COR C2.0 ETNIA C4.0 SEQUENCIA N9.0 REMESSA C21.0 AUD_JUST C50.0 SIS_JUST C50.0 VAL_SH_FED N10.2 VAL_SP_FED N10.2 VAL_SH_GES N10.2 VAL_SP_GES N10.2 VAL_UCI N10.2 MARCA_UCI C2.0 DIAGSEC1 C4.0 DIAGSEC2 C4.0 DIAGSEC3 C4.0 DIAGSEC4 C4.0 DIAGSEC5 C4.0 DIAGSEC6 C4.0 DIAGSEC7 C4.0 DIAGSEC8 C4.0 DIAGSEC9 C1.0 TPDISEC1 C1.0 TPDISEC2 C1.0 TPDISEC3 C1.0 TPDISEC4 C1.0 TPDISEC5 C1.0 TPDISEC6 C1.0 TPDISEC7 C1.0 TPDISEC8 C1.0 TPDISEC9 C1.0
RDRR1802.dbc,2018-02,2019-08-05T14:42,285515,638d5ece909c85a495e54f2248177c50e08925a19964cd4efa6a688158b8ed07,3776,5,UF_ZI C6.0 ANO_CMPT C4.0 MES_CMPT C2.0 ESPEC C2.0 CGC_HOSP C14.0 N_AIH C13.0 IDENT C1.0 CEP C8.0 MUNIC_RES C6.0 NASC C8.0 SEXO C1.0 UTI_MES_IN N2.0 UTI_MES_AN N2.0 UTI_MES_AL N2.0 UTI_MES_TO N3.0 MARCA_UTI C2.0 UTI_INT_IN N2.0 UTI_INT_AN N2.0 UTI_INT_AL N2.0 UTI_INT_TO N3.0 DIAR_ACOM N3.0 QT_DIARIAS N3.0 PROC_SOLIC C10.0 PROC_REA C10.0 VAL_SH N13.2 VAL_SP N13.2 VAL_SADT N13.2 VAL_RN N13.2 VAL_ACOMP N13.2 VAL_ORTP N13.2 VAL_SANGUE N13.2 VAL_SADTSR N11.2 VAL_TRANSP N13.2 VAL_OBSANG N11.2 VAL_PED1AC N11.2 VAL_TOT N14.2 VAL_UTI N8.2 US_TOT N10.2 DT_INTER C8.0 DT_SAIDA C8.0 DIAG_PRINC C4.0 DIAG_SECUN C4.0 COBRANCA C2.0 NATUREZA C2.0 NAT_JUR C4.0 GESTAO C1.0 RUBRICA N5.0 IND_VDRL C1.0 MUNIC_MOV C6.0 COD_IDADE C1.0 IDADE N2.0 DIAS_PERM N5.0 MORTE N1.0 NACIONAL C3.0 NUM_PROC C4.0 CAR_INT C2.0 TOT_PT_SP N6.0 CPF_AUT C11.0 HOMONIMO C1.0 NUM_FILHOS N2.0 INSTRU C1.0 CID_NOTIF C4.0 CONTRACEP1 C2.0 CONTRACEP2 C2.0 GESTRISCO C1.0 INSC_PN C12.0 SEQ_AIH5 C3.0 CBOR C6.0 CNAER C3.0 VINCPREV C1.0 GESTOR_COD C5.0 GESTOR_TP C1.0 GESTOR_CPF C15.0 GESTOR_DT C8.0 CNES C7.0 CNPJ_MANT C14.0 INFEHOSP C1.0 CID_ASSO C4.0 CID_MORTE C4.0 COMPLEX C2.0 FINANC C2.0 FAEC_TP C6.0 REGCT C4.0 RACA_COR C2.0 ETNIA C4.0 SEQUENCIA N9.0 REMESSA C21.0 AUD_JUST C50.0 SIS_JUST C50.0 VAL_SH_FED N10.2 VAL_SP_FED N10.2 VAL_SH_GES N10.2 VAL_SP_GES N10.2 VAL_UCI N10.2 MARCA_UCI C2.0 DIAGSEC1 C4.0 DIAGSEC2 C4.0 DIAGSEC3 C4.0 DIAGSEC4 C4.0 DIAGSEC5 C4.0 DIAGSEC6 C4.0 DIAGSEC7 C4.0 DIAGSEC8 C4.0 DIAGSEC9 C1.0 TPDISEC1 C1.0 TPDISEC2 C1.0 TPDISEC3 C1.0 TPDISEC4 C1.0 TPDISEC5 C1.0 TPDISEC6 C1.0 TPDISEC7 C1.0 TPDISEC8 C1.0 TPDISEC9 C1.0
RDRR1803.dbc,2018-03,2019-08-05T14:42,270193,17c538c655b628f1d52945d33959cd297d5d4e3aec36eba99927998b8227eedc,3567,5,UF_ZI C6.0 ANO_CMPT C4.0 MES_CMPT C2.0 ESPEC C2.0 CGC_HOSP C14.0 N_AIH C13.0 IDENT C1.0 CEP C8.0 MUNIC_RES C6.0 NASC C8.0 SEXO C1.0 UTI_MES_IN N2.0 UTI_MES_AN N2.0 UTI_MES_AL N2.0 UTI_MES_TO N3.0 MARCA_UTI C2.0 UTI_INT_IN N2.0 UTI_INT_AN N2.0 UTI_INT_AL N2.0 UTI_INT_TO N3.0 DIAR_ACOM N3.0 QT_DIARIAS N3.0 PROC_SOLIC C10.0 PROC_REA C10.0 VAL_SH N13.2 VAL_SP N13.2 VAL_SADT N13.2 VAL_RN N13.2 VAL_ACOMP N13.2 VAL_ORTP N13.2 VAL_SANGUE N13.2 VAL_SADTSR N11.2 VAL_TRANSP N13.2 VAL_OBSANG N11.2 VAL_PED1AC N11.2 VAL_TOT N14.2 VAL_UTI N8.2 US_TOT N10.2 DT_INTER C8.0 DT_SAIDA C8.0 DIAG_PRINC C4.0 DIAG_SECUN C4.0 COBRANCA C2.0 NATUREZA C2.0 NAT_JUR C4.0 GESTAO C1.0 RUBRICA N5.0 IND_VDRL C1.0 MUNIC_MOV C6.0 COD_IDADE C1.0 IDADE N2.0 DIAS_PERM N5.0 MORTE N1.0 NACIONAL C3.0 NUM_PROC C4.0 CAR_INT C2.0 TOT_PT_SP N6.0 CPF_AUT C11.0 HOMONIMO C1.0 NUM_FILHOS N2.0 INSTRU C1.0 CID_NOTIF C4.0 CONTRACEP1 C2.0 CONTRACEP2 C2.0 GESTRISCO C1.0 INSC_PN C12.0 SEQ_AIH5 C3.0 CBOR C6.0 CNAER C3.0 VINCPREV C1.0 GESTOR_COD C5.0 GESTOR_TP C1.0 GESTOR_CPF C15.0 GESTOR_DT C8.0 CNES C7.0 CNPJ_MANT C14.0 INFEHOSP C1.0 CID_ASSO C4.0 CID_MORTE C4.0 COMPLEX C2.0 FINANC C2.0 FAEC_TP C6.0 REGCT C4.0 RACA_COR C2.0 ETNIA C4.0 SEQUENCIA N9.0 REMESSA C21.0 AUD_JUST C50.0 SIS_JUST C50.0 VAL_SH_FED N10.2 VAL_SP_FED N10.2 VAL_SH_GES N10.2 VAL_SP_GES N10.2 VAL_UCI N10.2 MARCA_UCI C2.0 DIAGSEC1 C4.0 DIAGSEC2 C4.0 DIAGSEC3 C4.0 DIAGSEC4 C4.0 DIAGSEC5 C4.0 DIAGSEC6 C4.0 DIAGSEC7 C4.0 DIAGSEC8 C4.0 DIAGSEC9 C1.0 TPDISEC1 C1.0 TPDISEC2 C1.0 TPDISEC3 C1.0 TPDISEC4 C1.0 TPDISEC5 C1.0 TPDISEC6 C1.0 TPDISEC7 C1.0 TPDISEC8 C1.0 TPDISEC9 C1.0
RDRR1804.dbc,2018-04,2019-08-05T14:42,261716,cf2bcbede1d83ef21c874a609a891260fe3a3279a657befd6e4c9c67d7cc7e3e,3461,5,UF_ZI C6.0 ANO_CMPT C4.0 MES_CMPT C2.0 ESPEC C2.0 CGC_HOSP C14.0 N_AIH C13.0 IDENT C1.0 CEP C8.0 MUNIC_RES C6.0 NASC C8.0 SEXO C1.0 UTI_MES_IN N2.0 UTI_MES_AN N2.0 UTI_MES_AL N2.0 UTI_MES_TO N3.0 MARCA_UTI C2.0 UTI_INT_IN N2.0 UTI_INT_AN N2.0 UTI_INT_AL N2.0 UTI_INT_TO N3.0 DIAR_ACOM N3.0 QT_DIARIAS N3.0 PROC_SOLIC C10.0 PROC_REA C10.0 VAL_SH N13.2 VAL_SP N13.2 VAL_SADT N13.2 VAL_RN N13.2 VAL_ACOMP N13.2 VAL_ORTP N13.2 VAL_SANGUE N13.2 VAL_SADTSR N11.2 VAL_TRANSP N13.2 VAL_OBSANG N11.2 VAL_PED1AC N11.2 VAL_TOT N14.2 VAL_UTI N8.2 US_TOT N10.2 DT_INTER C8.0 DT_SAIDA C8.0 DIAG_PRINC C4.0 DIAG_SECUN C4.0 COBRANCA C2.0 NATUREZA C2.0 NAT_JUR C4.0 GESTAO C1.0 RUBRICA N5.0 IND_VDRL C1.0 MUNIC_MOV C6.0 COD_IDADE C1.0 IDADE N2.0 DIAS_PERM N5.0 MORTE N1.0 NACIONAL C3.0 NUM_PROC C4.0 CAR_INT C2.0 TOT_PT_SP N6.0 CPF_AUT C11.0 HOMONIMO C1.0 NUM_FILHOS N2.0 INSTRU C1.0 CID_NOTIF C4.0 CONTRACEP1 C2.0 CONTRACEP2 C2.0 GESTRISCO C1.0 INSC_PN C12.0 SEQ_AIH5 C3.0 CBOR C6.0 CNAER C3.0 VINCPREV C1.0 GESTOR_COD C5.0 GESTOR_TP C1.0 GESTOR_CPF C15.0 GESTOR_DT C8.0 CNES C7.0 CNPJ_MANT C14.0 INFEHOSP C1.0 CID_ASSO C4.0 CID_MORTE C4.0 COMPLEX C2.0 FINANC C2.0 FAEC_TP C6.0 REGCT C4.0 RACA_COR C2.0 ETNIA C4.0 SEQUENCIA N9.0 REMESSA C21.0 AUD_JUST C50.0 SIS_JUST C50.0 VAL_SH_FED N10.2 VAL_SP_FED N10.2 VAL_SH_GES N10.2 VAL_SP_GES N10.2 VAL_UCI N10.2 MARCA_UCI C2.0 DIAGSEC1 C4.0 DIAGSEC2 C4.0 DIAGSEC3 C4.0 DIAGSEC4 C4.0 DIAGSEC5 C4.0 DIAGSEC6 C4.0 DIAGSEC7 C4.0 DIAGSEC8 C4.0 DIAGSEC9 C1.0 TPDISEC1 C1.0 TPDISEC2 C1.0 TPDISEC3 C1.0 TPDISEC4 C1.0 TPDISEC5 C1.0 TPDISEC6 C1.0 TPDISEC7 C1.0 TPDISEC8 C1.0 TPDISEC9 C1.0
RDRR1805.dbc,2018-05,2019-08-05T14:42,261218,d7a53ad73fcb26ac74f48140cd842d753d1b78363c06656f86d8b9017d4a1e2c,3504,5,UF_ZI C6.0 ANO_CMPT C4.0 MES_CMPT C2.0 ESPEC C2.0 CGC_HOSP C14.0 N_AIH C13.0 IDENT C1.0 CEP C8.0 MUNIC_RES C6.0 NASC C8.0 SEXO C1.0 UTI_MES_IN N2.0 UTI_MES_AN N2.0 UTI_MES_AL N2.0 UTI_MES_TO N3.0 MARCA_UTI C2.0 UTI_INT_IN N2.0 UTI_INT_AN N2.0 UTI_INT_AL N2.0 UTI_INT_TO N3.0 DIAR_ACOM N3.0 QT_DIARIAS N3.0 PROC_SOLIC C10.0 PROC_REA C10.0 VAL_SH N13.2 VAL_SP N13.2 VAL_SADT N13.2 VAL_RN N13.2 VAL_ACOMP N13.2 VAL_ORTP N13.2 VAL_SANGUE N13.2 VAL_SADTSR N11.2 VAL_TRANSP N13.2 VAL_OBSANG N11.2 VAL_PED1AC N11.2 VAL_TOT N14.2 VAL_UTI N8.2 US_TOT N10.2 DT_INTER C8.0 DT_SAIDA C8.0 DIAG_PRINC C4.0 DIAG_SECUN C4.0 COBRANCA C2.0 NATUREZA C2.0 NAT_JUR C4.0 GESTAO C1.0 RUBRICA N5.0 IND_VDRL C1.0 MUNIC_MOV C6.0 COD_IDADE C1.0 IDADE N2.0 DIAS_PERM N5.0 MORTE N1.0 NACIONAL C3.0 NUM_PROC C4.0 CAR_INT C2.0 TOT_PT_SP N6.0 CPF_AUT C11.0 HOMONIMO C1.0 NUM_FILHOS N2.0 INSTRU C1.0 CID_NOTIF C4.0 CONTRACEP1 C2.0 CONTRACEP2 C2.0 GESTRISCO C1.0 INSC_PN C12.0 SEQ_AIH5 C3.0 CBOR C6.0 CNAER C3.0 VINCPREV C1.0 GESTOR_COD C5.0 GESTOR_TP C1.0 GESTOR_CPF C15.0 GESTOR_DT C8.0 CNES C7.0 CNPJ_MANT C14.0 INFEHOSP C1.0 CID_ASSO C4.0 CID_MORTE C4.0 COMPLEX C2.0 FINANC C2.0 FAEC_TP C6.0 REGCT C4.0 RACA_COR C2.0 ETNIA C4.0 SEQUENCIA N9.0 REMESSA C21.0 AUD_JUST C50.0 SIS_JUST C50.0 VAL_SH_FED N10.2 VAL_SP_FED N10.2 VAL_SH_GES N10.2 VAL_SP_GES N10.2 VAL_UCI N10.2 MARCA_UCI C2.0 DIAGSEC1 C4.0 DIAGSEC2 C4.0 DIAGSEC3 C4.0 DIAGSEC4 C4.0 DIAGSEC5 C4.0 DIAGSEC6 C4.0 DIAGSEC7 C4.0 DIAGSEC8 C4.0 DIAGSEC9 C1.0 TPDISEC1 C1.0 TPDISEC2 C1.0 TPDISEC3 C1.0 TPDISEC4 C1.0 TPDISEC5 C1.0 TPDISEC6 C1.0 TPDISEC7 C1.0 TPDISEC8 C1.0 TPDISEC9 C1.0
RDRR1806.dbc,2018-06,2020-01-09T17:06,280275,66ba34b16f930e2a2030e8d4bf7461a1693193d997b4dbb7d584f1f5dbdd538b,3661,5,UF_ZI C6.0 ANO_CMPT C4.0 MES_CMPT C2.0 ESPEC C2.0 CGC_HOSP C14.0 N_AIH C13.0 IDENT C1.0 CEP C8.0 MUNIC_RES C6.0 NASC C8.0 SEXO C1.0 UTI_MES_IN N2.0 UTI_MES_AN N2.0 UTI_MES_AL N2.0 UTI_MES_TO N3.0 MARCA_UTI C2.0 UTI_INT_IN N2.0 UTI_INT_AN N2.0 UTI_INT_AL N2.0 UTI_INT_TO N3.0 DIAR_ACOM N3.0 QT_DIARIAS N3.0 PROC_SOLIC C10.0 PROC_REA C10.0 VAL_SH N13.2 VAL_SP N13.2 VAL_SADT N13.2 VAL_RN N13.2 VAL_ACOMP N13.2 VAL_ORTP N13.2 VAL_SANGUE N13.2 VAL_SADTSR N11.2 VAL_TRANSP N13.2 VAL_OBSANG N11.2 VAL_PED1AC N11.2 VAL_TOT N14.2 VAL_UTI N8.2 US_TOT N10.2 DT_INTER C8.0 DT_SAIDA C8.0 DIAG_PRINC C4.0 DIAG_SECUN C4.0 COBRANCA C2.0 NATUREZA C2.0 NAT_JUR C4.0 GESTAO C1.0 RUBRICA N5.0 IND_VDRL C1.0 MUNIC_MOV C6.0 COD_IDADE C1.0 IDADE N2.0 DIAS_PERM N5.0 MORTE N1.0 NACIONAL C3.0 NUM_PROC C4.0 CAR_INT C2.0 TOT_PT_SP N6.0 CPF_AUT C11.0 HOMONIMO C1.0 NUM_FILHOS N2.0 INSTRU C1.0 CID_NOTIF C4.0 CONTRACEP1 C2.0 CONTRACEP2 C2.0 GESTRISCO C1.0 INSC_PN C12.0 SEQ_AIH5 C3.0 CBOR C6.0 CNAER C3.0 VINCPREV C1.0 GESTOR_COD C5.0 GESTOR_TP C1.0 GESTOR_CPF C15.0 GESTOR_DT C8.0 CNES C7.0 CNPJ_MANT C14.0 INFEHOSP C1.0 CID_ASSO C4.0 CID_MORTE C4.0 COMPLEX C2.0 FINANC C2.0 FAEC_TP C6.0 REGCT C4.0 RACA_COR C2.0 ETNIA C4.0 SEQUENCIA N9.0 REMESSA C21.0 AUD_JUST C50.0 SIS_JUST C50.0 VAL_SH_FED N10.2 VAL_SP_FED N10.2 VAL_SH_GES N10.2 VAL_SP_GES N10.2 VAL_UCI N10.2 MARCA_UCI C2.0 DIAGSEC1 C4.0 DIAGSEC2 C4.0 DIAGSEC3 C4.0 DIAGSEC4 C4.0 DIAGSEC5 C4.0 DIAGSEC6 C4.0 DIAGSEC7 C4.0 DIAGSEC8 C4.0 DIAGSEC9 C1.0 TPDISEC1 C1.0 TPDISEC2 C1.0 TPDISEC3 C1.0 TPDISEC4 C1.0 TPDISEC5 C1.0 TPDISEC6 C1.0 TPDISEC7 C1.0 TPDISEC8 C1.0 TPDISEC9 C1.0
RDRR1807.dbc,2018-07,2020-01-09T17:06,271282,b9ad159d036b13adcde73eaadf52ac898e45f820a939d62538ce732a186b874d,3661,5,UF_ZI C6.0 ANO_CMPT C4.0 MES_CMPT C2.0 ESPEC C2.0 CGC_HOSP C14.0 N_AIH C13.0 IDENT C1.0 CEP C8.0 MUNIC_RES C6.0 NASC C8.0 SEXO C1.0 UTI_MES_IN N2.0 UTI_MES_AN N2.0 UTI_MES_AL N2.0 UTI_MES_TO N3.0 MARCA_UTI C2.0 UTI_INT_IN N2.0 UTI_INT_AN N2.0 UTI_INT_AL N2.0 UTI_INT_TO N3.0 DIAR_ACOM N3.0 QT_DIARIAS N3.0 PROC_SOLIC C10.0 PROC_REA C10.0 VAL_SH N13.2 VAL_SP N13.2 VAL_SADT N13.2 VAL_RN N13.2 VAL_ACOMP N13.2 VAL_ORTP N13.2 VAL_SANGUE N13.2 VAL_SADTSR N11.2 VAL_TRANSP N13.2 VAL_OBSANG N11.2 VAL_PED1AC N11.2 VAL_TOT N14.2 VAL_UTI N8.2 US_TOT N10.2 DT_INTER C8.0 DT_SAIDA C8.0 DIAG_PRINC C4.0 DIAG_SECUN C4.0 COBRANCA C2.0 NATUREZA C2.0 NAT_JUR C4.0 GESTAO C1.0 RUBRICA N5.0 IND_VDRL C1.0 MUNIC_MOV C6.0 COD_IDADE C1.0 IDADE N2.0 DIAS_PERM N5.0 MORTE N1.0 NACIONAL C3.0 NUM_PROC C4.0 CAR_INT C2.0 TOT_PT_SP N6.0 CPF_AUT C11.0 HOMONIMO C1.0 NUM_FILHOS N2.0 INSTRU C1.0 CID_NOTIF C4.0 CONTRACEP1 C2.0 CONTRACEP2 C2.0 GESTRISCO C1.0 INSC_PN C12.0 SEQ_AIH5 C3.0 CBOR C6.0 CNAER C3.0 VINCPREV C1.0 GESTOR_COD C5.0 GESTOR_TP C1.0 GESTOR_CPF C15.0 GESTOR_DT C8.0 CNES C7.0 CNPJ_MANT C14.0 INFEHOSP C1.0 CID_ASSO C4.0 CID_MORTE C4.0 COMPLEX C2.0 FINANC C2.0 FAEC_TP C6.0 REGCT C4.0 RACA_COR C2.0 ETNIA C4.0 SEQUENCIA N9.0 REMESSA C21.0 AUD_JUST C50.0 SIS_JUST C50.0 VAL_SH_FED N10.2 VAL_SP_FED N10.2 VAL_SH_GES N10.2 VAL_SP_GES N10.2 VAL_UCI N10.2 MARCA_UCI C2.0 DIAGSEC1 C4.0 DIAGSEC2 C4.0 DIAGSEC3 C4.0 DIAGSEC4 C4.0 DIAGSEC5 C4.0 DIAGSEC6 C4.0 DIAGSEC7 C4.0 DIAGSEC8 C4.0 DIAGSEC9 C1.0 TPDISEC1 C1.0 TPDISEC2 C1.0 TPDISEC3 C1.0 TPDISEC4 C1.0 TPDISEC5 C1.0 TPDISEC6 C1.0 TPDISEC7 C1.0 TPDISEC8 C1.0 TPDISEC9 C1.0
RDRR1808.dbc,2018-08,2020-01-09T17:06,277927,cd97fec22cf073c440d115d6941b6397fc94f9475f7044af3954b1b75ba57a85,3739,5,UF_ZI C6.0 ANO_CMPT C4.0 MES_CMPT C2.0 ESPEC C2.0 CGC_HOSP C14.0 N_AIH C13.0 IDENT C1.0 CEP C8.0 MUNIC_RES C6.0 NASC C8.0 SEXO C1.0 UTI_MES_IN N2.0 UTI_MES_AN N2.0 UTI_MES_AL N2.0 UTI_MES_TO N3.0 MARCA_UTI C2.0 UTI_INT_IN N2.0 UTI_INT_AN N2.0 UTI_INT_AL N2.0 UTI_INT_TO N3.0 DIAR_ACOM N3.0 QT_DIARIAS N3.0 PROC_SOLIC C10.0 PROC_REA C10.0 VAL_SH N13.2 VAL_SP N13.2 VAL_SADT N13.2 VAL_RN N13.2 VAL_ACOMP N13.2 VAL_ORTP N13.2 VAL_SANGUE N13.2 VAL_SADTSR N11.2 VAL_TRANSP N13.2 VAL_OBSANG N11.2 VAL_PED1AC N11.2 VAL_TOT N14.2 VAL_UTI N8.2 US_TOT N10.2 DT_INTER C8.0 DT_SAIDA C8.0 DIAG_PRINC C4.0 DIAG_SECUN C4.0 COBRANCA C2.0 NATUREZA C2.0 NAT_JUR C4.0 GESTAO C1.0 RUBRICA N5.0 IND_VDRL C1.0 MUNIC_MOV C6.0 COD_IDADE C1.0 IDADE N2.0 DIAS_PERM N5.0 MORTE N1.0 NACIONAL C3.0 NUM_PROC C4.0 CAR_INT C2.0 TOT_PT_SP N6.0 CPF_AUT C11.0 HOMONIMO C1.0 NUM_FILHOS N2.0 INSTRU C1.0 CID_NOTIF C4.0 CONTRACEP1 C2.0 CONTRACEP2 C2.0 GESTRISCO C1.0 INSC_PN C12.0 SEQ_AIH5 C3.0 CBOR C6.0 CNAER C3.0 VINCPREV C1.0 GESTOR_COD C5.0 GESTOR_TP C1.0 GESTOR_CPF C15.0 GESTOR_DT C8.0 CNES C7.0 CNPJ_MANT C14.0 INFEHOSP C1.0 CID_ASSO C4.0 CID_MORTE C4.0 COMPLEX C2.0 FINANC C2.0 FAEC_TP C6.0 REGCT C4.0 RACA_COR C2.0 ETNIA C4.0 SEQUENCIA N9.0 REMESSA C21.0 AUD_JUST C50.0 SIS_JUST C50.0 VAL_SH_FED N10.2 VAL_SP_FED N10.2 VAL_SH_GES N10.2 VAL_SP_GES N10.2 VAL_UCI N10.2 MARCA_UCI C2.0 DIAGSEC1 C4.0 DIAGSEC2 C4.0 DIAGSEC3 C4.0 DIAGSEC4 C4.0 DIAGSEC5 C4.0 DIAGSEC6 C4.0 DIAGSEC7 C4.0 DIAGSEC8 C4.0 DIAGSEC9 C1.0 TPDISEC1 C1.0 TPDISEC2 C1.0 TPDISEC3 C1.0 TPDISEC4 C1.0 TPDISEC5 C1.0 TPDISEC6 C1.0 TPDISEC7 C1.0 TPDISEC8 C1.0 TPDISEC9 C1.0
RDRR1809.dbc,2018-09,2020-01-09T17:06,260809,2b473c0eedc3a8f272d9a9161f6b51195064fd023a4cd34e95dd6c6c42515c35,3471,5,UF_ZI C6.0 ANO_CMPT C4.0 MES_CMPT C2.0 ESPEC C2.0 CGC_HOSP C14.0 N_AIH C13.0 IDENT C1.0 CEP C8.0 MUNIC_RES C6.0 NASC C8.0 SEXO C1.0 UTI_MES_IN N2.0 UTI_MES_AN N2.0 UTI_MES_AL N2.0 UTI_MES_TO N3.0 MARCA_UTI C2.0 UTI_INT_IN N2.0 UTI_INT_AN N2.0 UTI_INT_AL N2.0 UTI_INT_TO N3.0 DIAR_ACOM N3.0 QT_DIARIAS N3.0 PROC_SOLIC C10.0 PROC_REA C10.0 VAL_SH N13.2 VAL_SP N13.2 VAL_SADT N13.2 VAL_RN N13.2 VAL_ACOMP N13.2 VAL_ORTP N13.2 VAL_SANGUE N13.2 VAL_SADTSR N11.2 VAL_TRANSP N13.2 VAL_OBSANG N11.2 VAL_PED1AC N11.2 VAL_TOT N14.2 VAL_UTI N8.2 US_TOT N10.2 DT_INTER C8.0 DT_SAIDA C8.0 DIAG_PRINC C4.0 DIAG_SECUN C4.0 COBRANCA C2.0 NATUREZA C2.0 NAT_JUR C4.0 GESTAO C1.0 RUBRICA N5.0 IND_VDRL C1.0 MUNIC_MOV C6.0 COD_IDADE C1.0 IDADE N2.0 DIAS_PERM N5.0 MORTE N1.0 NACIONAL C3.0 NUM_PROC C4.0 CAR_INT C2.0 TOT_PT_SP N6.0 CPF_AUT C11.0 HOMONIMO C1.0 NUM_FILHOS N2.0 INSTRU C1.0 CID_NOTIF C4.0 CONTRACEP1 C2.0 CONTRACEP2 C2.0 GESTRISCO C1.0 INSC_PN C12.0 SEQ_AIH5 C3.0 CBOR C6.0 CNAER C3.0 VINCPREV C1.0 GESTOR_COD C5.0 GESTOR_TP C1.0 GESTOR_CPF C15.0 GESTOR_DT C8.0 CNES C7.0 CNPJ_MANT C14.0 INFEHOSP C1.0 CID_ASSO C4.0 CID_MORTE C4.0 COMPLEX C2.0 FINANC C2.0 FAEC_TP C6.0 REGCT C4.0 RACA_COR C2.0 ETNIA C4.0 SEQUENCIA N9.0 REMESSA C21.0 AUD_JUST C50.0 SIS_JUST C50.0 VAL_SH_FED N10.2 VAL_SP_FED N10.2 VAL_SH_GES N10.2 VAL_SP_GES N10.2 VAL_UCI N10.2 MARCA_UCI C2.0 DIAGSEC1 C4.0 DIAGSEC2 C4.0 DIAGSEC3 C4.0 DIAGSEC4 C4.0 DIAGSEC5 C4.0 DIAGSEC6 C4.0 DIAGSEC7 C4.0 DIAGSEC8 C4.0 DIAGSEC9 C1.0 TPDISEC1 C1.0 TPDISEC2 C1.0 TPDISEC3 C1.0 TPDISEC4 C1.0 TPDISEC5 C1.0 TPDISEC6 C1.0 TPDISEC7 C1.0 TPDISEC8 C1.0 TPDISEC9 C1.0
RDRR1810.dbc,2018-10,2020-01-09T17:06,292432,d5101ec079695858ee2d28fa856dac5abdad28367195bfd108cfd1b9d6817831,3901,5,UF_ZI C6.0 ANO_CMPT C4.0 MES_CMPT C2.0 ESPEC C2.0 CGC_HOSP C14.0 N_AIH C13.0 IDENT C1.0 CEP C8.0 MUNIC_RES C6.0 NASC C8.0 SEXO C1.0 UTI_MES_IN N2.0 UTI_MES_AN N2.0 UTI_MES_AL N2.0 UTI_MES_TO N3.0 MARCA_UTI C2.0 UTI_INT_IN N2.0 UTI_INT_AN N2.0 UTI_INT_AL N2.0 UTI_INT_TO N3.0 DIAR_ACOM N3.0 QT_DIARIAS N3.0 PROC_SOLIC C10.0 PROC_REA C10.0 VAL_SH N13.2 VAL_SP N13.2 VAL_SADT N13.2 VAL_RN N13.2 VAL_ACOMP N13.2 VAL_ORTP N13.2 VAL_SANGUE N13.2 VAL_SADTSR N11.2 VAL_TRANSP N13.2 VAL_OBSANG N11.2 VAL_PED1AC N11.2 VAL_TOT N14.2 VAL_UTI N8.2 US_TOT N10.2 DT_INTER C8.0 DT_SAIDA C8.0 DIAG_PRINC C4.0 DIAG_SECUN C4.0 COBRANCA C2.0 NATUREZA C2.0 NAT_JUR C4.0 GESTAO C1.0 RUBRICA N5.0 IND_VDRL C1.0 MUNIC_MOV C6.0 COD_IDADE C1.0 IDADE N2.0 DIAS_PERM N5.0 MORTE N1.0 NACIONAL C3.0 NUM_PROC C4.0 CAR_INT C2.0 TOT_PT_SP N6.0 CPF_AUT C11.0 HOMONIMO C1.0 NUM_FILHOS N2.0 INSTRU C1.0 CID_NOTIF C4.0 CONTRACEP1 C2.0 CONTRACEP2 C2.0 GESTRISCO C1.0 INSC_PN C12.0 SEQ_AIH5 C3.0 CBOR C6.0 CNAER C3.0 VINCPREV C1.0 GESTOR_COD C5.0 GESTOR_TP C1.0 GESTOR_CPF C15.0 GESTOR_DT C8.0 CNES C7.0 CNPJ_MANT C14.0 INFEHOSP C1.0 CID_ASSO C4.0 CID_MORTE C4.0 COMPLEX C2.0 FINANC C2.0 FAEC_TP C6.0 REGCT C4.0 RACA_COR C2.0 ETNIA C4.0 SEQUENCIA N9.0 REMESSA C21.0 AUD_JUST C50.0 SIS_JUST C50.0 VAL_SH_FED N10.2 VAL_SP_FED N10.2 VAL_SH_GES N10.2 VAL_SP_GES N10.2 VAL_UCI N10.2 MARCA_UCI C2.0 DIAGSEC1 C4.0 DIAGSEC2 C4.0 DIAGSEC3 C4.0 DIAGSEC4 C4.0 DIAGSEC5 C4.0 DIAGSEC6 C4.0 DIAGSEC7 C4.0 DIAGSEC8 C4.0 DIAGSEC9 C1.0 TPDISEC1 C1.0 TPDISEC2 C1.0 TPDISEC3 C1.0 TPDISEC4 C1.0 TPDISEC5 C1.0 TPDISEC6 C1.0 TPDISEC7 C1.0 TPDISEC8 C1.0 TPDISEC9 C1.0
RDRR1811.dbc,2018-11,2020-01-09T17:06,275990,31b919b327947199d46ff728c58b34206b27965471e8d07b6bd3132e98efc10f,3696,5,UF_ZI C6.0 ANO_CMPT C4.0 MES_CMPT C2.0 ESPEC C2.0 CGC_HOSP C14.0 N_AIH C13.0 IDENT C1.0 CEP C8.0 MUNIC_RES C6.0 NASC C8.0 SEXO C1.0 UTI_MES_IN N2.0 UTI_MES_AN N2.0 UTI_MES_AL N2.0 UTI_MES_TO N3.0 MARCA_UTI C2.0 UTI_INT_IN N2.0 UTI_INT_AN N2.0 UTI_INT_AL N2.0 UTI_INT_TO N3.0 DIAR_ACOM N3.0 QT_DIARIAS N3.0 PROC_SOLIC C10.0 PROC_REA C10.0 VAL_SH N13.2 VAL_SP N13.2 VAL_SADT N13.2 VAL_RN N13.2 VAL_ACOMP N13.2 VAL_ORTP N13.2 VAL_SANGUE N13.2 VAL_SADTSR N11.2 VAL_TRANSP N13.2 VAL_OBSANG N11.2 VAL_PED1AC N11.2 VAL_TOT N14.2 VAL_UTI N8.2 US_TOT N10.2 DT_INTER C8.0 DT_SAIDA C8.0 DIAG_PRINC C4.0 DIAG_SECUN C4.0 COBRANCA C2.0 NATUREZA C2.0 NAT_JUR C4.0 GESTAO C1.0 RUBRICA N5.0 IND_VDRL C1.0 MUNIC_MOV C6.0 COD_IDADE C1.0 IDADE N2.0 DIAS_PERM N5.0 MORTE N1.0 NACIONAL C3.0 NUM_PROC C4.0 CAR_INT C2.0 TOT_PT_SP N6.0 CPF_AUT C11.0 HOMONIMO C1.0 NUM_FILHOS N2.0 INSTRU C1.0 CID_NOTIF C4.0 CONTRACEP1 C2.0 CONTRACEP2 C2.0 GESTRISCO C1.0 INSC_PN C12.0 SEQ_AIH5 C3.0 CBOR C6.0 CNAER C3.0 VINCPREV C1.0 GESTOR_COD C5.0 GESTOR_TP C1.0 GESTOR_CPF C15.0 GESTOR_DT C8.0 CNES C7.0 CNPJ_MANT C14.0 INFEHOSP C1.0 CID_ASSO C4.0 CID_MORTE C4.0 COMPLEX C2.0 FINANC C2.0 FAEC_TP C6.0 REGCT C4.0 RACA_COR C2.0 ETNIA C4.0 SEQUENCIA N9.0 REMESSA C21.0 AUD_JUST C50.0 SIS_JUST C50.0 VAL_SH_FED N10.2 VAL_SP_FED N10.2 VAL_SH_GES N10.2 VAL_SP_GES N10.2 VAL_UCI N10.2 MARCA_UCI C2.0 DIAGSEC1 C4.0 DIAGSEC2 C4.0 DIAGSEC3 C4.0 DIAGSEC4 C4.0 DIAGSEC5 C4.0 DIAGSEC6 C4.0 DIAGSEC7 C4.0 DIAGSEC8 C4.0 DIAGSEC9 C1.0 TPDISEC1 C1.0 TPDISEC2 C1.0 TPDISEC3 C1.0 TPDISEC4 C1.0 TPDISEC5 C1.0 TPDISEC6 C1.0 TPDISEC7 C1.0 TPDISEC8 C1.0 TPDISEC9 C1.0
RDRR1812.dbc,2018-12,2020-02-07T15:03,261932,dea14401f56675204c16a97447f2a0077c8d4095cf38dfae2ad0d5c0ee2eb3c7,3591,5,UF_ZI C6.0 ANO_CMPT C4.0 MES_CMPT C2.0 ESPEC C2.0 CGC_HOSP C14.0 N_AIH C13.0 IDENT C1.0 CEP C8.0 MUNIC_RES C6.0 NASC C8.0 SEXO C1.0 UTI_MES_IN N2.0 UTI_MES_AN N2.0 UTI_MES_AL N2.0 UTI_MES_TO N3.0 MARCA_UTI C2.0 UTI_INT_IN N2.0 UTI_INT_AN N2.0 UTI_INT_AL N2.0 UTI_INT_TO N3.0 DIAR_ACOM N3.0 QT_DIARIAS N3.0 PROC_SOLIC C10.0 PROC_REA C10.0 VAL_SH N13.2 VAL_SP N13.2 VAL_SADT N13.2 VAL_RN N13.2 VAL_ACOMP N13.2 VAL_ORTP N13.2 VAL_SANGUE N13.2 VAL_SADTSR N11.2 VAL_TRANSP N13.2 VAL_OBSANG N11.2 VAL_PED1AC N11.2 VAL_TOT N14.2 VAL_UTI N8.2 US_TOT N10.2 DT_INTER C8.0 DT_SAIDA C8.0 DIAG_PRINC C4.0 DIAG_SECUN C4.0 COBRANCA C2.0 NATUREZA C2.0 NAT_JUR C4.0 GESTAO C1.0 RUBRICA N5.0 IND_VDRL C1.0 MUNIC_MOV C6.0 COD_IDADE C1.0 IDADE N2.0 DIAS_PERM N5.0 MORTE N1.0 NACIONAL C3.0 NUM_PROC C4.0 CAR_INT C2.0 TOT_PT_SP N6.0 CPF_AUT C11.0 HOMONIMO C1.0 NUM_FILHOS N2.0 INSTRU C1.0 CID_NOTIF C4.0 CONTRACEP1 C2.0 CONTRACEP2 C2.0 GESTRISCO C1.0 INSC_PN C12.0 SEQ_AIH5 C3.0 CBOR C6.0 CNAER C3.0 VINCPREV C1.0 GESTOR_COD C5.0 GESTOR_TP C1.0 GESTOR_CPF C15.0 GESTOR_DT C8.0 CNES C7.0 CNPJ_MANT C14.0 INFEHOSP C1.0 CID_ASSO C4.0 CID_MORTE C4.0 COMPLEX C2.0 FINANC C2.0 FAEC_TP C6.0 REGCT C4.0 RACA_COR C2.0 ETNIA C4.0 SEQUENCIA N9.0 REMESSA C21.0 AUD_JUST C50.0 SIS_JUST C50.0 VAL_SH_FED N10.2 VAL_SP_FED N10.2 VAL_SH_GES N10.2 VAL_SP_GES N10.2 VAL_UCI N10.2 MARCA_UCI C2.0 DIAGSEC1 C4.0 DIAGSEC2 C4.0 DIAGSEC3 C4.0 DIAGSEC4 C4.0 DIAGSEC5 C4.0 DIAGSEC6 C4.0 DIAGSEC7 C4.0 DIAGSEC8 C4.0 DIAGSEC9 C1.0 TPDISEC1 C1.0 TPDISEC2 C1.0 TPDISEC3 C1.0 TPDISEC4 C1.0 TPDISEC5 C1.0 TPDISEC6 C1.0 TPDISEC7 C1.0 TPDISEC8 C1.0 TPDISEC9 C1.0
RDRR1901.dbc,2019-01,2020-03-10T14:42,244880,1f66588a4d840f1fbc14c736e2c850df74e9717db5e7a036c959b5c666b0b0c2,3274,5,UF_ZI C6.0 ANO_CMPT C4.0 MES_CMPT C2.0 ESPEC C2.0 CGC_HOSP C14.0 N_AIH C13.0 IDENT C1.0 CEP C8.0 MUNIC_RES C6.0 NASC C8.0 SEXO C1.0 UTI_MES_IN N2.0 UTI_MES_AN N2.0 UTI_MES_AL N2.0 UTI_MES_TO N3.0 MARCA_UTI C2.0 UTI_INT_IN N2.0 UTI_INT_AN N2.0 UTI_INT_AL N2.0 UTI_INT_TO N3.0 DIAR_ACOM N3.0 QT_DIARIAS N3.0 PROC_SOLIC C10.0 PROC_REA C10.0 VAL_SH N13.2 VAL_SP N13.2 VAL_SADT N13.2 VAL_RN N13.2 VAL_ACOMP N13.2 VAL_ORTP N13.2 VAL_SANGUE N13.2 VAL_SADTSR N11.2 VAL_TRANSP N13.2 VAL_OBSANG N11.2 VAL_PED1AC N11.2 VAL_TOT N14.2 VAL_UTI N8.2 US_TOT N10.2 DT_INTER C8.0 DT_SAIDA C8.0 DIAG_PRINC C4.0 DIAG_SECUN C4.0 COBRANCA C2.0 NATUREZA C2.0 NAT_JUR C4.0 GESTAO C1.0 RUBRICA N5.0 IND_VDRL C1.0 MUNIC_MOV C6.0 COD_IDADE C1.0 IDADE N2.0 DIAS_PERM N5.0 MORTE N1.0 NACIONAL C3.0 NUM_PROC C4.0 CAR_INT C2.0 TOT_PT_SP N6.0 CPF_AUT C11.0 HOMONIMO C1.0 NUM_FILHOS N2.0 INSTRU C1.0 CID_NOTIF C4.0 CONTRACEP1 C2.0 CONTRACEP2 C2.0 GESTRISCO C1.0 INSC_PN C12.0 SEQ_AIH5 C3.0 CBOR C6.0 CNAER C3.0 VINCPREV C1.0 GESTOR_COD C5.0 GESTOR_TP C1.0 GESTOR_CPF C15.0 GESTOR_DT C8.0 CNES C7.0 CNPJ_MANT C14.0 INFEHOSP C1.0 CID_ASSO C4.0 CID_MORTE C4.0 COMPLEX C2.0 FINANC C2.0 FAEC_TP C6.0 REGCT C4.0 RACA_COR C2.0 ETNIA C4.0 SEQUENCIA N9.0 REMESSA C21.0 AUD_JUST C50.0 SIS_JUST C50.0 VAL_SH_FED N10.2 VAL_SP_FED N10.2 VAL_SH_GES N10.2 VAL_SP_GES N10.2 VAL_UCI N10.2 MARCA_UCI C2.0 DIAGSEC1 C4.0 DIAGSEC2 C4.0 DIAGSEC3 C4.0 DIAGSEC4 C4.0 DIAGSEC5 C4.0 DIAGSEC6 C4.0 DIAGSEC7 C4.0 DIAGSEC8 C4.0 DIAGSEC9 C1.0 TPDISEC1 C1.0 TPDISEC2 C1.0 TPDISEC3 C1.0 TPDISEC4 C1.0 TPDISEC5 C1.0 TPDISEC6 C1.0 TPDISEC7 C1.0 TPDISEC8 C1.0 TPDISEC9 C1.0
RDRR1902.dbc,2019-02,2020-04-05T14:40,232850,2d9846b1e8f880103e25354f859ef1fe00e99105c3e62d3098b216d1c0d79259,3086,5,UF_ZI C6.0 ANO_CMPT C4.0 MES_CMPT C2.0 ESPEC C2.0 CGC_HOSP C14.0 N_AIH C13.0 IDENT C1.0 CEP C8.0 MUNIC_RES C6.0 NASC C8.0 SEXO C1.0 UTI_MES_IN N2.0 UTI_MES_AN N2.0 UTI_MES_AL N2.0 UTI_MES_TO N3.0 MARCA_UTI C2.0 UTI_INT_IN N2.0 UTI_INT_AN N2.0 UTI_INT_AL N2.0 UTI_INT_TO N3.0 DIAR_ACOM N3.0 QT_DIARIAS N3.0 PROC_SOLIC C10.0 PROC_REA C10.0 VAL_SH N13.2 VAL_SP N13.2 VAL_SADT N13.2 VAL_RN N13.2 VAL_ACOMP N13.2 VAL_ORTP N13.2 VAL_SANGUE N13.2 VAL_SADTSR N11.2 VAL_TRANSP N13.2 VAL_OBSANG N11.2 VAL_PED1AC N11.2 VAL_TOT N14.2 VAL_UTI N8.2 US_TOT N10.2 DT_INTER C8.0 DT_SAIDA C8.0 DIAG_PRINC C4.0 DIAG_SECUN C4.0 COBRANCA C2.0 NATUREZA C2.0 NAT_JUR C4.0 GESTAO C1.0 RUBRICA N5.0 IND_VDRL C1.0 MUNIC_MOV C6.0 COD_IDADE C1.0 IDADE N2.0 DIAS_PERM N5.0 MORTE N1.0 NACIONAL C3.0 NUM_PROC C4.0 CAR_INT C2.0 TOT_PT_SP N6.0 CPF_AUT C11.0 HOMONIMO C1.0 NUM_FILHOS N2.0 INSTRU C1.0 CID_NOTIF C4.0 CONTRACEP1 C2.0 CONTRACEP2 C2.0 GESTRISCO C1.0 INSC_PN C12.0 SEQ_AIH5 C3.0 CBOR C6.0 CNAER C3.0 VINCPREV C1.0 GESTOR_COD C5.0 GESTOR_TP C1.0 GESTOR_CPF C15.0 GESTOR_DT C8.0 CNES C7.0 CNPJ_MANT C14.0 INFEHOSP C1.0 CID_ASSO C4.0 CID_MORTE C4.0 COMPLEX C2.0 FINANC C2.0 FAEC_TP C6.0 REGCT C4.0 RACA_COR C2.0 ETNIA C4.0 SEQUENCIA N9.0 REMESSA C21.0 AUD_JUST C50.0 SIS_JUST C50.0 VAL_SH_FED N10.2 VAL_SP_FED N10.2 VAL_SH_GES N10.2 VAL_SP_GES N10.2 VAL_UCI N10.2 MARCA_UCI C2.0 DIAGSEC1 C4.0 DIAGSEC2 C4.0 DIAGSEC3 C4.0 DIAGSEC4 C4.0 DIAGSEC5 C4.0 DIAGSEC6 C4.0 DIAGSEC7 C4.0 DIAGSEC8 C4.0 DIAGSEC9 C1.0 TPDISEC1 C1.0 TPDISEC2 C1.0 TPDISEC3 C1.0 TPDISEC4 C1.0 TPDISEC5 C1.0 TPDISEC6 C1.0 TPDISEC7 C1.0 TPDISEC8 C1.0 TPDISEC9 C1.0
RDRR1903.dbc,2019-03,2020-06-04T13:55,215112,8e186c42950989f50466fb52884a486bb60a6b4f4f8dac1c89a4ba20857c27ab,2871,5,UF_ZI C6.0 ANO_CMPT C4.0 MES_CMPT C2.0 ESPEC C2.0 CGC_HOSP C14.0 N_AIH C13.0 IDENT C1.0 CEP C8.0 MUNIC_RES C6.0 NASC C8.0 SEXO C1.0 UTI_MES_IN N2.0 UTI_MES_AN N2.0 UTI_MES_AL N2.0 UTI_MES_TO N3.0 MARCA_UTI C2.0 UTI_INT_IN N2.0 UTI_INT_AN N2.0 UTI_INT_AL N2.0 UTI_INT_TO N3.0 DIAR_ACOM N3.0 QT_DIARIAS N3.0 PROC_SOLIC C10.0 PROC_REA C10.0 VAL_SH N13.2 VAL_SP N13.2 VAL_SADT N13.2 VAL_RN N13.2 VAL_ACOMP N13.2 VAL_ORTP N13.2 VAL_SANGUE N13.2 VAL_SADTSR N11.2 VAL_TRANSP N13.2 VAL_OBSANG N11.2 VAL_PED1AC N11.2 VAL_TOT N14.2 VAL_UTI N8.2 US_TOT N10.2 DT_INTER C8.0 DT_SAIDA C8.0 DIAG_PRINC C4.0 DIAG_SECUN C4.0 COBRANCA C2.0 NATUREZA C2.0 NAT_JUR C4.0 GESTAO C1.0 RUBRICA N5.0 IND_VDRL C1.0 MUNIC_MOV C6.0 COD_IDADE C1.0 IDADE N2.0 DIAS_PERM N5.0 MORTE N1.0 NACIONAL C3.0 NUM_PROC C4.0 CAR_INT C2.0 TOT_PT_SP N6.0 CPF_AUT C11.0 HOMONIMO C1.0 NUM_FILHOS N2.0 INSTRU C1.0 CID_NOTIF C4.0 CONTRACEP1 C2.0 CONTRACEP2 C2.0 GESTRISCO C1.0 INSC_PN C12.0 SEQ_AIH5 C3.0 CBOR C6.0 CNAER C3.0 VINCPREV C1.0 GESTOR_COD C5.0 GESTOR_TP C1.0 GESTOR_CPF C15.0 GESTOR_DT C8.0 CNES C7.0 CNPJ_MANT C14.0 INFEHOSP C1.0 CID_ASSO C4.0 CID_MORTE C4.0 COMPLEX C2.0 FINANC C2.0 FAEC_TP C6.0 REGCT C4.0 RACA_COR C2.0 ETNIA C4.0 SEQUENCIA N9.0 REMESSA C21.0 AUD_JUST C50.0 SIS_JUST C50.0 VAL_SH_FED N10.2 VAL_SP_FED N10.2 VAL_SH_GES N10.2 VAL_SP_GES N10.2 VAL_UCI N10.2 MARCA_UCI C2.0 DIAGSEC1 C4.0 DIAGSEC2 C4.0 DIAGSEC3 C4.0 DIAGSEC4 C4.0 DIAGSEC5 C4.0 DIAGSEC6 C4.0 DIAGSEC7 C4.0 DIAGSEC8 C4.0 DIAGSEC9 C1.0 TPDISEC1 C1.0 TPDISEC2 C1.0 TPDISEC3 C1.0 TPDISEC4 C1.0 TPDISEC5 C1.0 TPDISEC6 C1.0 TPDISEC7 C1.0 TPDISEC8 C1.0 TPDISEC9 C1.0
RDRR1904.dbc,2019-04,2020-06-04T13:55,242333,d55048a62382297570793d2b0a3900b5dd34fe0e03e011b5668d561e675208ce,3172,5,UF_ZI C6.0 ANO_CMPT C4.0 MES_CMPT C2.0 ESPEC C2.0 CGC_HOSP C14.0 N_AIH C13.0 IDENT C1.0 CEP C8.0 MUNIC_RES C6.0 NASC C8.0 SEXO C1.0 UTI_MES_IN N2.0 UTI_MES_AN N2.0 UTI_MES_AL N2.0 UTI_MES_TO N3.0 MARCA_UTI C2.0 UTI_INT_IN N2.0 UTI_INT_AN N2.0 UTI_INT_AL N2.0 UTI_INT_TO N3.0 DIAR_ACOM N3.0 QT_DIARIAS N3.0 PROC_SOLIC C10.0 PROC_REA C10.0 VAL_SH N13.2 VAL_SP N13.2 VAL_SADT N13.2 VAL_RN N13.2 VAL_ACOMP N13.2 VAL_ORTP N13.2 VAL_SANGUE N13.2 VAL_SADTSR N11.2 VAL_TRANSP N13.2 VAL_OBSANG N11.2 VAL_PED1AC N11.2 VAL_TOT N14.2 VAL_UTI N8.2 US_TOT N10.2 DT_INTER C8.0 DT_SAIDA C8.0 DIAG_PRINC C4.0 DIAG_SECUN C4.0 COBRANCA C2.0 NATUREZA C2.0 NAT_JUR C4.0 GESTAO C1.0 RUBRICA N5.0 IND_VDRL C1.0 MUNIC_MOV C6.0 COD_IDADE C1.0 IDADE N2.0 DIAS_PERM N5.0 MORTE N1.0 NACIONAL C3.0 NUM_PROC C4.0 CAR_INT C2.0 TOT_PT_SP N6.0 CPF_AUT C11.0 HOMONIMO C1.0 NUM_FILHOS N2.0 INSTRU C1.0 CID_NOTIF C4.0 CONTRACEP1 C2.0 CONTRACEP2 C2.0 GESTRISCO C1.0 INSC_PN C12.0 SEQ_AIH5 C3.0 CBOR C6.0 CNAER C3.0 VINCPREV C1.0 GESTOR_COD C5.0 GESTOR_TP C1.0 GESTOR_CPF C15.0 GESTOR_DT C8.0 CNES C7.0 CNPJ_MANT C14.0 INFEHOSP C1.0 CID_ASSO C4.0 CID_MORTE C4.0 COMPLEX C2.0 FINANC C2.0 FAEC_TP C6.0 REGCT C4.0 RACA_COR C2.0 ETNIA C4.0 SEQUENCIA N9.0 REMESSA C21.0 AUD_JUST C50.0 SIS_JUST C50.0 VAL_SH_FED N10.2 VAL_SP_FED N10.2 VAL_SH_GES N10.2 VAL_SP_GES N10.2 VAL_UCI N10.2 MARCA_UCI C2.0 DIAGSEC1 C4.0 DIAGSEC2 C4.0 DIAGSEC3 C4.0 DIAGSEC4 C4.0 DIAGSEC5 C4.0 DIAGSEC6 C4.0 DIAGSEC7 C4.0 DIAGSEC8 C4.0 DIAGSEC9 C1.0 TPDISEC1 C1.0 TPDISEC2 C1.0 TPDISEC3 C1.0 TPDISEC4 C1.0 TPDISEC5 C1.0 TPDISEC6 C1.0 TPDISEC7 C1.0 TPDISEC8 C1.0 TPDISEC9 C1.0
RDRR1905.dbc,2019-05,2020-07-04T11:41,228096,267063a283314c4bff91659a767a05ae5ad06bb7a0fb89e29e95ff8cb66a387d,3033,5,UF_ZI C6.0 ANO_CMPT C4.0 MES_CMPT C2.0 ESPEC C2.0 CGC_HOSP C14.0 N_AIH C13.0 IDENT C1.0 CEP C8.0 MUNIC_RES C6.0 NASC C8.0 SEXO C1.0 UTI_MES_IN N2.0 UTI_MES_AN N2.0 UTI_MES_AL N2.0 UTI_MES_TO N3.0 MARCA_UTI C2.0 UTI_INT_IN N2.0 UTI_INT_AN N2.0 UTI_INT_AL N2.0 UTI_INT_TO N3.0 DIAR_ACOM N3.0 QT_DIARIAS N3.0 PROC_SOLIC C10.0 PROC_REA C10.0 VAL_SH N13.2 VAL_SP N13.2 VAL_SADT N13.2 VAL_RN N13.2 VAL_ACOMP N13.2 VAL_ORTP N13.2 VAL_SANGUE N13.2 VAL_SADTSR N11.2 VAL_TRANSP N13.2 VAL_OBSANG N11.2 VAL_PED1AC N11.2 VAL_TOT N14.2 VAL_UTI N8.2 US_TOT N10.2 DT_INTER C8.0 DT_SAIDA C8.0 DIAG_PRINC C4.0 DIAG_SECUN C4.0 COBRANCA C2.0 NATUREZA C2.0 NAT_JUR C4.0 GESTAO C1.0 RUBRICA N5.0 IND_VDRL C1.0 MUNIC_MOV C6.0 COD_IDADE C1.0 IDADE N2.0 DIAS_PERM N5.0 MORTE N1.0 NACIONAL C3.0 NUM_PROC C4.0 CAR_INT C2.0 TOT_PT_SP N6.0 CPF_AUT C11.0 HOMONIMO C1.0 NUM_FILHOS N2.0 INSTRU C1.0 CID_NOTIF C4.0 CONTRACEP1 C2.0 CONTRACEP2 C2.0 GESTRISCO C1.0 INSC_PN C12.0 SEQ_AIH5 C3.0 CBOR C6.0 CNAER C3.0 VINCPREV C1.0 GESTOR_COD C5.0 GESTOR_TP C1.0 GESTOR_CPF C15.0 GESTOR_DT C8.0 CNES C7.0 CNPJ_MANT C14.0 INFEHOSP C1.0 CID_ASSO C4.0 CID_MORTE C4.0 COMPLEX C2.0 FINANC C2.0 FAEC_TP C6.0 REGCT C4.0 RACA_COR C2.0 ETNIA C4.0 SEQUENCIA N9.0 REMESSA C21.0 AUD_JUST C50.0 SIS_JUST C50.0 VAL_SH_FED N10.2 VAL_SP_FED N10.2 VAL_SH_GES N10.2 VAL_SP_GES N10.2 VAL_UCI N10.2 MARCA_UCI C2.0 DIAGSEC1 C4.0 DIAGSEC2 C4.0 DIAGSEC3 C4.0 DIAGSEC4 C4.0 DIAGSEC5 C4.0 DIAGSEC6 C4.0 DIAGSEC7 C4.0 DIAGSEC8 C4.0 DIAGSEC9 C1.0 TPDISEC1 C1.0 TPDISEC2 C1.0 TPDISEC3 C1.0 TPDISEC4 C1.0 TPDISEC5 C1.0 TPDISEC6 C1.0 TPDISEC7 C1.0 TPDISEC8 C1.0 TPDISEC9 C1.0
RDRR1906.dbc,2019-06,2020-08-04T10:43,265018,1979937cc6237e6816dc71c900ab8c87b65af52ceb595a14a7bfe0e74f40e85d,3591,5,UF_ZI C6.0 ANO_CMPT C4.0 MES_CMPT C2.0 ESPEC C2.0 CGC_HOSP C14.0 N_AIH C13.0 IDENT C1.0 CEP C8.0 MUNIC_RES C6.0 NASC C8.0 SEXO C1.0 UTI_MES_IN N2.0 UTI_MES_AN N2.0 UTI_MES_AL N2.0 UTI_MES_TO N3.0 MARCA_UTI C2.0 UTI_INT_IN N2.0 UTI_INT_AN N2.0 UTI_INT_AL N2.0 UTI_INT_TO N3.0 DIAR_ACOM N3.0 QT_DIARIAS N3.0 PROC_SOLIC C10.0 PROC_REA C10.0 VAL_SH N13.2 VAL_SP N13.2 VAL_SADT N13.2 VAL_RN N13.2 VAL_ACOMP N13.2 VAL_ORTP N13.2 VAL_SANGUE N13.2 VAL_SADTSR N11.2 VAL_TRANSP N13.2 VAL_OBSANG N11.2 VAL_PED1AC N11.2 VAL_TOT N14.2 VAL_UTI N8.2 US_TOT N10.2 DT_INTER C8.0 DT_SAIDA C8.0 DIAG_PRINC C4.0 DIAG_SECUN C4.0 COBRANCA C2.0 NATUREZA C2.0 NAT_JUR C4.0 GESTAO C1.0 RUBRICA N5.0 IND_VDRL C1.0 MUNIC_MOV C6.0 COD_IDADE C1.0 IDADE N2.0 DIAS_PERM N5.0 MORTE N1.0 NACIONAL C3.0 NUM_PROC C4.0 CAR_INT C2.0 TOT_PT_SP N6.0 CPF_AUT C11.0 HOMONIMO C1.0 NUM_FILHOS N2.0 INSTRU C1.0 CID_NOTIF C4.0 CONTRACEP1 C2.0 CONTRACEP2 C2.0 GESTRISCO C1.0 INSC_PN C12.0 SEQ_AIH5 C3.0 CBOR C6.0 CNAER C3.0 VINCPREV C1.0 GESTOR_COD C5.0 GESTOR_TP C1.0 GESTOR_CPF C15.0 GESTOR_DT C8.0 CNES C7.0 CNPJ_MANT C14.0 INFEHOSP C1.0 CID_ASSO C4.0 CID_MORTE C4.0 COMPLEX C2.0 FINANC C2.0 FAEC_TP C6.0 REGCT C4.0 RACA_COR C2.0 ETNIA C4.0 SEQUENCIA N9.0 REMESSA C21.0 AUD_JUST C50.0 SIS_JUST C50.0 VAL_SH_FED N10.2 VAL_SP_FED N10.2 VAL_SH_GES N10.2 VAL_SP_GES N10.2 VAL_UCI N10.2 MARCA_UCI C2.0 DIAGSEC1 C4.0 DIAGSEC2 C4.0 DIAGSEC3 C4.0 DIAGSEC4 C4.0 DIAGSEC5 C4.0 DIAGSEC6 C4.0 DIAGSEC7 C4.0 DIAGSEC8 C4.0 DIAGSEC9 C1.0 TPDISEC1 C1.0 TPDISEC2 C1.0 TPDISEC3 C1.0 TPDISEC4 C1.0 TPDISEC5 C1.0 TPDISEC6 C1.0 TPDISEC7 C1.0 TPDISEC8 C1.0 TPDISEC9 C1.0
RDRR1907.dbc,2019-07,2020-10-06T08:44,322787,70d89a939ee279e4f1be6bdfb72a1850304e066043efb9f5adf4a0ccc9af529d,4324,5,UF_ZI C6.0 ANO_CMPT C4.0 MES_CMPT C2.0 ESPEC C2.0 CGC_HOSP C14.0 N_AIH C13.0 IDENT C1.0 CEP C8.0 MUNIC_RES C6.0 NASC C8.0 SEXO C1.0 UTI_MES_IN N2.0 UTI_MES_AN N2.0 UTI_MES_AL N2.0 UTI_MES_TO N3.0 MARCA_UTI C2.0 UTI_INT_IN N2.0 UTI_INT_AN N2.0 UTI_INT_AL N2.0 UTI_INT_TO N3.0 DIAR_ACOM N3.0 QT_DIARIAS N3.0 PROC_SOLIC C10.0 PROC_REA C10.0 VAL_SH N13.2 VAL_SP N13.2 VAL_SADT N13.2 VAL_RN N13.2 VAL_ACOMP N13.2 VAL_ORTP N13.2 VAL_SANGUE N13.2 VAL_SADTSR N11.2 VAL_TRANSP N13.2 VAL_OBSANG N11.2 VAL_PED1AC N11.2 VAL_TOT N14.2 VAL_UTI N8.2 US_TOT N10.2 DT_INTER C8.0 DT_SAIDA C8.0 DIAG_PRINC C4.0 DIAG_SECUN C4.0 COBRANCA C2.0 NATUREZA C2.0 NAT_JUR C4.0 GESTAO C1.0 RUBRICA N5.0 IND_VDRL C1.0 MUNIC_MOV C6.0 COD_IDADE C1.0 IDADE N2.0 DIAS_PERM N5.0 MORTE N1.0 NACIONAL C3.0 NUM_PROC C4.0 CAR_INT C2.0 TOT_PT_SP N6.0 CPF_AUT C11.0 HOMONIMO C1.0 NUM_FILHOS N2.0 INSTRU C1.0 CID_NOTIF C4.0 CONTRACEP1 C2.0 CONTRACEP2 C2.0 GESTRISCO C1.0 INSC_PN C12.0 SEQ_AIH5 C3.0 CBOR C6.0 CNAER C3.0 VINCPREV C1.0 GESTOR_COD C5.0 GESTOR_TP C1.0 GESTOR_CPF C15.0 GESTOR_DT C8.0 CNES C7.0 CNPJ_MANT C14.0 INFEHOSP C1.0 CID_ASSO C4.0 CID_MORTE C4.0 COMPLEX C2.0 FINANC C2.0 FAEC_TP C6.0 REGCT C4.0 RACA_COR C2.0 ETNIA C4.0 SEQUENCIA N9.0 REMESSA C21.0 AUD_JUST C50.0 SIS_JUST C50.0 VAL_SH_FED N10.2 VAL_SP_FED N10.2 VAL_SH_GES N10.2 VAL_SP_GES N10.2 VAL_UCI N10.2 MARCA_UCI C2.0 DIAGSEC1 C4.0 DIAGSEC2 C4.0 DIAGSEC3 C4.0 DIAGSEC4 C4.0 DIAGSEC5 C4.0 DIAGSEC6 C4.0 DIAGSEC7 C4.0 DIAGSEC8 C4.0 DIAGSEC9 C1.0 TPDISEC1 C1.0 TPDISEC2 C1.0 TPDISEC3 C1.0 TPDISEC4 C1.0 TPDISEC5 C1.0 TPDISEC6 C1.0 TPDISEC7 C1.0 TPDISEC8 C1.0 TPDISEC9 C1.0
RDRR1908.dbc,2019-08,2020-10-06T08:44,365249,fe2025237a7711d89ac46784c6bbba7bf9f3fdd6818880bc9f622125b9d96098,4881,5,UF_ZI C6.0 ANO_CMPT C4.0 MES_CMPT C2.0 ESPEC C2.0 CGC_HOSP C14.0 N_AIH C13.0 IDENT C1.0 CEP C8.0 MUNIC_RES C6.0 NASC C8.0 SEXO C1.0 UTI_MES_IN N2.0 UTI_MES_AN N2.0 UTI_MES_AL N2.0 UTI_MES_TO N3.0 MARCA_UTI C2.0 UTI_INT_IN N2.0 UTI_INT_AN N2.0 UTI_INT_AL N2.0 UTI_INT_TO N3.0 DIAR_ACOM N3.0 QT_DIARIAS N3.0 PROC_SOLIC C10.0 PROC_REA C10.0 VAL_SH N13.2 VAL_SP N13.2 VAL_SADT N13.2 VAL_RN N13.2 VAL_ACOMP N13.2 VAL_ORTP N13.2 VAL_SANGUE N13.2 VAL_SADTSR N11.2 VAL_TRANSP N13.2 VAL_OBSANG N11.2 VAL_PED1AC N11.2 VAL_TOT N14.2 VAL_UTI N8.2 US_TOT N10.2 DT_INTER C8.0 DT_SAIDA C8.0 DIAG_PRINC C4.0 DIAG_SECUN C4.0 COBRANCA C2.0 NATUREZA C2.0 NAT_JUR C4.0 GESTAO C1.0 RUBRICA N5.0 IND_VDRL C1.0 MUNIC_MOV C6.0 COD_IDADE C1.0 IDADE N2.0 DIAS_PERM N5.0 MORTE N1.0 NACIONAL C3.0 NUM_PROC C4.0 CAR_INT C2.0 TOT_PT_SP N6.0 CPF_AUT C11.0 HOMONIMO C1.0 NUM_FILHOS N2.0 INSTRU C1.0 CID_NOTIF C4.0 CONTRACEP1 C2.0 CONTRACEP2 C2.0 GESTRISCO C1.0 INSC_PN C12.0 SEQ_AIH5 C3.0 CBOR C6.0 CNAER C3.0 VINCPREV C1.0 GESTOR_COD C5.0 GESTOR_TP C1.0 GESTOR_CPF C15.0 GESTOR_DT C8.0 CNES C7.0 CNPJ_MANT C14.0 INFEHOSP C1.0 CID_ASSO C4.0 CID_MORTE C4.0 COMPLEX C2.0 FINANC C2.0 FAEC_TP C6.0 REGCT C4.0 RACA_COR C2.0 ETNIA C4.0 SEQUENCIA N9.0 REMESSA C21.0 AUD_JUST C50.0 SIS_JUST C50.0 VAL_SH_FED N10.2 VAL_SP_FED N10.2 VAL_SH_GES N10.2 VAL_SP_GES N10.2 VAL_UCI N10.2 MARCA_UCI C2.0 DIAGSEC1 C4.0 DIAGSEC2 C4.0 DIAGSEC3 C4.0 DIAGSEC4 C4.0 DIAGSEC5 C4.0 DIAGSEC6 C4.0 DIAGSEC7 C4.0 DIAGSEC8 C4.0 DIAGSEC9 C1.0 TPDISEC1 C1.0 TPDISEC2 C1.0 TPDISEC3 C1.0 TPDISEC4 C1.0 TPDISEC5 C1.0 TPDISEC6 C1.0 TPDISEC7 C1.0 TPDISEC8 C1.0 TPDISEC9 C1.0
RDRR1909.dbc,2019-09,2020-11-18T10:40,330282,c19f59d7895aa5cca5181d26dd84aa1fe3ea9c81354a04fd0a0e8dba0a4a665d,4366,5,UF_ZI C6.0 ANO_CMPT C4.0 MES_CMPT C2.0 ESPEC C2.0 CGC_HOSP C14.0 N_AIH C13.0 IDENT C1.0 CEP C8.0 MUNIC_RES C6.0 NASC C8.0 SEXO C1.0 UTI_MES_IN N2.0 UTI_MES_AN N2.0 UTI_MES_AL N2.0 UTI_MES_TO N3.0 MARCA_UTI C2.0 UTI_INT_IN N2.0 UTI_INT_AN N2.0 UTI_INT_AL N2.0 UTI_INT_TO N3.0 DIAR_ACOM N3.0 QT_DIARIAS N3.0 PROC_SOLIC C10.0 PROC_REA C10.0 VAL_SH N13.2 VAL_SP N13.2 VAL_SADT N13.2 VAL_RN N13.2 VAL_ACOMP N13.2 VAL_ORTP N13.2 VAL_SANGUE N13.2 VAL_SADTSR N11.2 VAL_TRANSP N13.2 VAL_OBSANG N11.2 VAL_PED1AC N11.2 VAL_TOT N14.2 VAL_UTI N8.2 US_TOT N10.2 DT_INTER C8.0 DT_SAIDA C8.0 DIAG_PRINC C4.0 DIAG_SECUN C4.0 COBRANCA C2.0 NATUREZA C2.0 NAT_JUR C4.0 GESTAO C1.0 RUBRICA N5.0 IND_VDRL C1.0 MUNIC_MOV C6.0 COD_IDADE C1.0 IDADE N2.0 DIAS_PERM N5.0 MORTE N1.0 NACIONAL C3.0 NUM_PROC C4.0 CAR_INT C2.0 TOT_PT_SP N6.0 CPF_AUT C11.0 HOMONIMO C1.0 NUM_FILHOS N2.0 INSTRU C1.0 CID_NOTIF C4.0 CONTRACEP1 C2.0 CONTRACEP2 C2.0 GESTRISCO C1.0 INSC_PN C12.0 SEQ_AIH5 C3.0 CBOR C6.0 CNAER C3.0 VINCPREV C1.0 GESTOR_COD C5.0 GESTOR_TP C1.0 GESTOR_CPF C15.0 GESTOR_DT C8.0 CNES C7.0 CNPJ_MANT C14.0 INFEHOSP C1.0 CID_ASSO C4.0 CID_MORTE C4.0 COMPLEX C2.0 FINANC C2.0 FAEC_TP C6.0 REGCT C4.0 RACA_COR C2.0 ETNIA C4.0 SEQUENCIA N9.0 REMESSA C21.0 AUD_JUST C50.0 SIS_JUST C50.0 VAL_SH_FED N10.2 VAL_SP_FED N10.2 VAL_SH_GES N10.2 VAL_SP_GES N10.2 VAL_UCI N10.2 MARCA_UCI C2.0 DIAGSEC1 C4.0 DIAGSEC2 C4.0 DIAGSEC3 C4.0 DIAGSEC4 C4.0 DIAGSEC5 C4.0 DIAGSEC6 C4.0 DIAGSEC7 C4.0 DIAGSEC8 C4.0 DIAGSEC9 C1.0 TPDISEC1 C1.0 TPDISEC2 C1.0 TPDISEC3 C1.0 TPDISEC4 C1.0 TPDISEC5 C1.0 TPDISEC6 C1.0 TPDISEC7 C1.0 TPDISEC8 C1.0 TPDISEC9 C1.0
RDRR1910.dbc,2019-10,2020-12-07T11:25,328429,da3c1fe2a7f1f9fbf20a5333dddc7f7deaeaf715a6e8ce8bf38f0919bee38c73,4288,5,UF_ZI C6.0 ANO_CMPT C4.0 MES_CMPT C2.0 ESPEC C2.0 CGC_HOSP C14.0 N_AIH C13.0 IDENT C1.0 CEP C8.0 MUNIC_RES C6.0 NASC C8.0 SEXO C1.0 UTI_MES_IN N2.0 UTI_MES_AN N2.0 UTI_MES_AL N2.0 UTI_MES_TO N3.0 MARCA_UTI C2.0 UTI_INT_IN N2.0 UTI_INT_AN N2.0 UTI_INT_AL N2.0 UTI_INT_TO N3.0 DIAR_ACOM N3.0 QT_DIARIAS N3.0 PROC_SOLIC C10.0 PROC_REA C10.0 VAL_SH N13.2 VAL_SP N13.2 VAL_SADT N13.2 VAL_RN N13.2 VAL_ACOMP N13.2 VAL_ORTP N13.2 VAL_SANGUE N13.2 VAL_SADTSR N11.2 VAL_TRANSP N13.2 VAL_OBSANG N11.2 VAL_PED1AC N11.2 VAL_TOT N14.2 VAL_UTI N8.2 US_TOT N10.2 DT_INTER C8.0 DT_SAIDA C8.0 DIAG_PRINC C4.0 DIAG_SECUN C4.0 COBRANCA C2.0 NATUREZA C2.0 NAT_JUR C4.0 GESTAO C1.0 RUBRICA N5.0 IND_VDRL C1.0 MUNIC_MOV C6.0 COD_IDADE C1.0 IDADE N2.0 DIAS_PERM N5.0 MORTE N1.0 NACIONAL C3.0 NUM_PROC C4.0 CAR_INT C2.0 TOT_PT_SP N6.0 CPF_AUT C11.0 HOMONIMO C1.0 NUM_FILHOS N2.0 INSTRU C1.0 CID_NOTIF C4.0 CONTRACEP1 C2.0 CONTRACEP2 C2.0 GESTRISCO C1.0 INSC_PN C12.0 SEQ_AIH5 C3.0 CBOR C6.0 CNAER C3.0 VINCPREV C1.0 GESTOR_COD C5.0 GESTOR_TP C1.0 GESTOR_CPF C15.0 GESTOR_DT C8.0 CNES C7.0 CNPJ_MANT C14.0 INFEHOSP C1.0 CID_ASSO C4.0 CID_MORTE C4.0 COMPLEX C2.0 FINANC C2.0 FAEC_TP C6.0 REGCT C4.0 RACA_COR C2.0 ETNIA C4.0 SEQUENCIA N9.0 REMESSA C21.0 AUD_JUST C50.0 SIS_JUST C50.0 VAL_SH_FED N10.2 VAL_SP_FED N10.2 VAL_SH_GES N10.2 VAL_SP_GES N10.2 VAL_UCI N10.2 MARCA_UCI C2.0 DIAGSEC1 C4.0 DIAGSEC2 C4.0 DIAGSEC3 C4.0 DIAGSEC4 C4.0 DIAGSEC5 C4.0 DIAGSEC6 C4.0 DIAGSEC7 C4.0 DIAGSEC8 C4.0 DIAGSEC9 C1.0 TPDISEC1 C1.0 TPDISEC2 C1.0 TPDISEC3 C1.0 TPDISEC4 C1.0 TPDISEC5 C1.0 TPDISEC6 C1.0 TPDISEC7 C1.0 TPDISEC8 C1.0 TPDISEC9 C1.0
RDRR1911.dbc,2019-11,2021-01-14T08:12,311397,40679160fae6ac7ca864f1ffbeab3bada3066bb3405e5db41300d43ebe9ae675,4019,5,UF_ZI C6.0 ANO_CMPT C4.0 MES_CMPT C2.0 ESPEC C2.0 CGC_HOSP C14.0 N_AIH C13.0 IDENT C1.0 CEP C8.0 MUNIC_RES C6.0 NASC C8.0 SEXO C1.0 UTI_MES_IN N2.0 UTI_MES_AN N2.0 UTI_MES_AL N2.0 UTI_MES_TO N3.0 MARCA_UTI C2.0 UTI_INT_IN N2.0 UTI_INT_AN N2.0 UTI_INT_AL N2.0 UTI_INT_TO N3.0 DIAR_ACOM N3.0 QT_DIARIAS N3.0 PROC_SOLIC C10.0 PROC_REA C10.0 VAL_SH N13.2 VAL_SP N13.2 VAL_SADT N13.2 VAL_RN N13.2 VAL_ACOMP N13.2 VAL_ORTP N13.2 VAL_SANGUE N13.2 VAL_SADTSR N11.2 VAL_TRANSP N13.2 VAL_OBSANG N11.2 VAL_PED1AC N11.2 VAL_TOT N14.2 VAL_UTI N8.2 US_TOT N10.2 DT_INTER C8.0 DT_SAIDA C8.0 DIAG_PRINC C4.0 DIAG_SECUN C4.0 COBRANCA C2.0 NATUREZA C2.0 NAT_JUR C4.0 GESTAO C1.0 RUBRICA N5.0 IND_VDRL C1.0 MUNIC_MOV C6.0 COD_IDADE C1.0 IDADE N2.0 DIAS_PERM N5.0 MORTE N1.0 NACIONAL C3.0 NUM_PROC C4.0 CAR_INT C2.0 TOT_PT_SP N6.0 CPF_AUT C11.0 HOMONIMO C1.0 NUM_FILHOS N2.0 INSTRU C1.0 CID_NOTIF C4.0 CONTRACEP1 C2.0 CONTRACEP2 C2.0 GESTRISCO C1.0 INSC_PN C12.0 SEQ_AIH5 C3.0 CBOR C6.0 CNAER C3.0 VINCPREV C1.0 GESTOR_COD C5.0 GESTOR_TP C1.0 GESTOR_CPF C15.0 GESTOR_DT C8.0 CNES C7.0 CNPJ_MANT C14.0 INFEHOSP C1.0 CID_ASSO C4.0 CID_MORTE C4.0 COMPLEX C2.0 FINANC C2.0 FAEC_TP C6.0 REGCT C4.0 RACA_COR C2.0 ETNIA C4.0 SEQUENCIA N9.0 REMESSA C21.0 AUD_JUST C50.0 SIS_JUST C50.0 VAL_SH_FED N10.2 VAL_SP_FED N10.2 VAL_SH_GES N10.2 VAL_SP_GES N10.2 VAL_UCI N10.2 MARCA_UCI C2.0 DIAGSEC1 C4.0 DIAGSEC2 C4.0 DIAGSEC3 C4.0 DIAGSEC4 C4.0 DIAGSEC5 C4.0 DIAGSEC6 C4.0 DIAGSEC7 C4.0 DIAGSEC8 C4.0 DIAGSEC9 C1.0 TPDISEC1 C1.0 TPDISEC2 C1.0 TPDISEC3 C1.0 TPDISEC4 C1.0 TPDISEC5 C1.0 TPDISEC6 C1.0 TPDISEC7 C1.0 TPDISEC8 C1.0 TPDISEC9 C1.0
RDRR1912.dbc,2019-12,2021-02-05T10:27,293338,d372490ad6bd7d34b6edaf3fad2a24648fa47773b41e93edcde4af7a97b9401a,3767,5,UF_ZI C6.0 ANO_CMPT C4.0 MES_CMPT C2.0 ESPEC C2.0 CGC_HOSP C14.0 N_AIH C13.0 IDENT C1.0 CEP C8.0 MUNIC_RES C6.0 NASC C8.0 SEXO C1.0 UTI_MES_IN N2.0 UTI_MES_AN N2.0 UTI_MES_AL N2.0 UTI_MES_TO N3.0 MARCA_UTI C2.0 UTI_INT_IN N2.0 UTI_INT_AN N2.0 UTI_INT_AL N2.0 UTI_INT_TO N3.0 DIAR_ACOM N3.0 QT_DIARIAS N3.0 PROC_SOLIC C10.0 PROC_REA C10.0 VAL_SH N13.2 VAL_SP N13.2 VAL_SADT N13.2 VAL_RN N13.2 VAL_ACOMP N13.2 VAL_ORTP N13.2 VAL_SANGUE N13.2 VAL_SADTSR N11.2 VAL_TRANSP N13.2 VAL_OBSANG N11.2 VAL_PED1AC N11.2 VAL_TOT N14.2 VAL_UTI N8.2 US_TOT N10.2 DT_INTER C8.0 DT_SAIDA C8.0 DIAG_PRINC C4.0 DIAG_SECUN C4.0 COBRANCA C2.0 NATUREZA C2.0 NAT_JUR C4.0 GESTAO C1.0 RUBRICA N5.0 IND_VDRL C1.0 MUNIC_MOV C6.0 COD_IDADE C1.0 IDADE N2.0 DIAS_PERM N5.0 MORTE N1.0 NACIONAL C3.0 NUM_PROC C4.0 CAR_INT C2.0 TOT_PT_SP N6.0 CPF_AUT C11.0 HOMONIMO C1.0 NUM_FILHOS N2.0 INSTRU C1.0 CID_NOTIF C4.0 CONTRACEP1 C2.0 CONTRACEP2 C2.0 GESTRISCO C1.0 INSC_PN C12.0 SEQ_AIH5 C3.0 CBOR C6.0 CNAER C3.0 VINCPREV C1.0 GESTOR_COD C5.0 GESTOR_TP C1.0 GESTOR_CPF C15.0 GESTOR_DT C8.0 CNES C7.0 CNPJ_MANT C14.0 INFEHOSP C1.0 CID_ASSO C4.0 CID_MORTE C4.0 COMPLEX C2.0 FINANC C2.0 FAEC_TP C6.0 REGCT C4.0 RACA_COR C2.0 ETNIA C4.0 SEQUENCIA N9.0 REMESSA C21.0 AUD_JUST C50.0 SIS_JUST C50.0 VAL_SH_FED N10.2 VAL_SP_FED N10.2 VAL_SH_GES N10.2 VAL_SP_GES N10.2 VAL_UCI N10.2 MARCA_UCI C2.0 DIAGSEC1 C4.0 DIAGSEC2 C4.0 DIAGSEC3 C4.0 DIAGSEC4 C4.0 DIAGSEC5 C4.0 DIAGSEC6 C4.0 DIAGSEC7 C4.0 DIAGSEC8 C4.0 DIAGSEC9 C1.0 TPDISEC1 C1.0 TPDISEC2 C1.0 TPDISEC3 C1.0 TPDISEC4 C1.0 TPDISEC5 C1.0 TPDISEC6 C1.0 TPDISEC7 C1.0 TPDISEC8 C1.0 TPDISEC9 C1.0
RDRR2001.dbc,2020-01,2021-04-05T13:26,286172,b050ab280ab8041ffbe6be9ce3f04167d7baf344ad226b110ddd12648812c315,3679,5,UF_ZI C6.0 ANO_CMPT C4.0 MES_CMPT C2.0 ESPEC C2.0 CGC_HOSP C14.0 N_AIH C13.0 IDENT C1.0 CEP C8.0 MUNIC_RES C6.0 NASC C8.0 SEXO C1.0 UTI_MES_IN N2.0 UTI_MES_AN N2.0 UTI_MES_AL N2.0 UTI_MES_TO N3.0 MARCA_UTI C2.0 UTI_INT_IN N2.0 UTI_INT_AN N2.0 UTI_INT_AL N2.0 UTI_INT_TO N3.0 DIAR_ACOM N3.0 QT_DIARIAS N3.0 PROC_SOLIC C10.0 PROC_REA C10.0 VAL_SH N13.2 VAL_SP N13.2 VAL_SADT N13.2 VAL_RN N13.2 VAL_ACOMP N13.2 VAL_ORTP N13.2 VAL_SANGUE N13.2 VAL_SADTSR N11.2 VAL_TRANSP N13.2 VAL_OBSANG N11.2 VAL_PED1AC N11.2 VAL_TOT N14.2 VAL_UTI N8.2 US_TOT N10.2 DT_INTER C8.0 DT_SAIDA C8.0 DIAG_PRINC C4.0 DIAG_SECUN C4.0 COBRANCA C2.0 NATUREZA C2.0 NAT_JUR C4.0 GESTAO C1.0 RUBRICA N5.0 IND_VDRL C1.0 MUNIC_MOV C6.0 COD_IDADE C1.0 IDADE N2.0 DIAS_PERM N5.0 MORTE N1.0 NACIONAL C3.0 NUM_PROC C4.0 CAR_INT C2.0 TOT_PT_SP N6.0 CPF_AUT C11.0 HOMONIMO C1.0 NUM_FILHOS N2.0 INSTRU C1.0 CID_NOTIF C4.0 CONTRACEP1 C2.0 CONTRACEP2 C2.0 GESTRISCO C1.0 INSC_PN C12.0 SEQ_AIH5 C3.0 CBOR C6.0 CNAER C3.0 VINCPREV C1.0 GESTOR_COD C5.0 GESTOR_TP C1.0 GESTOR_CPF C15.0 GESTOR_DT C8.0 CNES C7.0 CNPJ_MANT C14.0 INFEHOSP C1.0 CID_ASSO C4.0 CID_MORTE C4.0 COMPLEX C2.0 FINANC C2.0 FAEC_TP C6.0 REGCT C4.0 RACA_COR C2.0 ETNIA C4.0 SEQUENCIA N9.0 REMESSA C21.0 AUD_JUST C50.0 SIS_JUST C50.0 VAL_SH_FED N10.2 VAL_SP_FED N10.2 VAL_SH_GES N10.2 VAL_SP_GES N10.2 VAL_UCI N10.2 MARCA_UCI C2.0 DIAGSEC1 C4.0 DIAGSEC2 C4.0 DIAGSEC3 C4.0 DIAGSEC4 C4.0 DIAGSEC5 C4.0 DIAGSEC6 C4.0 DIAGSEC7 C4.0 DIAGSEC8 C4.0 DIAGSEC9 C1.0 TPDISEC1 C1.0 TPDISEC2 C1.0 TPDISEC3 C1.0 TPDISEC4 C1.0 TPDISEC5 C1.0 TPDISEC6 C1.0 TPDISEC7 C1.0 TPDISEC8 C1.0 TPDISEC9 C1.0
RDRR2002.dbc,2020-02,2021-05-07T16:39,289975,944921a941d53abe533d1707962a378e5f8347bbdf29a2ab6d92baec37a73e80,3775,5,UF_ZI C6.0 ANO_CMPT C4.0 MES_CMPT C2.0 ESPEC C2.0 CGC_HOSP C14.0 N_AIH C13.0 IDENT C1.0 CEP C8.0 MUNIC_RES C6.0 NASC C8.0 SEXO C1.0 UTI_MES_IN N2.0 UTI_MES_AN N2.0 UTI_MES_AL N2.0 UTI_MES_TO N3.0 MARCA_UTI C2.0 UTI_INT_IN N2.0 UTI_INT_AN N2.0 UTI_INT_AL N2.0 UTI_INT_TO N3.0 DIAR_ACOM N3.0 QT_DIARIAS N3.0 PROC_SOLIC C10.0 PROC_REA C10.0 VAL_SH N13.2 VAL_SP N13.2 VAL_SADT N13.2 VAL_RN N13.2 VAL_ACOMP N13.2 VAL_ORTP N13.2 VAL_SANGUE N13.2 VAL_SADTSR N11.2 VAL_TRANSP N13.2 VAL_OBSANG N11.2 VAL_PED1AC N11.2 VAL_TOT N14.2 VAL_UTI N8.2 US_TOT N10.2 DT_INTER C8.0 DT_SAIDA C8.0 DIAG_PRINC C4.0 DIAG_SECUN C4.0 COBRANCA C2.0 NATUREZA C2.0 NAT_JUR C4.0 GESTAO C1.0 RUBRICA N5.0 IND_VDRL C1.0 MUNIC_MOV C6.0 COD_IDADE C1.0 IDADE N2.0 DIAS_PERM N5.0 MORTE N1.0 NACIONAL C3.0 NUM_PROC C4.0 CAR_INT C2.0 TOT_PT_SP N6.0 CPF_AUT C11.0 HOMONIMO C1.0 NUM_FILHOS N2.0 INSTRU C1.0 CID_NOTIF C4.0 CONTRACEP1 C2.0 CONTRACEP2 C2.0 GESTRISCO C1.0 INSC_PN C12.0 SEQ_AIH5 C3.0 CBOR C6.0 CNAER C3.0 VINCPREV C1.0 GESTOR_COD C5.0 GESTOR_TP C1.0 GESTOR_CPF C15.0 GESTOR_DT C8.0 CNES C7.0 CNPJ_MANT C14.0 INFEHOSP C1.0 CID_ASSO C4.0 CID_MORTE C4.0 COMPLEX C2.0 FINANC C2.0 FAEC_TP C6.0 REGCT C4.0 RACA_COR C2.0 ETNIA C4.0 SEQUENCIA N9.0 REMESSA C21.0 AUD_JUST C50.0 SIS_JUST C50.0 VAL_SH_FED N10.2 VAL_SP_FED N10.2 VAL_SH_GES N10.2 VAL_SP_GES N10.2 VAL_UCI N10.2 MARCA_UCI C2.0 DIAGSEC1 C4.0 DIAGSEC2 C4.0 DIAGSEC3 C4.0 DIAGSEC4 C4.0 DIAGSEC5 C4.0 DIAGSEC6 C4.0 DIAGSEC7 C4.0 DIAGSEC8 C4.0 DIAGSEC9 C1.0 TPDISEC1 C1.0 TPDISEC2 C1.0 TPDISEC3 C1.0 TPDISEC4 C1.0 TPDISEC5 C1.0 TPDISEC6 C1.0 TPDISEC7 C1.0 TPDISEC8 C1.0 TPDISEC9 C1.0
RDRR2003.dbc,2020-03,2021-05-07T16:39,274761,8f10fd00d7fd5e955c047155f52386f6b6e0a82c998a2bef6a3d8ed3c9473927,3576,5,UF_ZI C6.0 ANO_CMPT C4.0 MES_CMPT C2.0 ESPEC C2.0 CGC_HOSP C14.0 N_AIH C13.0 IDENT C1.0 CEP C8.0 MUNIC_RES C6.0 NASC C8.0 SEXO C1.0 UTI_MES_IN N2.0 UTI_MES_AN N2.0 UTI_MES_AL N2.0 UTI_MES_TO N3.0 MARCA_UTI C2.0 UTI_INT_IN N2.0 UTI_INT_AN N2.0 UTI_INT_AL N2.0 UTI_INT_TO N3.0 DIAR_ACOM N3.0 QT_DIARIAS N3.0 PROC_SOLIC C10.0 PROC_REA C10.0 VAL_SH N13.2 VAL_SP N13.2 VAL_SADT N13.2 VAL_RN N13.2 VAL_ACOMP N13.2 VAL_ORTP N13.2 VAL_SANGUE N13.2 VAL_SADTSR N11.2 VAL_TRANSP N13.2 VAL_OBSANG N11.2 VAL_PED1AC N11.2 VAL_TOT N14.2 VAL_UTI N8.2 US_TOT N10.2 DT_INTER C8.0 DT_SAIDA C8.0 DIAG_PRINC C4.0 DIAG_SECUN C4.0 COBRANCA C2.0 NATUREZA C2.0 NAT_JUR C4.0 GESTAO C1.0 RUBRICA N5.0 IND_VDRL C1.0 MUNIC_MOV C6.0 COD_IDADE C1.0 IDADE N2.0 DIAS_PERM N5.0 MORTE N1.0 NACIONAL C3.0 NUM_PROC C4.0 CAR_INT C2.0 TOT_PT_SP N6.0 CPF_AUT C11.0 HOMONIMO C1.0 NUM_FILHOS N2.0 INSTRU C1.0 CID_NOTIF C4.0 CONTRACEP1 C2.0 CONTRACEP2 C2.0 GESTRISCO C1.0 INSC_PN C12.0 SEQ_AIH5 C3.0 CBOR C6.0 CNAER C3.0 VINCPREV C1.0 GESTOR_COD C5.0 GESTOR_TP C1.0 GESTOR_CPF C15.0 GESTOR_DT C8.0 CNES C7.0 CNPJ_MANT C14.0 INFEHOSP C1.0 CID_ASSO C4.0 CID_MORTE C4.0 COMPLEX C2.0 FINANC C2.0 FAEC_TP C6.0 REGCT C4.0 RACA_COR C2.0 ETNIA C4.0 SEQUENCIA N9.0 REMESSA C21.0 AUD_JUST C50.0 SIS_JUST C50.0 VAL_SH_FED N10.2 VAL_SP_FED N10.2 VAL_SH_GES N10.2 VAL_SP_GES N10.2 VAL_UCI N10.2 MARCA_UCI C2.0 DIAGSEC1 C4.0 DIAGSEC2 C4.0 DIAGSEC3 C4.0 DIAGSEC4 C4.0 DIAGSEC5 C4.0 DIAGSEC6 C4.0 DIAGSEC7 C4.0 DIAGSEC8 C4.0 DIAGSEC9 C1.0 TPDISEC1 C1.0 TPDISEC2 C1.0 TPDISEC3 C1.0 TPDISEC4 C1.0 TPDISEC5 C1.0 TPDISEC6 C1.0 TPDISEC7 C1.0 TPDISEC8 C1.0 TPDISEC9 C1.0
RDRR2004.dbc,2020-04,2022-01-10T14:25,237095,363d8284bf96fa07454a7f8c67871719d504a9c962a3741cca19ef32a6029a4e,3132,5,UF_ZI C6.0 ANO_CMPT C4.0 MES_CMPT C2.0 ESPEC C2.0 CGC_HOSP C14.0 N_AIH C13.0 IDENT C1.0 CEP C8.0 MUNIC_RES C6.0 NASC C8.0 SEXO C1.0 UTI_MES_IN N2.0 UTI_MES_AN N2.0 UTI_MES_AL N2.0 UTI_MES_TO N3.0 MARCA_UTI C2.0 UTI_INT_IN N2.0 UTI_INT_AN N2.0 UTI_INT_AL N2.0 UTI_INT_TO N3.0 DIAR_ACOM N3.0 QT_DIARIAS N3.0 PROC_SOLIC C10.0 PROC_REA C10.0 VAL_SH N13.2 VAL_SP N13.2 VAL_SADT N13.2 VAL_RN N13.2 VAL_ACOMP N13.2 VAL_ORTP N13.2 VAL_SANGUE N13.2 VAL_SADTSR N11.2 VAL_TRANSP N13.2 VAL_OBSANG N11.2 VAL_PED1AC N11.2 VAL_TOT N14.2 VAL_UTI N8.2 US_TOT N10.2 DT_INTER C8.0 DT_SAIDA C8.0 DIAG_PRINC C4.0 DIAG_SECUN C4.0 COBRANCA C2.0 NATUREZA C2.0 NAT_JUR C4.0 GESTAO C1.0 RUBRICA N5.0 IND_VDRL C1.0 MUNIC_MOV C6.0 COD_IDADE C1.0 IDADE N2.0 DIAS_PERM N5.0 MORTE N1.0 NACIONAL C3.0 NUM_PROC C4.0 CAR_INT C2.0 TOT_PT_SP N6.0 CPF_AUT C11.0 HOMONIMO C1.0 NUM_FILHOS N2.0 INSTRU C1.0 CID_NOTIF C4.0 CONTRACEP1 C2.0 CONTRACEP2 C2.0 GESTRISCO C1.0 INSC_PN C12.0 SEQ_AIH5 C3.0 CBOR C6.0 CNAER C3.0 VINCPREV C1.0 GESTOR_COD C5.0 GESTOR_TP C1.0 GESTOR_CPF C15.0 GESTOR_DT C8.0 CNES C7.0 CNPJ_MANT C14.0 INFEHOSP C1.0 CID_ASSO C4.0 CID_MORTE C4.0 COMPLEX C2.0 FINANC C2.0 FAEC_TP C6.0 REGCT C4.0 RACA_COR C2.0 ETNIA C4.0 SEQUENCIA N9.0 REMESSA C21.0 AUD_JUST C50.0 SIS_JUST C50.0 VAL_SH_FED N10.2 VAL_SP_FED N10.2 VAL_SH_GES N10.2 VAL_SP_GES N10.2 VAL_UCI N10.2 MARCA_UCI C2.0 DIAGSEC1 C4.0 DIAGSEC2 C4.0 DIAGSEC3 C4.0 DIAGSEC4 C4.0 DIAGSEC5 C4.0 DIAGSEC6 C4.0 DIAGSEC7 C4.0 DIAGSEC8 C4.0 DIAGSEC9 C1.0 TPDISEC1 C1.0 TPDISEC2 C1.0 TPDISEC3 C1.0 TPDISEC4 C1.0 TPDISEC5 C1.0 TPDISEC6 C1.0 TPDISEC7 C1.0 TPDISEC8 C1.0 TPDISEC9 C1.0
RDRR2005.dbc,2020-05,2022-01-10T14:25,219538,1c87e00c8762cead566ca5e5e8a864711e93c186c1cac5622677708e5177f483,2916,5,UF_ZI C6.0 ANO_CMPT C4.0 MES_CMPT C2.0 ESPEC C2.0 CGC_HOSP C14.0 N_AIH C13.0 IDENT C1.0 CEP C8.0 MUNIC_RES C6.0 NASC C8.0 SEXO C1.0 UTI_MES_IN N2.0 UTI_MES_AN N2.0 UTI_MES_AL N2.0 UTI_MES_TO N3.0 MARCA_UTI C2.0 UTI_INT_IN N2.0 UTI_INT_AN N2.0 UTI_INT_AL N2.0 UTI_INT_TO N3.0 DIAR_ACOM N3.0 QT_DIARIAS N3.0 PROC_SOLIC C10.0 PROC_REA C10.0 VAL_SH N13.2 VAL_SP N13.2 VAL_SADT N13.2 VAL_RN N13.2 VAL_ACOMP N13.2 VAL_ORTP N13.2 VAL_SANGUE N13.2 VAL_SADTSR N11.2 VAL_TRANSP N13.2 VAL_OBSANG N11.2 VAL_PED1AC N11.2 VAL_TOT N14.2 VAL_UTI N8.2 US_TOT N10.2 DT_INTER C8.0 DT_SAIDA C8.0 DIAG_PRINC C4.0 DIAG_SECUN C4.0 COBRANCA C2.0 NATUREZA C2.0 NAT_JUR C4.0 GESTAO C1.0 RUBRICA N5.0 IND_VDRL C1.0 MUNIC_MOV C6.0 COD_IDADE C1.0 IDADE N2.0 DIAS_PERM N5.0 MORTE N1.0 NACIONAL C3.0 NUM_PROC C4.0 CAR_INT C2.0 TOT_PT_SP N6.0 CPF_AUT C11.0 HOMONIMO C1.0 NUM_FILHOS N2.0 INSTRU C1.0 CID_NOTIF C4.0 CONTRACEP1 C2.0 CONTRACEP2 C2.0 GESTRISCO C1.0 INSC_PN C12.0 SEQ_AIH5 C3.0 CBOR C6.0 CNAER C3.0 VINCPREV C1.0 GESTOR_COD C5.0 GESTOR_TP C1.0 GESTOR_CPF C15.0 GESTOR_DT C8.0 CNES C7.0 CNPJ_MANT C14.0 INFEHOSP C1.0 CID_ASSO C4.0 CID_MORTE C4.0 COMPLEX C2.0 FINANC C2.0 FAEC_TP C6.0 REGCT C4.0 RACA_COR C2.0 ETNIA C4.0 SEQUENCIA N9.0 REMESSA C21.0 AUD_JUST C50.0 SIS_JUST C50.0 VAL_SH_FED N10.2 VAL_SP_FED N10.2 VAL_SH_GES N10.2 VAL_SP_GES N10.2 VAL_UCI N10.2 MARCA_UCI C2.0 DIAGSEC1 C4.0 DIAGSEC2 C4.0 DIAGSEC3 C4.0 DIAGSEC4 C4.0 DIAGSEC5 C4.0 DIAGSEC6 C4.0 DIAGSEC7 C4.0 DIAGSEC8 C4.0 DIAGSEC9 C1.0 TPDISEC1 C1.0 TPDISEC2 C1.0 TPDISEC3 C1.0 TPDISEC4 C1.0 TPDISEC5 C1.0 TPDISEC6 C1.0 TPDISEC7 C1.0 TPDISEC8 C1.0 TPDISEC9 C1.0
RDRR2006.dbc,2020-06,2022-01-10T14:25,209348,2782f2d25a42c4841a2007b33f5dd06dd7906f7a3784d0b1887f8502416210a4,2846,5,UF_ZI C6.0 ANO_CMPT C4.0 MES_CMPT C2.0 ESPEC C2.0 CGC_HOSP C14.0 N_AIH C13.0 IDENT C1.0 CEP C8.0 MUNIC_RES C6.0 NASC C8.0 SEXO C1.0 UTI_MES_IN N2.0 UTI_MES_AN N2.0 UTI_MES_AL N2.0 UTI_MES_TO N3.0 MARCA_UTI C2.0 UTI_INT_IN N2.0 UTI_INT_AN N2.0 UTI_INT_AL N2.0 UTI_INT_TO N3.0 DIAR_ACOM N3.0 QT_DIARIAS N3.0 PROC_SOLIC C10.0 PROC_REA C10.0 VAL_SH N13.2 VAL_SP N13.2 VAL_SADT N13.2 VAL_RN N13.2 VAL_ACOMP N13.2 VAL_ORTP N13.2 VAL_SANGUE N13.2 VAL_SADTSR N11.2 VAL_TRANSP N13.2 VAL_OBSANG N11.2 VAL_PED1AC N11.2 VAL_TOT N14.2 VAL_UTI N8.2 US_TOT N10.2 DT_INTER C8.0 DT_SAIDA C8.0 DIAG_PRINC C4.0 DIAG_SECUN C4.0 COBRANCA C2.0 NATUREZA C2.0 NAT_JUR C4.0 GESTAO C1.0 RUBRICA N5.0 IND_VDRL C1.0 MUNIC_MOV C6.0 COD_IDADE C1.0 IDADE N2.0 DIAS_PERM N5.0 MORTE N1.0 NACIONAL C3.0 NUM_PROC C4.0 CAR_INT C2.0 TOT_PT_SP N6.0 CPF_AUT C11.0 HOMONIMO C1.0 NUM_FILHOS N2.0 INSTRU C1.0 CID_NOTIF C4.0 CONTRACEP1 C2.0 CONTRACEP2 C2.0 GESTRISCO C1.0 INSC_PN C12.0 SEQ_AIH5 C3.0 CBOR C6.0 CNAER C3.0 VINCPREV C1.0 GESTOR_COD C5.0 GESTOR_TP C1.0 GESTOR_CPF C15.0 GESTOR_DT C8.0 CNES C7.0 CNPJ_MANT C14.0 INFEHOSP C1.0 CID_ASSO C4.0 CID_MORTE C4.0 COMPLEX C2.0 FINANC C2.0 FAEC_TP C6.0 REGCT C4.0 RACA_COR C2.0 ETNIA C4.0 SEQUENCIA N9.0 REMESSA C21.0 AUD_JUST C50.0 SIS_JUST C50.0 VAL_SH_FED N10.2 VAL_SP_FED N10.2 VAL_SH_GES N10.2 VAL_SP_GES N10.2 VAL_UCI N10.2 MARCA_UCI C2.0 DIAGSEC1 C4.0 DIAGSEC2 C4.0 DIAGSEC3 C4.0 DIAGSEC4 C4.0 DIAGSEC5 C4.0 DIAGSEC6 C4.0 DIAGSEC7 C4.0 DIAGSEC8 C4.0 DIAGSEC9 C1.0 TPDISEC1 C1.0 TPDISEC2 C1.0 TPDISEC3 C1.0 TPDISEC4 C1.0 TPDISEC5 C1.0 TPDISEC6 C1.0 TPDISEC7 C1.0 TPDISEC8 C1.0 TPDISEC9 C1.0
RDRR2007.dbc,2020-07,2022-01-10T14:25,217721,4582670dc0aae253f13cdb508f77147a06acae858f8d4098fdd7bc83bd0ca25c,2899,5,UF_ZI C6.0 ANO_CMPT C4.0 MES_CMPT C2.0 ESPEC C2.0 CGC_HOSP C14.0 N_AIH C13.0 IDENT C1.0 CEP C8.0 MUNIC_RES C6.0 NASC C8.0 SEXO C1.0 UTI_MES_IN N2.0 UTI_MES_AN N2.0 UTI_MES_AL N2.0 UTI_MES_TO N3.0 MARCA_UTI C2.0 UTI_INT_IN N2.0 UTI_INT_AN N2.0 UTI_INT_AL N2.0 UTI_INT_TO N3.0 DIAR_ACOM N3.0 QT_DIARIAS N3.0 PROC_SOLIC C10.0 PROC_REA C10.0 VAL_SH N13.2 VAL_SP N13.2 VAL_SADT N13.2 VAL_RN N13.2 VAL_ACOMP N13.2 VAL_ORTP N13.2 VAL_SANGUE N13.2 VAL_SADTSR N11.2 VAL_TRANSP N13.2 VAL_OBSANG N11.2 VAL_PED1AC N11.2 VAL_TOT N14.2 VAL_UTI N8.2 US_TOT N10.2 DT_INTER C8.0 DT_SAIDA C8.0 DIAG_PRINC C4.0 DIAG_SECUN C4.0 COBRANCA C2.0 NATUREZA C2.0 NAT_JUR C4.0 GESTAO C1.0 RUBRICA N5.0 IND_VDRL C1.0 MUNIC_MOV C6.0 COD_IDADE C1.0 IDADE N2.0 DIAS_PERM N5.0 MORTE N1.0 NACIONAL C3.0 NUM_PROC C4.0 CAR_INT C2.0 TOT_PT_SP N6.0 CPF_AUT C11.0 HOMONIMO C1.0 NUM_FILHOS N2.0 INSTRU C1.0 CID_NOTIF C4.0 CONTRACEP1 C2.0 CONTRACEP2 C2.0 GESTRISCO C1.0 INSC_PN C12.0 SEQ_AIH5 C3.0 CBOR C6.0 CNAER C3.0 VINCPREV C1.0 GESTOR_COD C5.0 GESTOR_TP C1.0 GESTOR_CPF C15.0 GESTOR_DT C8.0 CNES C7.0 CNPJ_MANT C14.0 INFEHOSP C1.0 CID_ASSO C4.0 CID_MORTE C4.0 COMPLEX C2.0 FINANC C2.0 FAEC_TP C6.0 REGCT C4.0 RACA_COR C2.0 ETNIA C4.0 SEQUENCIA N9.0 REMESSA C21.0 AUD_JUST C50.0 SIS_JUST C50.0 VAL_SH_FED N10.2 VAL_SP_FED N10.2 VAL_SH_GES N10.2 VAL_SP_GES N10.2 VAL_UCI N10.2 MARCA_UCI C2.0 DIAGSEC1 C4.0 DIAGSEC2 C4.0 DIAGSEC3 C4.0 DIAGSEC4 C4.0 DIAGSEC5 C4.0 DIAGSEC6 C4.0 DIAGSEC7 C4.0 DIAGSEC8 C4.0 DIAGSEC9 C1.0 TPDISEC1 C1.0 TPDISEC2 C1.0 TPDISEC3 C1.0 TPDISEC4 C1.0 TPDISEC5 C1.0 TPDISEC6 C1.0 TPDISEC7 C1.0 TPDISEC8 C1.0 TPDISEC9 C1.0
RDRR2008.dbc,2020-08,2022-02-07T10:08,249140,ebb0a8dad2c83a3d8f9c18ac01243623e562716db21c8229c909cc3425ac0bdc,3263,5,UF_ZI C6.0 ANO_CMPT C4.0 MES_CMPT C2.0 ESPEC C2.0 CGC_HOSP C14.0 N_AIH C13.0 IDENT C1.0 CEP C8.0 MUNIC_RES C6.0 NASC C8.0 SEXO C1.0 UTI_MES_IN N2.0 UTI_MES_AN N2.0 UTI_MES_AL N2.0 UTI_MES_TO N3.0 MARCA_UTI C2.0 UTI_INT_IN N2.0 UTI_INT_AN N2.0 UTI_INT_AL N2.0 UTI_INT_TO N3.0 DIAR_ACOM N3.0 QT_DIARIAS N3.0 PROC_SOLIC C10.0 PROC_REA C10.0 VAL_SH N13.2 VAL_SP N13.2 VAL_SADT N13.2 VAL_RN N13.2 VAL_ACOMP N13.2 VAL_ORTP N13.2 VAL_SANGUE N13.2 VAL_SADTSR N11.2 VAL_TRANSP N13.2 VAL_OBSANG N11.2 VAL_PED1AC N11.2 VAL_TOT N14.2 VAL_UTI N8.2 US_TOT N10.2 DT_INTER C8.0 DT_SAIDA C8.0 DIAG_PRINC C4.0 DIAG_SECUN C4.0 COBRANCA C2.0 NATUREZA C2.0 NAT_JUR C4.0 GESTAO C1.0 RUBRICA N5.0 IND_VDRL C1.0 MUNIC_MOV C6.0 COD_IDADE C1.0 IDADE N2.0 DIAS_PERM N5.0 MORTE N1.0 NACIONAL C3.0 NUM_PROC C4.0 CAR_INT C2.0 TOT_PT_SP N6.0 CPF_AUT C11.0 HOMONIMO C1.0 NUM_FILHOS N2.0 INSTRU C1.0 CID_NOTIF C4.0 CONTRACEP1 C2.0 CONTRACEP2 C2.0 GESTRISCO C1.0 INSC_PN C12.0 SEQ_AIH5 C3.0 CBOR C6.0 CNAER C3.0 VINCPREV C1.0 GESTOR_COD C5.0 GESTOR_TP C1.0 GESTOR_CPF C15.0 GESTOR_DT C8.0 CNES C7.0 CNPJ_MANT C14.0 INFEHOSP C1.0 CID_ASSO C4.0 CID_MORTE C4.0 COMPLEX C2.0 FINANC C2.0 FAEC_TP C6.0 REGCT C4.0 RACA_COR C2.0 ETNIA C4.0 SEQUENCIA N9.0 REMESSA C21.0 AUD_JUST C50.0 SIS_JUST C50.0 VAL_SH_FED N10.2 VAL_SP_FED N10.2 VAL_SH_GES N10.2 VAL_SP_GES N10.2 VAL_UCI N10.2 MARCA_UCI C2.0 DIAGSEC1 C4.0 DIAGSEC2 C4.0 DIAGSEC3 C4.0 DIAGSEC4 C4.0 DIAGSEC5 C4.0 DIAGSEC6 C4.0 DIAGSEC7 C4.0 DIAGSEC8 C4.0 DIAGSEC9 C1.0 TPDISEC1 C1.0 TPDISEC2 C1.0 TPDISEC3 C1.0 TPDISEC4 C1.0 TPDISEC5 C1.0 TPDISEC6 C1.0 TPDISEC7 C1.0 TPDISEC8 C1.0 TPDISEC9 C1.0
RDRR2009.dbc,2020-09,2022-02-07T10:08,233871,ea845f2ef1315379ac26eee42bfec8f0511345e56e480e67c9e774e5409ad379,3063,5,UF_ZI C6.0 ANO_CMPT C4.0 MES_CMPT C2.0 ESPEC C2.0 CGC_HOSP C14.0 N_AIH C13.0 IDENT C1.0 CEP C8.0 MUNIC_RES C6.0 NASC C8.0 SEXO C1.0 UTI_MES_IN N2.0 UTI_MES_AN N2.0 UTI_MES_AL N2.0 UTI_MES_TO N3.0 MARCA_UTI C2.0 UTI_INT_IN N2.0 UTI_INT_AN N2.0 UTI_INT_AL N2.0 UTI_INT_TO N3.0 DIAR_ACOM N3.0 QT_DIARIAS N3.0 PROC_SOLIC C10.0 PROC_REA C10.0 VAL_SH N13.2 VAL_SP N13.2 VAL_SADT N13.2 VAL_RN N13.2 VAL_ACOMP N13.2 VAL_ORTP N13.2 VAL_SANGUE N13.2 VAL_SADTSR N11.2 VAL_TRANSP N13.2 VAL_OBSANG N11.2 VAL_PED1AC N11.2 VAL_TOT N14.2 VAL_UTI N8.2 US_TOT N10.2 DT_INTER C8.0 DT_SAIDA C8.0 DIAG_PRINC C4.0 DIAG_SECUN C4.0 COBRANCA C2.0 NATUREZA C2.0 NAT_JUR C4.0 GESTAO C1.0 RUBRICA N5.0 IND_VDRL C1.0 MUNIC_MOV C6.0 COD_IDADE C1.0 IDADE N2.0 DIAS_PERM N5.0 MORTE N1.0 NACIONAL C3.0 NUM_PROC C4.0 CAR_INT C2.0 TOT_PT_SP N6.0 CPF_AUT C11.0 HOMONIMO C1.0 NUM_FILHOS N2.0 INSTRU C1.0 CID_NOTIF C4.0 CONTRACEP1 C2.0 CONTRACEP2 C2.0 GESTRISCO C1.0 INSC_PN C12.0 SEQ_AIH5 C3.0 CBOR C6.0 CNAER C3.0 VINCPREV C1.0 GESTOR_COD C5.0 GESTOR_TP C1.0 GESTOR_CPF C15.0 GESTOR_DT C8.0 CNES C7.0 CNPJ_MANT C14.0 INFEHOSP C1.0 CID_ASSO C4.0 CID_MORTE C4.0 COMPLEX C2.0 FINANC C2.0 FAEC_TP C6.0 REGCT C4.0 RACA_COR C2.0 ETNIA C4.0 SEQUENCIA N9.0 REMESSA C21.0 AUD_JUST C50.0 SIS_JUST C50.0 VAL_SH_FED N10.2 VAL_SP_FED N10.2 VAL_SH_GES N10.2 VAL_SP_GES N10.2 VAL_UCI N10.2 MARCA_UCI C2.0 DIAGSEC1 C4.0 DIAGSEC2 C4.0 DIAGSEC3 C4.0 DIAGSEC4 C4.0 DIAGSEC5 C4.0 DIAGSEC6 C4.0 DIAGSEC7 C4.0 DIAGSEC8 C4.0 DIAGSEC9 C1.0 TPDISEC1 C1.0 TPDISEC2 C1.0 TPDISEC3 C1.0 TPDISEC4 C1.0 TPDISEC5 C1.0 TPDISEC6 C1.0 TPDISEC7 C1.0 TPDISEC8 C1.0 TPDISEC9 C1.0
RDRR2010.dbc,2020-10,2022-02-07T10:08,265278,4e56c0e8d02d497cf6bf451e93f574bd942b2ce3509c11e4fec931689e04f1fd,3481,5,UF_ZI C6.0 ANO_CMPT C4.0 MES_CMPT C2.0 ESPEC C2.0 CGC_HOSP C14.0 N_AIH C13.0 IDENT C1.0 CEP C8.0 MUNIC_RES C6.0 NASC C8.0 SEXO C1.0 UTI_MES_IN N2.0 UTI_MES_AN N2.0 UTI_MES_AL N2.0 UTI_MES_TO N3.0 MARCA_UTI C2.0 UTI_INT_IN N2.0 UTI_INT_AN N2.0 UTI_INT_AL N2.0 UTI_INT_TO N3.0 DIAR_ACOM N3.0 QT_DIARIAS N3.0 PROC_SOLIC C10.0 PROC_REA C10.0 VAL_SH N13.2 VAL_SP N13.2 VAL_SADT N13.2 VAL_RN N13.2 VAL_ACOMP N13.2 VAL_ORTP N13.2 VAL_SANGUE N13.2 VAL_SADTSR N11.2 VAL_TRANSP N13.2 VAL_OBSANG N11.2 VAL_PED1AC N11.2 VAL_TOT N14.2 VAL_UTI N8.2 US_TOT N10.2 DT_INTER C8.0 DT_SAIDA C8.0 DIAG_PRINC C4.0 DIAG_SECUN C4.0 COBRANCA C2.0 NATUREZA C2.0 NAT_JUR C4.0 GESTAO C1.0 RUBRICA N5.0 IND_VDRL C1.0 MUNIC_MOV C6.0 COD_IDADE C1.0 IDADE N2.0 DIAS_PERM N5.0 MORTE N1.0 NACIONAL C3.0 NUM_PROC C4.0 CAR_INT C2.0 TOT_PT_SP N6.0 CPF_AUT C11.0 HOMONIMO C1.0 NUM_FILHOS N2.0 INSTRU C1.0 CID_NOTIF C4.0 CONTRACEP1 C2.0 CONTRACEP2 C2.0 GESTRISCO C1.0 INSC_PN C12.0 SEQ_AIH5 C3.0 CBOR C6.0 CNAER C3.0 VINCPREV C1.0 GESTOR_COD C5.0 GESTOR_TP C1.0 GESTOR_CPF C15.0 GESTOR_DT C8.0 CNES C7.0 CNPJ_MANT C14.0 INFEHOSP C1.0 CID_ASSO C4.0 CID_MORTE C4.0 COMPLEX C2.0 FINANC C2.0 FAEC_TP C6.0 REGCT C4.0 RACA_COR C2.0 ETNIA C4.0 SEQUENCIA N9.0 REMESSA C21.0 AUD_JUST C50.0 SIS_JUST C50.0 VAL_SH_FED N10.2 VAL_SP_FED N10.2 VAL_SH_GES N10.2 VAL_SP_GES N10.2 VAL_UCI N10.2 MARCA_UCI C2.0 DIAGSEC1 C4.0 DIAGSEC2 C4.0 DIAGSEC3 C4.0 DIAGSEC4 C4.0 DIAGSEC5 C4.0 DIAGSEC6 C4.0 DIAGSEC7 C4.0 DIAGSEC8 C4.0 DIAGSEC9 C1.0 TPDISEC1 C1.0 TPDISEC2 C1.0 TPDISEC3 C1.0 TPDISEC4 C1.0 TPDISEC5 C1.0 TPDISEC6 C1.0 TPDISEC7 C1.0 TPDISEC8 C1.0 TPDISEC9 C1.0
RDRR2011.dbc,2020-11,2022-02-07T10:08,259610,d92fb6b39e0160d33e889d139694425d34a79c4948296d599e6fa0f923fa9676,3435,5,UF_ZI C6.0 ANO_CMPT C4.0 MES_CMPT C2.0 ESPEC C2.0 CGC_HOSP C14.0 N_AIH C13.0 IDENT C1.0 CEP C8.0 MUNIC_RES C6.0 NASC C8.0 SEXO C1.0 UTI_MES_IN N2.0 UTI_MES_AN N2.0 UTI_MES_AL N2.0 UTI_MES_TO N3.0 MARCA_UTI C2.0 UTI_INT_IN N2.0 UTI_INT_AN N2.0 UTI_INT_AL N2.0 UTI_INT_TO N3.0 DIAR_ACOM N3.0 QT_DIARIAS N3.0 PROC_SOLIC C10.0 PROC_REA C10.0 VAL_SH N13.2 VAL_SP N13.2 VAL_SADT N13.2 VAL_RN N13.2 VAL_ACOMP N13.2 VAL_ORTP N13.2 VAL_SANGUE N13.2 VAL_SADTSR N11.2 VAL_TRANSP N13.2 VAL_OBSANG N11.2 VAL_PED1AC N11.2 VAL_TOT N14.2 VAL_UTI N8.2 US_TOT N10.2 DT_INTER C8.0 DT_SAIDA C8.0 DIAG_PRINC C4.0 DIAG_SECUN C4.0 COBRANCA C2.0 NATUREZA C2.0 NAT_JUR C4.0 GESTAO C1.0 RUBRICA N5.0 IND_VDRL C1.0 MUNIC_MOV C6.0 COD_IDADE C1.0 IDADE N2.0 DIAS_PERM N5.0 MORTE N1.0 NACIONAL C3.0 NUM_PROC C4.0 CAR_INT C2.0 TOT_PT_SP N6.0 CPF_AUT C11.0 HOMONIMO C1.0 NUM_FILHOS N2.0 INSTRU C1.0 CID_NOTIF C4.0 CONTRACEP1 C2.0 CONTRACEP2 C2.0 GESTRISCO C1.0 INSC_PN C12.0 SEQ_AIH5 C3.0 CBOR C6.0 CNAER C3.0 VINCPREV C1.0 GESTOR_COD C5.0 GESTOR_TP C1.0 GESTOR_CPF C15.0 GESTOR_DT C8.0 CNES C7.0 CNPJ_MANT C14.0 INFEHOSP C1.0 CID_ASSO C4.0 CID_MORTE C4.0 COMPLEX C2.0 FINANC C2.0 FAEC_TP C6.0 REGCT C4.0 RACA_COR C2.0 ETNIA C4.0 SEQUENCIA N9.0 REMESSA C21.0 AUD_JUST C50.0 SIS_JUST C50.0 VAL_SH_FED N10.2 VAL_SP_FED N10.2 VAL_SH_GES N10.2 VAL_SP_GES N10.2 VAL_UCI N10.2 MARCA_UCI C2.0 DIAGSEC1 C4.0 DIAGSEC2 C4.0 DIAGSEC3 C4.0 DIAGSEC4 C4.0 DIAGSEC5 C4.0 DIAGSEC6 C4.0 DIAGSEC7 C4.0 DIAGSEC8 C4.0 DIAGSEC9 C1.0 TPDISEC1 C1.0 TPDISEC2 C1.0 TPDISEC3 C1.0 TPDISEC4 C1.0 TPDISEC5 C1.0 TPDISEC6 C1.0 TPDISEC7 C1.0 TPDISEC8 C1.0 TPDISEC9 C1.0
RDRR2012.dbc,2020-12,2022-03-07T13:15,271057,5afbd43d3b06c4fdf618d3c2ce7fe47204c066a4e21d8653ce32adbf96a9a258,3496,5,UF_ZI C6.0 ANO_CMPT C4.0 MES_CMPT C2.0 ESPEC C2.0 CGC_HOSP C14.0 N_AIH C13.0 IDENT C1.0 CEP C8.0 MUNIC_RES C6.0 NASC C8.0 SEXO C1.0 UTI_MES_IN N2.0 UTI_MES_AN N2.0 UTI_MES_AL N2.0 UTI_MES_TO N3.0 MARCA_UTI C2.0 UTI_INT_IN N2.0 UTI_INT_AN N2.0 UTI_INT_AL N2.0 UTI_INT_TO N3.0 DIAR_ACOM N3.0 QT_DIARIAS N3.0 PROC_SOLIC C10.0 PROC_REA C10.0 VAL_SH N13.2 VAL_SP N13.2 VAL_SADT N13.2 VAL_RN N13.2 VAL_ACOMP N13.2 VAL_ORTP N13.2 VAL_SANGUE N13.2 VAL_SADTSR N11.2 VAL_TRANSP N13.2 VAL_OBSANG N11.2 VAL_PED1AC N11.2 VAL_TOT N14.2 VAL_UTI N8.2 US_TOT N10.2 DT_INTER C8.0 DT_SAIDA C8.0 DIAG_PRINC C4.0 DIAG_SECUN C4.0 COBRANCA C2.0 NATUREZA C2.0 NAT_JUR C4.0 GESTAO C1.0 RUBRICA N5.0 IND_VDRL C1.0 MUNIC_MOV C6.0 COD_IDADE C1.0 IDADE N2.0 DIAS_PERM N5.0 MORTE N1.0 NACIONAL C3.0 NUM_PROC C4.0 CAR_INT C2.0 TOT_PT_SP N6.0 CPF_AUT C11.0 HOMONIMO C1.0 NUM_FILHOS N2.0 INSTRU C1.0 CID_NOTIF C4.0 CONTRACEP1 C2.0 CONTRACEP2 C2.0 GESTRISCO C1.0 INSC_PN C12.0 SEQ_AIH5 C3.0 CBOR C6.0 CNAER C3.0 VINCPREV C1.0 GESTOR_COD C5.0 GESTOR_TP C1.0 GESTOR_CPF C15.0 GESTOR_DT C8.0 CNES C7.0 CNPJ_MANT C14.0 INFEHOSP C1.0 CID_ASSO C4.0 CID_MORTE C4.0 COMPLEX C2.0 FINANC C2.0 FAEC_TP C6.0 REGCT C4.0 RACA_COR C2.0 ETNIA C4.0 SEQUENCIA N9.0 REMESSA C21.0 AUD_JUST C50.0 SIS_JUST C50.0 VAL_SH_FED N10.2 VAL_SP_FED N10.2 VAL_SH_GES N10.2 VAL_SP_GES N10.2 VAL_UCI N10.2 MARCA_UCI C2.0 DIAGSEC1 C4.0 DIAGSEC2 C4.0 DIAGSEC3 C4.0 DIAGSEC4 C4.0 DIAGSEC5 C4.0 DIAGSEC6 C4.0 DIAGSEC7 C4.0 DIAGSEC8 C4.0 DIAGSEC9 C1.0 TPDISEC1 C1.0 TPDISEC2 C1.0 TPDISEC3 C1.0 TPDISEC4 C1.0 TPDISEC5 C1.0 TPDISEC6 C1.0 TPDISEC7 C1.0 TPDISEC8 C1.0 TPDISEC9 C1.0
RDRR2101.dbc,2021-01,2022-03-07T13:15,234734,fd3f151cab235b591080a3f38230000fb3b70a62d8cb35dc888d7058b96beb05,3157,5,UF_ZI C6.0 ANO_CMPT C4.0 MES_CMPT C2.0 ESPEC C2.0 CGC_HOSP C14.0 N_AIH C13.0 IDENT C1.0 CEP C8.0 MUNIC_RES C6.0 NASC C8.0 SEXO C1.0 UTI_MES_IN N2.0 UTI_MES_AN N2.0 UTI_MES_AL N2.0 UTI_MES_TO N3.0 MARCA_UTI C2.0 UTI_INT_IN N2.0 UTI_INT_AN N2.0 UTI_INT_AL N2.0 UTI_INT_TO N3.0 DIAR_ACOM N3.0 QT_DIARIAS N3.0 PROC_SOLIC C10.0 PROC_REA C10.0 VAL_SH N13.2 VAL_SP N13.2 VAL_SADT N13.2 VAL_RN N13.2 VAL_ACOMP N13.2 VAL_ORTP N13.2 VAL_SANGUE N13.2 VAL_SADTSR N11.2 VAL_TRANSP N13.2 VAL_OBSANG N11.2 VAL_PED1AC N11.2 VAL_TOT N14.2 VAL_UTI N8.2 US_TOT N10.2 DT_INTER C8.0 DT_SAIDA C8.0 DIAG_PRINC C4.0 DIAG_SECUN C4.0 COBRANCA C2.0 NATUREZA C2.0 NAT_JUR C4.0 GESTAO C1.0 RUBRICA N5.0 IND_VDRL C1.0 MUNIC_MOV C6.0 COD_IDADE C1.0 IDADE N2.0 DIAS_PERM N5.0 MORTE N1.0 NACIONAL C3.0 NUM_PROC C4.0 CAR_INT C2.0 TOT_PT_SP N6.0 CPF_AUT C11.0 HOMONIMO C1.0 NUM_FILHOS N2.0 INSTRU C1.0 CID_NOTIF C4.0 CONTRACEP1 C2.0 CONTRACEP2 C2.0 GESTRISCO C1.0 INSC_PN C12.0 SEQ_AIH5 C3.0 CBOR C6.0 CNAER C3.0 VINCPREV C1.0 GESTOR_COD C5.0 GESTOR_TP C1.0 GESTOR_CPF C15.0 GESTOR_DT C8.0 CNES C7.0 CNPJ_MANT C14.0 INFEHOSP C1.0 CID_ASSO C4.0 CID_MORTE C4.0 COMPLEX C2.0 FINANC C2.0 FAEC_TP C6.0 REGCT C4.0 RACA_COR C2.0 ETNIA C4.0 SEQUENCIA N9.0 REMESSA C21.0 AUD_JUST C50.0 SIS_JUST C50.0 VAL_SH_FED N10.2 VAL_SP_FED N10.2 VAL_SH_GES N10.2 VAL_SP_GES N10.2 VAL_UCI N10.2 MARCA_UCI C2.0 DIAGSEC1 C4.0 DIAGSEC2 C4.0 DIAGSEC3 C4.0 DIAGSEC4 C4.0 DIAGSEC5 C4.0 DIAGSEC6 C4.0 DIAGSEC7 C4.0 DIAGSEC8 C4.0 DIAGSEC9 C1.0 TPDISEC1 C1.0 TPDISEC2 C1.0 TPDISEC3 C1.0 TPDISEC4 C1.0 TPDISEC5 C1.0 TPDISEC6 C1.0 TPDISEC7 C1.0 TPDISEC8 C1.0 TPDISEC9 C1.0
RDRR2102.dbc,2021-02,2022-04-11T19:24,240893,5521dba5d1663e9474aefaf50b0c0460c5eab6d7084feb88ac99ec494020fd9f,3304,5,UF_ZI C6.0 ANO_CMPT C4.0 MES_CMPT C2.0 ESPEC C2.0 CGC_HOSP C14.0 N_AIH C13.0 IDENT C1.0 CEP C8.0 MUNIC_RES C6.0 NASC C8.0 SEXO C1.0 UTI_MES_IN N2.0 UTI_MES_AN N2.0 UTI_MES_AL N2.0 UTI_MES_TO N3.0 MARCA_UTI C2.0 UTI_INT_IN N2.0 UTI_INT_AN N2.0 UTI_INT_AL N2.0 UTI_INT_TO N3.0 DIAR_ACOM N3.0 QT_DIARIAS N3.0 PROC_SOLIC C10.0 PROC_REA C10.0 VAL_SH N13.2 VAL_SP N13.2 VAL_SADT N13.2 VAL_RN N13.2 VAL_ACOMP N13.2 VAL_ORTP N13.2 VAL_SANGUE N13.2 VAL_SADTSR N11.2 VAL_TRANSP N13.2 VAL_OBSANG N11.2 VAL_PED1AC N11.2 VAL_TOT N14.2 VAL_UTI N8.2 US_TOT N10.2 DT_INTER C8.0 DT_SAIDA C8.0 DIAG_PRINC C4.0 DIAG_SECUN C4.0 COBRANCA C2.0 NATUREZA C2.0 NAT_JUR C4.0 GESTAO C1.0 RUBRICA N5.0 IND_VDRL C1.0 MUNIC_MOV C6.0 COD_IDADE C1.0 IDADE N2.0 DIAS_PERM N5.0 MORTE N1.0 NACIONAL C3.0 NUM_PROC C4.0 CAR_INT C2.0 TOT_PT_SP N6.0 CPF_AUT C11.0 HOMONIMO C1.0 NUM_FILHOS N2.0 INSTRU C1.0 CID_NOTIF C4.0 CONTRACEP1 C2.0 CONTRACEP2 C2.0 GESTRISCO C1.0 INSC_PN C12.0 SEQ_AIH5 C3.0 CBOR C6.0 CNAER C3.0 VINCPREV C1.0 GESTOR_COD C5.0 GESTOR_TP C1.0 GESTOR_CPF C15.0 GESTOR_DT C8.0 CNES C7.0 CNPJ_MANT C14.0 INFEHOSP C1.0 CID_ASSO C4.0 CID_MORTE C4.0 COMPLEX C2.0 FINANC C2.0 FAEC_TP C6.0 REGCT C4.0 RACA_COR C2.0 ETNIA C4.0 SEQUENCIA N9.0 REMESSA C21.0 AUD_JUST C50.0 SIS_JUST C50.0 VAL_SH_FED N10.2 VAL_SP_FED N10.2 VAL_SH_GES N10.2 VAL_SP_GES N10.2 VAL_UCI N10.2 MARCA_UCI C2.0 DIAGSEC1 C4.0 DIAGSEC2 C4.0 DIAGSEC3 C4.0 DIAGSEC4 C4.0 DIAGSEC5 C4.0 DIAGSEC6 C4.0 DIAGSEC7 C4.0 DIAGSEC8 C4.0 DIAGSEC9 C1.0 TPDISEC1 C1.0 TPDISEC2 C1.0 TPDISEC3 C1.0 TPDISEC4 C1.0 TPDISEC5 C1.0 TPDISEC6 C1.0 TPDISEC7 C1.0 TPDISEC8 C1.0 TPDISEC9 C1.0
RDRR2103.dbc,2021-03,2022-05-04T12:34,274489,4952aab20c0f6d36fd9d41df62804b070565af1a65381d37a3db05385b013273,3693,5,UF_ZI C6.0 ANO_CMPT C4.0 MES_CMPT C2.0 ESPEC C2.0 CGC_HOSP C14.0 N_AIH C13.0 IDENT C1.0 CEP C8.0 MUNIC_RES C6.0 NASC C8.0 SEXO C1.0 UTI_MES_IN N2.0 UTI_MES_AN N2.0 UTI_MES_AL N2.0 UTI_MES_TO N3.0 MARCA_UTI C2.0 UTI_INT_IN N2.0 UTI_INT_AN N2.0 UTI_INT_AL N2.0 UTI_INT_TO N3.0 DIAR_ACOM N3.0 QT_DIARIAS N3.0 PROC_SOLIC C10.0 PROC_REA C10.0 VAL_SH N13.2 VAL_SP N13.2 VAL_SADT N13.2 VAL_RN N13.2 VAL_ACOMP N13.2 VAL_ORTP N13.2 VAL_SANGUE N13.2 VAL_SADTSR N11.2 VAL_TRANSP N13.2 VAL_OBSANG N11.2 VAL_PED1AC N11.2 VAL_TOT N14.2 VAL_UTI N8.2 US_TOT N10.2 DT_INTER C8.0 DT_SAIDA C8.0 DIAG_PRINC C4.0 DIAG_SECUN C4.0 COBRANCA C2.0 NATUREZA C2.0 NAT_JUR C4.0 GESTAO C1.0 RUBRICA N5.0 IND_VDRL C1.0 MUNIC_MOV C6.0 COD_IDADE C1.0 IDADE N2.0 DIAS_PERM N5.0 MORTE N1.0 NACIONAL C3.0 NUM_PROC C4.0 CAR_INT C2.0 TOT_PT_SP N6.0 CPF_AUT C11.0 HOMONIMO C1.0 NUM_FILHOS N2.0 INSTRU C1.0 CID_NOTIF C4.0 CONTRACEP1 C2.0 CONTRACEP2 C2.0 GESTRISCO C1.0 INSC_PN C12.0 SEQ_AIH5 C3.0 CBOR C6.0 CNAER C3.0 VINCPREV C1.0 GESTOR_COD C5.0 GESTOR_TP C1.0 GESTOR_CPF C15.0 GESTOR_DT C8.0 CNES C7.0 CNPJ_MANT C14.0 INFEHOSP C1.0 CID_ASSO C4.0 CID_MORTE C4.0 COMPLEX C2.0 FINANC C2.0 FAEC_TP C6.0 REGCT C4.0 RACA_COR C2.0 ETNIA C4.0 SEQUENCIA N9.0 REMESSA C21.0 AUD_JUST C50.0 SIS_JUST C50.0 VAL_SH_FED N10.2 VAL_SP_FED N10.2 VAL_SH_GES N10.2 VAL_SP_GES N10.2 VAL_UCI N10.2 MARCA_UCI C2.0 DIAGSEC1 C4.0 DIAGSEC2 C4.0 DIAGSEC3 C4.0 DIAGSEC4 C4.0 DIAGSEC5 C4.0 DIAGSEC6 C4.0 DIAGSEC7 C4.0 DIAGSEC8 C4.0 DIAGSEC9 C1.0 TPDISEC1 C1.0 TPDISEC2 C1.0 TPDISEC3 C1.0 TPDISEC4 C1.0 TPDISEC5 C1.0 TPDISEC6 C1.0 TPDISEC7 C1.0 TPDISEC8 C1.0 TPDISEC9 C1.0
RDRR2104.dbc,2021-04,2022-05-04T12:34,251811,f6f627cf0a4f5c1ab6c60aeba12d376495c8ae33189e768156bc466afca28d36,3333,5,UF_ZI C6.0 ANO_CMPT C4.0 MES_CMPT C2.0 ESPEC C2.0 CGC_HOSP C14.0 N_AIH C13.0 IDENT C1.0 CEP C8.0 MUNIC_RES C6.0 NASC C8.0 SEXO C1.0 UTI_MES_IN N2.0 UTI_MES_AN N2.0 UTI_MES_AL N2.0 UTI_MES_TO N3.0 MARCA_UTI C2.0 UTI_INT_IN N2.0 UTI_INT_AN N2.0 UTI_INT_AL N2.0 UTI_INT_TO N3.0 DIAR_ACOM N3.0 QT_DIARIAS N3.0 PROC_SOLIC C10.0 PROC_REA C10.0 VAL_SH N13.2 VAL_SP N13.2 VAL_SADT N13.2 VAL_RN N13.2 VAL_ACOMP N13.2 VAL_ORTP N13.2 VAL_SANGUE N13.2 VAL_SADTSR N11.2 VAL_TRANSP N13.2 VAL_OBSANG N11.2 VAL_PED1AC N11.2 VAL_TOT N14.2 VAL_UTI N8.2 US_TOT N10.2 DT_INTER C8.0 DT_SAIDA C8.0 DIAG_PRINC C4.0 DIAG_SECUN C4.0 COBRANCA C2.0 NATUREZA C2.0 NAT_JUR C4.0 GESTAO C1.0 RUBRICA N5.0 IND_VDRL C1.0 MUNIC_MOV C6.0 COD_IDADE C1.0 IDADE N2.0 DIAS_PERM N5.0 MORTE N1.0 NACIONAL C3.0 NUM_PROC C4.0 CAR_INT C2.0 TOT_PT_SP N6.0 CPF_AUT C11.0 HOMONIMO C1.0 NUM_FILHOS N2.0 INSTRU C1.0 CID_NOTIF C4.0 CONTRACEP1 C2.0 CONTRACEP2 C2.0 GESTRISCO C1.0 INSC_PN C12.0 SEQ_AIH5 C3.0 CBOR C6.0 CNAER C3.0 VINCPREV C1.0 GESTOR_COD C5.0 GESTOR_TP C1.0 GESTOR_CPF C15.0 GESTOR_DT C8.0 CNES C7.0 CNPJ_MANT C14.0 INFEHOSP C1.0 CID_ASSO C4.0 CID_MORTE C4.0 COMPLEX C2.0 FINANC C2.0 FAEC_TP C6.0 REGCT C4.0 RACA_COR C2.0 ETNIA C4.0 SEQUENCIA N9.0 REMESSA C21.0 AUD_JUST C50.0 SIS_JUST C50.0 VAL_SH_FED N10.2 VAL_SP_FED N10.2 VAL_SH_GES N10.2 VAL_SP_GES N10.2 VAL_UCI N10.2 MARCA_UCI C2.0 DIAGSEC1 C4.0 DIAGSEC2 C4.0 DIAGSEC3 C4.0 DIAGSEC4 C4.0 DIAGSEC5 C4.0 DIAGSEC6 C4.0 DIAGSEC7 C4.0 DIAGSEC8 C4.0 DIAGSEC9 C1.0 TPDISEC1 C1.0 TPDISEC2 C1.0 TPDISEC3 C1.0 TPDISEC4 C1.0 TPDISEC5 C1.0 TPDISEC6 C1.0 TPDISEC7 C1.0 TPDISEC8 C1.0 TPDISEC9 C1.0
RDRR2105.dbc,2021-05,2022-06-03T13:05,240880,cdfd3043535f0c49430777e5b350add87e3fa306b3cd28c5de9dfa779ae77080,3215,5,UF_ZI C6.0 ANO_CMPT C4.0 MES_CMPT C2.0 ESPEC C2.0 CGC_HOSP C14.0 N_AIH C13.0 IDENT C1.0 CEP C8.0 MUNIC_RES C6.0 NASC C8.0 SEXO C1.0 UTI_MES_IN N2.0 UTI_MES_AN N2.0 UTI_MES_AL N2.0 UTI_MES_TO N3.0 MARCA_UTI C2.0 UTI_INT_IN N2.0 UTI_INT_AN N2.0 UTI_INT_AL N2.0 UTI_INT_TO N3.0 DIAR_ACOM N3.0 QT_DIARIAS N3.0 PROC_SOLIC C10.0 PROC_REA C10.0 VAL_SH N13.2 VAL_SP N13.2 VAL_SADT N13.2 VAL_RN N13.2 VAL_ACOMP N13.2 VAL_ORTP N13.2 VAL_SANGUE N13.2 VAL_SADTSR N11.2 VAL_TRANSP N13.2 VAL_OBSANG N11.2 VAL_PED1AC N11.2 VAL_TOT N14.2 VAL_UTI N8.2 US_TOT N10.2 DT_INTER C8.0 DT_SAIDA C8.0 DIAG_PRINC C4.0 DIAG_SECUN C4.0 COBRANCA C2.0 NATUREZA C2.0 NAT_JUR C4.0 GESTAO C1.0 RUBRICA N5.0 IND_VDRL C1.0 MUNIC_MOV C6.0 COD_IDADE C1.0 IDADE N2.0 DIAS_PERM N5.0 MORTE N1.0 NACIONAL C3.0 NUM_PROC C4.0 CAR_INT C2.0 TOT_PT_SP N6.0 CPF_AUT C11.0 HOMONIMO C1.0 NUM_FILHOS N2.0 INSTRU C1.0 CID_NOTIF C4.0 CONTRACEP1 C2.0 CONTRACEP2 C2.0 GESTRISCO C1.0 INSC_PN C12.0 SEQ_AIH5 C3.0 CBOR C6.0 CNAER C3.0 VINCPREV C1.0 GESTOR_COD C5.0 GESTOR_TP C1.0 GESTOR_CPF C15.0 GESTOR_DT C8.0 CNES C7.0 CNPJ_MANT C14.0 INFEHOSP C1.0 CID_ASSO C4.0 CID_MORTE C4.0 COMPLEX C2.0 FINANC C2.0 FAEC_TP C6.0 REGCT C4.0 RACA_COR C2.0 ETNIA C4.0 SEQUENCIA N9.0 REMESSA C21.0 AUD_JUST C50.0 SIS_JUST C50.0 VAL_SH_FED N10.2 VAL_SP_FED N10.2 VAL_SH_GES N10.2 VAL_SP_GES N10.2 VAL_UCI N10.2 MARCA_UCI C2.0 DIAGSEC1 C4.0 DIAGSEC2 C4.0 DIAGSEC3 C4.0 DIAGSEC4 C4.0 DIAGSEC5 C4.0 DIAGSEC6 C4.0 DIAGSEC7 C4.0 DIAGSEC8 C4.0 DIAGSEC9 C1.0 TPDISEC1 C1.0 TPDISEC2 C1.0 TPDISEC3 C1.0 TPDISEC4 C1.0 TPDISEC5 C1.0 TPDISEC6 C1.0 TPDISEC7 C1.0 TPDISEC8 C1.0 TPDISEC9 C1.0
RDRR2106.dbc,2021-06,2022-07-06T13:12,251318,53e4556823a7125efd7a1b29da9ea029cedf4020f7f234b758e5e27b0b895310,3276,5,UF_ZI C6.0 ANO_CMPT C4.0 MES_CMPT C2.0 ESPEC C2.0 CGC_HOSP C14.0 N_AIH C13.0 IDENT C1.0 CEP C8.0 MUNIC_RES C6.0 NASC C8.0 SEXO C1.0 UTI_MES_IN N2.0 UTI_MES_AN N2.0 UTI_MES_AL N2.0 UTI_MES_TO N3.0 MARCA_UTI C2.0 UTI_INT_IN N2.0 UTI_INT_AN N2.0 UTI_INT_AL N2.0 UTI_INT_TO N3.0 DIAR_ACOM N3.0 QT_DIARIAS N3.0 PROC_SOLIC C10.0 PROC_REA C10.0 VAL_SH N13.2 VAL_SP N13.2 VAL_SADT N13.2 VAL_RN N13.2 VAL_ACOMP N13.2 VAL_ORTP N13.2 VAL_SANGUE N13.2 VAL_SADTSR N11.2 VAL_TRANSP N13.2 VAL_OBSANG N11.2 VAL_PED1AC N11.2 VAL_TOT N14.2 VAL_UTI N8.2 US_TOT N10.2 DT_INTER C8.0 DT_SAIDA C8.0 DIAG_PRINC C4.0 DIAG_SECUN C4.0 COBRANCA C2.0 NATUREZA C2.0 NAT_JUR C4.0 GESTAO C1.0 RUBRICA N5.0 IND_VDRL C1.0 MUNIC_MOV C6.0 COD_IDADE C1.0 IDADE N2.0 DIAS_PERM N5.0 MORTE N1.0 NACIONAL C3.0 NUM_PROC C4.0 CAR_INT C2.0 TOT_PT_SP N6.0 CPF_AUT C11.0 HOMONIMO C1.0 NUM_FILHOS N2.0 INSTRU C1.0 CID_NOTIF C4.0 CONTRACEP1 C2.0 CONTRACEP2 C2.0 GESTRISCO C1.0 INSC_PN C12.0 SEQ_AIH5 C3.0 CBOR C6.0 CNAER C3.0 VINCPREV C1.0 GESTOR_COD C5.0 GESTOR_TP C1.0 GESTOR_CPF C15.0 GESTOR_DT C8.0 CNES C7.0 CNPJ_MANT C14.0 INFEHOSP C1.0 CID_ASSO C4.0 CID_MORTE C4.0 COMPLEX C2.0 FINANC C2.0 FAEC_TP C6.0 REGCT C4.0 RACA_COR C2.0 ETNIA C4.0 SEQUENCIA N9.0 REMESSA C21.0 AUD_JUST C50.0 SIS_JUST C50.0 VAL_SH_FED N10.2 VAL_SP_FED N10.2 VAL_SH_GES N10.2 VAL_SP_GES N10.2 VAL_UCI N10.2 MARCA_UCI C2.0 DIAGSEC1 C4.0 DIAGSEC2 C4.0 DIAGSEC3 C4.0 DIAGSEC4 C4.0 DIAGSEC5 C4.0 DIAGSEC6 C4.0 DIAGSEC7 C4.0 DIAGSEC8 C4.0 DIAGSEC9 C1.0 TPDISEC1 C1.0 TPDISEC2 C1.0 TPDISEC3 C1.0 TPDISEC4 C1.0 TPDISEC5 C1.0 TPDISEC6 C1.0 TPDISEC7 C1.0 TPDISEC8 C1.0 TPDISEC9 C1.0
RDRR2107.dbc,2021-07,2022-08-04T15:44,303290,3ccba7d0c6298ce101f62885f65988427ef0258bb7f510a302db1183d9a3214a,4021,5,UF_ZI C6.0 ANO_CMPT C4.0 MES_CMPT C2.0 ESPEC C2.0 CGC_HOSP C14.0 N_AIH C13.0 IDENT C1.0 CEP C8.0 MUNIC_RES C6.0 NASC C8.0 SEXO C1.0 UTI_MES_IN N2.0 UTI_MES_AN N2.0 UTI_MES_AL N2.0 UTI_MES_TO N3.0 MARCA_UTI C2.0 UTI_INT_IN N2.0 UTI_INT_AN N2.0 UTI_INT_AL N2.0 UTI_INT_TO N3.0 DIAR_ACOM N3.0 QT_DIARIAS N3.0 PROC_SOLIC C10.0 PROC_REA C10.0 VAL_SH N13.2 VAL_SP N13.2 VAL_SADT N13.2 VAL_RN N13.2 VAL_ACOMP N13.2 VAL_ORTP N13.2 VAL_SANGUE N13.2 VAL_SADTSR N11.2 VAL_TRANSP N13.2 VAL_OBSANG N11.2 VAL_PED1AC N11.2 VAL_TOT N14.2 VAL_UTI N8.2 US_TOT N10.2 DT_INTER C8.0 DT_SAIDA C8.0 DIAG_PRINC C4.0 DIAG_SECUN C4.0 COBRANCA C2.0 NATUREZA C2.0 NAT_JUR C4.0 GESTAO C1.0 RUBRICA N5.0 IND_VDRL C1.0 MUNIC_MOV C6.0 COD_IDADE C1.0 IDADE N2.0 DIAS_PERM N5.0 MORTE N1.0 NACIONAL C3.0 NUM_PROC C4.0 CAR_INT C2.0 TOT_PT_SP N6.0 CPF_AUT C11.0 HOMONIMO C1.0 NUM_FILHOS N2.0 INSTRU C1.0 CID_NOTIF C4.0 CONTRACEP1 C2.0 CONTRACEP2 C2.0 GESTRISCO C1.0 INSC_PN C12.0 SEQ_AIH5 C3.0 CBOR C6.0 CNAER C3.0 VINCPREV C1.0 GESTOR_COD C5.0 GESTOR_TP C1.0 GESTOR_CPF C15.0 GESTOR_DT C8.0 CNES C7.0 CNPJ_MANT C14.0 INFEHOSP C1.0 CID_ASSO C4.0 CID_MORTE C4.0 COMPLEX C2.0 FINANC C2.0 FAEC_TP C6.0 REGCT C4.0 RACA_COR C2.0 ETNIA C4.0 SEQUENCIA N9.0 REMESSA C21.0 AUD_JUST C50.0 SIS_JUST C50.0 VAL_SH_FED N10.2 VAL_SP_FED N10.2 VAL_SH_GES N10.2 VAL_SP_GES N10.2 VAL_UCI N10.2 MARCA_UCI C2.0 DIAGSEC1 C4.0 DIAGSEC2 C4.0 DIAGSEC3 C4.0 DIAGSEC4 C4.0 DIAGSEC5 C4.0 DIAGSEC6 C4.0 DIAGSEC7 C4.0 DIAGSEC8 C4.0 DIAGSEC9 C1.0 TPDISEC1 C1.0 TPDISEC2 C1.0 TPDISEC3 C1.0 TPDISEC4 C1.0 TPDISEC5 C1.0 TPDISEC6 C1.0 TPDISEC7 C1.0 TPDISEC8 C1.0 TPDISEC9 C1.0
RDRR2108.dbc,2021-08,2022-09-06T11:18,295944,d659140c51ab417516f31fa5f7b8afcb6fc0c6d9e391345aceca1a4343733fbb,3929,5,UF_ZI C6.0 ANO_CMPT C4.0 MES_CMPT C2.0 ESPEC C2.0 CGC_HOSP C14.0 N_AIH C13.0 IDENT C1.0 CEP C8.0 MUNIC_RES C6.0 NASC C8.0 SEXO C1.0 UTI_MES_IN N2.0 UTI_MES_AN N2.0 UTI_MES_AL N2.0 UTI_MES_TO N3.0 MARCA_UTI C2.0 UTI_INT_IN N2.0 UTI_INT_AN N2.0 UTI_INT_AL N2.0 UTI_INT_TO N3.0 DIAR_ACOM N3.0 QT_DIARIAS N3.0 PROC_SOLIC C10.0 PROC_REA C10.0 VAL_SH N13.2 VAL_SP N13.2 VAL_SADT N13.2 VAL_RN N13.2 VAL_ACOMP N13.2 VAL_ORTP N13.2 VAL_SANGUE N13.2 VAL_SADTSR N11.2 VAL_TRANSP N13.2 VAL_OBSANG N11.2 VAL_PED1AC N11.2 VAL_TOT N14.2 VAL_UTI N8.2 US_TOT N10.2 DT_INTER C8.0 DT_SAIDA C8.0 DIAG_PRINC C4.0 DIAG_SECUN C4.0 COBRANCA C2.0 NATUREZA C2.0 NAT_JUR C4.0 GESTAO C1.0 RUBRICA N5.0 IND_VDRL C1.0 MUNIC_MOV C6.0 COD_IDADE C1.0 IDADE N2.0 DIAS_PERM N5.0 MORTE N1.0 NACIONAL C3.0 NUM_PROC C4.0 CAR_INT C2.0 TOT_PT_SP N6.0 CPF_AUT C11.0 HOMONIMO C1.0 NUM_FILHOS N2.0 INSTRU C1.0 CID_NOTIF C4.0 CONTRACEP1 C2.0 CONTRACEP2 C2.0 GESTRISCO C1.0 INSC_PN C12.0 SEQ_AIH5 C3.0 CBOR C6.0 CNAER C3.0 VINCPREV C1.0 GESTOR_COD C5.0 GESTOR_TP C1.0 GESTOR_CPF C15.0 GESTOR_DT C8.0 CNES C7.0 CNPJ_MANT C14.0 INFEHOSP C1.0 CID_ASSO C4.0 CID_MORTE C4.0 COMPLEX C2.0 FINANC C2.0 FAEC_TP C6.0 REGCT C4.0 RACA_COR C2.0 ETNIA C4.0 SEQUENCIA N9.0 REMESSA C21.0 AUD_JUST C50.0 SIS_JUST C50.0 VAL_SH_FED N10.2 VAL_SP_FED N10.2 VAL_SH_GES N10.2 VAL_SP_GES N10.2 VAL_UCI N10.2 MARCA_UCI C2.0 DIAGSEC1 C4.0 DIAGSEC2 C4.0 DIAGSEC3 C4.0 DIAGSEC4 C4.0 DIAGSEC5 C4.0 DIAGSEC6 C4.0 DIAGSEC7 C4.0 DIAGSEC8 C4.0 DIAGSEC9 C1.0 TPDISEC1 C1.0 TPDISEC2 C1.0 TPDISEC3 C1.0 TPDISEC4 C1.0 TPDISEC5 C1.0 TPDISEC6 C1.0 TPDISEC7 C1.0 TPDISEC8 C1.0 TPDISEC9 C1.0
RDRR2109.dbc,2021-09,2022-10-05T14:28,268024,1e0c20772eaf4e1c381790f1cfad7efdef25cbdb45776ab553ba3e6c5287c7e7,3519,5,UF_ZI C6.0 ANO_CMPT C4.0 MES_CMPT C2.0 ESPEC C2.0 CGC_HOSP C14.0 N_AIH C13.0 IDENT C1.0 CEP C8.0 MUNIC_RES C6.0 NASC C8.0 SEXO C1.0 UTI_MES_IN N2.0 UTI_MES_AN N2.0 UTI_MES_AL N2.0 UTI_MES_TO N3.0 MARCA_UTI C2.0 UTI_INT_IN N2.0 UTI_INT_AN N2.0 UTI_INT_AL N2.0 UTI_INT_TO N3.0 DIAR_ACOM N3.0 QT_DIARIAS N3.0 PROC_SOLIC C10.0 PROC_REA C10.0 VAL_SH N13.2 VAL_SP N13.2 VAL_SADT N13.2 VAL_RN N13.2 VAL_ACOMP N13.2 VAL_ORTP N13.2 VAL_SANGUE N13.2 VAL_SADTSR N11.2 VAL_TRANSP N13.2 VAL_OBSANG N11.2 VAL_PED1AC N11.2 VAL_TOT N14.2 VAL_UTI N8.2 US_TOT N10.2 DT_INTER C8.0 DT_SAIDA C8.0 DIAG_PRINC C4.0 DIAG_SECUN C4.0 COBRANCA C2.0 NATUREZA C2.0 NAT_JUR C4.0 GESTAO C1.0 RUBRICA N5.0 IND_VDRL C1.0 MUNIC_MOV C6.0 COD_IDADE C1.0 IDADE N2.0 DIAS_PERM N5.0 MORTE N1.0 NACIONAL C3.0 NUM_PROC C4.0 CAR_INT C2.0 TOT_PT_SP N6.0 CPF_AUT C11.0 HOMONIMO C1.0 NUM_FILHOS N2.0 INSTRU C1.0 CID_NOTIF C4.0 CONTRACEP1 C2.0 CONTRACEP2 C2.0 GESTRISCO C1.0 INSC_PN C12.0 SEQ_AIH5 C3.0 CBOR C6.0 CNAER C3.0 VINCPREV C1.0 GESTOR_COD C5.0 GESTOR_TP C1.0 GESTOR_CPF C15.0 GESTOR_DT C8.0 CNES C7.0 CNPJ_MANT C14.0 INFEHOSP C1.0 CID_ASSO C4.0 CID_MORTE C4.0 COMPLEX C2.0 FINANC C2.0 FAEC_TP C6.0 REGCT C4.0 RACA_COR C2.0 ETNIA C4.0 SEQUENCIA N9.0 REMESSA C21.0 AUD_JUST C50.0 SIS_JUST C50.0 VAL_SH_FED N10.2 VAL_SP_FED N10.2 VAL_SH_GES N10.2 VAL_SP_GES N10.2 VAL_UCI N10.2 MARCA_UCI C2.0 DIAGSEC1 C4.0 DIAGSEC2 C4.0 DIAGSEC3 C4.0 DIAGSEC4 C4.0 DIAGSEC5 C4.0 DIAGSEC6 C4.0 DIAGSEC7 C4.0 DIAGSEC8 C4.0 DIAGSEC9 C1.0 TPDISEC1 C1.0 TPDISEC2 C1.0 TPDISEC3 C1.0 TPDISEC4 C1.0 TPDISEC5 C1.0 TPDISEC6 C1.0 TPDISEC7 C1.0 TPDISEC8 C1.0 TPDISEC9 C1.0
RDRR2110.dbc,2021-10,2022-11-03T17:56,269414,5f295ca962fa76a8cf0328959022d22d2d429d0de77455a709da8c7476adee56,3530,5,UF_ZI C6.0 ANO_CMPT C4.0 MES_CMPT C2.0 ESPEC C2.0 CGC_HOSP C14.0 N_AIH C13.0 IDENT C1.0 CEP C8.0 MUNIC_RES C6.0 NASC C8.0 SEXO C1.0 UTI_MES_IN N2.0 UTI_MES_AN N2.0 UTI_MES_AL N2.0 UTI_MES_TO N3.0 MARCA_UTI C2.0 UTI_INT_IN N2.0 UTI_INT_AN N2.0 UTI_INT_AL N2.0 UTI_INT_TO N3.0 DIAR_ACOM N3.0 QT_DIARIAS N3.0 PROC_SOLIC C10.0 PROC_REA C10.0 VAL_SH N13.2 VAL_SP N13.2 VAL_SADT N13.2 VAL_RN N13.2 VAL_ACOMP N13.2 VAL_ORTP N13.2 VAL_SANGUE N13.2 VAL_SADTSR N11.2 VAL_TRANSP N13.2 VAL_OBSANG N11.2 VAL_PED1AC N11.2 VAL_TOT N14.2 VAL_UTI N8.2 US_TOT N10.2 DT_INTER C8.0 DT_SAIDA C8.0 DIAG_PRINC C4.0 DIAG_SECUN C4.0 COBRANCA C2.0 NATUREZA C2.0 NAT_JUR C4.0 GESTAO C1.0 RUBRICA N5.0 IND_VDRL C1.0 MUNIC_MOV C6.0 COD_IDADE C1.0 IDADE N2.0 DIAS_PERM N5.0 MORTE N1.0 NACIONAL C3.0 NUM_PROC C4.0 CAR_INT C2.0 TOT_PT_SP N6.0 CPF_AUT C11.0 HOMONIMO C1.0 NUM_FILHOS N2.0 INSTRU C1.0 CID_NOTIF C4.0 CONTRACEP1 C2.0 CONTRACEP2 C2.0 GESTRISCO C1.0 INSC_PN C12.0 SEQ_AIH5 C3.0 CBOR C6.0 CNAER C3.0 VINCPREV C1.0 GESTOR_COD C5.0 GESTOR_TP C1.0 GESTOR_CPF C15.0 GESTOR_DT C8.0 CNES C7.0 CNPJ_MANT C14.0 INFEHOSP C1.0 CID_ASSO C4.0 CID_MORTE C4.0 COMPLEX C2.0 FINANC C2.0 FAEC_TP C6.0 REGCT C4.0 RACA_COR C2.0 ETNIA C4.0 SEQUENCIA N9.0 REMESSA C21.0 AUD_JUST C50.0 SIS_JUST C50.0 VAL_SH_FED N10.2 VAL_SP_FED N10.2 VAL_SH_GES N10.2 VAL_SP_GES N10.2 VAL_UCI N10.2 MARCA_UCI C2.0 DIAGSEC1 C4.0 DIAGSEC2 C4.0 DIAGSEC3 C4.0 DIAGSEC4 C4.0 DIAGSEC5 C4.0 DIAGSEC6 C4.0 DIAGSEC7 C4.0 DIAGSEC8 C4.0 DIAGSEC9 C1.0 TPDISEC1 C1.0 TPDISEC2 C1.0 TPDISEC3 C1.0 TPDISEC4 C1.0 TPDISEC5 C1.0 TPDISEC6 C1.0 TPDISEC7 C1.0 TPDISEC8 C1.0 TPDISEC9 C1.0
RDRR2111.dbc,2021-11,2022-12-06T16:24,271870,51b528ca7318febbe5e41e50485511fd001072f239998ea442b1ca340a7b470e,3587,5,UF_ZI C6.0 ANO_CMPT C4.0 MES_CMPT C2.0 ESPEC C2.0 CGC_HOSP C14.0 N_AIH C13.0 IDENT C1.0 CEP C8.0 MUNIC_RES C6.0 NASC C8.0 SEXO C1.0 UTI_MES_IN N2.0 UTI_MES_AN N2.0 UTI_MES_AL N2.0 UTI_MES_TO N3.0 MARCA_UTI C2.0 UTI_INT_IN N2.0 UTI_INT_AN N2.0 UTI_INT_AL N2.0 UTI_INT_TO N3.0 DIAR_ACOM N3.0 QT_DIARIAS N3.0 PROC_SOLIC C10.0 PROC_REA C10.0 VAL_SH N13.2 VAL_SP N13.2 VAL_SADT N13.2 VAL_RN N13.2 VAL_ACOMP N13.2 VAL_ORTP N13.2 VAL_SANGUE N13.2 VAL_SADTSR N11.2 VAL_TRANSP N13.2 VAL_OBSANG N11.2 VAL_PED1AC N11.2 VAL_TOT N14.2 VAL_UTI N8.2 US_TOT N10.2 DT_INTER C8.0 DT_SAIDA C8.0 DIAG_PRINC C4.0 DIAG_SECUN C4.0 COBRANCA C2.0 NATUREZA C2.0 NAT_JUR C4.0 GESTAO C1.0 RUBRICA N5.0 IND_VDRL C1.0 MUNIC_MOV C6.0 COD_IDADE C1.0 IDADE N2.0 DIAS_PERM N5.0 MORTE N1.0 NACIONAL C3.0 NUM_PROC C4.0 CAR_INT C2.0 TOT_PT_SP N6.0 CPF_AUT C11.0 HOMONIMO C1.0 NUM_FILHOS N2.0 INSTRU C1.0 CID_NOTIF C4.0 CONTRACEP1 C2.0 CONTRACEP2 C2.0 GESTRISCO C1.0 INSC_PN C12.0 SEQ_AIH5 C3.0 CBOR C6.0 CNAER C3.0 VINCPREV C1.0 GESTOR_COD C5.0 GESTOR_TP C1.0 GESTOR_CPF C15.0 GESTOR_DT C8.0 CNES C7.0 CNPJ_MANT C14.0 INFEHOSP C1.0 CID_ASSO C4.0 CID_MORTE C4.0 COMPLEX C2.0 FINANC C2.0 FAEC_TP C6.0 REGCT C4.0 RACA_COR C2.0 ETNIA C4.0 SEQUENCIA N9.0 REMESSA C21.0 AUD_JUST C50.0 SIS_JUST C50.0 VAL_SH_FED N10.2 VAL_SP_FED N10.2 VAL_SH_GES N10.2 VAL_SP_GES N10.2 VAL_UCI N10.2 MARCA_UCI C2.0 DIAGSEC1 C4.0 DIAGSEC2 C4.0 DIAGSEC3 C4.0 DIAGSEC4 C4.0 DIAGSEC5 C4.0 DIAGSEC6 C4.0 DIAGSEC7 C4.0 DIAGSEC8 C4.0 DIAGSEC9 C1.0 TPDISEC1 C1.0 TPDISEC2 C1.0 TPDISEC3 C1.0 TPDISEC4 C1.0 TPDISEC5 C1.0 TPDISEC6 C1.0 TPDISEC7 C1.0 TPDISEC8 C1.0 TPDISEC9 C1.0
RDRR2112.dbc,2021-12,2023-01-04T12:48,279296,7e1ec71d550f82d1b90cb3c0a6554a0954cfa8339ee49a210c56280f62d31d8e,3666,5,UF_ZI C6.0 ANO_CMPT C4.0 MES_CMPT C2.0 ESPEC C2.0 CGC_HOSP C14.0 N_AIH C13.0 IDENT C1.0 CEP C8.0 MUNIC_RES C6.0 NASC C8.0 SEXO C1.0 UTI_MES_IN N2.0 UTI_MES_AN N2.0 UTI_MES_AL N2.0 UTI_MES_TO N3.0 MARCA_UTI C2.0 UTI_INT_IN N2.0 UTI_INT_AN N2.0 UTI_INT_AL N2.0 UTI_INT_TO N3.0 DIAR_ACOM N3.0 QT_DIARIAS N3.0 PROC_SOLIC C10.0 PROC_REA C10.0 VAL_SH N13.2 VAL_SP N13.2 VAL_SADT N13.2 VAL_RN N13.2 VAL_ACOMP N13.2 VAL_ORTP N13.2 VAL_SANGUE N13.2 VAL_SADTSR N11.2 VAL_TRANSP N13.2 VAL_OBSANG N11.2 VAL_PED1AC N11.2 VAL_TOT N14.2 VAL_UTI N8.2 US_TOT N10.2 DT_INTER C8.0 DT_SAIDA C8.0 DIAG_PRINC C4.0 DIAG_SECUN C4.0 COBRANCA C2.0 NATUREZA C2.0 NAT_JUR C4.0 GESTAO C1.0 RUBRICA N5.0 IND_VDRL C1.0 MUNIC_MOV C6.0 COD_IDADE C1.0 IDADE N2.0 DIAS_PERM N5.0 MORTE N1.0 NACIONAL C3.0 NUM_PROC C4.0 CAR_INT C2.0 TOT_PT_SP N6.0 CPF_AUT C11.0 HOMONIMO C1.0 NUM_FILHOS N2.0 INSTRU C1.0 CID_NOTIF C4.0 CONTRACEP1 C2.0 CONTRACEP2 C2.0 GESTRISCO C1.0 INSC_PN C12.0 SEQ_AIH5 C3.0 CBOR C6.0 CNAER C3.0 VINCPREV C1.0 GESTOR_COD C5.0 GESTOR_TP C1.0 GESTOR_CPF C15.0 GESTOR_DT C8.0 CNES C7.0 CNPJ_MANT C14.0 INFEHOSP C1.0 CID_ASSO C4.0 CID_MORTE C4.0 COMPLEX C2.0 FINANC C2.0 FAEC_TP C6.0 REGCT C4.0 RACA_COR C2.0 ETNIA C4.0 SEQUENCIA N9.0 REMESSA C21.0 AUD_JUST C50.0 SIS_JUST C50.0 VAL_SH_FED N10.2 VAL_SP_FED N10.2 VAL_SH_GES N10.2 VAL_SP_GES N10.2 VAL_UCI N10.2 MARCA_UCI C2.0 DIAGSEC1 C4.0 DIAGSEC2 C4.0 DIAGSEC3 C4.0 DIAGSEC4 C4.0 DIAGSEC5 C4.0 DIAGSEC6 C4.0 DIAGSEC7 C4.0 DIAGSEC8 C4.0 DIAGSEC9 C1.0 TPDISEC1 C1.0 TPDISEC2 C1.0 TPDISEC3 C1.0 TPDISEC4 C1.0 TPDISEC5 C1.0 TPDISEC6 C1.0 TPDISEC7 C1.0 TPDISEC8 C1.0 TPDISEC9 C1.0
RDRR2201.dbc,2022-01,2023-02-06T13:07,265559,00c5ee1079dca6d947892b221851693c0c1f13d60ee14d3ec1be3a8932dc7d55,3440,5,UF_ZI C6.0 ANO_CMPT C4.0 MES_CMPT C2.0 ESPEC C2.0 CGC_HOSP C14.0 N_AIH C13.0 IDENT C1.0 CEP C8.0 MUNIC_RES C6.0 NASC C8.0 SEXO C1.0 UTI_MES_IN N2.0 UTI_MES_AN N2.0 UTI_MES_AL N2.0 UTI_MES_TO N3.0 MARCA_UTI C2.0 UTI_INT_IN N2.0 UTI_INT_AN N2.0 UTI_INT_AL N2.0 UTI_INT_TO N3.0 DIAR_ACOM N3.0 QT_DIARIAS N3.0 PROC_SOLIC C10.0 PROC_REA C10.0 VAL_SH N13.2 VAL_SP N13.2 VAL_SADT N13.2 VAL_RN N13.2 VAL_ACOMP N13.2 VAL_ORTP N13.2 VAL_SANGUE N13.2 VAL_SADTSR N11.2 VAL_TRANSP N13.2 VAL_OBSANG N11.2 VAL_PED1AC N11.2 VAL_TOT N14.2 VAL_UTI N8.2 US_TOT N10.2 DT_INTER C8.0 DT_SAIDA C8.0 DIAG_PRINC C4.0 DIAG_SECUN C4.0 COBRANCA C2.0 NATUREZA C2.0 NAT_JUR C4.0 GESTAO C1.0 RUBRICA N5.0 IND_VDRL C1.0 MUNIC_MOV C6.0 COD_IDADE C1.0 IDADE N2.0 DIAS_PERM N5.0 MORTE N1.0 NACIONAL C3.0 NUM_PROC C4.0 CAR_INT C2.0 TOT_PT_SP N6.0 CPF_AUT C11.0 HOMONIMO C1.0 NUM_FILHOS N2.0 INSTRU C1.0 CID_NOTIF C4.0 CONTRACEP1 C2.0 CONTRACEP2 C2.0 GESTRISCO C1.0 INSC_PN C12.0 SEQ_AIH5 C3.0 CBOR C6.0 CNAER C3.0 VINCPREV C1.0 GESTOR_COD C5.0 GESTOR_TP C1.0 GESTOR_CPF C15.0 GESTOR_DT C8.0 CNES C7.0 CNPJ_MANT C14.0 INFEHOSP C1.0 CID_ASSO C4.0 CID_MORTE C4.0 COMPLEX C2.0 FINANC C2.0 FAEC_TP C6.0 REGCT C4.0 RACA_COR C2.0 ETNIA C4.0 SEQUENCIA N9.0 REMESSA C21.0 AUD_JUST C50.0 SIS_JUST C50.0 VAL_SH_FED N10.2 VAL_SP_FED N10.2 VAL_SH_GES N10.2 VAL_SP_GES N10.2 VAL_UCI N10.2 MARCA_UCI C2.0 DIAGSEC1 C4.0 DIAGSEC2 C4.0 DIAGSEC3 C4.0 DIAGSEC4 C4.0 DIAGSEC5 C4.0 DIAGSEC6 C4.0 DIAGSEC7 C4.0 DIAGSEC8 C4.0 DIAGSEC9 C1.0 TPDISEC1 C1.0 TPDISEC2 C1.0 TPDISEC3 C1.0 TPDISEC4 C1.0 TPDISEC5 C1.0 TPDISEC6 C1.0 TPDISEC7 C1.0 TPDISEC8 C1.0 TPDISEC9 C1.0
RDRR2202.dbc,2022-02,2023-03-09T15:44,252712,e6207cbeaad1d20dfc6ec5a3dcd6070bfe4dd58e0dff25fdd4041945cd671832,3340,5,UF_ZI C6.0 ANO_CMPT C4.0 MES_CMPT C2.0 ESPEC C2.0 CGC_HOSP C14.0 N_AIH C13.0 IDENT C1.0 CEP C8.0 MUNIC_RES C6.0 NASC C8.0 SEXO C1.0 UTI_MES_IN N2.0 UTI_MES_AN N2.0 UTI_MES_AL N2.0 UTI_MES_TO N3.0 MARCA_UTI C2.0 UTI_INT_IN N2.0 UTI_INT_AN N2.0 UTI_INT_AL N2.0 UTI_INT_TO N3.0 DIAR_ACOM N3.0 QT_DIARIAS N3.0 PROC_SOLIC C10.0 PROC_REA C10.0 VAL_SH N13.2 VAL_SP N13.2 VAL_SADT N13.2 VAL_RN N13.2 VAL_ACOMP N13.2 VAL_ORTP N13.2 VAL_SANGUE N13.2 VAL_SADTSR N11.2 VAL_TRANSP N13.2 VAL_OBSANG N11.2 VAL_PED1AC N11.2 VAL_TOT N14.2 VAL_UTI N8.2 US_TOT N10.2 DT_INTER C8.0 DT_SAIDA C8.0 DIAG_PRINC C4.0 DIAG_SECUN C4.0 COBRANCA C2.0 NATUREZA C2.0 NAT_JUR C4.0 GESTAO C1.0 RUBRICA N5.0 IND_VDRL C1.0 MUNIC_MOV C6.0 COD_IDADE C1.0 IDADE N2.0 DIAS_PERM N5.0 MORTE N1.0 NACIONAL C3.0 NUM_PROC C4.0 CAR_INT C2.0 TOT_PT_SP N6.0 CPF_AUT C11.0 HOMONIMO C1.0 NUM_FILHOS N2.0 INSTRU C1.0 CID_NOTIF C4.0 CONTRACEP1 C2.0 CONTRACEP2 C2.0 GESTRISCO C1.0 INSC_PN C12.0 SEQ_AIH5 C3.0 CBOR C6.0 CNAER C3.0 VINCPREV C1.0 GESTOR_COD C5.0 GESTOR_TP C1.0 GESTOR_CPF C15.0 GESTOR_DT C8.0 CNES C7.0 CNPJ_MANT C14.0 INFEHOSP C1.0 CID_ASSO C4.0 CID_MORTE C4.0 COMPLEX C2.0 FINANC C2.0 FAEC_TP C6.0 REGCT C4.0 RACA_COR C2.0 ETNIA C4.0 SEQUENCIA N9.0 REMESSA C21.0 AUD_JUST C50.0 SIS_JUST C50.0 VAL_SH_FED N10.2 VAL_SP_FED N10.2 VAL_SH_GES N10.2 VAL_SP_GES N10.2 VAL_UCI N10.2 MARCA_UCI C2.0 DIAGSEC1 C4.0 DIAGSEC2 C4.0 DIAGSEC3 C4.0 DIAGSEC4 C4.0 DIAGSEC5 C4.0 DIAGSEC6 C4.0 DIAGSEC7 C4.0 DIAGSEC8 C4.0 DIAGSEC9 C1.0 TPDISEC1 C1.0 TPDISEC2 C1.0 TPDISEC3 C1.0 TPDISEC4 C1.0 TPDISEC5 C1.0 TPDISEC6 C1.0 TPDISEC7 C1.0 TPDISEC8 C1.0 TPDISEC9 C1.0
RDRR2203.dbc,2022-03,2023-04-05T12:21,309582,5ccab0c5af5bf25e69e97d91beb16637d9db1ed8ca944d74f435e380db6334f3,4206,5,UF_ZI C6.0 ANO_CMPT C4.0 MES_CMPT C2.0 ESPEC C2.0 CGC_HOSP C14.0 N_AIH C13.0 IDENT C1.0 CEP C8.0 MUNIC_RES C6.0 NASC C8.0 SEXO C1.0 UTI_MES_IN N2.0 UTI_MES_AN N2.0 UTI_MES_AL N2.0 UTI_MES_TO N3.0 MARCA_UTI C2.0 UTI_INT_IN N2.0 UTI_INT_AN N2.0 UTI_INT_AL N2.0 UTI_INT_TO N3.0 DIAR_ACOM N3.0 QT_DIARIAS N3.0 PROC_SOLIC C10.0 PROC_REA C10.0 VAL_SH N13.2 VAL_SP N13.2 VAL_SADT N13.2 VAL_RN N13.2 VAL_ACOMP N13.2 VAL_ORTP N13.2 VAL_SANGUE N13.2 VAL_SADTSR N11.2 VAL_TRANSP N13.2 VAL_OBSANG N11.2 VAL_PED1AC N11.2 VAL_TOT N14.2 VAL_UTI N8.2 US_TOT N10.2 DT_INTER C8.0 DT_SAIDA C8.0 DIAG_PRINC C4.0 DIAG_SECUN C4.0 COBRANCA C2.0 NATUREZA C2.0 NAT_JUR C4.0 GESTAO C1.0 RUBRICA N5.0 IND_VDRL C1.0 MUNIC_MOV C6.0 COD_IDADE C1.0 IDADE N2.0 DIAS_PERM N5.0 MORTE N1.0 NACIONAL C3.0 NUM_PROC C4.0 CAR_INT C2.0 TOT_PT_SP N6.0 CPF_AUT C11.0 HOMONIMO C1.0 NUM_FILHOS N2.0 INSTRU C1.0 CID_NOTIF C4.0 CONTRACEP1 C2.0 CONTRACEP2 C2.0 GESTRISCO C1.0 INSC_PN C12.0 SEQ_AIH5 C3.0 CBOR C6.0 CNAER C3.0 VINCPREV C1.0 GESTOR_COD C5.0 GESTOR_TP C1.0 GESTOR_CPF C15.0 GESTOR_DT C8.0 CNES C7.0 CNPJ_MANT C14.0 INFEHOSP C1.0 CID_ASSO C4.0 CID_MORTE C4.0 COMPLEX C2.0 FINANC C2.0 FAEC_TP C6.0 REGCT C4.0 RACA_COR C2.0 ETNIA C4.0 SEQUENCIA N9.0 REMESSA C21.0 AUD_JUST C50.0 SIS_JUST C50.0 VAL_SH_FED N10.2 VAL_SP_FED N10.2 VAL_SH_GES N10.2 VAL_SP_GES N10.2 VAL_UCI N10.2 MARCA_UCI C2.0 DIAGSEC1 C4.0 DIAGSEC2 C4.0 DIAGSEC3 C4.0 DIAGSEC4 C4.0 DIAGSEC5 C4.0 DIAGSEC6 C4.0 DIAGSEC7 C4.0 DIAGSEC8 C4.0 DIAGSEC9 C1.0 TPDISEC1 C1.0 TPDISEC2 C1.0 TPDISEC3 C1.0 TPDISEC4 C1.0 TPDISEC5 C1.0 TPDISEC6 C1.0 TPDISEC7 C1.0 TPDISEC8 C1.0 TPDISEC9 C1.0
RDRR2204.dbc,2022-04,2023-05-08T14:34,292263,433b97deeb0fe0a74a481d1e6377bff66178f9eba06bc9cf992d486917fc2cab,3930,5,UF_ZI C6.0 ANO_CMPT C4.0 MES_CMPT C2.0 ESPEC C2.0 CGC_HOSP C14.0 N_AIH C13.0 IDENT C1.0 CEP C8.0 MUNIC_RES C6.0 NASC C8.0 SEXO C1.0 UTI_MES_IN N2.0 UTI_MES_AN N2.0 UTI_MES_AL N2.0 UTI_MES_TO N3.0 MARCA_UTI C2.0 UTI_INT_IN N2.0 UTI_INT_AN N2.0 UTI_INT_AL N2.0 UTI_INT_TO N3.0 DIAR_ACOM N3.0 QT_DIARIAS N3.0 PROC_SOLIC C10.0 PROC_REA C10.0 VAL_SH N13.2 VAL_SP N13.2 VAL_SADT N13.2 VAL_RN N13.2 VAL_ACOMP N13.2 VAL_ORTP N13.2 VAL_SANGUE N13.2 VAL_SADTSR N11.2 VAL_TRANSP N13.2 VAL_OBSANG N11.2 VAL_PED1AC N11.2 VAL_TOT N14.2 VAL_UTI N8.2 US_TOT N10.2 DT_INTER C8.0 DT_SAIDA C8.0 DIAG_PRINC C4.0 DIAG_SECUN C4.0 COBRANCA C2.0 NATUREZA C2.0 NAT_JUR C4.0 GESTAO C1.0 RUBRICA N5.0 IND_VDRL C1.0 MUNIC_MOV C6.0 COD_IDADE C1.0 IDADE N2.0 DIAS_PERM N5.0 MORTE N1.0 NACIONAL C3.0 NUM_PROC C4.0 CAR_INT C2.0 TOT_PT_SP N6.0 CPF_AUT C11.0 HOMONIMO C1.0 NUM_FILHOS N2.0 INSTRU C1.0 CID_NOTIF C4.0 CONTRACEP1 C2.0 CONTRACEP2 C2.0 GESTRISCO C1.0 INSC_PN C12.0 SEQ_AIH5 C3.0 CBOR C6.0 CNAER C3.0 VINCPREV C1.0 GESTOR_COD C5.0 GESTOR_TP C1.0 GESTOR_CPF C15.0 GESTOR_DT C8.0 CNES C7.0 CNPJ_MANT C14.0 INFEHOSP C1.0 CID_ASSO C4.0 CID_MORTE C4.0 COMPLEX C2.0 FINANC C2.0 FAEC_TP C6.0 REGCT C4.0 RACA_COR C2.0 ETNIA C4.0 SEQUENCIA N9.0 REMESSA C21.0 AUD_JUST C50.0 SIS_JUST C50.0 VAL_SH_FED N10.2 VAL_SP_FED N10.2 VAL_SH_GES N10.2 VAL_SP_GES N10.2 VAL_UCI N10.2 MARCA_UCI C2.0 DIAGSEC1 C4.0 DIAGSEC2 C4.0 DIAGSEC3 C4.0 DIAGSEC4 C4.0 DIAGSEC5 C4.0 DIAGSEC6 C4.0 DIAGSEC7 C4.0 DIAGSEC8 C4.0 DIAGSEC9 C1.0 TPDISEC1 C1.0 TPDISEC2 C1.0 TPDISEC3 C1.0 TPDISEC4 C1.0 TPDISEC5 C1.0 TPDISEC6 C1.0 TPDISEC7 C1.0 TPDISEC8 C1.0 TPDISEC9 C1.0
RDRR2205.dbc,2022-05,2023-06-05T11:35,325659,e7f867bcfd4c51feb0c79ab322e3f613ab4c07baff36fb31b57f93c7177a00e6,4372,5,UF_ZI C6.0 ANO_CMPT C4.0 MES_CMPT C2.0 ESPEC C2.0 CGC_HOSP C14.0 N_AIH C13.0 IDENT C1.0 CEP C8.0 MUNIC_RES C6.0 NASC C8.0 SEXO C1.0 UTI_MES_IN N2.0 UTI_MES_AN N2.0 UTI_MES_AL N2.0 UTI_MES_TO N3.0 MARCA_UTI C2.0 UTI_INT_IN N2.0 UTI_INT_AN N2.0 UTI_INT_AL N2.0 UTI_INT_TO N3.0 DIAR_ACOM N3.0 QT_DIARIAS N3.0 PROC_SOLIC C10.0 PROC_REA C10.0 VAL_SH N13.2 VAL_SP N13.2 VAL_SADT N13.2 VAL_RN N13.2 VAL_ACOMP N13.2 VAL_ORTP N13.2 VAL_SANGUE N13.2 VAL_SADTSR N11.2 VAL_TRANSP N13.2 VAL_OBSANG N11.2 VAL_PED1AC N11.2 VAL_TOT N14.2 VAL_UTI N8.2 US_TOT N10.2 DT_INTER C8.0 DT_SAIDA C8.0 DIAG_PRINC C4.0 DIAG_SECUN C4.0 COBRANCA C2.0 NATUREZA C2.0 NAT_JUR C4.0 GESTAO C1.0 RUBRICA N5.0 IND_VDRL C1.0 MUNIC_MOV C6.0 COD_IDADE C1.0 IDADE N2.0 DIAS_PERM N5.0 MORTE N1.0 NACIONAL C3.0 NUM_PROC C4.0 CAR_INT C2.0 TOT_PT_SP N6.0 CPF_AUT C11.0 HOMONIMO C1.0 NUM_FILHOS N2.0 INSTRU C1.0 CID_NOTIF C4.0 CONTRACEP1 C2.0 CONTRACEP2 C2.0 GESTRISCO C1.0 INSC_PN C12.0 SEQ_AIH5 C3.0 CBOR C6.0 CNAER C3.0 VINCPREV C1.0 GESTOR_COD C5.0 GESTOR_TP C1.0 GESTOR_CPF C15.0 GESTOR_DT C8.0 CNES C7.0 CNPJ_MANT C14.0 INFEHOSP C1.0 CID_ASSO C4.0 CID_MORTE C4.0 COMPLEX C2.0 FINANC C2.0 FAEC_TP C6.0 REGCT C4.0 RACA_COR C2.0 ETNIA C4.0 SEQUENCIA N9.0 REMESSA C21.0 AUD_JUST C50.0 SIS_JUST C50.0 VAL_SH_FED N10.2 VAL_SP_FED N10.2 VAL_SH_GES N10.2 VAL_SP_GES N10.2 VAL_UCI N10.2 MARCA_UCI C2.0 DIAGSEC1 C4.0 DIAGSEC2 C4.0 DIAGSEC3 C4.0 DIAGSEC4 C4.0 DIAGSEC5 C4.0 DIAGSEC6 C4.0 DIAGSEC7 C4.0 DIAGSEC8 C4.0 DIAGSEC9 C1.0 TPDISEC1 C1.0 TPDISEC2 C1.0 TPDISEC3 C1.0 TPDISEC4 C1.0 TPDISEC5 C1.0 TPDISEC6 C1.0 TPDISEC7 C1.0 TPDISEC8 C1.0 TPDISEC9 C1.0
RDRR2206.dbc,2022-06,2023-07-05T12:50,50318,22fea9cb1c5517d2c79de4d620cbf234be9715c2c78fcad54d7c68c38e9c2b77,668,5,UF_ZI C6.0 ANO_CMPT C4.0 MES_CMPT C2.0 ESPEC C2.0 CGC_HOSP C14.0 N_AIH C13.0 IDENT C1.0 CEP C8.0 MUNIC_RES C6.0 NASC C8.0 SEXO C1.0 UTI_MES_IN N2.0 UTI_MES_AN N2.0 UTI_MES_AL N2.0 UTI_MES_TO N3.0 MARCA_UTI C2.0 UTI_INT_IN N2.0 UTI_INT_AN N2.0 UTI_INT_AL N2.0 UTI_INT_TO N3.0 DIAR_ACOM N3.0 QT_DIARIAS N3.0 PROC_SOLIC C10.0 PROC_REA C10.0 VAL_SH N13.2 VAL_SP N13.2 VAL_SADT N13.2 VAL_RN N13.2 VAL_ACOMP N13.2 VAL_ORTP N13.2 VAL_SANGUE N13.2 VAL_SADTSR N11.2 VAL_TRANSP N13.2 VAL_OBSANG N11.2 VAL_PED1AC N11.2 VAL_TOT N14.2 VAL_UTI N8.2 US_TOT N10.2 DT_INTER C8.0 DT_SAIDA C8.0 DIAG_PRINC C4.0 DIAG_SECUN C4.0 COBRANCA C2.0 NATUREZA C2.0 NAT_JUR C4.0 GESTAO C1.0 RUBRICA N5.0 IND_VDRL C1.0 MUNIC_MOV C6.0 COD_IDADE C1.0 IDADE N2.0 DIAS_PERM N5.0 MORTE N1.0 NACIONAL C3.0 NUM_PROC C4.0 CAR_INT C2.0 TOT_PT_SP N6.0 CPF_AUT C11.0 HOMONIMO C1.0 NUM_FILHOS N2.0 INSTRU C1.0 CID_NOTIF C4.0 CONTRACEP1 C2.0 CONTRACEP2 C2.0 GESTRISCO C1.0 INSC_PN C12.0 SEQ_AIH5 C3.0 CBOR C6.0 CNAER C3.0 VINCPREV C1.0 GESTOR_COD C5.0 GESTOR_TP C1.0 GESTOR_CPF C15.0 GESTOR_DT C8.0 CNES C7.0 CNPJ_MANT C14.0 INFEHOSP C1.0 CID_ASSO C4.0 CID_MORTE C4.0 COMPLEX C2.0 FINANC C2.0 FAEC_TP C6.0 REGCT C4.0 RACA_COR C2.0 ETNIA C4.0 SEQUENCIA N9.0 REMESSA C21.0 AUD_JUST C50.0 SIS_JUST C50.0 VAL_SH_FED N10.2 VAL_SP_FED N10.2 VAL_SH_GES N10.2 VAL_SP_GES N10.2 VAL_UCI N10.2 MARCA_UCI C2.0 DIAGSEC1 C4.0 DIAGSEC2 C4.0 DIAGSEC3 C4.0 DIAGSEC4 C4.0 DIAGSEC5 C4.0 DIAGSEC6 C4.0 DIAGSEC7 C4.0 DIAGSEC8 C4.0 DIAGSEC9 C1.0 TPDISEC1 C1.0 TPDISEC2 C1.0 TPDISEC3 C1.0 TPDISEC4 C1.0 TPDISEC5 C1.0 TPDISEC6 C1.0 TPDISEC7 C1.0 TPDISEC8 C1.0 TPDISEC9 C1.0
RDRR2207.dbc,2022-07,2023-08-03T17:33,308161,246f920bbd2f9a7f5b98597a280d75108d6276eccf5967e2b73b0f22092db80a,4134,5,UF_ZI C6.0 ANO_CMPT C4.0 MES_CMPT C2.0 ESPEC C2.0 CGC_HOSP C14.0 N_AIH C13.0 IDENT C1.0 CEP C8.0 MUNIC_RES C6.0 NASC C8.0 SEXO C1.0 UTI_MES_IN N2.0 UTI_MES_AN N2.0 UTI_MES_AL N2.0 UTI_MES_TO N3.0 MARCA_UTI C2.0 UTI_INT_IN N2.0 UTI_INT_AN N2.0 UTI_INT_AL N2.0 UTI_INT_TO N3.0 DIAR_ACOM N3.0 QT_DIARIAS N3.0 PROC_SOLIC C10.0 PROC_REA C10.0 VAL_SH N13.2 VAL_SP N13.2 VAL_SADT N13.2 VAL_RN N13.2 VAL_ACOMP N13.2 VAL_ORTP N13.2 VAL_SANGUE N13.2 VAL_SADTSR N11.2 VAL_TRANSP N13.2 VAL_OBSANG N11.2 VAL_PED1AC N11.2 VAL_TOT N14.2 VAL_UTI N8.2 US_TOT N10.2 DT_INTER C8.0 DT_SAIDA C8.0 DIAG_PRINC C4.0 DIAG_SECUN C4.0 COBRANCA C2.0 NATUREZA C2.0 NAT_JUR C4.0 GESTAO C1.0 RUBRICA N5.0 IND_VDRL C1.0 MUNIC_MOV C6.0 COD_IDADE C1.0 IDADE N2.0 DIAS_PERM N5.0 MORTE N1.0 NACIONAL C3.0 NUM_PROC C4.0 CAR_INT C2.0 TOT_PT_SP N6.0 CPF_AUT C11.0 HOMONIMO C1.0 NUM_FILHOS N2.0 INSTRU C1.0 CID_NOTIF C4.0 CONTRACEP1 C2.0 CONTRACEP2 C2.0 GESTRISCO C1.0 INSC_PN C12.0 SEQ_AIH5 C3.0 CBOR C6.0 CNAER C3.0 VINCPREV C1.0 GESTOR_COD C5.0 GESTOR_TP C1.0 GESTOR_CPF C15.0 GESTOR_DT C8.0 CNES C7.0 CNPJ_MANT C14.0 INFEHOSP C1.0 CID_ASSO C4.0 CID_MORTE C4.0 COMPLEX C2.0 FINANC C2.0 FAEC_TP C6.0 REGCT C4.0 RACA_COR C2.0 ETNIA C4.0 SEQUENCIA N9.0 REMESSA C21.0 AUD_JUST C50.0 SIS_JUST C50.0 VAL_SH_FED N10.2 VAL_SP_FED N10.2 VAL_SH_GES N10.2 VAL_SP_GES N10.2 VAL_UCI N10.2 MARCA_UCI C2.0 DIAGSEC1 C4.0 DIAGSEC2 C4.0 DIAGSEC3 C4.0 DIAGSEC4 C4.0 DIAGSEC5 C4.0 DIAGSEC6 C4.0 DIAGSEC7 C4.0 DIAGSEC8 C4.0 DIAGSEC9 C1.0 TPDISEC1 C1.0 TPDISEC2 C1.0 TPDISEC3 C1.0 TPDISEC4 C1.0 TPDISEC5 C1.0 TPDISEC6 C1.0 TPDISEC7 C1.0 TPDISEC8 C1.0 TPDISEC9 C1.0
RDRR2208.dbc,2022-08,2023-09-04T21:01,368638,adffac19f16c5e98cb3ef543ea2bb18c86dbc7443dd0baeb8aa09672bac80954,4863,5,UF_ZI C6.0 ANO_CMPT C4.0 MES_CMPT C2.0 ESPEC C2.0 CGC_HOSP C14.0 N_AIH C13.0 IDENT C1.0 CEP C8.0 MUNIC_RES C6.0 NASC C8.0 SEXO C1.0 UTI_MES_IN N2.0 UTI_MES_AN N2.0 UTI_MES_AL N2.0 UTI_MES_TO N3.0 MARCA_UTI C2.0 UTI_INT_IN N2.0 UTI_INT_AN N2.0 UTI_INT_AL N2.0 UTI_INT_TO N3.0 DIAR_ACOM N3.0 QT_DIARIAS N3.0 PROC_SOLIC C10.0 PROC_REA C10.0 VAL_SH N13.2 VAL_SP N13.2 VAL_SADT N13.2 VAL_RN N13.2 VAL_ACOMP N13.2 VAL_ORTP N13.2 VAL_SANGUE N13.2 VAL_SADTSR N11.2 VAL_TRANSP N13.2 VAL_OBSANG N11.2 VAL_PED1AC N11.2 VAL_TOT N14.2 VAL_UTI N8.2 US_TOT N10.2 DT_INTER C8.0 DT_SAIDA C8.0 DIAG_PRINC C4.0 DIAG_SECUN C4.0 COBRANCA C2.0 NATUREZA C2.0 NAT_JUR C4.0 GESTAO C1.0 RUBRICA N5.0 IND_VDRL C1.0 MUNIC_MOV C6.0 COD_IDADE C1.0 IDADE N2.0 DIAS_PERM N5.0 MORTE N1.0 NACIONAL C3.0 NUM_PROC C4.0 CAR_INT C2.0 TOT_PT_SP N6.0 CPF_AUT C11.0 HOMONIMO C1.0 NUM_FILHOS N2.0 INSTRU C1.0 CID_NOTIF C4.0 CONTRACEP1 C2.0 CONTRACEP2 C2.0 GESTRISCO C1.0 INSC_PN C12.0 SEQ_AIH5 C3.0 CBOR C6.0 CNAER C3.0 VINCPREV C1.0 GESTOR_COD C5.0 GESTOR_TP C1.0 GESTOR_CPF C15.0 GESTOR_DT C8.0 CNES C7.0 CNPJ_MANT C14.0 INFEHOSP C1.0 CID_ASSO C4.0 CID_MORTE C4.0 COMPLEX C2.0 FINANC C2.0 FAEC_TP C6.0 REGCT C4.0 RACA_COR C2.0 ETNIA C4.0 SEQUENCIA N9.0 REMESSA C21.0 AUD_JUST C50.0 SIS_JUST C50.0 VAL_SH_FED N10.2 VAL_SP_FED N10.2 VAL_SH_GES N10.2 VAL_SP_GES N10.2 VAL_UCI N10.2 MARCA_UCI C2.0 DIAGSEC1 C4.0 DIAGSEC2 C4.0 DIAGSEC3 C4.0 DIAGSEC4 C4.0 DIAGSEC5 C4.0 DIAGSEC6 C4.0 DIAGSEC7 C4.0 DIAGSEC8 C4.0 DIAGSEC9 C1.0 TPDISEC1 C1.0 TPDISEC2 C1.0 TPDISEC3 C1.0 TPDISEC4 C1.0 TPDISEC5 C1.0 TPDISEC6 C1.0 TPDISEC7 C1.0 TPDISEC8 C1.0 TPDISEC9 C1.0
RDRR2209.dbc,2022-09,2023-10-04T17:04,300510,fe2b8399c0743c82050743bf1b293c1e3ffa1dacd3d2e095889cbf49b12b858d,3972,5,UF_ZI C6.0 ANO_CMPT C4.0 MES_CMPT C2.0 ESPEC C2.0 CGC_HOSP C14.0 N_AIH C13.0 IDENT C1.0 CEP C8.0 MUNIC_RES C6.0 NASC C8.0 SEXO C1.0 UTI_MES_IN N2.0 UTI_MES_AN N2.0 UTI_MES_AL N2.0 UTI_MES_TO N3.0 MARCA_UTI C2.0 UTI_INT_IN N2.0 UTI_INT_AN N2.0 UTI_INT_AL N2.0 UTI_INT_TO N3.0 DIAR_ACOM N3.0 QT_DIARIAS N3.0 PROC_SOLIC C10.0 PROC_REA C10.0 VAL_SH N13.2 VAL_SP N13.2 VAL_SADT N13.2 VAL_RN N13.2 VAL_ACOMP N13.2 VAL_ORTP N13.2 VAL_SANGUE N13.2 VAL_SADTSR N11.2 VAL_TRANSP N13.2 VAL_OBSANG N11.2 VAL_PED1AC N11.2 VAL_TOT N14.2 VAL_UTI N8.2 US_TOT N10.2 DT_INTER C8.0 DT_SAIDA C8.0 DIAG_PRINC C4.0 DIAG_SECUN C4.0 COBRANCA C2.0 NATUREZA C2.0 NAT_JUR C4.0 GESTAO C1.0 RUBRICA N5.0 IND_VDRL C1.0 MUNIC_MOV C6.0 COD_IDADE C1.0 IDADE N2.0 DIAS_PERM N5.0 MORTE N1.0 NACIONAL C3.0 NUM_PROC C4.0 CAR_INT C2.0 TOT_PT_SP N6.0 CPF_AUT C11.0 HOMONIMO C1.0 NUM_FILHOS N2.0 INSTRU C1.0 CID_NOTIF C4.0 CONTRACEP1 C2.0 CONTRACEP2 C2.0 GESTRISCO C1.0 INSC_PN C12.0 SEQ_AIH5 C3.0 CBOR C6.0 CNAER C3.0 VINCPREV C1.0 GESTOR_COD C5.0 GESTOR_TP C1.0 GESTOR_CPF C15.0 GESTOR_DT C8.0 CNES C7.0 CNPJ_MANT C14.0 INFEHOSP C1.0 CID_ASSO C4.0 CID_MORTE C4.0 COMPLEX C2.0 FINANC C2.0 FAEC_TP C6.0 REGCT C4.0 RACA_COR C2.0 ETNIA C4.0 SEQUENCIA N9.0 REMESSA C21.0 AUD_JUST C50.0 SIS_JUST C50.0 VAL_SH_FED N10.2 VAL_SP_FED N10.2 VAL_SH_GES N10.2 VAL_SP_GES N10.2 VAL_UCI N10.2 MARCA_UCI C2.0 DIAGSEC1 C4.0 DIAGSEC2 C4.0 DIAGSEC3 C4.0 DIAGSEC4 C4.0 DIAGSEC5 C4.0 DIAGSEC6 C4.0 DIAGSEC7 C4.0 DIAGSEC8 C4.0 DIAGSEC9 C1.0 TPDISEC1 C1.0 TPDISEC2 C1.0 TPDISEC3 C1.0 TPDISEC4 C1.0 TPDISEC5 C1.0 TPDISEC6 C1.0 TPDISEC7 C1.0 TPDISEC8 C1.0 TPDISEC9 C1.0
RDRR2210.dbc,2022-10,2023-11-06T15:55,352598,6f18774b0c19491ecf31cab908d47b5ddb862282edc6a21441eee5dc50dcb2e9,4713,5,UF_ZI C6.0 ANO_CMPT C4.0 MES_CMPT C2.0 ESPEC C2.0 CGC_HOSP C14.0 N_AIH C13.0 IDENT C1.0 CEP C8.0 MUNIC_RES C6.0 NASC C8.0 SEXO C1.0 UTI_MES_IN N2.0 UTI_MES_AN N2.0 UTI_MES_AL N2.0 UTI_MES_TO N3.0 MARCA_UTI C2.0 UTI_INT_IN N2.0 UTI_INT_AN N2.0 UTI_INT_AL N2.0 UTI_INT_TO N3.0 DIAR_ACOM N3.0 QT_DIARIAS N3.0 PROC_SOLIC C10.0 PROC_REA C10.0 VAL_SH N13.2 VAL_SP N13.2 VAL_SADT N13.2 VAL_RN N13.2 VAL_ACOMP N13.2 VAL_ORTP N13.2 VAL_SANGUE N13.2 VAL_SADTSR N11.2 VAL_TRANSP N13.2 VAL_OBSANG N11.2 VAL_PED1AC N11.2 VAL_TOT N14.2 VAL_UTI N8.2 US_TOT N10.2 DT_INTER C8.0 DT_SAIDA C8.0 DIAG_PRINC C4.0 DIAG_SECUN C4.0 COBRANCA C2.0 NATUREZA C2.0 NAT_JUR C4.0 GESTAO C1.0 RUBRICA N5.0 IND_VDRL C1.0 MUNIC_MOV C6.0 COD_IDADE C1.0 IDADE N2.0 DIAS_PERM N5.0 MORTE N1.0 NACIONAL C3.0 NUM_PROC C4.0 CAR_INT C2.0 TOT_PT_SP N6.0 CPF_AUT C11.0 HOMONIMO C1.0 NUM_FILHOS N2.0 INSTRU C1.0 CID_NOTIF C4.0 CONTRACEP1 C2.0 CONTRACEP2 C2.0 GESTRISCO C1.0 INSC_PN C12.0 SEQ_AIH5 C3.0 CBOR C6.0 CNAER C3.0 VINCPREV C1.0 GESTOR_COD C5.0 GESTOR_TP C1.0 GESTOR_CPF C15.0 GESTOR_DT C8.0 CNES C7.0 CNPJ_MANT C14.0 INFEHOSP C1.0 CID_ASSO C4.0 CID_MORTE C4.0 COMPLEX C2.0 FINANC C2.0 FAEC_TP C6.0 REGCT C4.0 RACA_COR C2.0 ETNIA C4.0 SEQUENCIA N9.0 REMESSA C21.0 AUD_JUST C50.0 SIS_JUST C50.0 VAL_SH_FED N10.2 VAL_SP_FED N10.2 VAL_SH_GES N10.2 VAL_SP_GES N10.2 VAL_UCI N10.2 MARCA_UCI C2.0 DIAGSEC1 C4.0 DIAGSEC2 C4.0 DIAGSEC3 C4.0 DIAGSEC4 C4.0 DIAGSEC5 C4.0 DIAGSEC6 C4.0 DIAGSEC7 C4.0 DIAGSEC8 C4.0 DIAGSEC9 C1.0 TPDISEC1 C1.0 TPDISEC2 C1.0 TPDISEC3 C1.0 TPDISEC4 C1.0 TPDISEC5 C1.0 TPDISEC6 C1.0 TPDISEC7 C1.0 TPDISEC8 C1.0 TPDISEC9 C1.0
RDRR2211.dbc,2022-11,2023-12-05T15:02,334610,9e0d65d02a140e03afe6c6c35b4076ca2a8b8cb9c658ae7da2625dae35bb1662,4486,5,UF_ZI C6.0 ANO_CMPT C4.0 MES_CMPT C2.0 ESPEC C2.0 CGC_HOSP C14.0 N_AIH C13.0 IDENT C1.0 CEP C8.0 MUNIC_RES C6.0 NASC C8.0 SEXO C1.0 UTI_MES_IN N2.0 UTI_MES_AN N2.0 UTI_MES_AL N2.0 UTI_MES_TO N3.0 MARCA_UTI C2.0 UTI_INT_IN N2.0 UTI_INT_AN N2.0 UTI_INT_AL N2.0 UTI_INT_TO N3.0 DIAR_ACOM N3.0 QT_DIARIAS N3.0 PROC_SOLIC C10.0 PROC_REA C10.0 VAL_SH N13.2 VAL_SP N13.2 VAL_SADT N13.2 VAL_RN N13.2 VAL_ACOMP N13.2 VAL_ORTP N13.2 VAL_SANGUE N13.2 VAL_SADTSR N11.2 VAL_TRANSP N13.2 VAL_OBSANG N11.2 VAL_PED1AC N11.2 VAL_TOT N14.2 VAL_UTI N8.2 US_TOT N10.2 DT_INTER C8.0 DT_SAIDA C8.0 DIAG_PRINC C4.0 DIAG_SECUN C4.0 COBRANCA C2.0 NATUREZA C2.0 NAT_JUR C4.0 GESTAO C1.0 RUBRICA N5.0 IND_VDRL C1.0 MUNIC_MOV C6.0 COD_IDADE C1.0 IDADE N2.0 DIAS_PERM N5.0 MORTE N1.0 NACIONAL C3.0 NUM_PROC C4.0 CAR_INT C2.0 TOT_PT_SP N6.0 CPF_AUT C11.0 HOMONIMO C1.0 NUM_FILHOS N2.0 INSTRU C1.0 CID_NOTIF C4.0 CONTRACEP1 C2.0 CONTRACEP2 C2.0 GESTRISCO C1.0 INSC_PN C12.0 SEQ_AIH5 C3.0 CBOR C6.0 CNAER C3.0 VINCPREV C1.0 GESTOR_COD C5.0 GESTOR_TP C1.0 GESTOR_CPF C15.0 GESTOR_DT C8.0 CNES C7.0 CNPJ_MANT C14.0 INFEHOSP C1.0 CID_ASSO C4.0 CID_MORTE C4.0 COMPLEX C2.0 FINANC C2.0 FAEC_TP C6.0 REGCT C4.0 RACA_COR C2.0 ETNIA C4.0 SEQUENCIA N9.0 REMESSA C21.0 AUD_JUST C50.0 SIS_JUST C50.0 VAL_SH_FED N10.2 VAL_SP_FED N10.2 VAL_SH_GES N10.2 VAL_SP_GES N10.2 VAL_UCI N10.2 MARCA_UCI C2.0 DIAGSEC1 C4.0 DIAGSEC2 C4.0 DIAGSEC3 C4.0 DIAGSEC4 C4.0 DIAGSEC5 C4.0 DIAGSEC6 C4.0 DIAGSEC7 C4.0 DIAGSEC8 C4.0 DIAGSEC9 C1.0 TPDISEC1 C1.0 TPDISEC2 C1.0 TPDISEC3 C1.0 TPDISEC4 C1.0 TPDISEC5 C1.0 TPDISEC6 C1.0 TPDISEC7 C1.0 TPDISEC8 C1.0 TPDISEC9 C1.0
RDRR2212.dbc,2022-12,2024-01-05T18:09,329543,4a665f136f34c2a8a4eccc317af4593a4999e624d24ccce2b359b42b6e8582e9,4489,5,UF_ZI C6.0 ANO_CMPT C4.0 MES_CMPT C2.0 ESPEC C2.0 CGC_HOSP C14.0 N_AIH C13.0 IDENT C1.0 CEP C8.0 MUNIC_RES C6.0 NASC C8.0 SEXO C1.0 UTI_MES_IN N2.0 UTI_MES_AN N2.0 UTI_MES_AL N2.0 UTI_MES_TO N3.0 MARCA_UTI C2.0 UTI_INT_IN N2.0 UTI_INT_AN N2.0 UTI_INT_AL N2.0 UTI_INT_TO N3.0 DIAR_ACOM N3.0 QT_DIARIAS N3.0 PROC_SOLIC C10.0 PROC_REA C10.0 VAL_SH N13.2 VAL_SP N13.2 VAL_SADT N13.2 VAL_RN N13.2 VAL_ACOMP N13.2 VAL_ORTP N13.2 VAL_SANGUE N13.2 VAL_SADTSR N11.2 VAL_TRANSP N13.2 VAL_OBSANG N11.2 VAL_PED1AC N11.2 VAL_TOT N14.2 VAL_UTI N8.2 US_TOT N10.2 DT_INTER C8.0 DT_SAIDA C8.0 DIAG_PRINC C4.0 DIAG_SECUN C4.0 COBRANCA C2.0 NATUREZA C2.0 NAT_JUR C4.0 GESTAO C1.0 RUBRICA N5.0 IND_VDRL C1.0 MUNIC_MOV C6.0 COD_IDADE C1.0 IDADE N2.0 DIAS_PERM N5.0 MORTE N1.0 NACIONAL C3.0 NUM_PROC C4.0 CAR_INT C2.0 TOT_PT_SP N6.0 CPF_AUT C11.0 HOMONIMO C1.0 NUM_FILHOS N2.0 INSTRU C1.0 CID_NOTIF C4.0 CONTRACEP1 C2.0 CONTRACEP2 C2.0 GESTRISCO C1.0 INSC_PN C12.0 SEQ_AIH5 C3.0 CBOR C6.0 CNAER C3.0 VINCPREV C1.0 GESTOR_COD C5.0 GESTOR_TP C1.0 GESTOR_CPF C15.0 GESTOR_DT C8.0 CNES C7.0 CNPJ_MANT C14.0 INFEHOSP C1.0 CID_ASSO C4.0 CID_MORTE C4.0 COMPLEX C2.0 FINANC C2.0 FAEC_TP C6.0 REGCT C4.0 RACA_COR C2.0 ETNIA C4.0 SEQUENCIA N9.0 REMESSA C21.0 AUD_JUST C50.0 SIS_JUST C50.0 VAL_SH_FED N10.2 VAL_SP_FED N10.2 VAL_SH_GES N10.2 VAL_SP_GES N10.2 VAL_UCI N10.2 MARCA_UCI C2.0 DIAGSEC1 C4.0 DIAGSEC2 C4.0 DIAGSEC3 C4.0 DIAGSEC4 C4.0 DIAGSEC5 C4.0 DIAGSEC6 C4.0 DIAGSEC7 C4.0 DIAGSEC8 C4.0 DIAGSEC9 C1.0 TPDISEC1 C1.0 TPDISEC2 C1.0 TPDISEC3 C1.0 TPDISEC4 C1.0 TPDISEC5 C1.0 TPDISEC6 C1.0 TPDISEC7 C1.0 TPDISEC8 C1.0 TPDISEC9 C1.0
RDRR2301.dbc,2023-01,2024-02-05T23:00,349244,e9f717ff378477a883d19f733efe8409aee7f7795a027584b9f383364264d8e4,4734,5,UF_ZI C6.0 ANO_CMPT C4.0 MES_CMPT C2.0 ESPEC C2.0 CGC_HOSP C14.0 N_AIH C13.0 IDENT C1.0 CEP C8.0 MUNIC_RES C6.0 NASC C8.0 SEXO C1.0 UTI_MES_IN N2.0 UTI_MES_AN N2.0 UTI_MES_AL N2.0 UTI_MES_TO N3.0 MARCA_UTI C2.0 UTI_INT_IN N2.0 UTI_INT_AN N2.0 UTI_INT_AL N2.0 UTI_INT_TO N3.0 DIAR_ACOM N3.0 QT_DIARIAS N3.0 PROC_SOLIC C10.0 PROC_REA C10.0 VAL_SH N13.2 VAL_SP N13.2 VAL_SADT N13.2 VAL_RN N13.2 VAL_ACOMP N13.2 VAL_ORTP N13.2 VAL_SANGUE N13.2 VAL_SADTSR N11.2 VAL_TRANSP N13.2 VAL_OBSANG N11.2 VAL_PED1AC N11.2 VAL_TOT N14.2 VAL_UTI N8.2 US_TOT N10.2 DT_INTER C8.0 DT_SAIDA C8.0 DIAG_PRINC C4.0 DIAG_SECUN C4.0 COBRANCA C2.0 NATUREZA C2.0 NAT_JUR C4.0 GESTAO C1.0 RUBRICA N5.0 IND_VDRL C1.0 MUNIC_MOV C6.0 COD_IDADE C1.0 IDADE N2.0 DIAS_PERM N5.0 MORTE N1.0 NACIONAL C3.0 NUM_PROC C4.0 CAR_INT C2.0 TOT_PT_SP N6.0 CPF_AUT C11.0 HOMONIMO C1.0 NUM_FILHOS N2.0 INSTRU C1.0 CID_NOTIF C4.0 CONTRACEP1 C2.0 CONTRACEP2 C2.0 GESTRISCO C1.0 INSC_PN C12.0 SEQ_AIH5 C3.0 CBOR C6.0 CNAER C3.0 VINCPREV C1.0 GESTOR_COD C5.0 GESTOR_TP C1.0 GESTOR_CPF C15.0 GESTOR_DT C8.0 CNES C7.0 CNPJ_MANT C14.0 INFEHOSP C1.0 CID_ASSO C4.0 CID_MORTE C4.0 COMPLEX C2.0 FINANC C2.0 FAEC_TP C6.0 REGCT C4.0 RACA_COR C2.0 ETNIA C4.0 SEQUENCIA N9.0 REMESSA C21.0 AUD_JUST C50.0 SIS_JUST C50.0 VAL_SH_FED N10.2 VAL_SP_FED N10.2 VAL_SH_GES N10.2 VAL_SP_GES N10.2 VAL_UCI N10.2 MARCA_UCI C2.0 DIAGSEC1 C4.0 DIAGSEC2 C4.0 DIAGSEC3 C4.0 DIAGSEC4 C4.0 DIAGSEC5 C4.0 DIAGSEC6 C4.0 DIAGSEC7 C4.0 DIAGSEC8 C4.0 DIAGSEC9 C1.0 TPDISEC1 C1.0 TPDISEC2 C1.0 TPDISEC3 C1.0 TPDISEC4 C1.0 TPDISEC5 C1.0 TPDISEC6 C1.0 TPDISEC7 C1.0 TPDISEC8 C1.0 TPDISEC9 C1.0
RDRR2302.dbc,2023-02,2024-03-07T18:45,297649,2a5ef1d64ab304643d78ba017bfcf2743045ca59b409878f5e2bbb151bfa50e2,3936,5,UF_ZI C6.0 ANO_CMPT C4.0 MES_CMPT C2.0 ESPEC C2.0 CGC_HOSP C14.0 N_AIH C13.0 IDENT C1.0 CEP C8.0 MUNIC_RES C6.0 NASC C8.0 SEXO C1.0 UTI_MES_IN N2.0 UTI_MES_AN N2.0 UTI_MES_AL N2.0 UTI_MES_TO N3.0 MARCA_UTI C2.0 UTI_INT_IN N2.0 UTI_INT_AN N2.0 UTI_INT_AL N2.0 UTI_INT_TO N3.0 DIAR_ACOM N3.0 QT_DIARIAS N3.0 PROC_SOLIC C10.0 PROC_REA C10.0 VAL_SH N13.2 VAL_SP N13.2 VAL_SADT N13.2 VAL_RN N13.2 VAL_ACOMP N13.2 VAL_ORTP N13.2 VAL_SANGUE N13.2 VAL_SADTSR N11.2 VAL_TRANSP N13.2 VAL_OBSANG N11.2 VAL_PED1AC N11.2 VAL_TOT N14.2 VAL_UTI N8.2 US_TOT N10.2 DT_INTER C8.0 DT_SAIDA C8.0 DIAG_PRINC C4.0 DIAG_SECUN C4.0 COBRANCA C2.0 NATUREZA C2.0 NAT_JUR C4.0 GESTAO C1.0 RUBRICA N5.0 IND_VDRL C1.0 MUNIC_MOV C6.0 COD_IDADE C1.0 IDADE N2.0 DIAS_PERM N5.0 MORTE N1.0 NACIONAL C3.0 NUM_PROC C4.0 CAR_INT C2.0 TOT_PT_SP N6.0 CPF_AUT C11.0 HOMONIMO C1.0 NUM_FILHOS N2.0 INSTRU C1.0 CID_NOTIF C4.0 CONTRACEP1 C2.0 CONTRACEP2 C2.0 GESTRISCO C1.0 INSC_PN C12.0 SEQ_AIH5 C3.0 CBOR C6.0 CNAER C3.0 VINCPREV C1.0 GESTOR_COD C5.0 GESTOR_TP C1.0 GESTOR_CPF C15.0 GESTOR_DT C8.0 CNES C7.0 CNPJ_MANT C14.0 INFEHOSP C1.0 CID_ASSO C4.0 CID_MORTE C4.0 COMPLEX C2.0 FINANC C2.0 FAEC_TP C6.0 REGCT C4.0 RACA_COR C2.0 ETNIA C4.0 SEQUENCIA N9.0 REMESSA C21.0 AUD_JUST C50.0 SIS_JUST C50.0 VAL_SH_FED N10.2 VAL_SP_FED N10.2 VAL_SH_GES N10.2 VAL_SP_GES N10.2 VAL_UCI N10.2 MARCA_UCI C2.0 DIAGSEC1 C4.0 DIAGSEC2 C4.0 DIAGSEC3 C4.0 DIAGSEC4 C4.0 DIAGSEC5 C4.0 DIAGSEC6 C4.0 DIAGSEC7 C4.0 DIAGSEC8 C4.0 DIAGSEC9 C1.0 TPDISEC1 C1.0 TPDISEC2 C1.0 TPDISEC3 C1.0 TPDISEC4 C1.0 TPDISEC5 C1.0 TPDISEC6 C1.0 TPDISEC7 C1.0 TPDISEC8 C1.0 TPDISEC9 C1.0
RDRR2303.dbc,2023-03,2024-04-09T14:32,338974,867568bf115de612649900cb0768171d6aae11ea5721a1ff6dd6625d6cfb49c6,4495,5,UF_ZI C6.0 ANO_CMPT C4.0 MES_CMPT C2.0 ESPEC C2.0 CGC_HOSP C14.0 N_AIH C13.0 IDENT C1.0 CEP C8.0 MUNIC_RES C6.0 NASC C8.0 SEXO C1.0 UTI_MES_IN N2.0 UTI_MES_AN N2.0 UTI_MES_AL N2.0 UTI_MES_TO N3.0 MARCA_UTI C2.0 UTI_INT_IN N2.0 UTI_INT_AN N2.0 UTI_INT_AL N2.0 UTI_INT_TO N3.0 DIAR_ACOM N3.0 QT_DIARIAS N3.0 PROC_SOLIC C10.0 PROC_REA C10.0 VAL_SH N13.2 VAL_SP N13.2 VAL_SADT N13.2 VAL_RN N13.2 VAL_ACOMP N13.2 VAL_ORTP N13.2 VAL_SANGUE N13.2 VAL_SADTSR N11.2 VAL_TRANSP N13.2 VAL_OBSANG N11.2 VAL_PED1AC N11.2 VAL_TOT N14.2 VAL_UTI N8.2 US_TOT N10.2 DT_INTER C8.0 DT_SAIDA C8.0 DIAG_PRINC C4.0 DIAG_SECUN C4.0 COBRANCA C2.0 NATUREZA C2.0 NAT_JUR C4.0 GESTAO C1.0 RUBRICA N5.0 IND_VDRL C1.0 MUNIC_MOV C6.0 COD_IDADE C1.0 IDADE N2.0 DIAS_PERM N5.0 MORTE N1.0 NACIONAL C3.0 NUM_PROC C4.0 CAR_INT C2.0 TOT_PT_SP N6.0 CPF_AUT C11.0 HOMONIMO C1.0 NUM_FILHOS N2.0 INSTRU C1.0 CID_NOTIF C4.0 CONTRACEP1 C2.0 CONTRACEP2 C2.0 GESTRISCO C1.0 INSC_PN C12.0 SEQ_AIH5 C3.0 CBOR C6.0 CNAER C3.0 VINCPREV C1.0 GESTOR_COD C5.0 GESTOR_TP C1.0 GESTOR_CPF C15.0 GESTOR_DT C8.0 CNES C7.0 CNPJ_MANT C14.0 INFEHOSP C1.0 CID_ASSO C4.0 CID_MORTE C4.0 COMPLEX C2.0 FINANC C2.0 FAEC_TP C6.0 REGCT C4.0 RACA_COR C2.0 ETNIA C4.0 SEQUENCIA N9.0 REMESSA C21.0 AUD_JUST C50.0 SIS_JUST C50.0 VAL_SH_FED N10.2 VAL_SP_FED N10.2 VAL_SH_GES N10.2 VAL_SP_GES N10.2 VAL_UCI N10.2 MARCA_UCI C2.0 DIAGSEC1 C4.0 DIAGSEC2 C4.0 DIAGSEC3 C4.0 DIAGSEC4 C4.0 DIAGSEC5 C4.0 DIAGSEC6 C4.0 DIAGSEC7 C4.0 DIAGSEC8 C4.0 DIAGSEC9 C1.0 TPDISEC1 C1.0 TPDISEC2 C1.0 TPDISEC3 C1.0 TPDISEC4 C1.0 TPDISEC5 C1.0 TPDISEC6 C1.0 TPDISEC7 C1.0 TPDISEC8 C1.0 TPDISEC9 C1.0
RDRR2304.dbc,2023-04,2024-06-16T01:17,334342,9630ae623f67ae1b048ed7a5a8b4611b45fdf2cb363bb3f1511662b33cff08a5,4492,5,UF_ZI C6.0 ANO_CMPT C4.0 MES_CMPT C2.0 ESPEC C2.0 CGC_HOSP C14.0 N_AIH C13.0 IDENT C1.0 CEP C8.0 MUNIC_RES C6.0 NASC C8.0 SEXO C1.0 UTI_MES_IN N2.0 UTI_MES_AN N2.0 UTI_MES_AL N2.0 UTI_MES_TO N3.0 MARCA_UTI C2.0 UTI_INT_IN N2.0 UTI_INT_AN N2.0 UTI_INT_AL N2.0 UTI_INT_TO N3.0 DIAR_ACOM N3.0 QT_DIARIAS N3.0 PROC_SOLIC C10.0 PROC_REA C10.0 VAL_SH N13.2 VAL_SP N13.2 VAL_SADT N13.2 VAL_RN N13.2 VAL_ACOMP N13.2 VAL_ORTP N13.2 VAL_SANGUE N13.2 VAL_SADTSR N11.2 VAL_TRANSP N13.2 VAL_OBSANG N11.2 VAL_PED1AC N11.2 VAL_TOT N14.2 VAL_UTI N8.2 US_TOT N10.2 DT_INTER C8.0 DT_SAIDA C8.0 DIAG_PRINC C4.0 DIAG_SECUN C4.0 COBRANCA C2.0 NATUREZA C2.0 NAT_JUR C4.0 GESTAO C1.0 RUBRICA N5.0 IND_VDRL C1.0 MUNIC_MOV C6.0 COD_IDADE C1.0 IDADE N2.0 DIAS_PERM N5.0 MORTE N1.0 NACIONAL C3.0 NUM_PROC C4.0 CAR_INT C2.0 TOT_PT_SP N6.0 CPF_AUT C11.0 HOMONIMO C1.0 NUM_FILHOS N2.0 INSTRU C1.0 CID_NOTIF C4.0 CONTRACEP1 C2.0 CONTRACEP2 C2.0 GESTRISCO C1.0 INSC_PN C12.0 SEQ_AIH5 C3.0 CBOR C6.0 CNAER C3.0 VINCPREV C1.0 GESTOR_COD C5.0 GESTOR_TP C1.0 GESTOR_CPF C15.0 GESTOR_DT C8.0 CNES C7.0 CNPJ_MANT C14.0 INFEHOSP C1.0 CID_ASSO C4.0 CID_MORTE C4.0 COMPLEX C2.0 FINANC C2.0 FAEC_TP C6.0 REGCT C4.0 RACA_COR C2.0 ETNIA C4.0 SEQUENCIA N9.0 REMESSA C21.0 AUD_JUST C50.0 SIS_JUST C50.0 VAL_SH_FED N10.2 VAL_SP_FED N10.2 VAL_SH_GES N10.2 VAL_SP_GES N10.2 VAL_UCI N10.2 MARCA_UCI C2.0 DIAGSEC1 C4.0 DIAGSEC2 C4.0 DIAGSEC3 C4.0 DIAGSEC4 C4.0 DIAGSEC5 C4.0 DIAGSEC6 C4.0 DIAGSEC7 C4.0 DIAGSEC8 C4.0 DIAGSEC9 C1.0 TPDISEC1 C1.0 TPDISEC2 C1.0 TPDISEC3 C1.0 TPDISEC4 C1.0 TPDISEC5 C1.0 TPDISEC6 C1.0 TPDISEC7 C1.0 TPDISEC8 C1.0 TPDISEC9 C1.0
RDRR2305.dbc,2023-05,2024-06-16T01:17,295832,070095ba8dfb7eae48fd32151827ebd1ac1a08880d248ee9f11135f524f86432,4054,5,UF_ZI C6.0 ANO_CMPT C4.0 MES_CMPT C2.0 ESPEC C2.0 CGC_HOSP C14.0 N_AIH C13.0 IDENT C1.0 CEP C8.0 MUNIC_RES C6.0 NASC C8.0 SEXO C1.0 UTI_MES_IN N2.0 UTI_MES_AN N2.0 UTI_MES_AL N2.0 UTI_MES_TO N3.0 MARCA_UTI C2.0 UTI_INT_IN N2.0 UTI_INT_AN N2.0 UTI_INT_AL N2.0 UTI_INT_TO N3.0 DIAR_ACOM N3.0 QT_DIARIAS N3.0 PROC_SOLIC C10.0 PROC_REA C10.0 VAL_SH N13.2 VAL_SP N13.2 VAL_SADT N13.2 VAL_RN N13.2 VAL_ACOMP N13.2 VAL_ORTP N13.2 VAL_SANGUE N13.2 VAL_SADTSR N11.2 VAL_TRANSP N13.2 VAL_OBSANG N11.2 VAL_PED1AC N11.2 VAL_TOT N14.2 VAL_UTI N8.2 US_TOT N10.2 DT_INTER C8.0 DT_SAIDA C8.0 DIAG_PRINC C4.0 DIAG_SECUN C4.0 COBRANCA C2.0 NATUREZA C2.0 NAT_JUR C4.0 GESTAO C1.0 RUBRICA N5.0 IND_VDRL C1.0 MUNIC_MOV C6.0 COD_IDADE C1.0 IDADE N2.0 DIAS_PERM N5.0 MORTE N1.0 NACIONAL C3.0 NUM_PROC C4.0 CAR_INT C2.0 TOT_PT_SP N6.0 CPF_AUT C11.0 HOMONIMO C1.0 NUM_FILHOS N2.0 INSTRU C1.0 CID_NOTIF C4.0 CONTRACEP1 C2.0 CONTRACEP2 C2.0 GESTRISCO C1.0 INSC_PN C12.0 SEQ_AIH5 C3.0 CBOR C6.0 CNAER C3.0 VINCPREV C1.0 GESTOR_COD C5.0 GESTOR_TP C1.0 GESTOR_CPF C15.0 GESTOR_DT C8.0 CNES C7.0 CNPJ_MANT C14.0 INFEHOSP C1.0 CID_ASSO C4.0 CID_MORTE C4.0 COMPLEX C2.0 FINANC C2.0 FAEC_TP C6.0 REGCT C4.0 RACA_COR C2.0 ETNIA C4.0 SEQUENCIA N9.0 REMESSA C21.0 AUD_JUST C50.0 SIS_JUST C50.0 VAL_SH_FED N10.2 VAL_SP_FED N10.2 VAL_SH_GES N10.2 VAL_SP_GES N10.2 VAL_UCI N10.2 MARCA_UCI C2.0 DIAGSEC1 C4.0 DIAGSEC2 C4.0 DIAGSEC3 C4.0 DIAGSEC4 C4.0 DIAGSEC5 C4.0 DIAGSEC6 C4.0 DIAGSEC7 C4.0 DIAGSEC8 C4.0 DIAGSEC9 C1.0 TPDISEC1 C1.0 TPDISEC2 C1.0 TPDISEC3 C1.0 TPDISEC4 C1.0 TPDISEC5 C1.0 TPDISEC6 C1.0 TPDISEC7 C1.0 TPDISEC8 C1.0 TPDISEC9 C1.0
RDRR2306.dbc,2023-06,2024-08-05T14:46,292318,276950c6e444be8c7dbd4db0bb4c72102af9acd99c301d018ee9622133363942,3915,5,UF_ZI C6.0 ANO_CMPT C4.0 MES_CMPT C2.0 ESPEC C2.0 CGC_HOSP C14.0 N_AIH C13.0 IDENT C1.0 CEP C8.0 MUNIC_RES C6.0 NASC C8.0 SEXO C1.0 UTI_MES_IN N2.0 UTI_MES_AN N2.0 UTI_MES_AL N2.0 UTI_MES_TO N3.0 MARCA_UTI C2.0 UTI_INT_IN N2.0 UTI_INT_AN N2.0 UTI_INT_AL N2.0 UTI_INT_TO N3.0 DIAR_ACOM N3.0 QT_DIARIAS N3.0 PROC_SOLIC C10.0 PROC_REA C10.0 VAL_SH N13.2 VAL_SP N13.2 VAL_SADT N13.2 VAL_RN N13.2 VAL_ACOMP N13.2 VAL_ORTP N13.2 VAL_SANGUE N13.2 VAL_SADTSR N11.2 VAL_TRANSP N13.2 VAL_OBSANG N11.2 VAL_PED1AC N11.2 VAL_TOT N14.2 VAL_UTI N8.2 US_TOT N10.2 DT_INTER C8.0 DT_SAIDA C8.0 DIAG_PRINC C4.0 DIAG_SECUN C4.0 COBRANCA C2.0 NATUREZA C2.0 NAT_JUR C4.0 GESTAO C1.0 RUBRICA N5.0 IND_VDRL C1.0 MUNIC_MOV C6.0 COD_IDADE C1.0 IDADE N2.0 DIAS_PERM N5.0 MORTE N1.0 NACIONAL C3.0 NUM_PROC C4.0 CAR_INT C2.0 TOT_PT_SP N6.0 CPF_AUT C11.0 HOMONIMO C1.0 NUM_FILHOS N2.0 INSTRU C1.0 CID_NOTIF C4.0 CONTRACEP1 C2.0 CONTRACEP2 C2.0 GESTRISCO C1.0 INSC_PN C12.0 SEQ_AIH5 C3.0 CBOR C6.0 CNAER C3.0 VINCPREV C1.0 GESTOR_COD C5.0 GESTOR_TP C1.0 GESTOR_CPF C15.0 GESTOR_DT C8.0 CNES C7.0 CNPJ_MANT C14.0 INFEHOSP C1.0 CID_ASSO C4.0 CID_MORTE C4.0 COMPLEX C2.0 FINANC C2.0 FAEC_TP C6.0 REGCT C4.0 RACA_COR C2.0 ETNIA C4.0 SEQUENCIA N9.0 REMESSA C21.0 AUD_JUST C50.0 SIS_JUST C50.0 VAL_SH_FED N10.2 VAL_SP_FED N10.2 VAL_SH_GES N10.2 VAL_SP_GES N10.2 VAL_UCI N10.2 MARCA_UCI C2.0 DIAGSEC1 C4.0 DIAGSEC2 C4.0 DIAGSEC3 C4.0 DIAGSEC4 C4.0 DIAGSEC5 C4.0 DIAGSEC6 C4.0 DIAGSEC7 C4.0 DIAGSEC8 C4.0 DIAGSEC9 C1.0 TPDISEC1 C1.0 TPDISEC2 C1.0 TPDISEC3 C1.0 TPDISEC4 C1.0 TPDISEC5 C1.0 TPDISEC6 C1.0 TPDISEC7 C1.0 TPDISEC8 C1.0 TPDISEC9 C1.0
RDRR2307.dbc,2023-07,2024-08-05T14:46,321728,554c7fe24595ddd67995426cf2e56540aa502b8470ef8e896ea59c1a581ed64c,4201,5,UF_ZI C6.0 ANO_CMPT C4.0 MES_CMPT C2.0 ESPEC C2.0 CGC_HOSP C14.0 N_AIH C13.0 IDENT C1.0 CEP C8.0 MUNIC_RES C6.0 NASC C8.0 SEXO C1.0 UTI_MES_IN N2.0 UTI_MES_AN N2.0 UTI_MES_AL N2.0 UTI_MES_TO N3.0 MARCA_UTI C2.0 UTI_INT_IN N2.0 UTI_INT_AN N2.0 UTI_INT_AL N2.0 UTI_INT_TO N3.0 DIAR_ACOM N3.0 QT_DIARIAS N3.0 PROC_SOLIC C10.0 PROC_REA C10.0 VAL_SH N13.2 VAL_SP N13.2 VAL_SADT N13.2 VAL_RN N13.2 VAL_ACOMP N13.2 VAL_ORTP N13.2 VAL_SANGUE N13.2 VAL_SADTSR N11.2 VAL_TRANSP N13.2 VAL_OBSANG N11.2 VAL_PED1AC N11.2 VAL_TOT N14.2 VAL_UTI N8.2 US_TOT N10.2 DT_INTER C8.0 DT_SAIDA C8.0 DIAG_PRINC C4.0 DIAG_SECUN C4.0 COBRANCA C2.0 NATUREZA C2.0 NAT_JUR C4.0 GESTAO C1.0 RUBRICA N5.0 IND_VDRL C1.0 MUNIC_MOV C6.0 COD_IDADE C1.0 IDADE N2.0 DIAS_PERM N5.0 MORTE N1.0 NACIONAL C3.0 NUM_PROC C4.0 CAR_INT C2.0 TOT_PT_SP N6.0 CPF_AUT C11.0 HOMONIMO C1.0 NUM_FILHOS N2.0 INSTRU C1.0 CID_NOTIF C4.0 CONTRACEP1 C2.0 CONTRACEP2 C2.0 GESTRISCO C1.0 INSC_PN C12.0 SEQ_AIH5 C3.0 CBOR C6.0 CNAER C3.0 VINCPREV C1.0 GESTOR_COD C5.0 GESTOR_TP C1.0 GESTOR_CPF C15.0 GESTOR_DT C8.0 CNES C7.0 CNPJ_MANT C14.0 INFEHOSP C1.0 CID_ASSO C4.0 CID_MORTE C4.0 COMPLEX C2.0 FINANC C2.0 FAEC_TP C6.0 REGCT C4.0 RACA_COR C2.0 ETNIA C4.0 SEQUENCIA N9.0 REMESSA C21.0 AUD_JUST C50.0 SIS_JUST C50.0 VAL_SH_FED N10.2 VAL_SP_FED N10.2 VAL_SH_GES N10.2 VAL_SP_GES N10.2 VAL_UCI N10.2 MARCA_UCI C2.0 DIAGSEC1 C4.0 DIAGSEC2 C4.0 DIAGSEC3 C4.0 DIAGSEC4 C4.0 DIAGSEC5 C4.0 DIAGSEC6 C4.0 DIAGSEC7 C4.0 DIAGSEC8 C4.0 DIAGSEC9 C1.0 TPDISEC1 C1.0 TPDISEC2 C1.0 TPDISEC3 C1.0 TPDISEC4 C1.0 TPDISEC5 C1.0 TPDISEC6 C1.0 TPDISEC7 C1.0 TPDISEC8 C1.0 TPDISEC9 C1.0
RDRR2308.dbc,2023-08,2024-09-05T10:32,347846,df1511b117a712f4812947e9ab79714cf3e1e87177efe9b717ebe31a4e49e8a5,4655,5,UF_ZI C6.0 ANO_CMPT C4.0 MES_CMPT C2.0 ESPEC C2.0 CGC_HOSP C14.0 N_AIH C13.0 IDENT C1.0 CEP C8.0 MUNIC_RES C6.0 NASC C8.0 SEXO C1.0 UTI_MES_IN N2.0 UTI_MES_AN N2.0 UTI_MES_AL N2.0 UTI_MES_TO N3.0 MARCA_UTI C2.0 UTI_INT_IN N2.0 UTI_INT_AN N2.0 UTI_INT_AL N2.0 UTI_INT_TO N3.0 DIAR_ACOM N3.0 QT_DIARIAS N3.0 PROC_SOLIC C10.0 PROC_REA C10.0 VAL_SH N13.2 VAL_SP N13.2 VAL_SADT N13.2 VAL_RN N13.2 VAL_ACOMP N13.2 VAL_ORTP N13.2 VAL_SANGUE N13.2 VAL_SADTSR N11.2 VAL_TRANSP N13.2 VAL_OBSANG N11.2 VAL_PED1AC N11.2 VAL_TOT N14.2 VAL_UTI N8.2 US_TOT N10.2 DT_INTER C8.0 DT_SAIDA C8.0 DIAG_PRINC C4.0 DIAG_SECUN C4.0 COBRANCA C2.0 NATUREZA C2.0 NAT_JUR C4.0 GESTAO C1.0 RUBRICA N5.0 IND_VDRL C1.0 MUNIC_MOV C6.0 COD_IDADE C1.0 IDADE N2.0 DIAS_PERM N5.0 MORTE N1.0 NACIONAL C3.0 NUM_PROC C4.0 CAR_INT C2.0 TOT_PT_SP N6.0 CPF_AUT C11.0 HOMONIMO C1.0 NUM_FILHOS N2.0 INSTRU C1.0 CID_NOTIF C4.0 CONTRACEP1 C2.0 CONTRACEP2 C2.0 GESTRISCO C1.0 INSC_PN C12.0 SEQ_AIH5 C3.0 CBOR C6.0 CNAER C3.0 VINCPREV C1.0 GESTOR_COD C5.0 GESTOR_TP C1.0 GESTOR_CPF C15.0 GESTOR_DT C8.0 CNES C7.0 CNPJ_MANT C14.0 INFEHOSP C1.0 CID_ASSO C4.0 CID_MORTE C4.0 COMPLEX C2.0 FINANC C2.0 FAEC_TP C6.0 REGCT C4.0 RACA_COR C2.0 ETNIA C4.0 SEQUENCIA N9.0 REMESSA C21.0 AUD_JUST C50.0 SIS_JUST C50.0 VAL_SH_FED N10.2 VAL_SP_FED N10.2 VAL_SH_GES N10.2 VAL_SP_GES N10.2 VAL_UCI N10.2 MARCA_UCI C2.0 DIAGSEC1 C4.0 DIAGSEC2 C4.0 DIAGSEC3 C4.0 DIAGSEC4 C4.0 DIAGSEC5 C4.0 DIAGSEC6 C4.0 DIAGSEC7 C4.0 DIAGSEC8 C4.0 DIAGSEC9 C1.0 TPDISEC1 C1.0 TPDISEC2 C1.0 TPDISEC3 C1.0 TPDISEC4 C1.0 TPDISEC5 C1.0 TPDISEC6 C1.0 TPDISEC7 C1.0 TPDISEC8 C1.0 TPDISEC9 C1.0
RDRR2309.dbc,2023-09,2024-10-08T12:08,119285,76575dee8d2168dc5022bf46b420ca93e41109711e972e7527e39380c93dbd1b,1535,5,UF_ZI C6.0 ANO_CMPT C4.0 MES_CMPT C2.0 ESPEC C2.0 CGC_HOSP C14.0 N_AIH C13.0 IDENT C1.0 CEP C8.0 MUNIC_RES C6.0 NASC C8.0 SEXO C1.0 UTI_MES_IN N2.0 UTI_MES_AN N2.0 UTI_MES_AL N2.0 UTI_MES_TO N3.0 MARCA_UTI C2.0 UTI_INT_IN N2.0 UTI_INT_AN N2.0 UTI_INT_AL N2.0 UTI_INT_TO N3.0 DIAR_ACOM N3.0 QT_DIARIAS N3.0 PROC_SOLIC C10.0 PROC_REA C10.0 VAL_SH N13.2 VAL_SP N13.2 VAL_SADT N13.2 VAL_RN N13.2 VAL_ACOMP N13.2 VAL_ORTP N13.2 VAL_SANGUE N13.2 VAL_SADTSR N11.2 VAL_TRANSP N13.2 VAL_OBSANG N11.2 VAL_PED1AC N11.2 VAL_TOT N14.2 VAL_UTI N8.2 US_TOT N10.2 DT_INTER C8.0 DT_SAIDA C8.0 DIAG_PRINC C4.0 DIAG_SECUN C4.0 COBRANCA C2.0 NATUREZA C2.0 NAT_JUR C4.0 GESTAO C1.0 RUBRICA N5.0 IND_VDRL C1.0 MUNIC_MOV C6.0 COD_IDADE C1.0 IDADE N2.0 DIAS_PERM N5.0 MORTE N1.0 NACIONAL C3.0 NUM_PROC C4.0 CAR_INT C2.0 TOT_PT_SP N6.0 CPF_AUT C11.0 HOMONIMO C1.0 NUM_FILHOS N2.0 INSTRU C1.0 CID_NOTIF C4.0 CONTRACEP1 C2.0 CONTRACEP2 C2.0 GESTRISCO C1.0 INSC_PN C12.0 SEQ_AIH5 C3.0 CBOR C6.0 CNAER C3.0 VINCPREV C1.0 GESTOR_COD C5.0 GESTOR_TP C1.0 GESTOR_CPF C15.0 GESTOR_DT C8.0 CNES C7.0 CNPJ_MANT C14.0 INFEHOSP C1.0 CID_ASSO C4.0 CID_MORTE C4.0 COMPLEX C2.0 FINANC C2.0 FAEC_TP C6.0 REGCT C4.0 RACA_COR C2.0 ETNIA C4.0 SEQUENCIA N9.0 REMESSA C21.0 AUD_JUST C50.0 SIS_JUST C50.0 VAL_SH_FED N10.2 VAL_SP_FED N10.2 VAL_SH_GES N10.2 VAL_SP_GES N10.2 VAL_UCI N10.2 MARCA_UCI C2.0 DIAGSEC1 C4.0 DIAGSEC2 C4.0 DIAGSEC3 C4.0 DIAGSEC4 C4.0 DIAGSEC5 C4.0 DIAGSEC6 C4.0 DIAGSEC7 C4.0 DIAGSEC8 C4.0 DIAGSEC9 C1.0 TPDISEC1 C1.0 TPDISEC2 C1.0 TPDISEC3 C1.0 TPDISEC4 C1.0 TPDISEC5 C1.0 TPDISEC6 C1.0 TPDISEC7 C1.0 TPDISEC8 C1.0 TPDISEC9 C1.0
RDRR2310.dbc,2023-10,2024-11-07T15:40,166954,ca61a398b9ec92afeec48e2dfe9f85012f0a9e928c0ccb9877ec7ec34ebe29ff,2171,5,UF_ZI C6.0 ANO_CMPT C4.0 MES_CMPT C2.0 ESPEC C2.0 CGC_HOSP C14.0 N_AIH C13.0 IDENT C1.0 CEP C8.0 MUNIC_RES C6.0 NASC C8.0 SEXO C1.0 UTI_MES_IN N2.0 UTI_MES_AN N2.0 UTI_MES_AL N2.0 UTI_MES_TO N3.0 MARCA_UTI C2.0 UTI_INT_IN N2.0 UTI_INT_AN N2.0 UTI_INT_AL N2.0 UTI_INT_TO N3.0 DIAR_ACOM N3.0 QT_DIARIAS N3.0 PROC_SOLIC C10.0 PROC_REA C10.0 VAL_SH N13.2 VAL_SP N13.2 VAL_SADT N13.2 VAL_RN N13.2 VAL_ACOMP N13.2 VAL_ORTP N13.2 VAL_SANGUE N13.2 VAL_SADTSR N11.2 VAL_TRANSP N13.2 VAL_OBSANG N11.2 VAL_PED1AC N11.2 VAL_TOT N14.2 VAL_UTI N8.2 US_TOT N10.2 DT_INTER C8.0 DT_SAIDA C8.0 DIAG_PRINC C4.0 DIAG_SECUN C4.0 COBRANCA C2.0 NATUREZA C2.0 NAT_JUR C4.0 GESTAO C1.0 RUBRICA N5.0 IND_VDRL C1.0 MUNIC_MOV C6.0 COD_IDADE C1.0 IDADE N2.0 DIAS_PERM N5.0 MORTE N1.0 NACIONAL C3.0 NUM_PROC C4.0 CAR_INT C2.0 TOT_PT_SP N6.0 CPF_AUT C11.0 HOMONIMO C1.0 NUM_FILHOS N2.0 INSTRU C1.0 CID_NOTIF C4.0 CONTRACEP1 C2.0 CONTRACEP2 C2.0 GESTRISCO C1.0 INSC_PN C12.0 SEQ_AIH5 C3.0 CBOR C6.0 CNAER C3.0 VINCPREV C1.0 GESTOR_COD C5.0 GESTOR_TP C1.0 GESTOR_CPF C15.0 GESTOR_DT C8.0 CNES C7.0 CNPJ_MANT C14.0 INFEHOSP C1.0 CID_ASSO C4.0 CID_MORTE C4.0 COMPLEX C2.0 FINANC C2.0 FAEC_TP C6.0 REGCT C4.0 RACA_COR C2.0 ETNIA C4.0 SEQUENCIA N9.0 REMESSA C21.0 AUD_JUST C50.0 SIS_JUST C50.0 VAL_SH_FED N10.2 VAL_SP_FED N10.2 VAL_SH_GES N10.2 VAL_SP_GES N10.2 VAL_UCI N10.2 MARCA_UCI C2.0 DIAGSEC1 C4.0 DIAGSEC2 C4.0 DIAGSEC3 C4.0 DIAGSEC4 C4.0 DIAGSEC5 C4.0 DIAGSEC6 C4.0 DIAGSEC7 C4.0 DIAGSEC8 C4.0 DIAGSEC9 C1.0 TPDISEC1 C1.0 TPDISEC2 C1.0 TPDISEC3 C1.0 TPDISEC4 C1.0 TPDISEC5 C1.0 TPDISEC6 C1.0 TPDISEC7 C1.0 TPDISEC8 C1.0 TPDISEC9 C1.0
RDRR2311.dbc,2023-11,2025-01-05T19:00,275988,bdf3d83ba5d51966f051980b4a0df2d14b2adc58695888e280d44eedd14ba199,3632,5,UF_ZI C6.0 ANO_CMPT C4.0 MES_CMPT C2.0 ESPEC C2.0 CGC_HOSP C14.0 N_AIH C13.0 IDENT C1.0 CEP C8.0 MUNIC_RES C6.0 NASC C8.0 SEXO C1.0 UTI_MES_IN N2.0 UTI_MES_AN N2.0 UTI_MES_AL N2.0 UTI_MES_TO N3.0 MARCA_UTI C2.0 UTI_INT_IN N2.0 UTI_INT_AN N2.0 UTI_INT_AL N2.0 UTI_INT_TO N3.0 DIAR_ACOM N3.0 QT_DIARIAS N3.0 PROC_SOLIC C10.0 PROC_REA C10.0 VAL_SH N13.2 VAL_SP N13.2 VAL_SADT N13.2 VAL_RN N13.2 VAL_ACOMP N13.2 VAL_ORTP N13.2 VAL_SANGUE N13.2 VAL_SADTSR N11.2 VAL_TRANSP N13.2 VAL_OBSANG N11.2 VAL_PED1AC N11.2 VAL_TOT N14.2 VAL_UTI N8.2 US_TOT N10.2 DT_INTER C8.0 DT_SAIDA C8.0 DIAG_PRINC C4.0 DIAG_SECUN C4.0 COBRANCA C2.0 NATUREZA C2.0 NAT_JUR C4.0 GESTAO C1.0 RUBRICA N5.0 IND_VDRL C1.0 MUNIC_MOV C6.0 COD_IDADE C1.0 IDADE N2.0 DIAS_PERM N5.0 MORTE N1.0 NACIONAL C3.0 NUM_PROC C4.0 CAR_INT C2.0 TOT_PT_SP N6.0 CPF_AUT C11.0 HOMONIMO C1.0 NUM_FILHOS N2.0 INSTRU C1.0 CID_NOTIF C4.0 CONTRACEP1 C2.0 CONTRACEP2 C2.0 GESTRISCO C1.0 INSC_PN C12.0 SEQ_AIH5 C3.0 CBOR C6.0 CNAER C3.0 VINCPREV C1.0 GESTOR_COD C5.0 GESTOR_TP C1.0 GESTOR_CPF C15.0 GESTOR_DT C8.0 CNES C7.0 CNPJ_MANT C14.0 INFEHOSP C1.0 CID_ASSO C4.0 CID_MORTE C4.0 COMPLEX C2.0 FINANC C2.0 FAEC_TP C6.0 REGCT C4.0 RACA_COR C2.0 ETNIA C4.0 SEQUENCIA N9.0 REMESSA C21.0 AUD_JUST C50.0 SIS_JUST C50.0 VAL_SH_FED N10.2 VAL_SP_FED N10.2 VAL_SH_GES N10.2 VAL_SP_GES N10.2 VAL_UCI N10.2 MARCA_UCI C2.0 DIAGSEC1 C4.0 DIAGSEC2 C4.0 DIAGSEC3 C4.0 DIAGSEC4 C4.0 DIAGSEC5 C4.0 DIAGSEC6 C4.0 DIAGSEC7 C4.0 DIAGSEC8 C4.0 DIAGSEC9 C1.0 TPDISEC1 C1.0 TPDISEC2 C1.0 TPDISEC3 C1.0 TPDISEC4 C1.0 TPDISEC5 C1.0 TPDISEC6 C1.0 TPDISEC7 C1.0 TPDISEC8 C1.0 TPDISEC9 C1.0
RDRR2312.dbc,2023-12,2025-01-05T19:00,259816,89aa6c94bf266f3952c4dee9a16f0181602c533f8d6426a7f95f6a0fd0a16e1b,3534,5,UF_ZI C6.0 ANO_CMPT C4.0 MES_CMPT C2.0 ESPEC C2.0 CGC_HOSP C14.0 N_AIH C13.0 IDENT C1.0 CEP C8.0 MUNIC_RES C6.0 NASC C8.0 SEXO C1.0 UTI_MES_IN N2.0 UTI_MES_AN N2.0 UTI_MES_AL N2.0 UTI_MES_TO N3.0 MARCA_UTI C2.0 UTI_INT_IN N2.0 UTI_INT_AN N2.0 UTI_INT_AL N2.0 UTI_INT_TO N3.0 DIAR_ACOM N3.0 QT_DIARIAS N3.0 PROC_SOLIC C10.0 PROC_REA C10.0 VAL_SH N13.2 VAL_SP N13.2 VAL_SADT N13.2 VAL_RN N13.2 VAL_ACOMP N13.2 VAL_ORTP N13.2 VAL_SANGUE N13.2 VAL_SADTSR N11.2 VAL_TRANSP N13.2 VAL_OBSANG N11.2 VAL_PED1AC N11.2 VAL_TOT N14.2 VAL_UTI N8.2 US_TOT N10.2 DT_INTER C8.0 DT_SAIDA C8.0 DIAG_PRINC C4.0 DIAG_SECUN C4.0 COBRANCA C2.0 NATUREZA C2.0 NAT_JUR C4.0 GESTAO C1.0 RUBRICA N5.0 IND_VDRL C1.0 MUNIC_MOV C6.0 COD_IDADE C1.0 IDADE N2.0 DIAS_PERM N5.0 MORTE N1.0 NACIONAL C3.0 NUM_PROC C4.0 CAR_INT C2.0 TOT_PT_SP N6.0 CPF_AUT C11.0 HOMONIMO C1.0 NUM_FILHOS N2.0 INSTRU C1.0 CID_NOTIF C4.0 CONTRACEP1 C2.0 CONTRACEP2 C2.0 GESTRISCO C1.0 INSC_PN C12.0 SEQ_AIH5 C3.0 CBOR C6.0 CNAER C3.0 VINCPREV C1.0 GESTOR_COD C5.0 GESTOR_TP C1.0 GESTOR_CPF C15.0 GESTOR_DT C8.0 CNES C7.0 CNPJ_MANT C14.0 INFEHOSP C1.0 CID_ASSO C4.0 CID_MORTE C4.0 COMPLEX C2.0 FINANC C2.0 FAEC_TP C6.0 REGCT C4.0 RACA_COR C2.0 ETNIA C4.0 SEQUENCIA N9.0 REMESSA C21.0 AUD_JUST C50.0 SIS_JUST C50.0 VAL_SH_FED N10.2 VAL_SP_FED N10.2 VAL_SH_GES N10.2 VAL_SP_GES N10.2 VAL_UCI N10.2 MARCA_UCI C2.0 DIAGSEC1 C4.0 DIAGSEC2 C4.0 DIAGSEC3 C4.0 DIAGSEC4 C4.0 DIAGSEC5 C4.0 DIAGSEC6 C4.0 DIAGSEC7 C4.0 DIAGSEC8 C4.0 DIAGSEC9 C1.0 TPDISEC1 C1.0 TPDISEC2 C1.0 TPDISEC3 C1.0 TPDISEC4 C1.0 TPDISEC5 C1.0 TPDISEC6 C1.0 TPDISEC7 C1.0 TPDISEC8 C1.0 TPDISEC9 C1.0
RDRR2401.dbc,2024-01,2025-02-09T21:29,275725,37741f8b16adcf0f19ff837f9abbf9c46af4b6c128f5599867fe0fa7940eccb5,3714,5,UF_ZI C6.0 ANO_CMPT C4.0 MES_CMPT C2.0 ESPEC C2.0 CGC_HOSP C14.0 N_AIH C13.0 IDENT C1.0 CEP C8.0 MUNIC_RES C6.0 NASC C8.0 SEXO C1.0 UTI_MES_IN N2.0 UTI_MES_AN N2.0 UTI_MES_AL N2.0 UTI_MES_TO N3.0 MARCA_UTI C2.0 UTI_INT_IN N2.0 UTI_INT_AN N2.0 UTI_INT_AL N2.0 UTI_INT_TO N3.0 DIAR_ACOM N3.0 QT_DIARIAS N3.0 PROC_SOLIC C10.0 PROC_REA C10.0 VAL_SH N13.2 VAL_SP N13.2 VAL_SADT N13.2 VAL_RN N13.2 VAL_ACOMP N13.2 VAL_ORTP N13.2 VAL_SANGUE N13.2 VAL_SADTSR N11.2 VAL_TRANSP N13.2 VAL_OBSANG N11.2 VAL_PED1AC N11.2 VAL_TOT N14.2 VAL_UTI N8.2 US_TOT N10.2 DT_INTER C8.0 DT_SAIDA C8.0 DIAG_PRINC C4.0 DIAG_SECUN C4.0 COBRANCA C2.0 NATUREZA C2.0 NAT_JUR C4.0 GESTAO C1.0 RUBRICA N5.0 IND_VDRL C1.0 MUNIC_MOV C6.0 COD_IDADE C1.0 IDADE N2.0 DIAS_PERM N5.0 MORTE N1.0 NACIONAL C3.0 NUM_PROC C4.0 CAR_INT C2.0 TOT_PT_SP N6.0 CPF_AUT C11.0 HOMONIMO C1.0 NUM_FILHOS N2.0 INSTRU C1.0 CID_NOTIF C4.0 CONTRACEP1 C2.0 CONTRACEP2 C2.0 GESTRISCO C1.0 INSC_PN C12.0 SEQ_AIH5 C3.0 CBOR C6.0 CNAER C3.0 VINCPREV C1.0 GESTOR_COD C5.0 GESTOR_TP C1.0 GESTOR_CPF C15.0 GESTOR_DT C8.0 CNES C7.0 CNPJ_MANT C14.0 INFEHOSP C1.0 CID_ASSO C4.0 CID_MORTE C4.0 COMPLEX C2.0 FINANC C2.0 FAEC_TP C6.0 REGCT C4.0 RACA_COR C2.0 ETNIA C4.0 SEQUENCIA N9.0 REMESSA C21.0 AUD_JUST C50.0 SIS_JUST C50.0 VAL_SH_FED N10.2 VAL_SP_FED N10.2 VAL_SH_GES N10.2 VAL_SP_GES N10.2 VAL_UCI N10.2 MARCA_UCI C2.0 DIAGSEC1 C4.0 DIAGSEC2 C4.0 DIAGSEC3 C4.0 DIAGSEC4 C4.0 DIAGSEC5 C4.0 DIAGSEC6 C4.0 DIAGSEC7 C4.0 DIAGSEC8 C4.0 DIAGSEC9 C1.0 TPDISEC1 C1.0 TPDISEC2 C1.0 TPDISEC3 C1.0 TPDISEC4 C1.0 TPDISEC5 C1.0 TPDISEC6 C1.0 TPDISEC7 C1.0 TPDISEC8 C1.0 TPDISEC9 C1.0
RDRR2402.dbc,2024-02,2025-03-11T23:44,255806,0460b0d7702b6f2c18cd0ea9c41626551e3bda994a759e62715cd3ce6b1142b3,3413,5,UF_ZI C6.0 ANO_CMPT C4.0 MES_CMPT C2.0 ESPEC C2.0 CGC_HOSP C14.0 N_AIH C13.0 IDENT C1.0 CEP C8.0 MUNIC_RES C6.0 NASC C8.0 SEXO C1.0 UTI_MES_IN N2.0 UTI_MES_AN N2.0 UTI_MES_AL N2.0 UTI_MES_TO N3.0 MARCA_UTI C2.0 UTI_INT_IN N2.0 UTI_INT_AN N2.0 UTI_INT_AL N2.0 UTI_INT_TO N3.0 DIAR_ACOM N3.0 QT_DIARIAS N3.0 PROC_SOLIC C10.0 PROC_REA C10.0 VAL_SH N13.2 VAL_SP N13.2 VAL_SADT N13.2 VAL_RN N13.2 VAL_ACOMP N13.2 VAL_ORTP N13.2 VAL_SANGUE N13.2 VAL_SADTSR N11.2 VAL_TRANSP N13.2 VAL_OBSANG N11.2 VAL_PED1AC N11.2 VAL_TOT N14.2 VAL_UTI N8.2 US_TOT N10.2 DT_INTER C8.0 DT_SAIDA C8.0 DIAG_PRINC C4.0 DIAG_SECUN C4.0 COBRANCA C2.0 NATUREZA C2.0 NAT_JUR C4.0 GESTAO C1.0 RUBRICA N5.0 IND_VDRL C1.0 MUNIC_MOV C6.0 COD_IDADE C1.0 IDADE N2.0 DIAS_PERM N5.0 MORTE N1.0 NACIONAL C3.0 NUM_PROC C4.0 CAR_INT C2.0 TOT_PT_SP N6.0 CPF_AUT C11.0 HOMONIMO C1.0 NUM_FILHOS N2.0 INSTRU C1.0 CID_NOTIF C4.0 CONTRACEP1 C2.0 CONTRACEP2 C2.0 GESTRISCO C1.0 INSC_PN C12.0 SEQ_AIH5 C3.0 CBOR C6.0 CNAER C3.0 VINCPREV C1.0 GESTOR_COD C5.0 GESTOR_TP C1.0 GESTOR_CPF C15.0 GESTOR_DT C8.0 CNES C7.0 CNPJ_MANT C14.0 INFEHOSP C1.0 CID_ASSO C4.0 CID_MORTE C4.0 COMPLEX C2.0 FINANC C2.0 FAEC_TP C6.0 REGCT C4.0 RACA_COR C2.0 ETNIA C4.0 SEQUENCIA N9.0 REMESSA C21.0 AUD_JUST C50.0 SIS_JUST C50.0 VAL_SH_FED N10.2 VAL_SP_FED N10.2 VAL_SH_GES N10.2 VAL_SP_GES N10.2 VAL_UCI N10.2 MARCA_UCI C2.0 DIAGSEC1 C4.0 DIAGSEC2 C4.0 DIAGSEC3 C4.0 DIAGSEC4 C4.0 DIAGSEC5 C4.0 DIAGSEC6 C4.0 DIAGSEC7 C4.0 DIAGSEC8 C4.0 DIAGSEC9 C1.0 TPDISEC1 C1.0 TPDISEC2 C1.0 TPDISEC3 C1.0 TPDISEC4 C1.0 TPDISEC5 C1.0 TPDISEC6 C1.0 TPDISEC7 C1.0 TPDISEC8 C1.0 TPDISEC9 C1.0
RDRR2403.dbc,2024-03,2025-04-05T12:17,272502,5c55b4a0de66757cc38e0155c293c03d408cec575b4e7d8e5b096d9b79ff871a,3619,5,UF_ZI C6.0 ANO_CMPT C4.0 MES_CMPT C2.0 ESPEC C2.0 CGC_HOSP C14.0 N_AIH C13.0 IDENT C1.0 CEP C8.0 MUNIC_RES C6.0 NASC C8.0 SEXO C1.0 UTI_MES_IN N2.0 UTI_MES_AN N2.0 UTI_MES_AL N2.0 UTI_MES_TO N3.0 MARCA_UTI C2.0 UTI_INT_IN N2.0 UTI_INT_AN N2.0 UTI_INT_AL N2.0 UTI_INT_TO N3.0 DIAR_ACOM N3.0 QT_DIARIAS N3.0 PROC_SOLIC C10.0 PROC_REA C10.0 VAL_SH N13.2 VAL_SP N13.2 VAL_SADT N13.2 VAL_RN N13.2 VAL_ACOMP N13.2 VAL_ORTP N13.2 VAL_SANGUE N13.2 VAL_SADTSR N11.2 VAL_TRANSP N13.2 VAL_OBSANG N11.2 VAL_PED1AC N11.2 VAL_TOT N14.2 VAL_UTI N8.2 US_TOT N10.2 DT_INTER C8.0 DT_SAIDA C8.0 DIAG_PRINC C4.0 DIAG_SECUN C4.0 COBRANCA C2.0 NATUREZA C2.0 NAT_JUR C4.0 GESTAO C1.0 RUBRICA N5.0 IND_VDRL C1.0 MUNIC_MOV C6.0 COD_IDADE C1.0 IDADE N2.0 DIAS_PERM N5.0 MORTE N1.0 NACIONAL C3.0 NUM_PROC C4.0 CAR_INT C2.0 TOT_PT_SP N6.0 CPF_AUT C11.0 HOMONIMO C1.0 NUM_FILHOS N2.0 INSTRU C1.0 CID_NOTIF C4.0 CONTRACEP1 C2.0 CONTRACEP2 C2.0 GESTRISCO C1.0 INSC_PN C12.0 SEQ_AIH5 C3.0 CBOR C6.0 CNAER C3.0 VINCPREV C1.0 GESTOR_COD C5.0 GESTOR_TP C1.0 GESTOR_CPF C15.0 GESTOR_DT C8.0 CNES C7.0 CNPJ_MANT C14.0 INFEHOSP C1.0 CID_ASSO C4.0 CID_MORTE C4.0 COMPLEX C2.0 FINANC C2.0 FAEC_TP C6.0 REGCT C4.0 RACA_COR C2.0 ETNIA C4.0 SEQUENCIA N9.0 REMESSA C21.0 AUD_JUST C50.0 SIS_JUST C50.0 VAL_SH_FED N10.2 VAL_SP_FED N10.2 VAL_SH_GES N10.2 VAL_SP_GES N10.2 VAL_UCI N10.2 MARCA_UCI C2.0 DIAGSEC1 C4.0 DIAGSEC2 C4.0 DIAGSEC3 C4.0 DIAGSEC4 C4.0 DIAGSEC5 C4.0 DIAGSEC6 C4.0 DIAGSEC7 C4.0 DIAGSEC8 C4.0 DIAGSEC9 C1.0 TPDISEC1 C1.0 TPDISEC2 C1.0 TPDISEC3 C1.0 TPDISEC4 C1.0 TPDISEC5 C1.0 TPDISEC6 C1.0 TPDISEC7 C1.0 TPDISEC8 C1.0 TPDISEC9 C1.0
RDRR2404.dbc,2024-04,2025-05-08T08:10,225994,f7f491952136369b514b6f2b4d694f1b99b2fd0942d64f54a3c053d5494bcd31,3041,5,UF_ZI C6.0 ANO_CMPT C4.0 MES_CMPT C2.0 ESPEC C2.0 CGC_HOSP C14.0 N_AIH C13.0 IDENT C1.0 CEP C8.0 MUNIC_RES C6.0 NASC C8.0 SEXO C1.0 UTI_MES_IN N2.0 UTI_MES_AN N2.0 UTI_MES_AL N2.0 UTI_MES_TO N3.0 MARCA_UTI C2.0 UTI_INT_IN N2.0 UTI_INT_AN N2.0 UTI_INT_AL N2.0 UTI_INT_TO N3.0 DIAR_ACOM N3.0 QT_DIARIAS N3.0 PROC_SOLIC C10.0 PROC_REA C10.0 VAL_SH N13.2 VAL_SP N13.2 VAL_SADT N13.2 VAL_RN N13.2 VAL_ACOMP N13.2 VAL_ORTP N13.2 VAL_SANGUE N13.2 VAL_SADTSR N11.2 VAL_TRANSP N13.2 VAL_OBSANG N11.2 VAL_PED1AC N11.2 VAL_TOT N14.2 VAL_UTI N8.2 US_TOT N10.2 DT_INTER C8.0 DT_SAIDA C8.0 DIAG_PRINC C4.0 DIAG_SECUN C4.0 COBRANCA C2.0 NATUREZA C2.0 NAT_JUR C4.0 GESTAO C1.0 RUBRICA N5.0 IND_VDRL C1.0 MUNIC_MOV C6.0 COD_IDADE C1.0 IDADE N2.0 DIAS_PERM N5.0 MORTE N1.0 NACIONAL C3.0 NUM_PROC C4.0 CAR_INT C2.0 TOT_PT_SP N6.0 CPF_AUT C11.0 HOMONIMO C1.0 NUM_FILHOS N2.0 INSTRU C1.0 CID_NOTIF C4.0 CONTRACEP1 C2.0 CONTRACEP2 C2.0 GESTRISCO C1.0 INSC_PN C12.0 SEQ_AIH5 C3.0 CBOR C6.0 CNAER C3.0 VINCPREV C1.0 GESTOR_COD C5.0 GESTOR_TP C1.0 GESTOR_CPF C15.0 GESTOR_DT C8.0 CNES C7.0 CNPJ_MANT C14.0 INFEHOSP C1.0 CID_ASSO C4.0 CID_MORTE C4.0 COMPLEX C2.0 FINANC C2.0 FAEC_TP C6.0 REGCT C4.0 RACA_COR C2.0 ETNIA C4.0 SEQUENCIA N9.0 REMESSA C21.0 AUD_JUST C50.0 SIS_JUST C50.0 VAL_SH_FED N10.2 VAL_SP_FED N10.2 VAL_SH_GES N10.2 VAL_SP_GES N10.2 VAL_UCI N10.2 MARCA_UCI C2.0 DIAGSEC1 C4.0 DIAGSEC2 C4.0 DIAGSEC3 C4.0 DIAGSEC4 C4.0 DIAGSEC5 C4.0 DIAGSEC6 C4.0 DIAGSEC7 C4.0 DIAGSEC8 C4.0 DIAGSEC9 C1.0 TPDISEC1 C1.0 TPDISEC2 C1.0 TPDISEC3 C1.0 TPDISEC4 C1.0 TPDISEC5 C1.0 TPDISEC6 C1.0 TPDISEC7 C1.0 TPDISEC8 C1.0 TPDISEC9 C1.0
RDRR2405.dbc,2024-05,2025-06-06T10:48,213283,b29d9b021f2357ee95bcb9a1b582509be56006c132bc93766ba736fb40ddb10c,2805,5,UF_ZI C6.0 ANO_CMPT C4.0 MES_CMPT C2.0 ESPEC C2.0 CGC_HOSP C14.0 N_AIH C13.0 IDENT C1.0 CEP C8.0 MUNIC_RES C6.0 NASC C8.0 SEXO C1.0 UTI_MES_IN N2.0 UTI_MES_AN N2.0 UTI_MES_AL N2.0 UTI_MES_TO N3.0 MARCA_UTI C2.0 UTI_INT_IN N2.0 UTI_INT_AN N2.0 UTI_INT_AL N2.0 UTI_INT_TO N3.0 DIAR_ACOM N3.0 QT_DIARIAS N3.0 PROC_SOLIC C10.0 PROC_REA C10.0 VAL_SH N13.2 VAL_SP N13.2 VAL_SADT N13.2 VAL_RN N13.2 VAL_ACOMP N13.2 VAL_ORTP N13.2 VAL_SANGUE N13.2 VAL_SADTSR N11.2 VAL_TRANSP N13.2 VAL_OBSANG N11.2 VAL_PED1AC N11.2 VAL_TOT N14.2 VAL_UTI N8.2 US_TOT N10.2 DT_INTER C8.0 DT_SAIDA C8.0 DIAG_PRINC C4.0 DIAG_SECUN C4.0 COBRANCA C2.0 NATUREZA C2.0 NAT_JUR C4.0 GESTAO C1.0 RUBRICA N5.0 IND_VDRL C1.0 MUNIC_MOV C6.0 COD_IDADE C1.0 IDADE N2.0 DIAS_PERM N5.0 MORTE N1.0 NACIONAL C3.0 NUM_PROC C4.0 CAR_INT C2.0 TOT_PT_SP N6.0 CPF_AUT C11.0 HOMONIMO C1.0 NUM_FILHOS N2.0 INSTRU C1.0 CID_NOTIF C4.0 CONTRACEP1 C2.0 CONTRACEP2 C2.0 GESTRISCO C1.0 INSC_PN C12.0 SEQ_AIH5 C3.0 CBOR C6.0 CNAER C3.0 VINCPREV C1.0 GESTOR_COD C5.0 GESTOR_TP C1.0 GESTOR_CPF C15.0 GESTOR_DT C8.0 CNES C7.0 CNPJ_MANT C14.0 INFEHOSP C1.0 CID_ASSO C4.0 CID_MORTE C4.0 COMPLEX C2.0 FINANC C2.0 FAEC_TP C6.0 REGCT C4.0 RACA_COR C2.0 ETNIA C4.0 SEQUENCIA N9.0 REMESSA C21.0 AUD_JUST C50.0 SIS_JUST C50.0 VAL_SH_FED N10.2 VAL_SP_FED N10.2 VAL_SH_GES N10.2 VAL_SP_GES N10.2 VAL_UCI N10.2 MARCA_UCI C2.0 DIAGSEC1 C4.0 DIAGSEC2 C4.0 DIAGSEC3 C4.0 DIAGSEC4 C4.0 DIAGSEC5 C4.0 DIAGSEC6 C4.0 DIAGSEC7 C4.0 DIAGSEC8 C4.0 DIAGSEC9 C1.0 TPDISEC1 C1.0 TPDISEC2 C1.0 TPDISEC3 C1.0 TPDISEC4 C1.0 TPDISEC5 C1.0 TPDISEC6 C1.0 TPDISEC7 C1.0 TPDISEC8 C1.0 TPDISEC9 C1.0
RDRR2406.dbc,2024-06,2025-07-06T11:33,226367,a80c343222e3d451bc742388c3110c91d1765b0d0c961331be42489a7a53b8b1,2996,5,UF_ZI C6.0 ANO_CMPT C4.0 MES_CMPT C2.0 ESPEC C2.0 CGC_HOSP C14.0 N_AIH C13.0 IDENT C1.0 CEP C8.0 MUNIC_RES C6.0 NASC C8.0 SEXO C1.0 UTI_MES_IN N2.0 UTI_MES_AN N2.0 UTI_MES_AL N2.0 UTI_MES_TO N3.0 MARCA_UTI C2.0 UTI_INT_IN N2.0 UTI_INT_AN N2.0 UTI_INT_AL N2.0 UTI_INT_TO N3.0 DIAR_ACOM N3.0 QT_DIARIAS N3.0 PROC_SOLIC C10.0 PROC_REA C10.0 VAL_SH N13.2 VAL_SP N13.2 VAL_SADT N13.2 VAL_RN N13.2 VAL_ACOMP N13.2 VAL_ORTP N13.2 VAL_SANGUE N13.2 VAL_SADTSR N11.2 VAL_TRANSP N13.2 VAL_OBSANG N11.2 VAL_PED1AC N11.2 VAL_TOT N14.2 VAL_UTI N8.2 US_TOT N10.2 DT_INTER C8.0 DT_SAIDA C8.0 DIAG_PRINC C4.0 DIAG_SECUN C4.0 COBRANCA C2.0 NATUREZA C2.0 NAT_JUR C4.0 GESTAO C1.0 RUBRICA N5.0 IND_VDRL C1.0 MUNIC_MOV C6.0 COD_IDADE C1.0 IDADE N2.0 DIAS_PERM N5.0 MORTE N1.0 NACIONAL C3.0 NUM_PROC C4.0 CAR_INT C2.0 TOT_PT_SP N6.0 CPF_AUT C11.0 HOMONIMO C1.0 NUM_FILHOS N2.0 INSTRU C1.0 CID_NOTIF C4.0 CONTRACEP1 C2.0 CONTRACEP2 C2.0 GESTRISCO C1.0 INSC_PN C12.0 SEQ_AIH5 C3.0 CBOR C6.0 CNAER C3.0 VINCPREV C1.0 GESTOR_COD C5.0 GESTOR_TP C1.0 GESTOR_CPF C15.0 GESTOR_DT C8.0 CNES C7.0 CNPJ_MANT C14.0 INFEHOSP C1.0 CID_ASSO C4.0 CID_MORTE C4.0 COMPLEX C2.0 FINANC C2.0 FAEC_TP C6.0 REGCT C4.0 RACA_COR C2.0 ETNIA C4.0 SEQUENCIA N9.0 REMESSA C21.0 AUD_JUST C50.0 SIS_JUST C50.0 VAL_SH_FED N10.2 VAL_SP_FED N10.2 VAL_SH_GES N10.2 VAL_SP_GES N10.2 VAL_UCI N10.2 MARCA_UCI C2.0 DIAGSEC1 C4.0 DIAGSEC2 C4.0 DIAGSEC3 C4.0 DIAGSEC4 C4.0 DIAGSEC5 C4.0 DIAGSEC6 C4.0 DIAGSEC7 C4.0 DIAGSEC8 C4.0 DIAGSEC9 C1.0 TPDISEC1 C1.0 TPDISEC2 C1.0 TPDISEC3 C1.0 TPDISEC4 C1.0 TPDISEC5 C1.0 TPDISEC6 C1.0 TPDISEC7 C1.0 TPDISEC8 C1.0 TPDISEC9 C1.0
RDRR2407.dbc,2024-07,2025-08-04T07:17,203323,b70e812c5138ef6e5f61306014265eb2f7a640c7ab036fc33e98764dc6d2e4f8,2637,5,UF_ZI C6.0 ANO_CMPT C4.0 MES_CMPT C2.0 ESPEC C2.0 CGC_HOSP C14.0 N_AIH C13.0 IDENT C1.0 CEP C8.0 MUNIC_RES C6.0 NASC C8.0 SEXO C1.0 UTI_MES_IN N2.0 UTI_MES_AN N2.0 UTI_MES_AL N2.0 UTI_MES_TO N3.0 MARCA_UTI C2.0 UTI_INT_IN N2.0 UTI_INT_AN N2.0 UTI_INT_AL N2.0 UTI_INT_TO N3.0 DIAR_ACOM N3.0 QT_DIARIAS N3.0 PROC_SOLIC C10.0 PROC_REA C10.0 VAL_SH N13.2 VAL_SP N13.2 VAL_SADT N13.2 VAL_RN N13.2 VAL_ACOMP N13.2 VAL_ORTP N13.2 VAL_SANGUE N13.2 VAL_SADTSR N11.2 VAL_TRANSP N13.2 VAL_OBSANG N11.2 VAL_PED1AC N11.2 VAL_TOT N14.2 VAL_UTI N8.2 US_TOT N10.2 DT_INTER C8.0 DT_SAIDA C8.0 DIAG_PRINC C4.0 DIAG_SECUN C4.0 COBRANCA C2.0 NATUREZA C2.0 NAT_JUR C4.0 GESTAO C1.0 RUBRICA N5.0 IND_VDRL C1.0 MUNIC_MOV C6.0 COD_IDADE C1.0 IDADE N2.0 DIAS_PERM N5.0 MORTE N1.0 NACIONAL C3.0 NUM_PROC C4.0 CAR_INT C2.0 TOT_PT_SP N6.0 CPF_AUT C11.0 HOMONIMO C1.0 NUM_FILHOS N2.0 INSTRU C1.0 CID_NOTIF C4.0 CONTRACEP1 C2.0 CONTRACEP2 C2.0 GESTRISCO C1.0 INSC_PN C12.0 SEQ_AIH5 C3.0 CBOR C6.0 CNAER C3.0 VINCPREV C1.0 GESTOR_COD C5.0 GESTOR_TP C1.0 GESTOR_CPF C15.0 GESTOR_DT C8.0 CNES C7.0 CNPJ_MANT C14.0 INFEHOSP C1.0 CID_ASSO C4.0 CID_MORTE C4.0 COMPLEX C2.0 FINANC C2.0 FAEC_TP C6.0 REGCT C4.0 RACA_COR C2.0 ETNIA C4.0 SEQUENCIA N9.0 REMESSA C21.0 AUD_JUST C50.0 SIS_JUST C50.0 VAL_SH_FED N10.2 VAL_SP_FED N10.2 VAL_SH_GES N10.2 VAL_SP_GES N10.2 VAL_UCI N10.2 MARCA_UCI C2.0 DIAGSEC1 C4.0 DIAGSEC2 C4.0 DIAGSEC3 C4.0 DIAGSEC4 C4.0 DIAGSEC5 C4.0 DIAGSEC6 C4.0 DIAGSEC7 C4.0 DIAGSEC8 C4.0 DIAGSEC9 C1.0 TPDISEC1 C1.0 TPDISEC2 C1.0 TPDISEC3 C1.0 TPDISEC4 C1.0 TPDISEC5 C1.0 TPDISEC6 C1.0 TPDISEC7 C1.0 TPDISEC8 C1.0 TPDISEC9 C1.0
RDRR2408.dbc,2024-08,2025-09-05T12:59,237040,51f5911e8c761095a12c917bb57213cee4726cb6124178cfe375c569aa68a3c9,3127,5,UF_ZI C6.0 ANO_CMPT C4.0 MES_CMPT C2.0 ESPEC C2.0 CGC_HOSP C14.0 N_AIH C13.0 IDENT C1.0 CEP C8.0 MUNIC_RES C6.0 NASC C8.0 SEXO C1.0 UTI_MES_IN N2.0 UTI_MES_AN N2.0 UTI_MES_AL N2.0 UTI_MES_TO N3.0 MARCA_UTI C2.0 UTI_INT_IN N2.0 UTI_INT_AN N2.0 UTI_INT_AL N2.0 UTI_INT_TO N3.0 DIAR_ACOM N3.0 QT_DIARIAS N3.0 PROC_SOLIC C10.0 PROC_REA C10.0 VAL_SH N13.2 VAL_SP N13.2 VAL_SADT N13.2 VAL_RN N13.2 VAL_ACOMP N13.2 VAL_ORTP N13.2 VAL_SANGUE N13.2 VAL_SADTSR N11.2 VAL_TRANSP N13.2 VAL_OBSANG N11.2 VAL_PED1AC N11.2 VAL_TOT N14.2 VAL_UTI N8.2 US_TOT N10.2 DT_INTER C8.0 DT_SAIDA C8.0 DIAG_PRINC C4.0 DIAG_SECUN C4.0 COBRANCA C2.0 NATUREZA C2.0 NAT_JUR C4.0 GESTAO C1.0 RUBRICA N5.0 IND_VDRL C1.0 MUNIC_MOV C6.0 COD_IDADE C1.0 IDADE N2.0 DIAS_PERM N5.0 MORTE N1.0 NACIONAL C3.0 NUM_PROC C4.0 CAR_INT C2.0 TOT_PT_SP N6.0 CPF_AUT C11.0 HOMONIMO C1.0 NUM_FILHOS N2.0 INSTRU C1.0 CID_NOTIF C4.0 CONTRACEP1 C2.0 CONTRACEP2 C2.0 GESTRISCO C1.0 INSC_PN C12.0 SEQ_AIH5 C3.0 CBOR C6.0 CNAER C3.0 VINCPREV C1.0 GESTOR_COD C5.0 GESTOR_TP C1.0 GESTOR_CPF C15.0 GESTOR_DT C8.0 CNES C7.0 CNPJ_MANT C14.0 INFEHOSP C1.0 CID_ASSO C4.0 CID_MORTE C4.0 COMPLEX C2.0 FINANC C2.0 FAEC_TP C6.0 REGCT C4.0 RACA_COR C2.0 ETNIA C4.0 SEQUENCIA N9.0 REMESSA C21.0 AUD_JUST C50.0 SIS_JUST C50.0 VAL_SH_FED N10.2 VAL_SP_FED N10.2 VAL_SH_GES N10.2 VAL_SP_GES N10.2 VAL_UCI N10.2 MARCA_UCI C2.0 DIAGSEC1 C4.0 DIAGSEC2 C4.0 DIAGSEC3 C4.0 DIAGSEC4 C4.0 DIAGSEC5 C4.0 DIAGSEC6 C4.0 DIAGSEC7 C4.0 DIAGSEC8 C4.0 DIAGSEC9 C1.0 TPDISEC1 C1.0 TPDISEC2 C1.0 TPDISEC3 C1.0 TPDISEC4 C1.0 TPDISEC5 C1.0 TPDISEC6 C1.0 TPDISEC7 C1.0 TPDISEC8 C1.0 TPDISEC9 C1.0
RDRR2409.dbc,2024-09,2025-10-06T17:10,218845,527aa47300522c24a9c85ce0e821b1848a4c9b252f871c460ffd19f3a28643b0,2882,5,UF_ZI C6.0 ANO_CMPT C4.0 MES_CMPT C2.0 ESPEC C2.0 CGC_HOSP C14.0 N_AIH C13.0 IDENT C1.0 CEP C8.0 MUNIC_RES C6.0 NASC C8.0 SEXO C1.0 UTI_MES_IN N2.0 UTI_MES_AN N2.0 UTI_MES_AL N2.0 UTI_MES_TO N3.0 MARCA_UTI C2.0 UTI_INT_IN N2.0 UTI_INT_AN N2.0 UTI_INT_AL N2.0 UTI_INT_TO N3.0 DIAR_ACOM N3.0 QT_DIARIAS N3.0 PROC_SOLIC C10.0 PROC_REA C10.0 VAL_SH N13.2 VAL_SP N13.2 VAL_SADT N13.2 VAL_RN N13.2 VAL_ACOMP N13.2 VAL_ORTP N13.2 VAL_SANGUE N13.2 VAL_SADTSR N11.2 VAL_TRANSP N13.2 VAL_OBSANG N11.2 VAL_PED1AC N11.2 VAL_TOT N14.2 VAL_UTI N8.2 US_TOT N10.2 DT_INTER C8.0 DT_SAIDA C8.0 DIAG_PRINC C4.0 DIAG_SECUN C4.0 COBRANCA C2.0 NATUREZA C2.0 NAT_JUR C4.0 GESTAO C1.0 RUBRICA N5.0 IND_VDRL C1.0 MUNIC_MOV C6.0 COD_IDADE C1.0 IDADE N2.0 DIAS_PERM N5.0 MORTE N1.0 NACIONAL C3.0 NUM_PROC C4.0 CAR_INT C2.0 TOT_PT_SP N6.0 CPF_AUT C11.0 HOMONIMO C1.0 NUM_FILHOS N2.0 INSTRU C1.0 CID_NOTIF C4.0 CONTRACEP1 C2.0 CONTRACEP2 C2.0 GESTRISCO C1.0 INSC_PN C12.0 SEQ_AIH5 C3.0 CBOR C6.0 CNAER C3.0 VINCPREV C1.0 GESTOR_COD C5.0 GESTOR_TP C1.0 GESTOR_CPF C15.0 GESTOR_DT C8.0 CNES C7.0 CNPJ_MANT C14.0 INFEHOSP C1.0 CID_ASSO C4.0 CID_MORTE C4.0 COMPLEX C2.0 FINANC C2.0 FAEC_TP C6.0 REGCT C4.0 RACA_COR C2.0 ETNIA C4.0 SEQUENCIA N9.0 REMESSA C21.0 AUD_JUST C50.0 SIS_JUST C50.0 VAL_SH_FED N10.2 VAL_SP_FED N10.2 VAL_SH_GES N10.2 VAL_SP_GES N10.2 VAL_UCI N10.2 MARCA_UCI C2.0 DIAGSEC1 C4.0 DIAGSEC2 C4.0 DIAGSEC3 C4.0 DIAGSEC4 C4.0 DIAGSEC5 C4.0 DIAGSEC6 C4.0 DIAGSEC7 C4.0 DIAGSEC8 C4.0 DIAGSEC9 C1.0 TPDISEC1 C1.0 TPDISEC2 C1.0 TPDISEC3 C1.0 TPDISEC4 C1.0 TPDISEC5 C1.0 TPDISEC6 C1.0 TPDISEC7 C1.0 TPDISEC8 C1.0 TPDISEC9 C1.0
RDRR2410.dbc,2024-10,2025-11-06T16:15,245227,e5e4fc5a6ba488a56a0125941007d47b6ccccbca3f72ac2c076c0cad8b59b7c6,3221,5,UF_ZI C6.0 ANO_CMPT C4.0 MES_CMPT C2.0 ESPEC C2.0 CGC_HOSP C14.0 N_AIH C13.0 IDENT C1.0 CEP C8.0 MUNIC_RES C6.0 NASC C8.0 SEXO C1.0 UTI_MES_IN N2.0 UTI_MES_AN N2.0 UTI_MES_AL N2.0 UTI_MES_TO N3.0 MARCA_UTI C2.0 UTI_INT_IN N2.0 UTI_INT_AN N2.0 UTI_INT_AL N2.0 UTI_INT_TO N3.0 DIAR_ACOM N3.0 QT_DIARIAS N3.0 PROC_SOLIC C10.0 PROC_REA C10.0 VAL_SH N13.2 VAL_SP N13.2 VAL_SADT N13.2 VAL_RN N13.2 VAL_ACOMP N13.2 VAL_ORTP N13.2 VAL_SANGUE N13.2 VAL_SADTSR N11.2 VAL_TRANSP N13.2 VAL_OBSANG N11.2 VAL_PED1AC N11.2 VAL_TOT N14.2 VAL_UTI N8.2 US_TOT N10.2 DT_INTER C8.0 DT_SAIDA C8.0 DIAG_PRINC C4.0 DIAG_SECUN C4.0 COBRANCA C2.0 NATUREZA C2.0 NAT_JUR C4.0 GESTAO C1.0 RUBRICA N5.0 IND_VDRL C1.0 MUNIC_MOV C6.0 COD_IDADE C1.0 IDADE N2.0 DIAS_PERM N5.0 MORTE N1.0 NACIONAL C3.0 NUM_PROC C4.0 CAR_INT C2.0 TOT_PT_SP N6.0 CPF_AUT C11.0 HOMONIMO C1.0 NUM_FILHOS N2.0 INSTRU C1.0 CID_NOTIF C4.0 CONTRACEP1 C2.0 CONTRACEP2 C2.0 GESTRISCO C1.0 INSC_PN C12.0 SEQ_AIH5 C3.0 CBOR C6.0 CNAER C3.0 VINCPREV C1.0 GESTOR_COD C5.0 GESTOR_TP C1.0 GESTOR_CPF C15.0 GESTOR_DT C8.0 CNES C7.0 CNPJ_MANT C14.0 INFEHOSP C1.0 CID_ASSO C4.0 CID_MORTE C4.0 COMPLEX C2.0 FINANC C2.0 FAEC_TP C6.0 REGCT C4.0 RACA_COR C2.0 ETNIA C4.0 SEQUENCIA N9.0 REMESSA C21.0 AUD_JUST C50.0 SIS_JUST C50.0 VAL_SH_FED N10.2 VAL_SP_FED N10.2 VAL_SH_GES N10.2 VAL_SP_GES N10.2 VAL_UCI N10.2 MARCA_UCI C2.0 DIAGSEC1 C4.0 DIAGSEC2 C4.0 DIAGSEC3 C4.0 DIAGSEC4 C4.0 DIAGSEC5 C4.0 DIAGSEC6 C4.0 DIAGSEC7 C4.0 DIAGSEC8 C4.0 DIAGSEC9 C1.0 TPDISEC1 C1.0 TPDISEC2 C1.0 TPDISEC3 C1.0 TPDISEC4 C1.0 TPDISEC5 C1.0 TPDISEC6 C1.0 TPDISEC7 C1.0 TPDISEC8 C1.0 TPDISEC9 C1.0
RDRR2411.dbc,2024-11,2025-12-05T20:16,250853,41fef7cbb75e9750a70310a4606d98cfe7cb09c4c88deb61e726ea18b3c9ef07,3349,5,UF_ZI C6.0 ANO_CMPT C4.0 MES_CMPT C2.0 ESPEC C2.0 CGC_HOSP C14.0 N_AIH C13.0 IDENT C1.0 CEP C8.0 MUNIC_RES C6.0 NASC C8.0 SEXO C1.0 UTI_MES_IN N2.0 UTI_MES_AN N2.0 UTI_MES_AL N2.0 UTI_MES_TO N3.0 MARCA_UTI C2.0 UTI_INT_IN N2.0 UTI_INT_AN N2.0 UTI_INT_AL N2.0 UTI_INT_TO N3.0 DIAR_ACOM N3.0 QT_DIARIAS N3.0 PROC_SOLIC C10.0 PROC_REA C10.0 VAL_SH N13.2 VAL_SP N13.2 VAL_SADT N13.2 VAL_RN N13.2 VAL_ACOMP N13.2 VAL_ORTP N13.2 VAL_SANGUE N13.2 VAL_SADTSR N11.2 VAL_TRANSP N13.2 VAL_OBSANG N11.2 VAL_PED1AC N11.2 VAL_TOT N14.2 VAL_UTI N8.2 US_TOT N10.2 DT_INTER C8.0 DT_SAIDA C8.0 DIAG_PRINC C4.0 DIAG_SECUN C4.0 COBRANCA C2.0 NATUREZA C2.0 NAT_JUR C4.0 GESTAO C1.0 RUBRICA N5.0 IND_VDRL C1.0 MUNIC_MOV C6.0 COD_IDADE C1.0 IDADE N2.0 DIAS_PERM N5.0 MORTE N1.0 NACIONAL C3.0 NUM_PROC C4.0 CAR_INT C2.0 TOT_PT_SP N6.0 CPF_AUT C11.0 HOMONIMO C1.0 NUM_FILHOS N2.0 INSTRU C1.0 CID_NOTIF C4.0 CONTRACEP1 C2.0 CONTRACEP2 C2.0 GESTRISCO C1.0 INSC_PN C12.0 SEQ_AIH5 C3.0 CBOR C6.0 CNAER C3.0 VINCPREV C1.0 GESTOR_COD C5.0 GESTOR_TP C1.0 GESTOR_CPF C15.0 GESTOR_DT C8.0 CNES C7.0 CNPJ_MANT C14.0 INFEHOSP C1.0 CID_ASSO C4.0 CID_MORTE C4.0 COMPLEX C2.0 FINANC C2.0 FAEC_TP C6.0 REGCT C4.0 RACA_COR C2.0 ETNIA C4.0 SEQUENCIA N9.0 REMESSA C21.0 AUD_JUST C50.0 SIS_JUST C50.0 VAL_SH_FED N10.2 VAL_SP_FED N10.2 VAL_SH_GES N10.2 VAL_SP_GES N10.2 VAL_UCI N10.2 MARCA_UCI C2.0 DIAGSEC1 C4.0 DIAGSEC2 C4.0 DIAGSEC3 C4.0 DIAGSEC4 C4.0 DIAGSEC5 C4.0 DIAGSEC6 C4.0 DIAGSEC7 C4.0 DIAGSEC8 C4.0 DIAGSEC9 C1.0 TPDISEC1 C1.0 TPDISEC2 C1.0 TPDISEC3 C1.0 TPDISEC4 C1.0 TPDISEC5 C1.0 TPDISEC6 C1.0 TPDISEC7 C1.0 TPDISEC8 C1.0 TPDISEC9 C1.0
RDRR2412.dbc,2024-12,2026-01-07T19:02,197546,1d65ecc7c082fc1d59b89c3ce9f02b1611614bc7857bc938b0e0098afaa3fc7f,2584,5,UF_ZI C6.0 ANO_CMPT C4.0 MES_CMPT C2.0 ESPEC C2.0 CGC_HOSP C14.0 N_AIH C13.0 IDENT C1.0 CEP C8.0 MUNIC_RES C6.0 NASC C8.0 SEXO C1.0 UTI_MES_IN N2.0 UTI_MES_AN N2.0 UTI_MES_AL N2.0 UTI_MES_TO N3.0 MARCA_UTI C2.0 UTI_INT_IN N2.0 UTI_INT_AN N2.0 UTI_INT_AL N2.0 UTI_INT_TO N3.0 DIAR_ACOM N3.0 QT_DIARIAS N3.0 PROC_SOLIC C10.0 PROC_REA C10.0 VAL_SH N13.2 VAL_SP N13.2 VAL_SADT N13.2 VAL_RN N13.2 VAL_ACOMP N13.2 VAL_ORTP N13.2 VAL_SANGUE N13.2 VAL_SADTSR N11.2 VAL_TRANSP N13.2 VAL_OBSANG N11.2 VAL_PED1AC N11.2 VAL_TOT N14.2 VAL_UTI N8.2 US_TOT N10.2 DT_INTER C8.0 DT_SAIDA C8.0 DIAG_PRINC C4.0 DIAG_SECUN C4.0 COBRANCA C2.0 NATUREZA C2.0 NAT_JUR C4.0 GESTAO C1.0 RUBRICA N5.0 IND_VDRL C1.0 MUNIC_MOV C6.0 COD_IDADE C1.0 IDADE N2.0 DIAS_PERM N5.0 MORTE N1.0 NACIONAL C3.0 NUM_PROC C4.0 CAR_INT C2.0 TOT_PT_SP N6.0 CPF_AUT C11.0 HOMONIMO C1.0 NUM_FILHOS N2.0 INSTRU C1.0 CID_NOTIF C4.0 CONTRACEP1 C2.0 CONTRACEP2 C2.0 GESTRISCO C1.0 INSC_PN C12.0 SEQ_AIH5 C3.0 CBOR C6.0 CNAER C3.0 VINCPREV C1.0 GESTOR_COD C5.0 GESTOR_TP C1.0 GESTOR_CPF C15.0 GESTOR_DT C8.0 CNES C7.0 CNPJ_MANT C14.0 INFEHOSP C1.0 CID_ASSO C4.0 CID_MORTE C4.0 COMPLEX C2.0 FINANC C2.0 FAEC_TP C6.0 REGCT C4.0 RACA_COR C2.0 ETNIA C4.0 SEQUENCIA N9.0 REMESSA C21.0 AUD_JUST C50.0 SIS_JUST C50.0 VAL_SH_FED N10.2 VAL_SP_FED N10.2 VAL_SH_GES N10.2 VAL_SP_GES N10.2 VAL_UCI N10.2 MARCA_UCI C2.0 DIAGSEC1 C4.0 DIAGSEC2 C4.0 DIAGSEC3 C4.0 DIAGSEC4 C4.0 DIAGSEC5 C4.0 DIAGSEC6 C4.0 DIAGSEC7 C4.0 DIAGSEC8 C4.0 DIAGSEC9 C1.0 TPDISEC1 C1.0 TPDISEC2 C1.0 TPDISEC3 C1.0 TPDISEC4 C1.0 TPDISEC5 C1.0 TPDISEC6 C1.0 TPDISEC7 C1.0 TPDISEC8 C1.0 TPDISEC9 C1.0
RDRR2501.dbc,2025-01,2026-02-08T14:17,276752,42301ab93a6ec4fd54ee4198ca0ee4a1e25a89a08b92d7cfac936113fd8ab3d6,3882,5,UF_ZI C6.0 ANO_CMPT C4.0 MES_CMPT C2.0 ESPEC C2.0 CGC_HOSP C14.0 N_AIH C13.0 IDENT C1.0 CEP C8.0 MUNIC_RES C6.0 NASC C8.0 SEXO C1.0 UTI_MES_IN N2.0 UTI_MES_AN N2.0 UTI_MES_AL N2.0 UTI_MES_TO N3.0 MARCA_UTI C2.0 UTI_INT_IN N2.0 UTI_INT_AN N2.0 UTI_INT_AL N2.0 UTI_INT_TO N3.0 DIAR_ACOM N3.0 QT_DIARIAS N3.0 PROC_SOLIC C10.0 PROC_REA C10.0 VAL_SH N13.2 VAL_SP N13.2 VAL_SADT N13.2 VAL_RN N13.2 VAL_ACOMP N13.2 VAL_ORTP N13.2 VAL_SANGUE N13.2 VAL_SADTSR N11.2 VAL_TRANSP N13.2 VAL_OBSANG N11.2 VAL_PED1AC N11.2 VAL_TOT N14.2 VAL_UTI N8.2 US_TOT N10.2 DT_INTER C8.0 DT_SAIDA C8.0 DIAG_PRINC C4.0 DIAG_SECUN C4.0 COBRANCA C2.0 NATUREZA C2.0 NAT_JUR C4.0 GESTAO C1.0 RUBRICA N5.0 IND_VDRL C1.0 MUNIC_MOV C6.0 COD_IDADE C1.0 IDADE N2.0 DIAS_PERM N5.0 MORTE N1.0 NACIONAL C3.0 NUM_PROC C4.0 CAR_INT C2.0 TOT_PT_SP N6.0 CPF_AUT C11.0 HOMONIMO C1.0 NUM_FILHOS N2.0 INSTRU C1.0 CID_NOTIF C4.0 CONTRACEP1 C2.0 CONTRACEP2 C2.0 GESTRISCO C1.0 INSC_PN C12.0 SEQ_AIH5 C3.0 CBOR C6.0 CNAER C3.0 VINCPREV C1.0 GESTOR_COD C5.0 GESTOR_TP C1.0 GESTOR_CPF C15.0 GESTOR_DT C8.0 CNES C7.0 CNPJ_MANT C14.0 INFEHOSP C1.0 CID_ASSO C4.0 CID_MORTE C4.0 COMPLEX C2.0 FINANC C2.0 FAEC_TP C6.0 REGCT C4.0 RACA_COR C2.0 ETNIA C4.0 SEQUENCIA N9.0 REMESSA C21.0 AUD_JUST C50.0 SIS_JUST C50.0 VAL_SH_FED N10.2 VAL_SP_FED N10.2 VAL_SH_GES N10.2 VAL_SP_GES N10.2 VAL_UCI N10.2 MARCA_UCI C2.0 DIAGSEC1 C4.0 DIAGSEC2 C4.0 DIAGSEC3 C4.0 DIAGSEC4 C4.0 DIAGSEC5 C4.0 DIAGSEC6 C4.0 DIAGSEC7 C4.0 DIAGSEC8 C4.0 DIAGSEC9 C1.0 TPDISEC1 C1.0 TPDISEC2 C1.0 TPDISEC3 C1.0 TPDISEC4 C1.0 TPDISEC5 C1.0 TPDISEC6 C1.0 TPDISEC7 C1.0 TPDISEC8 C1.0 TPDISEC9 C1.0
RDMG2502.dbc,2025-02,2026-03-06T22:15,9492037,298e6a83b2eb89e0835c95bc48fee04272e3cde4b3f56fa893987341c9cda3cf,122372,5,UF_ZI C6.0 ANO_CMPT C4.0 MES_CMPT C2.0 ESPEC C2.0 CGC_HOSP C14.0 N_AIH C13.0 IDENT C1.0 CEP C8.0 MUNIC_RES C6.0 NASC C8.0 SEXO C1.0 UTI_MES_IN N2.0 UTI_MES_AN N2.0 UTI_MES_AL N2.0 UTI_MES_TO N3.0 MARCA_UTI C2.0 UTI_INT_IN N2.0 UTI_INT_AN N2.0 UTI_INT_AL N2.0 UTI_INT_TO N3.0 DIAR_ACOM N3.0 QT_DIARIAS N3.0 PROC_SOLIC C10.0 PROC_REA C10.0 VAL_SH N13.2 VAL_SP N13.2 VAL_SADT N13.2 VAL_RN N13.2 VAL_ACOMP N13.2 VAL_ORTP N13.2 VAL_SANGUE N13.2 VAL_SADTSR N11.2 VAL_TRANSP N13.2 VAL_OBSANG N11.2 VAL_PED1AC N11.2 VAL_TOT N14.2 VAL_UTI N8.2 US_TOT N10.2 DT_INTER C8.0 DT_SAIDA C8.0 DIAG_PRINC C4.0 DIAG_SECUN C4.0 COBRANCA C2.0 NATUREZA C2.0 NAT_JUR C4.0 GESTAO C1.0 RUBRICA N5.0 IND_VDRL C1.0 MUNIC_MOV C6.0 COD_IDADE C1.0 IDADE N2.0 DIAS_PERM N5.0 MORTE N1.0 NACIONAL C3.0 NUM_PROC C4.0 CAR_INT C2.0 TOT_PT_SP N6.0 CPF_AUT C11.0 HOMONIMO C1.0 NUM_FILHOS N2.0 INSTRU C1.0 CID_NOTIF C4.0 CONTRACEP1 C2.0 CONTRACEP2 C2.0 GESTRISCO C1.0 INSC_PN C12.0 SEQ_AIH5 C3.0 CBOR C6.0 CNAER C3.0 VINCPREV C1.0 GESTOR_COD C5.0 GESTOR_TP C1.0 GESTOR_CPF C15.0 GESTOR_DT C8.0 CNES C7.0 CNPJ_MANT C14.0 INFEHOSP C1.0 CID_ASSO C4.0 CID_MORTE C4.0 COMPLEX C2.0 FINANC C2.0 FAEC_TP C6.0 REGCT C4.0 RACA_COR C2.0 ETNIA C4.0 SEQUENCIA N9.0 REMESSA C21.0 AUD_JUST C50.0 SIS_JUST C50.0 VAL_SH_FED N10.2 VAL_SP_FED N10.2 VAL_SH_GES N10.2 VAL_SP_GES N10.2 VAL_UCI N10.2 MARCA_UCI C2.0 DIAGSEC1 C4.0 DIAGSEC2 C4.0 DIAGSEC3 C4.0 DIAGSEC4 C4.0 DIAGSEC5 C4.0 DIAGSEC6 C4.0 DIAGSEC7 C4.0 DIAGSEC8 C4.0 DIAGSEC9 C1.0 TPDISEC1 C1.0 TPDISEC2 C1.0 TPDISEC3 C1.0 TPDISEC4 C1.0 TPDISEC5 C1.0 TPDISEC6 C1.0 TPDISEC7 C1.0 TPDISEC8 C1.0 TPDISEC9 C1.0
RDRR2502.dbc,2025-02,2026-03-06T22:15,213813,954f5230eb8bc1a8ebecee9af28f8969775849ca6ac315af13a9ba90055f79fc,2855,5,UF_ZI C6.0 ANO_CMPT C4.0 MES_CMPT C2.0 ESPEC C2.0 CGC_HOSP C14.0 N_AIH C13.0 IDENT C1.0 CEP C8.0 MUNIC_RES C6.0 NASC C8.0 SEXO C1.0 UTI_MES_IN N2.0 UTI_MES_AN N2.0 UTI_MES_AL N2.0 UTI_MES_TO N3.0 MARCA_UTI C2.0 UTI_INT_IN N2.0 UTI_INT_AN N2.0 UTI_INT_AL N2.0 UTI_INT_TO N3.0 DIAR_ACOM N3.0 QT_DIARIAS N3.0 PROC_SOLIC C10.0 PROC_REA C10.0 VAL_SH N13.2 VAL_SP N13.2 VAL_SADT N13.2 VAL_RN N13.2 VAL_ACOMP N13.2 VAL_ORTP N13.2 VAL_SANGUE N13.2 VAL_SADTSR N11.2 VAL_TRANSP N13.2 VAL_OBSANG N11.2 VAL_PED1AC N11.2 VAL_TOT N14.2 VAL_UTI N8.2 US_TOT N10.2 DT_INTER C8.0 DT_SAIDA C8.0 DIAG_PRINC C4.0 DIAG_SECUN C4.0 COBRANCA C2.0 NATUREZA C2.0 NAT_JUR C4.0 GESTAO C1.0 RUBRICA N5.0 IND_VDRL C1.0 MUNIC_MOV C6.0 COD_IDADE C1.0 IDADE N2.0 DIAS_PERM N5.0 MORTE N1.0 NACIONAL C3.0 NUM_PROC C4.0 CAR_INT C2.0 TOT_PT_SP N6.0 CPF_AUT C11.0 HOMONIMO C1.0 NUM_FILHOS N2.0 INSTRU C1.0 CID_NOTIF C4.0 CONTRACEP1 C2.0 CONTRACEP2 C2.0 GESTRISCO C1.0 INSC_PN C12.0 SEQ_AIH5 C3.0 CBOR C6.0 CNAER C3.0 VINCPREV C1.0 GESTOR_COD C5.0 GESTOR_TP C1.0 GESTOR_CPF C15.0 GESTOR_DT C8.0 CNES C7.0 CNPJ_MANT C14.0 INFEHOSP C1.0 CID_ASSO C4.0 CID_MORTE C4.0 COMPLEX C2.0 FINANC C2.0 FAEC_TP C6.0 REGCT C4.0 RACA_COR C2.0 ETNIA C4.0 SEQUENCIA N9.0 REMESSA C21.0 AUD_JUST C50.0 SIS_JUST C50.0 VAL_SH_FED N10.2 VAL_SP_FED N10.2 VAL_SH_GES N10.2 VAL_SP_GES N10.2 VAL_UCI N10.2 MARCA_UCI C2.0 DIAGSEC1 C4.0 DIAGSEC2 C4.0 DIAGSEC3 C4.0 DIAGSEC4 C4.0 DIAGSEC5 C4.0 DIAGSEC6 C4.0 DIAGSEC7 C4.0 DIAGSEC8 C4.0 DIAGSEC9 C1.0 TPDISEC1 C1.0 TPDISEC2 C1.0 TPDISEC3 C1.0 TPDISEC4 C1.0 TPDISEC5 C1.0 TPDISEC6 C1.0 TPDISEC7 C1.0 TPDISEC8 C1.0 TPDISEC9 C1.0
RDSP2502.dbc,2025-02,2026-03-06T22:15,18002558,7d196729e3b5ba3c1fe3d184f3b5f3b73813abe9a0bd28bbd5c669b1437413b7,231291,5,UF_ZI C6.0 ANO_CMPT C4.0 MES_CMPT C2.0 ESPEC C2.0 CGC_HOSP C14.0 N_AIH C13.0 IDENT C1.0 CEP C8.0 MUNIC_RES C6.0 NASC C8.0 SEXO C1.0 UTI_MES_IN N2.0 UTI_MES_AN N2.0 UTI_MES_AL N2.0 UTI_MES_TO N3.0 MARCA_UTI C2.0 UTI_INT_IN N2.0 UTI_INT_AN N2.0 UTI_INT_AL N2.0 UTI_INT_TO N3.0 DIAR_ACOM N3.0 QT_DIARIAS N3.0 PROC_SOLIC C10.0 PROC_REA C10.0 VAL_SH N13.2 VAL_SP N13.2 VAL_SADT N13.2 VAL_RN N13.2 VAL_ACOMP N13.2 VAL_ORTP N13.2 VAL_SANGUE N13.2 VAL_SADTSR N11.2 VAL_TRANSP N13.2 VAL_OBSANG N11.2 VAL_PED1AC N11.2 VAL_TOT N14.2 VAL_UTI N8.2 US_TOT N10.2 DT_INTER C8.0 DT_SAIDA C8.0 DIAG_PRINC C4.0 DIAG_SECUN C4.0 COBRANCA C2.0 NATUREZA C2.0 NAT_JUR C4.0 GESTAO C1.0 RUBRICA N5.0 IND_VDRL C1.0 MUNIC_MOV C6.0 COD_IDADE C1.0 IDADE N2.0 DIAS_PERM N5.0 MORTE N1.0 NACIONAL C3.0 NUM_PROC C4.0 CAR_INT C2.0 TOT_PT_SP N6.0 CPF_AUT C11.0 HOMONIMO C1.0 NUM_FILHOS N2.0 INSTRU C1.0 CID_NOTIF C4.0 CONTRACEP1 C2.0 CONTRACEP2 C2.0 GESTRISCO C1.0 INSC_PN C12.0 SEQ_AIH5 C3.0 CBOR C6.0 CNAER C3.0 VINCPREV C1.0 GESTOR_COD C5.0 GESTOR_TP C1.0 GESTOR_CPF C15.0 GESTOR_DT C8.0 CNES C7.0 CNPJ_MANT C14.0 INFEHOSP C1.0 CID_ASSO C4.0 CID_MORTE C4.0 COMPLEX C2.0 FINANC C2.0 FAEC_TP C6.0 REGCT C4.0 RACA_COR C2.0 ETNIA C4.0 SEQUENCIA N9.0 REMESSA C21.0 AUD_JUST C50.0 SIS_JUST C50.0 VAL_SH_FED N10.2 VAL_SP_FED N10.2 VAL_SH_GES N10.2 VAL_SP_GES N10.2 VAL_UCI N10.2 MARCA_UCI C2.0 DIAGSEC1 C4.0 DIAGSEC2 C4.0 DIAGSEC3 C4.0 DIAGSEC4 C4.0 DIAGSEC5 C4.0 DIAGSEC6 C4.0 DIAGSEC7 C4.0 DIAGSEC8 C4.0 DIAGSEC9 C1.0 TPDISEC1 C1.0 TPDISEC2 C1.0 TPDISEC3 C1.0 TPDISEC4 C1.0 TPDISEC5 C1.0 TPDISEC6 C1.0 TPDISEC7 C1.0 TPDISEC8 C1.0 TPDISEC9 C1.0
RDMG2503.dbc,2025-03,2026-04-07T07:25,9853101,983bc92deb5c3c05ef8c7c8e62100d380a0717fd8f5958af26409b8ae7f48b1d,127776,6,UF_ZI C6.0 ANO_CMPT C4.0 MES_CMPT C2.0 ESPEC C2.0 CGC_HOSP C14.0 N_AIH C13.0 IDENT C1.0 CEP C8.0 MUNIC_RES C6.0 NASC C8.0 SEXO C1.0 UTI_MES_IN N2.0 UTI_MES_AN N2.0 UTI_MES_AL N2.0 UTI_MES_TO N3.0 MARCA_UTI C2.0 UTI_INT_IN N2.0 UTI_INT_AN N2.0 UTI_INT_AL N2.0 UTI_INT_TO N3.0 DIAR_ACOM N3.0 QT_DIARIAS N3.0 PROC_SOLIC C10.0 PROC_REA C10.0 VAL_SH N13.2 VAL_SP N13.2 VAL_SADT N13.2 VAL_RN N13.2 VAL_ACOMP N13.2 VAL_ORTP N13.2 VAL_SANGUE N13.2 VAL_SADTSR N11.2 VAL_TRANSP N13.2 VAL_OBSANG N11.2 VAL_PED1AC N11.2 VAL_TOT N14.2 VAL_UTI N8.2 US_TOT N10.2 DT_INTER C8.0 DT_SAIDA C8.0 DIAG_PRINC C4.0 DIAG_SECUN C4.0 COBRANCA C2.0 NATUREZA C2.0 NAT_JUR C4.0 GESTAO C1.0 RUBRICA N5.0 IND_VDRL C1.0 MUNIC_MOV C6.0 COD_IDADE C1.0 IDADE N2.0 DIAS_PERM N5.0 MORTE N1.0 NACIONAL C3.0 NUM_PROC C4.0 CAR_INT C2.0 TOT_PT_SP N6.0 CPF_AUT C11.0 HOMONIMO C1.0 NUM_FILHOS N2.0 INSTRU C1.0 CID_NOTIF C4.0 CONTRACEP1 C2.0 CONTRACEP2 C2.0 GESTRISCO C1.0 INSC_PN C12.0 SEQ_AIH5 C3.0 CBOR C6.0 CNAER C3.0 VINCPREV C1.0 GESTOR_COD C5.0 GESTOR_TP C1.0 GESTOR_CPF C15.0 GESTOR_DT C8.0 CNES C7.0 CNPJ_MANT C14.0 INFEHOSP C1.0 CID_ASSO C4.0 CID_MORTE C4.0 COMPLEX C2.0 FINANC C2.0 FAEC_TP C6.0 REGCT C4.0 RACA_COR C2.0 ETNIA C4.0 SEQUENCIA N9.0 REMESSA C21.0 AUD_JUST C50.0 SIS_JUST C50.0 VAL_SH_FED N10.2 VAL_SP_FED N10.2 VAL_SH_GES N10.2 VAL_SP_GES N10.2 VAL_UCI N10.2 MARCA_UCI C2.0 DIAGSEC1 C4.0 DIAGSEC2 C4.0 DIAGSEC3 C4.0 DIAGSEC4 C4.0 DIAGSEC5 C4.0 DIAGSEC6 C4.0 DIAGSEC7 C4.0 DIAGSEC8 C4.0 DIAGSEC9 C1.0 TPDISEC1 C1.0 TPDISEC2 C1.0 TPDISEC3 C1.0 TPDISEC4 C1.0 TPDISEC5 C1.0 TPDISEC6 C1.0 TPDISEC7 C1.0 TPDISEC8 C1.0 TPDISEC9 C1.0 FONTE_ORC C2.0
RDRR2503.dbc,2025-03,2026-04-07T07:25,258435,6e163b2f3989fc7186a8a1a34f5c7163c7b46cb81846bcbd734cd1f98d97b909,3459,6,UF_ZI C6.0 ANO_CMPT C4.0 MES_CMPT C2.0 ESPEC C2.0 CGC_HOSP C14.0 N_AIH C13.0 IDENT C1.0 CEP C8.0 MUNIC_RES C6.0 NASC C8.0 SEXO C1.0 UTI_MES_IN N2.0 UTI_MES_AN N2.0 UTI_MES_AL N2.0 UTI_MES_TO N3.0 MARCA_UTI C2.0 UTI_INT_IN N2.0 UTI_INT_AN N2.0 UTI_INT_AL N2.0 UTI_INT_TO N3.0 DIAR_ACOM N3.0 QT_DIARIAS N3.0 PROC_SOLIC C10.0 PROC_REA C10.0 VAL_SH N13.2 VAL_SP N13.2 VAL_SADT N13.2 VAL_RN N13.2 VAL_ACOMP N13.2 VAL_ORTP N13.2 VAL_SANGUE N13.2 VAL_SADTSR N11.2 VAL_TRANSP N13.2 VAL_OBSANG N11.2 VAL_PED1AC N11.2 VAL_TOT N14.2 VAL_UTI N8.2 US_TOT N10.2 DT_INTER C8.0 DT_SAIDA C8.0 DIAG_PRINC C4.0 DIAG_SECUN C4.0 COBRANCA C2.0 NATUREZA C2.0 NAT_JUR C4.0 GESTAO C1.0 RUBRICA N5.0 IND_VDRL C1.0 MUNIC_MOV C6.0 COD_IDADE C1.0 IDADE N2.0 DIAS_PERM N5.0 MORTE N1.0 NACIONAL C3.0 NUM_PROC C4.0 CAR_INT C2.0 TOT_PT_SP N6.0 CPF_AUT C11.0 HOMONIMO C1.0 NUM_FILHOS N2.0 INSTRU C1.0 CID_NOTIF C4.0 CONTRACEP1 C2.0 CONTRACEP2 C2.0 GESTRISCO C1.0 INSC_PN C12.0 SEQ_AIH5 C3.0 CBOR C6.0 CNAER C3.0 VINCPREV C1.0 GESTOR_COD C5.0 GESTOR_TP C1.0 GESTOR_CPF C15.0 GESTOR_DT C8.0 CNES C7.0 CNPJ_MANT C14.0 INFEHOSP C1.0 CID_ASSO C4.0 CID_MORTE C4.0 COMPLEX C2.0 FINANC C2.0 FAEC_TP C6.0 REGCT C4.0 RACA_COR C2.0 ETNIA C4.0 SEQUENCIA N9.0 REMESSA C21.0 AUD_JUST C50.0 SIS_JUST C50.0 VAL_SH_FED N10.2 VAL_SP_FED N10.2 VAL_SH_GES N10.2 VAL_SP_GES N10.2 VAL_UCI N10.2 MARCA_UCI C2.0 DIAGSEC1 C4.0 DIAGSEC2 C4.0 DIAGSEC3 C4.0 DIAGSEC4 C4.0 DIAGSEC5 C4.0 DIAGSEC6 C4.0 DIAGSEC7 C4.0 DIAGSEC8 C4.0 DIAGSEC9 C1.0 TPDISEC1 C1.0 TPDISEC2 C1.0 TPDISEC3 C1.0 TPDISEC4 C1.0 TPDISEC5 C1.0 TPDISEC6 C1.0 TPDISEC7 C1.0 TPDISEC8 C1.0 TPDISEC9 C1.0 FONTE_ORC C2.0
RDSP2503.dbc,2025-03,2026-04-07T07:25,19325238,825e89ac7c0a4a36f6f90b82ce440ae1b3cd5574b5d59500faa2cbd03ad485a5,245839,6,UF_ZI C6.0 ANO_CMPT C4.0 MES_CMPT C2.0 ESPEC C2.0 CGC_HOSP C14.0 N_AIH C13.0 IDENT C1.0 CEP C8.0 MUNIC_RES C6.0 NASC C8.0 SEXO C1.0 UTI_MES_IN N2.0 UTI_MES_AN N2.0 UTI_MES_AL N2.0 UTI_MES_TO N3.0 MARCA_UTI C2.0 UTI_INT_IN N2.0 UTI_INT_AN N2.0 UTI_INT_AL N2.0 UTI_INT_TO N3.0 DIAR_ACOM N3.0 QT_DIARIAS N3.0 PROC_SOLIC C10.0 PROC_REA C10.0 VAL_SH N13.2 VAL_SP N13.2 VAL_SADT N13.2 VAL_RN N13.2 VAL_ACOMP N13.2 VAL_ORTP N13.2 VAL_SANGUE N13.2 VAL_SADTSR N11.2 VAL_TRANSP N13.2 VAL_OBSANG N11.2 VAL_PED1AC N11.2 VAL_TOT N14.2 VAL_UTI N8.2 US_TOT N10.2 DT_INTER C8.0 DT_SAIDA C8.0 DIAG_PRINC C4.0 DIAG_SECUN C4.0 COBRANCA C2.0 NATUREZA C2.0 NAT_JUR C4.0 GESTAO C1.0 RUBRICA N5.0 IND_VDRL C1.0 MUNIC_MOV C6.0 COD_IDADE C1.0 IDADE N2.0 DIAS_PERM N5.0 MORTE N1.0 NACIONAL C3.0 NUM_PROC C4.0 CAR_INT C2.0 TOT_PT_SP N6.0 CPF_AUT C11.0 HOMONIMO C1.0 NUM_FILHOS N2.0 INSTRU C1.0 CID_NOTIF C4.0 CONTRACEP1 C2.0 CONTRACEP2 C2.0 GESTRISCO C1.0 INSC_PN C12.0 SEQ_AIH5 C3.0 CBOR C6.0 CNAER C3.0 VINCPREV C1.0 GESTOR_COD C5.0 GESTOR_TP C1.0 GESTOR_CPF C15.0 GESTOR_DT C8.0 CNES C7.0 CNPJ_MANT C14.0 INFEHOSP C1.0 CID_ASSO C4.0 CID_MORTE C4.0 COMPLEX C2.0 FINANC C2.0 FAEC_TP C6.0 REGCT C4.0 RACA_COR C2.0 ETNIA C4.0 SEQUENCIA N9.0 REMESSA C21.0 AUD_JUST C50.0 SIS_JUST C50.0 VAL_SH_FED N10.2 VAL_SP_FED N10.2 VAL_SH_GES N10.2 VAL_SP_GES N10.2 VAL_UCI N10.2 MARCA_UCI C2.0 DIAGSEC1 C4.0 DIAGSEC2 C4.0 DIAGSEC3 C4.0 DIAGSEC4 C4.0 DIAGSEC5 C4.0 DIAGSEC6 C4.0 DIAGSEC7 C4.0 DIAGSEC8 C4.0 DIAGSEC9 C1.0 TPDISEC1 C1.0 TPDISEC2 C1.0 TPDISEC3 C1.0 TPDISEC4 C1.0 TPDISEC5 C1.0 TPDISEC6 C1.0 TPDISEC7 C1.0 TPDISEC8 C1.0 TPDISEC9 C1.0 FONTE_ORC C2.0
RDRR2504.dbc,2025-04,2026-05-06T18:59,220431,6a271fdd856f89596e5cd4e752741c382fa22997ca38ee0dadb8d2e8cab7dd0e,2895,6,UF_ZI C6.0 ANO_CMPT C4.0 MES_CMPT C2.0 ESPEC C2.0 CGC_HOSP C14.0 N_AIH C13.0 IDENT C1.0 CEP C8.0 MUNIC_RES C6.0 NASC C8.0 SEXO C1.0 UTI_MES_IN N2.0 UTI_MES_AN N2.0 UTI_MES_AL N2.0 UTI_MES_TO N3.0 MARCA_UTI C2.0 UTI_INT_IN N2.0 UTI_INT_AN N2.0 UTI_INT_AL N2.0 UTI_INT_TO N3.0 DIAR_ACOM N3.0 QT_DIARIAS N3.0 PROC_SOLIC C10.0 PROC_REA C10.0 VAL_SH N13.2 VAL_SP N13.2 VAL_SADT N13.2 VAL_RN N13.2 VAL_ACOMP N13.2 VAL_ORTP N13.2 VAL_SANGUE N13.2 VAL_SADTSR N11.2 VAL_TRANSP N13.2 VAL_OBSANG N11.2 VAL_PED1AC N11.2 VAL_TOT N14.2 VAL_UTI N8.2 US_TOT N10.2 DT_INTER C8.0 DT_SAIDA C8.0 DIAG_PRINC C4.0 DIAG_SECUN C4.0 COBRANCA C2.0 NATUREZA C2.0 NAT_JUR C4.0 GESTAO C1.0 RUBRICA N5.0 IND_VDRL C1.0 MUNIC_MOV C6.0 COD_IDADE C1.0 IDADE N2.0 DIAS_PERM N5.0 MORTE N1.0 NACIONAL C3.0 NUM_PROC C4.0 CAR_INT C2.0 TOT_PT_SP N6.0 CPF_AUT C11.0 HOMONIMO C1.0 NUM_FILHOS N2.0 INSTRU C1.0 CID_NOTIF C4.0 CONTRACEP1 C2.0 CONTRACEP2 C2.0 GESTRISCO C1.0 INSC_PN C12.0 SEQ_AIH5 C3.0 CBOR C6.0 CNAER C3.0 VINCPREV C1.0 GESTOR_COD C5.0 GESTOR_TP C1.0 GESTOR_CPF C15.0 GESTOR_DT C8.0 CNES C7.0 CNPJ_MANT C14.0 INFEHOSP C1.0 CID_ASSO C4.0 CID_MORTE C4.0 COMPLEX C2.0 FINANC C2.0 FAEC_TP C6.0 REGCT C4.0 RACA_COR C2.0 ETNIA C4.0 SEQUENCIA N9.0 REMESSA C21.0 AUD_JUST C50.0 SIS_JUST C50.0 VAL_SH_FED N10.2 VAL_SP_FED N10.2 VAL_SH_GES N10.2 VAL_SP_GES N10.2 VAL_UCI N10.2 MARCA_UCI C2.0 DIAGSEC1 C4.0 DIAGSEC2 C4.0 DIAGSEC3 C4.0 DIAGSEC4 C4.0 DIAGSEC5 C4.0 DIAGSEC6 C4.0 DIAGSEC7 C4.0 DIAGSEC8 C4.0 DIAGSEC9 C1.0 TPDISEC1 C1.0 TPDISEC2 C1.0 TPDISEC3 C1.0 TPDISEC4 C1.0 TPDISEC5 C1.0 TPDISEC6 C1.0 TPDISEC7 C1.0 TPDISEC8 C1.0 TPDISEC9 C1.0 FONTE_ORC C2.0
RDRR2505.dbc,2025-05,2026-06-06T20:16,216385,8ac479b0f7407e2f1b851167b300efa704bcf8aa8d9f691bef63c5c9dcf435ac,2898,6,UF_ZI C6.0 ANO_CMPT C4.0 MES_CMPT C2.0 ESPEC C2.0 CGC_HOSP C14.0 N_AIH C13.0 IDENT C1.0 CEP C8.0 MUNIC_RES C6.0 NASC C8.0 SEXO C1.0 UTI_MES_IN N2.0 UTI_MES_AN N2.0 UTI_MES_AL N2.0 UTI_MES_TO N3.0 MARCA_UTI C2.0 UTI_INT_IN N2.0 UTI_INT_AN N2.0 UTI_INT_AL N2.0 UTI_INT_TO N3.0 DIAR_ACOM N3.0 QT_DIARIAS N3.0 PROC_SOLIC C10.0 PROC_REA C10.0 VAL_SH N13.2 VAL_SP N13.2 VAL_SADT N13.2 VAL_RN N13.2 VAL_ACOMP N13.2 VAL_ORTP N13.2 VAL_SANGUE N13.2 VAL_SADTSR N11.2 VAL_TRANSP N13.2 VAL_OBSANG N11.2 VAL_PED1AC N11.2 VAL_TOT N14.2 VAL_UTI N8.2 US_TOT N10.2 DT_INTER C8.0 DT_SAIDA C8.0 DIAG_PRINC C4.0 DIAG_SECUN C4.0 COBRANCA C2.0 NATUREZA C2.0 NAT_JUR C4.0 GESTAO C1.0 RUBRICA N5.0 IND_VDRL C1.0 MUNIC_MOV C6.0 COD_IDADE C1.0 IDADE N2.0 DIAS_PERM N5.0 MORTE N1.0 NACIONAL C3.0 NUM_PROC C4.0 CAR_INT C2.0 TOT_PT_SP N6.0 CPF_AUT C11.0 HOMONIMO C1.0 NUM_FILHOS N2.0 INSTRU C1.0 CID_NOTIF C4.0 CONTRACEP1 C2.0 CONTRACEP2 C2.0 GESTRISCO C1.0 INSC_PN C12.0 SEQ_AIH5 C3.0 CBOR C6.0 CNAER C3.0 VINCPREV C1.0 GESTOR_COD C5.0 GESTOR_TP C1.0 GESTOR_CPF C15.0 GESTOR_DT C8.0 CNES C7.0 CNPJ_MANT C14.0 INFEHOSP C1.0 CID_ASSO C4.0 CID_MORTE C4.0 COMPLEX C2.0 FINANC C2.0 FAEC_TP C6.0 REGCT C4.0 RACA_COR C2.0 ETNIA C4.0 SEQUENCIA N9.0 REMESSA C21.0 AUD_JUST C50.0 SIS_JUST C50.0 VAL_SH_FED N10.2 VAL_SP_FED N10.2 VAL_SH_GES N10.2 VAL_SP_GES N10.2 VAL_UCI N10.2 MARCA_UCI C2.0 DIAGSEC1 C4.0 DIAGSEC2 C4.0 DIAGSEC3 C4.0 DIAGSEC4 C4.0 DIAGSEC5 C4.0 DIAGSEC6 C4.0 DIAGSEC7 C4.0 DIAGSEC8 C4.0 DIAGSEC9 C1.0 TPDISEC1 C1.0 TPDISEC2 C1.0 TPDISEC3 C1.0 TPDISEC4 C1.0 TPDISEC5 C1.0 TPDISEC6 C1.0 TPDISEC7 C1.0 TPDISEC8 C1.0 TPDISEC9 C1.0 FONTE_ORC C2.0
RDRR2506.dbc,2025-06,2026-07-06T15:12,219859,7321dfe5641ea1930f1a71fd3f23039f9134542c9f901628990b94dca82ae2c0,2935,6,UF_ZI C6.0 ANO_CMPT C4.0 MES_CMPT C2.0 ESPEC C2.0 CGC_HOSP C14.0 N_AIH C13.0 IDENT C1.0 CEP C8.0 MUNIC_RES C6.0 NASC C8.0 SEXO C1.0 UTI_MES_IN N2.0 UTI_MES_AN N2.0 UTI_MES_AL N2.0 UTI_MES_TO N3.0 MARCA_UTI C2.0 UTI_INT_IN N2.0 UTI_INT_AN N2.0 UTI_INT_AL N2.0 UTI_INT_TO N3.0 DIAR_ACOM N3.0 QT_DIARIAS N3.0 PROC_SOLIC C10.0 PROC_REA C10.0 VAL_SH N13.2 VAL_SP N13.2 VAL_SADT N13.2 VAL_RN N13.2 VAL_ACOMP N13.2 VAL_ORTP N13.2 VAL_SANGUE N13.2 VAL_SADTSR N11.2 VAL_TRANSP N13.2 VAL_OBSANG N11.2 VAL_PED1AC N11.2 VAL_TOT N14.2 VAL_UTI N8.2 US_TOT N10.2 DT_INTER C8.0 DT_SAIDA C8.0 DIAG_PRINC C4.0 DIAG_SECUN C4.0 COBRANCA C2.0 NATUREZA C2.0 NAT_JUR C4.0 GESTAO C1.0 RUBRICA N5.0 IND_VDRL C1.0 MUNIC_MOV C6.0 COD_IDADE C1.0 IDADE N2.0 DIAS_PERM N5.0 MORTE N1.0 NACIONAL C3.0 NUM_PROC C4.0 CAR_INT C2.0 TOT_PT_SP N6.0 CPF_AUT C11.0 HOMONIMO C1.0 NUM_FILHOS N2.0 INSTRU C1.0 CID_NOTIF C4.0 CONTRACEP1 C2.0 CONTRACEP2 C2.0 GESTRISCO C1.0 INSC_PN C12.0 SEQ_AIH5 C3.0 CBOR C6.0 CNAER C3.0 VINCPREV C1.0 GESTOR_COD C5.0 GESTOR_TP C1.0 GESTOR_CPF C15.0 GESTOR_DT C8.0 CNES C7.0 CNPJ_MANT C14.0 INFEHOSP C1.0 CID_ASSO C4.0 CID_MORTE C4.0 COMPLEX C2.0 FINANC C2.0 FAEC_TP C6.0 REGCT C4.0 RACA_COR C2.0 ETNIA C4.0 SEQUENCIA N9.0 REMESSA C21.0 AUD_JUST C50.0 SIS_JUST C50.0 VAL_SH_FED N10.2 VAL_SP_FED N10.2 VAL_SH_GES N10.2 VAL_SP_GES N10.2 VAL_UCI N10.2 MARCA_UCI C2.0 DIAGSEC1 C4.0 DIAGSEC2 C4.0 DIAGSEC3 C4.0 DIAGSEC4 C4.0 DIAGSEC5 C4.0 DIAGSEC6 C4.0 DIAGSEC7 C4.0 DIAGSEC8 C4.0 DIAGSEC9 C1.0 TPDISEC1 C1.0 TPDISEC2 C1.0 TPDISEC3 C1.0 TPDISEC4 C1.0 TPDISEC5 C1.0 TPDISEC6 C1.0 TPDISEC7 C1.0 TPDISEC8 C1.0 TPDISEC9 C1.0 FONTE_ORC C2.0
RDRR2507.dbc,2025-07,2026-08-07T12:35,222006,eb0ce86109a72514718214d50bcb8cd960102361a4418d8f648a28a93e3365e0,3003,6,UF_ZI C6.0 ANO_CMPT C4.0 MES_CMPT C2.0 ESPEC C2.0 CGC_HOSP C14.0 N_AIH C13.0 IDENT C1.0 CEP C8.0 MUNIC_RES C6.0 NASC C8.0 SEXO C1.0 UTI_MES_IN N2.0 UTI_MES_AN N2.0 UTI_MES_AL N2.0 UTI_MES_TO N3.0 MARCA_UTI C2.0 UTI_INT_IN N2.0 UTI_INT_AN N2.0 UTI_INT_AL N2.0 UTI_INT_TO N3.0 DIAR_ACOM N3.0 QT_DIARIAS N3.0 PROC_SOLIC C10.0 PROC_REA C10.0 VAL_SH N13.2 VAL_SP N13.2 VAL_SADT N13.2 VAL_RN N13.2 VAL_ACOMP N13.2 VAL_ORTP N13.2 VAL_SANGUE N13.2 VAL_SADTSR N11.2 VAL_TRANSP N13.2 VAL_OBSANG N11.2 VAL_PED1AC N11.2 VAL_TOT N14.2 VAL_UTI N8.2 US_TOT N10.2 DT_INTER C8.0 DT_SAIDA C8.0 DIAG_PRINC C4.0 DIAG_SECUN C4.0 COBRANCA C2.0 NATUREZA C2.0 NAT_JUR C4.0 GESTAO C1.0 RUBRICA N5.0 IND_VDRL C1.0 MUNIC_MOV C6.0 COD_IDADE C1.0 IDADE N2.0 DIAS_PERM N5.0 MORTE N1.0 NACIONAL C3.0 NUM_PROC C4.0 CAR_INT C2.0 TOT_PT_SP N6.0 CPF_AUT C11.0 HOMONIMO C1.0 NUM_FILHOS N2.0 INSTRU C1.0 CID_NOTIF C4.0 CONTRACEP1 C2.0 CONTRACEP2 C2.0 GESTRISCO C1.0 INSC_PN C12.0 SEQ_AIH5 C3.0 CBOR C6.0 CNAER C3.0 VINCPREV C1.0 GESTOR_COD C5.0 GESTOR_TP C1.0 GESTOR_CPF C15.0 GESTOR_DT C8.0 CNES C7.0 CNPJ_MANT C14.0 INFEHOSP C1.0 CID_ASSO C4.0 CID_MORTE C4.0 COMPLEX C2.0 FINANC C2.0 FAEC_TP C6.0 REGCT C4.0 RACA_COR C2.0 ETNIA C4.0 SEQUENCIA N9.0 REMESSA C21.0 AUD_JUST C50.0 SIS_JUST C50.0 VAL_SH_FED N10.2 VAL_SP_FED N10.2 VAL_SH_GES N10.2 VAL_SP_GES N10.2 VAL_UCI N10.2 MARCA_UCI C2.0 DIAGSEC1 C4.0 DIAGSEC2 C4.0 DIAGSEC3 C4.0 DIAGSEC4 C4.0 DIAGSEC5 C4.0 DIAGSEC6 C4.0 DIAGSEC7 C4.0 DIAGSEC8 C4.0 DIAGSEC9 C1.0 TPDISEC1 C1.0 TPDISEC2 C1.0 TPDISEC3 C1.0 TPDISEC4 C1.0 TPDISEC5 C1.0 TPDISEC6 C1.0 TPDISEC7 C1.0 TPDISEC8 C1.0 TPDISEC9 C1.0 FONTE_ORC C2.0
RDRR2508.dbc,2025-08,2026-09-06T21:31,236111,0dfed7ba035acf04d10e749f13af0d35bef896ec78d95b20cb7b8f9431bb7d7f,3193,6,UF_ZI C6.0 ANO_CMPT C4.0 MES_CMPT C2.0 ESPEC C2.0 CGC_HOSP C14.0 N_AIH C13.0 IDENT C1.0 CEP C8.0 MUNIC_RES C6.0 NASC C8.0 SEXO C1.0 UTI_MES_IN N2.0 UTI_MES_AN N2.0 UTI_MES_AL N2.0 UTI_MES_TO N3.0 MARCA_UTI C2.0 UTI_INT_IN N2.0 UTI_INT_AN N2.0 UTI_INT_AL N2.0 UTI_INT_TO N3.0 DIAR_ACOM N3.0 QT_DIARIAS N3.0 PROC_SOLIC C10.0 PROC_REA C10.0 VAL_SH N13.2 VAL_SP N13.2 VAL_SADT N13.2 VAL_RN N13.2 VAL_ACOMP N13.2 VAL_ORTP N13.2 VAL_SANGUE N13.2 VAL_SADTSR N11.2 VAL_TRANSP N13.2 VAL_OBSANG N11.2 VAL_PED1AC N11.2 VAL_TOT N14.2 VAL_UTI N8.2 US_TOT N10.2 DT_INTER C8.0 DT_SAIDA C8.0 DIAG_PRINC C4.0 DIAG_SECUN C4.0 COBRANCA C2.0 NATUREZA C2.0 NAT_JUR C4.0 GESTAO C1.0 RUBRICA N5.0 IND_VDRL C1.0 MUNIC_MOV C6.0 COD_IDADE C1.0 IDADE N2.0 DIAS_PERM N5.0 MORTE N1.0 NACIONAL C3.0 NUM_PROC C4.0 CAR_INT C2.0 TOT_PT_SP N6.0 CPF_AUT C11.0 HOMONIMO C1.0 NUM_FILHOS N2.0 INSTRU C1.0 CID_NOTIF C4.0 CONTRACEP1 C2.0 CONTRACEP2 C2.0 GESTRISCO C1.0 INSC_PN C12.0 SEQ_AIH5 C3.0 CBOR C6.0 CNAER C3.0 VINCPREV C1.0 GESTOR_COD C5.0 GESTOR_TP C1.0 GESTOR_CPF C15.0 GESTOR_DT C8.0 CNES C7.0 CNPJ_MANT C14.0 INFEHOSP C1.0 CID_ASSO C4.0 CID_MORTE C4.0 COMPLEX C2.0 FINANC C2.0 FAEC_TP C6.0 REGCT C4.0 RACA_COR C2.0 ETNIA C4.0 SEQUENCIA N9.0 REMESSA C21.0 AUD_JUST C50.0 SIS_JUST C50.0 VAL_SH_FED N10.2 VAL_SP_FED N10.2 VAL_SH_GES N10.2 VAL_SP_GES N10.2 VAL_UCI N10.2 MARCA_UCI C2.0 DIAGSEC1 C4.0 DIAGSEC2 C4.0 DIAGSEC3 C4.0 DIAGSEC4 C4.0 DIAGSEC5 C4.0 DIAGSEC6 C4.0 DIAGSEC7 C4.0 DIAGSEC8 C4.0 DIAGSEC9 C1.0 TPDISEC1 C1.0 TPDISEC2 C1.0 TPDISEC3 C1.0 TPDISEC4 C1.0 TPDISEC5 C1.0 TPDISEC6 C1.0 TPDISEC7 C1.0 TPDISEC8 C1.0 TPDISEC9 C1.0 FONTE_ORC C2.0
RDRR2509.dbc,2025-09,2026-09-06T21:31,205223,8acd3962cd6ed7d5d97ad2f38612f1d2d5719103ea782acd31ba0d5809bae3f5,2738,6,UF_ZI C6.0 ANO_CMPT C4.0 MES_CMPT C2.0 ESPEC C2.0 CGC_HOSP C14.0 N_AIH C13.0 IDENT C1.0 CEP C8.0 MUNIC_RES C6.0 NASC C8.0 SEXO C1.0 UTI_MES_IN N2.0 UTI_MES_AN N2.0 UTI_MES_AL N2.0 UTI_MES_TO N3.0 MARCA_UTI C2.0 UTI_INT_IN N2.0 UTI_INT_AN N2.0 UTI_INT_AL N2.0 UTI_INT_TO N3.0 DIAR_ACOM N3.0 QT_DIARIAS N3.0 PROC_SOLIC C10.0 PROC_REA C10.0 VAL_SH N13.2 VAL_SP N13.2 VAL_SADT N13.2 VAL_RN N13.2 VAL_ACOMP N13.2 VAL_ORTP N13.2 VAL_SANGUE N13.2 VAL_SADTSR N11.2 VAL_TRANSP N13.2 VAL_OBSANG N11.2 VAL_PED1AC N11.2 VAL_TOT N14.2 VAL_UTI N8.2 US_TOT N10.2 DT_INTER C8.0 DT_SAIDA C8.0 DIAG_PRINC C4.0 DIAG_SECUN C4.0 COBRANCA C2.0 NATUREZA C2.0 NAT_JUR C4.0 GESTAO C1.0 RUBRICA N5.0 IND_VDRL C1.0 MUNIC_MOV C6.0 COD_IDADE C1.0 IDADE N2.0 DIAS_PERM N5.0 MORTE N1.0 NACIONAL C3.0 NUM_PROC C4.0 CAR_INT C2.0 TOT_PT_SP N6.0 CPF_AUT C11.0 HOMONIMO C1.0 NUM_FILHOS N2.0 INSTRU C1.0 CID_NOTIF C4.0 CONTRACEP1 C2.0 CONTRACEP2 C2.0 GESTRISCO C1.0 INSC_PN C12.0 SEQ_AIH5 C3.0 CBOR C6.0 CNAER C3.0 VINCPREV C1.0 GESTOR_COD C5.0 GESTOR_TP C1.0 GESTOR_CPF C15.0 GESTOR_DT C8.0 CNES C7.0 CNPJ_MANT C14.0 INFEHOSP C1.0 CID_ASSO C4.0 CID_MORTE C4.0 COMPLEX C2.0 FINANC C2.0 FAEC_TP C6.0 REGCT C4.0 RACA_COR C2.0 ETNIA C4.0 SEQUENCIA N9.0 REMESSA C21.0 AUD_JUST C50.0 SIS_JUST C50.0 VAL_SH_FED N10.2 VAL_SP_FED N10.2 VAL_SH_GES N10.2 VAL_SP_GES N10.2 VAL_UCI N10.2 MARCA_UCI C2.0 DIAGSEC1 C4.0 DIAGSEC2 C4.0 DIAGSEC3 C4.0 DIAGSEC4 C4.0 DIAGSEC5 C4.0 DIAGSEC6 C4.0 DIAGSEC7 C4.0 DIAGSEC8 C4.0 DIAGSEC9 C1.0 TPDISEC1 C1.0 TPDISEC2 C1.0 TPDISEC3 C1.0 TPDISEC4 C1.0 TPDISEC5 C1.0 TPDISEC6 C1.0 TPDISEC7 C1.0 TPDISEC8 C1.0 TPDISEC9 C1.0 FONTE_ORC C2.0
RDRR2510.dbc,2025-10,2026-09-06T21:31,179387,51d265c2d47b03a13c60b7ae8ee27bd4384ab38bdb5f035028d802e6911410cd,2346,6,UF_ZI C6.0 ANO_CMPT C4.0 MES_CMPT C2.0 ESPEC C2.0 CGC_HOSP C14.0 N_AIH C13.0 IDENT C1.0 CEP C8.0 MUNIC_RES C6.0 NASC C8.0 SEXO C1.0 UTI_MES_IN N2.0 UTI_MES_AN N2.0 UTI_MES_AL N2.0 UTI_MES_TO N3.0 MARCA_UTI C2.0 UTI_INT_IN N2.0 UTI_INT_AN N2.0 UTI_INT_AL N2.0 UTI_INT_TO N3.0 DIAR_ACOM N3.0 QT_DIARIAS N3.0 PROC_SOLIC C10.0 PROC_REA C10.0 VAL_SH N13.2 VAL_SP N13.2 VAL_SADT N13.2 VAL_RN N13.2 VAL_ACOMP N13.2 VAL_ORTP N13.2 VAL_SANGUE N13.2 VAL_SADTSR N11.2 VAL_TRANSP N13.2 VAL_OBSANG N11.2 VAL_PED1AC N11.2 VAL_TOT N14.2 VAL_UTI N8.2 US_TOT N10.2 DT_INTER C8.0 DT_SAIDA C8.0 DIAG_PRINC C4.0 DIAG_SECUN C4.0 COBRANCA C2.0 NATUREZA C2.0 NAT_JUR C4.0 GESTAO C1.0 RUBRICA N5.0 IND_VDRL C1.0 MUNIC_MOV C6.0 COD_IDADE C1.0 IDADE N2.0 DIAS_PERM N5.0 MORTE N1.0 NACIONAL C3.0 NUM_PROC C4.0 CAR_INT C2.0 TOT_PT_SP N6.0 CPF_AUT C11.0 HOMONIMO C1.0 NUM_FILHOS N2.0 INSTRU C1.0 CID_NOTIF C4.0 CONTRACEP1 C2.0 CONTRACEP2 C2.0 GESTRISCO C1.0 INSC_PN C12.0 SEQ_AIH5 C3.0 CBOR C6.0 CNAER C3.0 VINCPREV C1.0 GESTOR_COD C5.0 GESTOR_TP C1.0 GESTOR_CPF C15.0 GESTOR_DT C8.0 CNES C7.0 CNPJ_MANT C14.0 INFEHOSP C1.0 CID_ASSO C4.0 CID_MORTE C4.0 COMPLEX C2.0 FINANC C2.0 FAEC_TP C6.0 REGCT C4.0 RACA_COR C2.0 ETNIA C4.0 SEQUENCIA N9.0 REMESSA C21.0 AUD_JUST C50.0 SIS_JUST C50.0 VAL_SH_FED N10.2 VAL_SP_FED N10.2 VAL_SH_GES N10.2 VAL_SP_GES N10.2 VAL_UCI N10.2 MARCA_UCI C2.0 DIAGSEC1 C4.0 DIAGSEC2 C4.0 DIAGSEC3 C4.0 DIAGSEC4 C4.0 DIAGSEC5 C4.0 DIAGSEC6 C4.0 DIAGSEC7 C4.0 DIAGSEC8 C4.0 DIAGSEC9 C1.0 TPDISEC1 C1.0 TPDISEC2 C1.0 TPDISEC3 C1.0 TPDISEC4 C1.0 TPDISEC5 C1.0 TPDISEC6 C1.0 TPDISEC7 C1.0 TPDISEC8 C1.0 TPDISEC9 C1.0 FONTE_ORC C2.0
RDRR2511.dbc,2025-11,2026-09-06T21:31,205091,337b6575dfc87742ad4451127cecce6d3f0dc7aaa5b0cccdb595b43a35787f2f,2740,6,UF_ZI C6.0 ANO_CMPT C4.0 MES_CMPT C2.0 ESPEC C2.0 CGC_HOSP C14.0 N_AIH C13.0 IDENT C1.0 CEP C8.0 MUNIC_RES C6.0 NASC C8.0 SEXO C1.0 UTI_MES_IN N2.0 UTI_MES_AN N2.0 UTI_MES_AL N2.0 UTI_MES_TO N3.0 MARCA_UTI C2.0 UTI_INT_IN N2.0 UTI_INT_AN N2.0 UTI_INT_AL N2.0 UTI_INT_TO N3.0 DIAR_ACOM N3.0 QT_DIARIAS N3.0 PROC_SOLIC C10.0 PROC_REA C10.0 VAL_SH N13.2 VAL_SP N13.2 VAL_SADT N13.2 VAL_RN N13.2 VAL_ACOMP N13.2 VAL_ORTP N13.2 VAL_SANGUE N13.2 VAL_SADTSR N11.2 VAL_TRANSP N13.2 VAL_OBSANG N11.2 VAL_PED1AC N11.2 VAL_TOT N14.2 VAL_UTI N8.2 US_TOT N10.2 DT_INTER C8.0 DT_SAIDA C8.0 DIAG_PRINC C4.0 DIAG_SECUN C4.0 COBRANCA C2.0 NATUREZA C2.0 NAT_JUR C4.0 GESTAO C1.0 RUBRICA N5.0 IND_VDRL C1.0 MUNIC_MOV C6.0 COD_IDADE C1.0 IDADE N2.0 DIAS_PERM N5.0 MORTE N1.0 NACIONAL C3.0 NUM_PROC C4.0 CAR_INT C2.0 TOT_PT_SP N6.0 CPF_AUT C11.0 HOMONIMO C1.0 NUM_FILHOS N2.0 INSTRU C1.0 CID_NOTIF C4.0 CONTRACEP1 C2.0 CONTRACEP2 C2.0 GESTRISCO C1.0 INSC_PN C12.0 SEQ_AIH5 C3.0 CBOR C6.0 CNAER C3.0 VINCPREV C1.0 GESTOR_COD C5.0 GESTOR_TP C1.0 GESTOR_CPF C15.0 GESTOR_DT C8.0 CNES C7.0 CNPJ_MANT C14.0 INFEHOSP C1.0 CID_ASSO C4.0 CID_MORTE C4.0 COMPLEX C2.0 FINANC C2.0 FAEC_TP C6.0 REGCT C4.0 RACA_COR C2.0 ETNIA C4.0 SEQUENCIA N9.0 REMESSA C21.0 AUD_JUST C50.0 SIS_JUST C50.0 VAL_SH_FED N10.2 VAL_SP_FED N10.2 VAL_SH_GES N10.2 VAL_SP_GES N10.2 VAL_UCI N10.2 MARCA_UCI C2.0 DIAGSEC1 C4.0 DIAGSEC2 C4.0 DIAGSEC3 C4.0 DIAGSEC4 C4.0 DIAGSEC5 C4.0 DIAGSEC6 C4.0 DIAGSEC7 C4.0 DIAGSEC8 C4.0 DIAGSEC9 C1.0 TPDISEC1 C1.0 TPDISEC2 C1.0 TPDISEC3 C1.0 TPDISEC4 C1.0 TPDISEC5 C1.0 TPDISEC6 C1.0 TPDISEC7 C1.0 TPDISEC8 C1.0 TPDISEC9 C1.0 FONTE_ORC C2.0
RDRR2512.dbc,2025-12,2026-09-06T21:31,158452,c6c5789a357681b64b63b9bcf83b4de8046493208778c2283aeae30c4990db00,2128,6,UF_ZI C6.0 ANO_CMPT C4.0 MES_CMPT C2.0 ESPEC C2.0 CGC_HOSP C14.0 N_AIH C13.0 IDENT C1.0 CEP C8.0 MUNIC_RES C6.0 NASC C8.0 SEXO C1.0 UTI_MES_IN N2.0 UTI_MES_AN N2.0 UTI_MES_AL N2.0 UTI_MES_TO N3.0 MARCA_UTI C2.0 UTI_INT_IN N2.0 UTI_INT_AN N2.0 UTI_INT_AL N2.0 UTI_INT_TO N3.0 DIAR_ACOM N3.0 QT_DIARIAS N3.0 PROC_SOLIC C10.0 PROC_REA C10.0 VAL_SH N13.2 VAL_SP N13.2 VAL_SADT N13.2 VAL_RN N13.2 VAL_ACOMP N13.2 VAL_ORTP N13.2 VAL_SANGUE N13.2 VAL_SADTSR N11.2 VAL_TRANSP N13.2 VAL_OBSANG N11.2 VAL_PED1AC N11.2 VAL_TOT N14.2 VAL_UTI N8.2 US_TOT N10.2 DT_INTER C8.0 DT_SAIDA C8.0 DIAG_PRINC C4.0 DIAG_SECUN C4.0 COBRANCA C2.0 NATUREZA C2.0 NAT_JUR C4.0 GESTAO C1.0 RUBRICA N5.0 IND_VDRL C1.0 MUNIC_MOV C6.0 COD_IDADE C1.0 IDADE N2.0 DIAS_PERM N5.0 MORTE N1.0 NACIONAL C3.0 NUM_PROC C4.0 CAR_INT C2.0 TOT_PT_SP N6.0 CPF_AUT C11.0 HOMONIMO C1.0 NUM_FILHOS N2.0 INSTRU C1.0 CID_NOTIF C4.0 CONTRACEP1 C2.0 CONTRACEP2 C2.0 GESTRISCO C1.0 INSC_PN C12.0 SEQ_AIH5 C3.0 CBOR C6.0 CNAER C3.0 VINCPREV C1.0 GESTOR_COD C5.0 GESTOR_TP C1.0 GESTOR_CPF C15.0 GESTOR_DT C8.0 CNES C7.0 CNPJ_MANT C14.0 INFEHOSP C1.0 CID_ASSO C4.0 CID_MORTE C4.0 COMPLEX C2.0 FINANC C2.0 FAEC_TP C6.0 REGCT C4.0 RACA_COR C2.0 ETNIA C4.0 SEQUENCIA N9.0 REMESSA C21.0 AUD_JUST C50.0 SIS_JUST C50.0 VAL_SH_FED N10.2 VAL_SP_FED N10.2 VAL_SH_GES N10.2 VAL_SP_GES N10.2 VAL_UCI N10.2 MARCA_UCI C2.0 DIAGSEC1 C4.0 DIAGSEC2 C4.0 DIAGSEC3 C4.0 DIAGSEC4 C4.0 DIAGSEC5 C4.0 DIAGSEC6 C4.0 DIAGSEC7 C4.0 DIAGSEC8 C4.0 DIAGSEC9 C1.0 TPDISEC1 C1.0 TPDISEC2 C1.0 TPDISEC3 C1.0 TPDISEC4 C1.0 TPDISEC5 C1.0 TPDISEC6 C1.0 TPDISEC7 C1.0 TPDISEC8 C1.0 TPDISEC9 C1.0 FONTE_ORC C2.0
RDRR2601.dbc,2026-01,2026-09-06T21:31,193333,cb56a42a944f6d03a4e4af13a556efb6beae71faec934ce63acdd6a73f464788,2597,6,UF_ZI C6.0 ANO_CMPT C4.0 MES_CMPT C2.0 ESPEC C2.0 CGC_HOSP C14.0 N_AIH C13.0 IDENT C1.0 CEP C8.0 MUNIC_RES C6.0 NASC C8.0 SEXO C1.0 UTI_MES_IN N2.0 UTI_MES_AN N2.0 UTI_MES_AL N2.0 UTI_MES_TO N3.0 MARCA_UTI C2.0 UTI_INT_IN N2.0 UTI_INT_AN N2.0 UTI_INT_AL N2.0 UTI_INT_TO N3.0 DIAR_ACOM N3.0 QT_DIARIAS N3.0 PROC_SOLIC C10.0 PROC_REA C10.0 VAL_SH N13.2 VAL_SP N13.2 VAL_SADT N13.2 VAL_RN N13.2 VAL_ACOMP N13.2 VAL_ORTP N13.2 VAL_SANGUE N13.2 VAL_SADTSR N11.2 VAL_TRANSP N13.2 VAL_OBSANG N11.2 VAL_PED1AC N11.2 VAL_TOT N14.2 VAL_UTI N8.2 US_TOT N10.2 DT_INTER C8.0 DT_SAIDA C8.0 DIAG_PRINC C4.0 DIAG_SECUN C4.0 COBRANCA C2.0 NATUREZA C2.0 NAT_JUR C4.0 GESTAO C1.0 RUBRICA N5.0 IND_VDRL C1.0 MUNIC_MOV C6.0 COD_IDADE C1.0 IDADE N2.0 DIAS_PERM N5.0 MORTE N1.0 NACIONAL C3.0 NUM_PROC C4.0 CAR_INT C2.0 TOT_PT_SP N6.0 CPF_AUT C11.0 HOMONIMO C1.0 NUM_FILHOS N2.0 INSTRU C1.0 CID_NOTIF C4.0 CONTRACEP1 C2.0 CONTRACEP2 C2.0 GESTRISCO C1.0 INSC_PN C12.0 SEQ_AIH5 C3.0 CBOR C6.0 CNAER C3.0 VINCPREV C1.0 GESTOR_COD C5.0 GESTOR_TP C1.0 GESTOR_CPF C15.0 GESTOR_DT C8.0 CNES C7.0 CNPJ_MANT C14.0 INFEHOSP C1.0 CID_ASSO C4.0 CID_MORTE C4.0 COMPLEX C2.0 FINANC C2.0 FAEC_TP C6.0 REGCT C4.0 RACA_COR C2.0 ETNIA C4.0 SEQUENCIA N9.0 REMESSA C21.0 AUD_JUST C50.0 SIS_JUST C50.0 VAL_SH_FED N10.2 VAL_SP_FED N10.2 VAL_SH_GES N10.2 VAL_SP_GES N10.2 VAL_UCI N10.2 MARCA_UCI C2.0 DIAGSEC1 C4.0 DIAGSEC2 C4.0 DIAGSEC3 C4.0 DIAGSEC4 C4.0 DIAGSEC5 C4.0 DIAGSEC6 C4.0 DIAGSEC7 C4.0 DIAGSEC8 C4.0 DIAGSEC9 C1.0 TPDISEC1 C1.0 TPDISEC2 C1.0 TPDISEC3 C1.0 TPDISEC4 C1.0 TPDISEC5 C1.0 TPDISEC6 C1.0 TPDISEC7 C1.0 TPDISEC8 C1.0 TPDISEC9 C1.0 FONTE_ORC C2.0
RDRR2602.dbc,2026-02,2026-09-06T21:31,226178,1a3e0d0e892038b5b92c04e00ced25e0f17c3177acabc37fb862aaa6b5b0574c,2961,6,UF_ZI C6.0 ANO_CMPT C4.0 MES_CMPT C2.0 ESPEC C2.0 CGC_HOSP C14.0 N_AIH C13.0 IDENT C1.0 CEP C8.0 MUNIC_RES C6.0 NASC C8.0 SEXO C1.0 UTI_MES_IN N2.0 UTI_MES_AN N2.0 UTI_MES_AL N2.0 UTI_MES_TO N3.0 MARCA_UTI C2.0 UTI_INT_IN N2.0 UTI_INT_AN N2.0 UTI_INT_AL N2.0 UTI_INT_TO N3.0 DIAR_ACOM N3.0 QT_DIARIAS N3.0 PROC_SOLIC C10.0 PROC_REA C10.0 VAL_SH N13.2 VAL_SP N13.2 VAL_SADT N13.2 VAL_RN N13.2 VAL_ACOMP N13.2 VAL_ORTP N13.2 VAL_SANGUE N13.2 VAL_SADTSR N11.2 VAL_TRANSP N13.2 VAL_OBSANG N11.2 VAL_PED1AC N11.2 VAL_TOT N14.2 VAL_UTI N8.2 US_TOT N10.2 DT_INTER C8.0 DT_SAIDA C8.0 DIAG_PRINC C4.0 DIAG_SECUN C4.0 COBRANCA C2.0 NATUREZA C2.0 NAT_JUR C4.0 GESTAO C1.0 RUBRICA N5.0 IND_VDRL C1.0 MUNIC_MOV C6.0 COD_IDADE C1.0 IDADE N2.0 DIAS_PERM N5.0 MORTE N1.0 NACIONAL C3.0 NUM_PROC C4.0 CAR_INT C2.0 TOT_PT_SP N6.0 CPF_AUT C11.0 HOMONIMO C1.0 NUM_FILHOS N2.0 INSTRU C1.0 CID_NOTIF C4.0 CONTRACEP1 C2.0 CONTRACEP2 C2.0 GESTRISCO C1.0 INSC_PN C12.0 SEQ_AIH5 C3.0 CBOR C6.0 CNAER C3.0 VINCPREV C1.0 GESTOR_COD C5.0 GESTOR_TP C1.0 GESTOR_CPF C15.0 GESTOR_DT C8.0 CNES C7.0 CNPJ_MANT C14.0 INFEHOSP C1.0 CID_ASSO C4.0 CID_MORTE C4.0 COMPLEX C2.0 FINANC C2.0 FAEC_TP C6.0 REGCT C4.0 RACA_COR C2.0 ETNIA C4.0 SEQUENCIA N9.0 REMESSA C21.0 AUD_JUST C50.0 SIS_JUST C50.0 VAL_SH_FED N10.2 VAL_SP_FED N10.2 VAL_SH_GES N10.2 VAL_SP_GES N10.2 VAL_UCI N10.2 MARCA_UCI C2.0 DIAGSEC1 C4.0 DIAGSEC2 C4.0 DIAGSEC3 C4.0 DIAGSEC4 C4.0 DIAGSEC5 C4.0 DIAGSEC6 C4.0 DIAGSEC7 C4.0 DIAGSEC8 C4.0 DIAGSEC9 C1.0 TPDISEC1 C1.0 TPDISEC2 C1.0 TPDISEC3 C1.0 TPDISEC4 C1.0 TPDISEC5 C1.0 TPDISEC6 C1.0 TPDISEC7 C1.0 TPDISEC8 C1.0 TPDISEC9 C1.0 FONTE_ORC C2.0
RDRR2603.dbc,2026-03,2026-09-06T21:31,238022,b82903a6dcc32b5d3c9d927d2fd4a3a0add840b7a56976467047ef473bed72d5,3082,6,UF_ZI C6.0 ANO_CMPT C4.0 MES_CMPT C2.0 ESPEC C2.0 CGC_HOSP C14.0 N_AIH C13.0 IDENT C1.0 CEP C8.0 MUNIC_RES C6.0 NASC C8.0 SEXO C1.0 UTI_MES_IN N2.0 UTI_MES_AN N2.0 UTI_MES_AL N2.0 UTI_MES_TO N3.0 MARCA_UTI C2.0 UTI_INT_IN N2.0 UTI_INT_AN N2.0 UTI_INT_AL N2.0 UTI_INT_TO N3.0 DIAR_ACOM N3.0 QT_DIARIAS N3.0 PROC_SOLIC C10.0 PROC_REA C10.0 VAL_SH N13.2 VAL_SP N13.2 VAL_SADT N13.2 VAL_RN N13.2 VAL_ACOMP N13.2 VAL_ORTP N13.2 VAL_SANGUE N13.2 VAL_SADTSR N11.2 VAL_TRANSP N13.2 VAL_OBSANG N11.2 VAL_PED1AC N11.2 VAL_TOT N14.2 VAL_UTI N8.2 US_TOT N10.2 DT_INTER C8.0 DT_SAIDA C8.0 DIAG_PRINC C4.0 DIAG_SECUN C4.0 COBRANCA C2.0 NATUREZA C2.0 NAT_JUR C4.0 GESTAO C1.0 RUBRICA N5.0 IND_VDRL C1.0 MUNIC_MOV C6.0 COD_IDADE C1.0 IDADE N2.0 DIAS_PERM N5.0 MORTE N1.0 NACIONAL C3.0 NUM_PROC C4.0 CAR_INT C2.0 TOT_PT_SP N6.0 CPF_AUT C11.0 HOMONIMO C1.0 NUM_FILHOS N2.0 INSTRU C1.0 CID_NOTIF C4.0 CONTRACEP1 C2.0 CONTRACEP2 C2.0 GESTRISCO C1.0 INSC_PN C12.0 SEQ_AIH5 C3.0 CBOR C6.0 CNAER C3.0 VINCPREV C1.0 GESTOR_COD C5.0 GESTOR_TP C1.0 GESTOR_CPF C15.0 GESTOR_DT C8.0 CNES C7.0 CNPJ_MANT C14.0 INFEHOSP C1.0 CID_ASSO C4.0 CID_MORTE C4.0 COMPLEX C2.0 FINANC C2.0 FAEC_TP C6.0 REGCT C4.0 RACA_COR C2.0 ETNIA C4.0 SEQUENCIA N9.0 REMESSA C21.0 AUD_JUST C50.0 SIS_JUST C50.0 VAL_SH_FED N10.2 VAL_SP_FED N10.2 VAL_SH_GES N10.2 VAL_SP_GES N10.2 VAL_UCI N10.2 MARCA_UCI C2.0 DIAGSEC1 C4.0 DIAGSEC2 C4.0 DIAGSEC3 C4.0 DIAGSEC4 C4.0 DIAGSEC5 C4.0 DIAGSEC6 C4.0 DIAGSEC7 C4.0 DIAGSEC8 C4.0 DIAGSEC9 C1.0 TPDISEC1 C1.0 TPDISEC2 C1.0 TPDISEC3 C1.0 TPDISEC4 C1.0 TPDISEC5 C1.0 TPDISEC6 C1.0 TPDISEC7 C1.0 TPDISEC8 C1.0 TPDISEC9 C1.0 FONTE_ORC C2.0
RDRR2604.dbc,2026-04,2026-09-06T21:31,223183,de7d805b7d2fdc934157dc41b8b2b3731a20158032577503496f0d58d5952ea7,3013,6,UF_ZI C6.0 ANO_CMPT C4.0 MES_CMPT C2.0 ESPEC C2.0 CGC_HOSP C14.0 N_AIH C13.0 IDENT C1.0 CEP C8.0 MUNIC_RES C6.0 NASC C8.0 SEXO C1.0 UTI_MES_IN N2.0 UTI_MES_AN N2.0 UTI_MES_AL N2.0 UTI_MES_TO N3.0 MARCA_UTI C2.0 UTI_INT_IN N2.0 UTI_INT_AN N2.0 UTI_INT_AL N2.0 UTI_INT_TO N3.0 DIAR_ACOM N3.0 QT_DIARIAS N3.0 PROC_SOLIC C10.0 PROC_REA C10.0 VAL_SH N13.2 VAL_SP N13.2 VAL_SADT N13.2 VAL_RN N13.2 VAL_ACOMP N13.2 VAL_ORTP N13.2 VAL_SANGUE N13.2 VAL_SADTSR N11.2 VAL_TRANSP N13.2 VAL_OBSANG N11.2 VAL_PED1AC N11.2 VAL_TOT N14.2 VAL_UTI N8.2 US_TOT N10.2 DT_INTER C8.0 DT_SAIDA C8.0 DIAG_PRINC C4.0 DIAG_SECUN C4.0 COBRANCA C2.0 NATUREZA C2.0 NAT_JUR C4.0 GESTAO C1.0 RUBRICA N5.0 IND_VDRL C1.0 MUNIC_MOV C6.0 COD_IDADE C1.0 IDADE N2.0 DIAS_PERM N5.0 MORTE N1.0 NACIONAL C3.0 NUM_PROC C4.0 CAR_INT C2.0 TOT_PT_SP N6.0 CPF_AUT C11.0 HOMONIMO C1.0 NUM_FILHOS N2.0 INSTRU C1.0 CID_NOTIF C4.0 CONTRACEP1 C2.0 CONTRACEP2 C2.0 GESTRISCO C1.0 INSC_PN C12.0 SEQ_AIH5 C3.0 CBOR C6.0 CNAER C3.0 VINCPREV C1.0 GESTOR_COD C5.0 GESTOR_TP C1.0 GESTOR_CPF C15.0 GESTOR_DT C8.0 CNES C7.0 CNPJ_MANT C14.0 INFEHOSP C1.0 CID_ASSO C4.0 CID_MORTE C4.0 COMPLEX C2.0 FINANC C2.0 FAEC_TP C6.0 REGCT C4.0 RACA_COR C2.0 ETNIA C4.0 SEQUENCIA N9.0 REMESSA C21.0 AUD_JUST C50.0 SIS_JUST C50.0 VAL_SH_FED N10.2 VAL_SP_FED N10.2 VAL_SH_GES N10.2 VAL_SP_GES N10.2 VAL_UCI N10.2 MARCA_UCI C2.0 DIAGSEC1 C4.0 DIAGSEC2 C4.0 DIAGSEC3 C4.0 DIAGSEC4 C4.0 DIAGSEC5 C4.0 DIAGSEC6 C4.0 DIAGSEC7 C4.0 DIAGSEC8 C4.0 DIAGSEC9 C1.0 TPDISEC1 C1.0 TPDISEC2 C1.0 TPDISEC3 C1.0 TPDISEC4 C1.0 TPDISEC5 C1.0 TPDISEC6 C1.0 TPDISEC7 C1.0 TPDISEC8 C1.0 TPDISEC9 C1.0 FONTE_ORC C2.0
RDRR2605.dbc,2026-05,2026-09-06T21:31,227076,95a593370f932d0f8e868120ad7f4b87c232a9cd7b3145c524196080f5a3fc07,3199,6,UF_ZI C6.0 ANO_CMPT C4.0 MES_CMPT C2.0 ESPEC C2.0 CGC_HOSP C14.0 N_AIH C13.0 IDENT C1.0 CEP C8.0 MUNIC_RES C6.0 NASC C8.0 SEXO C1.0 UTI_MES_IN N2.0 UTI_MES_AN N2.0 UTI_MES_AL N2.0 UTI_MES_TO N3.0 MARCA_UTI C2.0 UTI_INT_IN N2.0 UTI_INT_AN N2.0 UTI_INT_AL N2.0 UTI_INT_TO N3.0 DIAR_ACOM N3.0 QT_DIARIAS N3.0 PROC_SOLIC C10.0 PROC_REA C10.0 VAL_SH N13.2 VAL_SP N13.2 VAL_SADT N13.2 VAL_RN N13.2 VAL_ACOMP N13.2 VAL_ORTP N13.2 VAL_SANGUE N13.2 VAL_SADTSR N11.2 VAL_TRANSP N13.2 VAL_OBSANG N11.2 VAL_PED1AC N11.2 VAL_TOT N14.2 VAL_UTI N8.2 US_TOT N10.2 DT_INTER C8.0 DT_SAIDA C8.0 DIAG_PRINC C4.0 DIAG_SECUN C4.0 COBRANCA C2.0 NATUREZA C2.0 NAT_JUR C4.0 GESTAO C1.0 RUBRICA N5.0 IND_VDRL C1.0 MUNIC_MOV C6.0 COD_IDADE C1.0 IDADE N2.0 DIAS_PERM N5.0 MORTE N1.0 NACIONAL C3.0 NUM_PROC C4.0 CAR_INT C2.0 TOT_PT_SP N6.0 CPF_AUT C11.0 HOMONIMO C1.0 NUM_FILHOS N2.0 INSTRU C1.0 CID_NOTIF C4.0 CONTRACEP1 C2.0 CONTRACEP2 C2.0 GESTRISCO C1.0 INSC_PN C12.0 SEQ_AIH5 C3.0 CBOR C6.0 CNAER C3.0 VINCPREV C1.0 GESTOR_COD C5.0 GESTOR_TP C1.0 GESTOR_CPF C15.0 GESTOR_DT C8.0 CNES C7.0 CNPJ_MANT C14.0 INFEHOSP C1.0 CID_ASSO C4.0 CID_MORTE C4.0 COMPLEX C2.0 FINANC C2.0 FAEC_TP C6.0 REGCT C4.0 RACA_COR C2.0 ETNIA C4.0 SEQUENCIA N9.0 REMESSA C21.0 AUD_JUST C50.0 SIS_JUST C50.0 VAL_SH_FED N10.2 VAL_SP_FED N10.2 VAL_SH_GES N10.2 VAL_SP_GES N10.2 VAL_UCI N10.2 MARCA_UCI C2.0 DIAGSEC1 C4.0 DIAGSEC2 C4.0 DIAGSEC3 C4.0 DIAGSEC4 C4.0 DIAGSEC5 C4.0 DIAGSEC6 C4.0 DIAGSEC7 C4.0 DIAGSEC8 C4.0 DIAGSEC9 C1.0 TPDISEC1 C1.0 TPDISEC2 C1.0 TPDISEC3 C1.0 TPDISEC4 C1.0 TPDISEC5 C1.0 TPDISEC6 C1.0 TPDISEC7 C1.0 TPDISEC8 C1.0 TPDISEC9 C1.0 FONTE_ORC C2.0
RDRR2606.dbc,2026-06,2026-09-06T21:31,56326,e1b06d12398222a201a7944c3a03facd1a064911003100759af8ceac4145b58a,694,6,UF_ZI C6.0 ANO_CMPT C4.0 MES_CMPT C2.0 ESPEC C2.0 CGC_HOSP C14.0 N_AIH C13.0 IDENT C1.0 CEP C8.0 MUNIC_RES C6.0 NASC C8.0 SEXO C1.0 UTI_MES_IN N2.0 UTI_MES_AN N2.0 UTI_MES_AL N2.0 UTI_MES_TO N3.0 MARCA_UTI C2.0 UTI_INT_IN N2.0 UTI_INT_AN N2.0 UTI_INT_AL N2.0 UTI_INT_TO N3.0 DIAR_ACOM N3.0 QT_DIARIAS N3.0 PROC_SOLIC C10.0 PROC_REA C10.0 VAL_SH N13.2 VAL_SP N13.2 VAL_SADT N13.2 VAL_RN N13.2 VAL_ACOMP N13.2 VAL_ORTP N13.2 VAL_SANGUE N13.2 VAL_SADTSR N11.2 VAL_TRANSP N13.2 VAL_OBSANG N11.2 VAL_PED1AC N11.2 VAL_TOT N14.2 VAL_UTI N8.2 US_TOT N10.2 DT_INTER C8.0 DT_SAIDA C8.0 DIAG_PRINC C4.0 DIAG_SECUN C4.0 COBRANCA C2.0 NATUREZA C2.0 NAT_JUR C4.0 GESTAO C1.0 RUBRICA N5.0 IND_VDRL C1.0 MUNIC_MOV C6.0 COD_IDADE C1.0 IDADE N2.0 DIAS_PERM N5.0 MORTE N1.0 NACIONAL C3.0 NUM_PROC C4.0 CAR_INT C2.0 TOT_PT_SP N6.0 CPF_AUT C11.0 HOMONIMO C1.0 NUM_FILHOS N2.0 INSTRU C1.0 CID_NOTIF C4.0 CONTRACEP1 C2.0 CONTRACEP2 C2.0 GESTRISCO C1.0 INSC_PN C12.0 SEQ_AIH5 C3.0 CBOR C6.0 CNAER C3.0 VINCPREV C1.0 GESTOR_COD C5.0 GESTOR_TP C1.0 GESTOR_CPF C15.0 GESTOR_DT C8.0 CNES C7.0 CNPJ_MANT C14.0 INFEHOSP C1.0 CID_ASSO C4.0 CID_MORTE C4.0 COMPLEX C2.0 FINANC C2.0 FAEC_TP C6.0 REGCT C4.0 RACA_COR C2.0 ETNIA C4.0 SEQUENCIA N9.0 REMESSA C21.0 AUD_JUST C50.0 SIS_JUST C50.0 VAL_SH_FED N10.2 VAL_SP_FED N10.2 VAL_SH_GES N10.2 VAL_SP_GES N10.2 VAL_UCI N10.2 MARCA_UCI C2.0 DIAGSEC1 C4.0 DIAGSEC2 C4.0 DIAGSEC3 C4.0 DIAGSEC4 C4.0 DIAGSEC5 C4.0 DIAGSEC6 C4.0 DIAGSEC7 C4.0 DIAGSEC8 C4.0 DIAGSEC9 C1.0 TPDISEC1 C1.0 TPDISEC2 C1.0 TPDISEC3 C1.0 TPDISEC4 C1.0 TPDISEC5 C1.0 TPDISEC6 C1.0 TPDISEC7 C1.0 TPDISEC8 C1.0 TPDISEC9 C1.0 FONTE_ORC C2.0
RDAP2607.dbc,2026-07,2026-09-06T21:31,414689,75c66b3c20488601db22c36baf29c477584ad5a016b56bdfebd3d2cfa592955a,6160,6,UF_ZI C6.0 ANO_CMPT C4.0 MES_CMPT C2.0 ESPEC C2.0 CGC_HOSP C14.0 N_AIH C13.0 IDENT C1.0 CEP C8.0 MUNIC_RES C6.0 NASC C8.0 SEXO C1.0 UTI_MES_IN N2.0 UTI_MES_AN N2.0 UTI_MES_AL N2.0 UTI_MES_TO N3.0 MARCA_UTI C2.0 UTI_INT_IN N2.0 UTI_INT_AN N2.0 UTI_INT_AL N2.0 UTI_INT_TO N3.0 DIAR_ACOM N3.0 QT_DIARIAS N3.0 PROC_SOLIC C10.0 PROC_REA C10.0 VAL_SH N13.2 VAL_SP N13.2 VAL_SADT N13.2 VAL_RN N13.2 VAL_ACOMP N13.2 VAL_ORTP N13.2 VAL_SANGUE N13.2 VAL_SADTSR N11.2 VAL_TRANSP N13.2 VAL_OBSANG N11.2 VAL_PED1AC N11.2 VAL_TOT N14.2 VAL_UTI N8.2 US_TOT N10.2 DT_INTER C8.0 DT_SAIDA C8.0 DIAG_PRINC C4.0 DIAG_SECUN C4.0 COBRANCA C2.0 NATUREZA C2.0 NAT_JUR C4.0 GESTAO C1.0 RUBRICA N5.0 IND_VDRL C1.0 MUNIC_MOV C6.0 COD_IDADE C1.0 IDADE N2.0 DIAS_PERM N5.0 MORTE N1.0 NACIONAL C3.0 NUM_PROC C4.0 CAR_INT C2.0 TOT_PT_SP N6.0 CPF_AUT C11.0 HOMONIMO C1.0 NUM_FILHOS N2.0 INSTRU C1.0 CID_NOTIF C4.0 CONTRACEP1 C2.0 CONTRACEP2 C2.0 GESTRISCO C1.0 INSC_PN C12.0 SEQ_AIH5 C3.0 CBOR C6.0 CNAER C3.0 VINCPREV C1.0 GESTOR_COD C5.0 GESTOR_TP C1.0 GESTOR_CPF C15.0 GESTOR_DT C8.0 CNES C7.0 CNPJ_MANT C14.0 INFEHOSP C1.0 CID_ASSO C4.0 CID_MORTE C4.0 COMPLEX C2.0 FINANC C2.0 FAEC_TP C6.0 REGCT C4.0 RACA_COR C2.0 ETNIA C4.0 SEQUENCIA N9.0 REMESSA C21.0 AUD_JUST C50.0 SIS_JUST C50.0 VAL_SH_FED N10.2 VAL_SP_FED N10.2 VAL_SH_GES N10.2 VAL_SP_GES N10.2 VAL_UCI N10.2 MARCA_UCI C2.0 DIAGSEC1 C4.0 DIAGSEC2 C4.0 DIAGSEC3 C4.0 DIAGSEC4 C4.0 DIAGSEC5 C4.0 DIAGSEC6 C4.0 DIAGSEC7 C4.0 DIAGSEC8 C4.0 DIAGSEC9 C1.0 TPDISEC1 C1.0 TPDISEC2 C1.0 TPDISEC3 C1.0 TPDISEC4 C1.0 TPDISEC5 C1.0 TPDISEC6 C1.0 TPDISEC7 C1.0 TPDISEC8 C1.0 TPDISEC9 C1.0 FONTE_ORC C2.0
