file,month,server_modified,size_bytes,sha256,records,layout,fields
RDRR9201.dbc,1992-01,2013-10-31T13:08,29353,0b8f3a07729366ff77ef3fb2828253e6ec04bd01f196eea6eb09dc6c63952ad0,971,1,UF_ZI C2.0 ANO_CMPT C2.0 MES_CMPT C2.0 ESPEC C1.0 CGC_HOSP C14.0 N_AIH C10.0 IDENT C1.0 NASC C6.0 SEXO C1.0 UTI_TOTAL N2.0 PROC_REA C8.0 VAL_SH N13.2 VAL_SP N13.2 VAL_SADT N13.2 VAL_ORTP N13.2 VAL_SANGUE N13.2 VAL_TOT N14.2 US_SH N9.2 US_SP N9.2 US_SADT N9.2 US_ORTP N9.2 US_SANGUE N9.2 US_TOT N10.2 DT_INTER C6.0 DT_SAIDA C6.0 DIAG_PRINC C6.0 COBRANCA C2.0 NATUREZA C2.0 MUNIC_MOV C6.0 COD_IDADE C1.0 IDADE N2.0 DIAS_PERM N4.0 MORTE N1.0 COD_ARQ C1.0 CONT N7.0
RDRR9202.dbc,1992-02,2013-10-31T13:09,39819,cd838758f6af1a024a75e8e4719cbe7feb2cfda70b8a6bfc7abb29809bec8a49,1243,1,UF_ZI C2.0 ANO_CMPT C2.0 MES_CMPT C2.0 ESPEC C1.0 CGC_HOSP C14.0 N_AIH C10.0 IDENT C1.0 NASC C6.0 SEXO C1.0 UTI_TOTAL N2.0 PROC_REA C8.0 VAL_SH N13.2 VAL_SP N13.2 VAL_SADT N13.2 VAL_ORTP N13.2 VAL_SANGUE N13.2 VAL_TOT N14.2 US_SH N9.2 US_SP N9.2 US_SADT N9.2 US_ORTP N9.2 US_SANGUE N9.2 US_TOT N10.2 DT_INTER C6.0 DT_SAIDA C6.0 DIAG_PRINC C6.0 COBRANCA C2.0 NATUREZA C2.0 MUNIC_MOV C6.0 COD_IDADE C1.0 IDADE N2.0 DIAS_PERM N4.0 MORTE N1.0 COD_ARQ C1.0 CONT N7.0
RDRR9203.dbc,1992-03,2013-10-31T13:09,45568,09717933c4060d3e257aef77b877cc3e863231dcf9fc0369fce8e96cb1b58674,1431,1,UF_ZI C2.0 ANO_CMPT C2.0 MES_CMPT C2.0 ESPEC C1.0 CGC_HOSP C14.0 N_AIH C10.0 IDENT C1.0 NASC C6.0 SEXO C1.0 UTI_TOTAL N2.0 PROC_REA C8.0 VAL_SH N13.2 VAL_SP N13.2 VAL_SADT N13.2 VAL_ORTP N13.2 VAL_SANGUE N13.2 VAL_TOT N14.2 US_SH N9.2 US_SP N9.2 US_SADT N9.2 US_ORTP N9.2 US_SANGUE N9.2 US_TOT N10.2 DT_INTER C6.0 DT_SAIDA C6.0 DIAG_PRINC C6.0 COBRANCA C2.0 NATUREZA C2.0 MUNIC_MOV C6.0 COD_IDADE C1.0 IDADE N2.0 DIAS_PERM N4.0 MORTE N1.0 COD_ARQ C1.0 CONT N7.0
RDRR9204.dbc,1992-04,2013-10-31T13:09,40876,ef2686fadcda9b3f94259a002d3ef9bf93f7eb96e80d70b6a17c3a8c27af9d6b,1222,1,UF_ZI C2.0 ANO_CMPT C2.0 MES_CMPT C2.0 ESPEC C1.0 CGC_HOSP C14.0 N_AIH C10.0 IDENT C1.0 NASC C6.0 SEXO C1.0 UTI_TOTAL N2.0 PROC_REA C8.0 VAL_SH N13.2 VAL_SP N13.2 VAL_SADT N13.2 VAL_ORTP N13.2 VAL_SANGUE N13.2 VAL_TOT N14.2 US_SH N9.2 US_SP N9.2 US_SADT N9.2 US_ORTP N9.2 US_SANGUE N9.2 US_TOT N10.2 DT_INTER C6.0 DT_SAIDA C6.0 DIAG_PRINC C6.0 COBRANCA C2.0 NATUREZA C2.0 MUNIC_MOV C6.0 COD_IDADE C1.0 IDADE N2.0 DIAS_PERM N4.0 MORTE N1.0 COD_ARQ C1.0 CONT N7.0
RDRR9205.dbc,1992-05,2013-10-31T13:09,73015,8b93a38011972c02f880ed912e65a82800698b9456b23e3f2e3e650d29546aed,1951,1,UF_ZI C2.0 ANO_CMPT C2.0 MES_CMPT C2.0 ESPEC C1.0 CGC_HOSP C14.0 N_AIH C10.0 IDENT C1.0 NASC C6.0 SEXO C1.0 UTI_TOTAL N2.0 PROC_REA C8.0 VAL_SH N13.2 VAL_SP N13.2 VAL_SADT N13.2 VAL_ORTP N13.2 VAL_SANGUE N13.2 VAL_TOT N14.2 US_SH N9.2 US_SP N9.2 US_SADT N9.2 US_ORTP N9.2 US_SANGUE N9.2 US_TOT N10.2 DT_INTER C6.0 DT_SAIDA C6.0 DIAG_PRINC C6.0 COBRANCA C2.0 NATUREZA C2.0 MUNIC_MOV C6.0 COD_IDADE C1.0 IDADE N2.0 DIAS_PERM N4.0 MORTE N1.0 COD_ARQ C1.0 CONT N7.0
RDRR9206.dbc,1992-06,2013-10-31T13:09,49415,e1132fb8b8595487d8f1baf781f66f366145f9b5e591e402e02d239d7e497b49,1251,1,UF_ZI C2.0 ANO_CMPT C2.0 MES_CMPT C2.0 ESPEC C1.0 CGC_HOSP C14.0 N_AIH C10.0 IDENT C1.0 NASC C6.0 SEXO C1.0 UTI_TOTAL N2.0 PROC_REA C8.0 VAL_SH N13.2 VAL_SP N13.2 VAL_SADT N13.2 VAL_ORTP N13.2 VAL_SANGUE N13.2 VAL_TOT N14.2 US_SH N9.2 US_SP N9.2 US_SADT N9.2 US_ORTP N9.2 US_SANGUE N9.2 US_TOT N10.2 DT_INTER C6.0 DT_SAIDA C6.0 DIAG_PRINC C6.0 COBRANCA C2.0 NATUREZA C2.0 MUNIC_MOV C6.0 COD_IDADE C1.0 IDADE N2.0 DIAS_PERM N4.0 MORTE N1.0 COD_ARQ C1.0 CONT N7.0
RDRR9207.dbc,1992-07,2013-10-31T13:09,51476,ee25dca455b008dd57878db3028de1af1f21c9a062a5b315cdba643f605eeeaf,1264,1,UF_ZI C2.0 ANO_CMPT C2.0 MES_CMPT C2.0 ESPEC C1.0 CGC_HOSP C14.0 N_AIH C10.0 IDENT C1.0 NASC C6.0 SEXO C1.0 UTI_TOTAL N2.0 PROC_REA C8.0 VAL_SH N13.2 VAL_SP N13.2 VAL_SADT N13.2 VAL_ORTP N13.2 VAL_SANGUE N13.2 VAL_TOT N14.2 US_SH N9.2 US_SP N9.2 US_SADT N9.2 US_ORTP N9.2 US_SANGUE N9.2 US_TOT N10.2 DT_INTER C6.0 DT_SAIDA C6.0 DIAG_PRINC C6.0 COBRANCA C2.0 NATUREZA C2.0 MUNIC_MOV C6.0 COD_IDADE C1.0 IDADE N2.0 DIAS_PERM N4.0 MORTE N1.0 COD_ARQ C1.0 CONT N7.0
RDRR9208.dbc,1992-08,2013-10-31T13:09,58896,c6e02d0ac2c13045e8c6eea71df89e9095b23968f78cf26b8afc4c41a0de54c0,1454,1,UF_ZI C2.0 ANO_CMPT C2.0 MES_CMPT C2.0 ESPEC C1.0 CGC_HOSP C14.0 N_AIH C10.0 IDENT C1.0 NASC C6.0 SEXO C1.0 UTI_TOTAL N2.0 PROC_REA C8.0 VAL_SH N13.2 VAL_SP N13.2 VAL_SADT N13.2 VAL_ORTP N13.2 VAL_SANGUE N13.2 VAL_TOT N14.2 US_SH N9.2 US_SP N9.2 US_SADT N9.2 US_ORTP N9.2 US_SANGUE N9.2 US_TOT N10.2 DT_INTER C6.0 DT_SAIDA C6.0 DIAG_PRINC C6.0 COBRANCA C2.0 NATUREZA C2.0 MUNIC_MOV C6.0 COD_IDADE C1.0 IDADE N2.0 DIAS_PERM N4.0 MORTE N1.0 COD_ARQ C1.0 CONT N7.0
RDRR9209.dbc,1992-09,2013-10-31T13:09,50862,a3cbfda794b897c5e22025829e6d34b0ca4bba477dc91369b464b2293090c1bc,1277,1,UF_ZI C2.0 ANO_CMPT C2.0 MES_CMPT C2.0 ESPEC C1.0 CGC_HOSP C14.0 N_AIH C10.0 IDENT C1.0 NASC C6.0 SEXO C1.0 UTI_TOTAL N2.0 PROC_REA C8.0 VAL_SH N13.2 VAL_SP N13.2 VAL_SADT N13.2 VAL_ORTP N13.2 VAL_SANGUE N13.2 VAL_TOT N14.2 US_SH N9.2 US_SP N9.2 US_SADT N9.2 US_ORTP N9.2 US_SANGUE N9.2 US_TOT N10.2 DT_INTER C6.0 DT_SAIDA C6.0 DIAG_PRINC C6.0 COBRANCA C2.0 NATUREZA C2.0 MUNIC_MOV C6.0 COD_IDADE C1.0 IDADE N2.0 DIAS_PERM N4.0 MORTE N1.0 COD_ARQ C1.0 CONT N7.0
RDRR9210.dbc,1992-10,2013-10-31T13:09,28120,927f8e717ddfd8038b5df91495de217cb6ea4ed1688b78fccc28a198b6264c54,587,1,UF_ZI C2.0 ANO_CMPT C2.0 MES_CMPT C2.0 ESPEC C1.0 CGC_HOSP C14.0 N_AIH C10.0 IDENT C1.0 NASC C6.0 SEXO C1.0 UTI_TOTAL N2.0 PROC_REA C8.0 VAL_SH N13.2 VAL_SP N13.2 VAL_SADT N13.2 VAL_ORTP N13.2 VAL_SANGUE N13.2 VAL_TOT N14.2 US_SH N9.2 US_SP N9.2 US_SADT N9.2 US_ORTP N9.2 US_SANGUE N9.2 US_TOT N10.2 DT_INTER C6.0 DT_SAIDA C6.0 DIAG_PRINC C6.0 COBRANCA C2.0 NATUREZA C2.0 MUNIC_MOV C6.0 COD_IDADE C1.0 IDADE N2.0 DIAS_PERM N4.0 MORTE N1.0 COD_ARQ C1.0 CONT N7.0
RDRR9211.dbc,1992-11,2013-10-31T13:09,64742,511a0b291489473976530f2cbe6faa71142dd8cd2e55c3d6a64555353dcfd767,1648,1,UF_ZI C2.0 ANO_CMPT C2.0 MES_CMPT C2.0 ESPEC C1.0 CGC_HOSP C14.0 N_AIH C10.0 IDENT C1.0 NASC C6.0 SEXO C1.0 UTI_TOTAL N2.0 PROC_REA C8.0 VAL_SH N13.2 VAL_SP N13.2 VAL_SADT N13.2 VAL_ORTP N13.2 VAL_SANGUE N13.2 VAL_TOT N14.2 US_SH N9.2 US_SP N9.2 US_SADT N9.2 US_ORTP N9.2 US_SANGUE N9.2 US_TOT N10.2 DT_INTER C6.0 DT_SAIDA C6.0 DIAG_PRINC C6.0 COBRANCA C2.0 NATUREZA C2.0 MUNIC_MOV C6.0 COD_IDADE C1.0 IDADE N2.0 DIAS_PERM N4.0 MORTE N1.0 COD_ARQ C1.0 CONT N7.0
RDRR9212.dbc,1992-12,2013-10-31T13:09,61202,54c233bf649970296dbac1783fd60abe39b9ae840fdcf647ab52e27e45a74ae6,2082,1,UF_ZI C2.0 ANO_CMPT C2.0 MES_CMPT C2.0 ESPEC C1.0 CGC_HOSP C14.0 N_AIH C10.0 IDENT C1.0 NASC C6.0 SEXO C1.0 UTI_TOTAL N2.0 PROC_REA C8.0 VAL_SH N13.2 VAL_SP N13.2 VAL_SADT N13.2 VAL_ORTP N13.2 VAL_SANGUE N13.2 VAL_TOT N14.2 US_SH N9.2 US_SP N9.2 US_SADT N9.2 US_ORTP N9.2 US_SANGUE N9.2 US_TOT N10.2 DT_INTER C6.0 DT_SAIDA C6.0 DIAG_PRINC C6.0 COBRANCA C2.0 NATUREZA C2.0 MUNIC_MOV C6.0 COD_IDADE C1.0 IDADE N2.0 DIAS_PERM N4.0 MORTE N1.0 COD_ARQ C1.0 CONT N7.0
RDRR9301.dbc,1993-01,2013-10-31T13:09,58822,c6977b6743f54735a393b2bf462bc657d2b45536f6fd4a6b4246833f81129eb8,1860,1,UF_ZI C2.0 ANO_CMPT C2.0 MES_CMPT C2.0 ESPEC C1.0 CGC_HOSP C14.0 N_AIH C10.0 IDENT C1.0 NASC C6.0 SEXO C1.0 UTI_TOTAL N2.0 PROC_REA C8.0 VAL_SH N13.2 VAL_SP N13.2 VAL_SADT N13.2 VAL_ORTP N13.2 VAL_SANGUE N13.2 VAL_TOT N14.2 US_SH N9.2 US_SP N9.2 US_SADT N9.2 US_ORTP N9.2 US_SANGUE N9.2 US_TOT N10.2 DT_INTER C6.0 DT_SAIDA C6.0 DIAG_PRINC C6.0 COBRANCA C2.0 NATUREZA C2.0 MUNIC_MOV C6.0 COD_IDADE C1.0 IDADE N2.0 DIAS_PERM N4.0 MORTE N1.0 COD_ARQ C1.0 CONT N7.0
RDRR9302.dbc,1993-02,2013-10-31T13:09,71297,638be3573742331891569ddd5e1b43df97f4dbbc1d7477b77fdc9e29ec7c56da,1956,1,UF_ZI C2.0 ANO_CMPT C2.0 MES_CMPT C2.0 ESPEC C1.0 CGC_HOSP C14.0 N_AIH C10.0 IDENT C1.0 NASC C6.0 SEXO C1.0 UTI_TOTAL N2.0 PROC_REA C8.0 VAL_SH N13.2 VAL_SP N13.2 VAL_SADT N13.2 VAL_ORTP N13.2 VAL_SANGUE N13.2 VAL_TOT N14.2 US_SH N9.2 US_SP N9.2 US_SADT N9.2 US_ORTP N9.2 US_SANGUE N9.2 US_TOT N10.2 DT_INTER C6.0 DT_SAIDA C6.0 DIAG_PRINC C6.0 COBRANCA C2.0 NATUREZA C2.0 MUNIC_MOV C6.0 COD_IDADE C1.0 IDADE N2.0 DIAS_PERM N4.0 MORTE N1.0 COD_ARQ C1.0 CONT N7.0
RDRR9303.dbc,1993-03,2013-10-31T13:09,56065,1920cc0a8e0ad79efeaeb7bfd6af4cdde21026245413f6c49db56af8fa8ab69d,1772,1,UF_ZI C2.0 ANO_CMPT C2.0 MES_CMPT C2.0 ESPEC C1.0 CGC_HOSP C14.0 N_AIH C10.0 IDENT C1.0 NASC C6.0 SEXO C1.0 UTI_TOTAL N2.0 PROC_REA C8.0 VAL_SH N13.2 VAL_SP N13.2 VAL_SADT N13.2 VAL_ORTP N13.2 VAL_SANGUE N13.2 VAL_TOT N14.2 US_SH N9.2 US_SP N9.2 US_SADT N9.2 US_ORTP N9.2 US_SANGUE N9.2 US_TOT N10.2 DT_INTER C6.0 DT_SAIDA C6.0 DIAG_PRINC C6.0 COBRANCA C2.0 NATUREZA C2.0 MUNIC_MOV C6.0 COD_IDADE C1.0 IDADE N2.0 DIAS_PERM N4.0 MORTE N1.0 COD_ARQ C1.0 CONT N7.0
RDRR9304.dbc,1993-04,2013-10-31T13:09,66454,88fa4b3b4fc79053f773b9cd1da6a47ba4234e55c1f2ed19bfb945c2b930638e,2014,1,UF_ZI C2.0 ANO_CMPT C2.0 MES_CMPT C2.0 ESPEC C1.0 CGC_HOSP C14.0 N_AIH C10.0 IDENT C1.0 NASC C6.0 SEXO C1.0 UTI_TOTAL N2.0 PROC_REA C8.0 VAL_SH N13.2 VAL_SP N13.2 VAL_SADT N13.2 VAL_ORTP N13.2 VAL_SANGUE N13.2 VAL_TOT N14.2 US_SH N9.2 US_SP N9.2 US_SADT N9.2 US_ORTP N9.2 US_SANGUE N9.2 US_TOT N10.2 DT_INTER C6.0 DT_SAIDA C6.0 DIAG_PRINC C6.0 COBRANCA C2.0 NATUREZA C2.0 MUNIC_MOV C6.0 COD_IDADE C1.0 IDADE N2.0 DIAS_PERM N4.0 MORTE N1.0 COD_ARQ C1.0 CONT N7.0
RDRR9305.dbc,1993-05,2013-10-31T13:09,66046,3a15ce99a24ded8e60e51f97cddf60f3cd0c7c3e7e0d54be1afd1b3228529f61,2143,1,UF_ZI C2.0 ANO_CMPT C2.0 MES_CMPT C2.0 ESPEC C1.0 CGC_HOSP C14.0 N_AIH C10.0 IDENT C1.0 NASC C6.0 SEXO C1.0 UTI_TOTAL N2.0 PROC_REA C8.0 VAL_SH N13.2 VAL_SP N13.2 VAL_SADT N13.2 VAL_ORTP N13.2 VAL_SANGUE N13.2 VAL_TOT N14.2 US_SH N9.2 US_SP N9.2 US_SADT N9.2 US_ORTP N9.2 US_SANGUE N9.2 US_TOT N10.2 DT_INTER C6.0 DT_SAIDA C6.0 DIAG_PRINC C6.0 COBRANCA C2.0 NATUREZA C2.0 MUNIC_MOV C6.0 COD_IDADE C1.0 IDADE N2.0 DIAS_PERM N4.0 MORTE N1.0 COD_ARQ C1.0 CONT N7.0
RDRR9306.dbc,1993-06,2013-10-31T13:09,58313,e6652a316dd260ddb3d313f274f615c6e74c3b3b6fd40cfb6e22ea58e1cb6f4f,1813,1,UF_ZI C2.0 ANO_CMPT C2.0 MES_CMPT C2.0 ESPEC C1.0 CGC_HOSP C14.0 N_AIH C10.0 IDENT C1.0 NASC C6.0 SEXO C1.0 UTI_TOTAL N2.0 PROC_REA C8.0 VAL_SH N13.2 VAL_SP N13.2 VAL_SADT N13.2 VAL_ORTP N13.2 VAL_SANGUE N13.2 VAL_TOT N14.2 US_SH N9.2 US_SP N9.2 US_SADT N9.2 US_ORTP N9.2 US_SANGUE N9.2 US_TOT N10.2 DT_INTER C6.0 DT_SAIDA C6.0 DIAG_PRINC C6.0 COBRANCA C2.0 NATUREZA C2.0 MUNIC_MOV C6.0 COD_IDADE C1.0 IDADE N2.0 DIAS_PERM N4.0 MORTE N1.0 COD_ARQ C1.0 CONT N7.0
RDRR9307.dbc,1993-07,2013-10-31T13:09,57398,602039c41e58412ea1fda71ea07a2c47bd118000c4788b20f05b9deb8c5df94b,1778,1,UF_ZI C2.0 ANO_CMPT C2.0 MES_CMPT C2.0 ESPEC C1.0 CGC_HOSP C14.0 N_AIH C10.0 IDENT C1.0 NASC C6.0 SEXO C1.0 UTI_TOTAL N2.0 PROC_REA C8.0 VAL_SH N13.2 VAL_SP N13.2 VAL_SADT N13.2 VAL_ORTP N13.2 VAL_SANGUE N13.2 VAL_TOT N14.2 US_SH N9.2 US_SP N9.2 US_SADT N9.2 US_ORTP N9.2 US_SANGUE N9.2 US_TOT N10.2 DT_INTER C6.0 DT_SAIDA C6.0 DIAG_PRINC C6.0 COBRANCA C2.0 NATUREZA C2.0 MUNIC_MOV C6.0 COD_IDADE C1.0 IDADE N2.0 DIAS_PERM N4.0 MORTE N1.0 COD_ARQ C1.0 CONT N7.0
RDRR9308.dbc,1993-08,2013-10-31T13:09,64442,d84633e0a426bd1c11a2fa0dd45784fb9b3bae654d3a6dc47e7e309f01db6bde,1941,1,UF_ZI C2.0 ANO_CMPT C2.0 MES_CMPT C2.0 ESPEC C1.0 CGC_HOSP C14.0 N_AIH C10.0 IDENT C1.0 NASC C6.0 SEXO C1.0 UTI_TOTAL N2.0 PROC_REA C8.0 VAL_SH N13.2 VAL_SP N13.2 VAL_SADT N13.2 VAL_ORTP N13.2 VAL_SANGUE N13.2 VAL_TOT N14.2 US_SH N9.2 US_SP N9.2 US_SADT N9.2 US_ORTP N9.2 US_SANGUE N9.2 US_TOT N10.2 DT_INTER C6.0 DT_SAIDA C6.0 DIAG_PRINC C6.0 COBRANCA C2.0 NATUREZA C2.0 MUNIC_MOV C6.0 COD_IDADE C1.0 IDADE N2.0 DIAS_PERM N4.0 MORTE N1.0 COD_ARQ C1.0 CONT N7.0
RDRR9309.dbc,1993-09,2013-10-31T13:09,57829,90c1c482a2b98783c883b8ca9797fdc5c02f87ed76f19677529695bf23d88bd9,1837,1,UF_ZI C2.0 ANO_CMPT C2.0 MES_CMPT C2.0 ESPEC C1.0 CGC_HOSP C14.0 N_AIH C10.0 IDENT C1.0 NASC C6.0 SEXO C1.0 UTI_TOTAL N2.0 PROC_REA C8.0 VAL_SH N13.2 VAL_SP N13.2 VAL_SADT N13.2 VAL_ORTP N13.2 VAL_SANGUE N13.2 VAL_TOT N14.2 US_SH N9.2 US_SP N9.2 US_SADT N9.2 US_ORTP N9.2 US_SANGUE N9.2 US_TOT N10.2 DT_INTER C6.0 DT_SAIDA C6.0 DIAG_PRINC C6.0 COBRANCA C2.0 NATUREZA C2.0 MUNIC_MOV C6.0 COD_IDADE C1.0 IDADE N2.0 DIAS_PERM N4.0 MORTE N1.0 COD_ARQ C1.0 CONT N7.0
RDRR9310.dbc,1993-10,2013-10-31T13:09,60200,3fda49b6742ba3f9abfeca06f67bc8f5813b8fca3aca623426d616e6e03aa2aa,1855,1,UF_ZI C2.0 ANO_CMPT C2.0 MES_CMPT C2.0 ESPEC C1.0 CGC_HOSP C14.0 N_AIH C10.0 IDENT C1.0 NASC C6.0 SEXO C1.0 UTI_TOTAL N2.0 PROC_REA C8.0 VAL_SH N13.2 VAL_SP N13.2 VAL_SADT N13.2 VAL_ORTP N13.2 VAL_SANGUE N13.2 VAL_TOT N14.2 US_SH N9.2 US_SP N9.2 US_SADT N9.2 US_ORTP N9.2 US_SANGUE N9.2 US_TOT N10.2 DT_INTER C6.0 DT_SAIDA C6.0 DIAG_PRINC C6.0 COBRANCA C2.0 NATUREZA C2.0 MUNIC_MOV C6.0 COD_IDADE C1.0 IDADE N2.0 DIAS_PERM N4.0 MORTE N1.0 COD_ARQ C1.0 CONT N7.0
RDRR9311.dbc,1993-11,2013-10-31T13:09,62788,9e160b3c3e4ac24a14d0c1205f92d7d089f8674a88771dca519c639dfea53cd4,1933,1,UF_ZI C2.0 ANO_CMPT C2.0 MES_CMPT C2.0 ESPEC C1.0 CGC_HOSP C14.0 N_AIH C10.0 IDENT C1.0 NASC C6.0 SEXO C1.0 UTI_TOTAL N2.0 PROC_REA C8.0 VAL_SH N13.2 VAL_SP N13.2 VAL_SADT N13.2 VAL_ORTP N13.2 VAL_SANGUE N13.2 VAL_TOT N14.2 US_SH N9.2 US_SP N9.2 US_SADT N9.2 US_ORTP N9.2 US_SANGUE N9.2 US_TOT N10.2 DT_INTER C6.0 DT_SAIDA C6.0 DIAG_PRINC C6.0 COBRANCA C2.0 NATUREZA C2.0 MUNIC_MOV C6.0 COD_IDADE C1.0 IDADE N2.0 DIAS_PERM N4.0 MORTE N1.0 COD_ARQ C1.0 CONT N7.0
RDMG9312.dbc,1993-12,2013-10-31T12:50,5156113,eca0ffe79fbc55a0f4e1729c1a296d3bc17a642b913cbb17bd3cb1736c031850,143596,1,UF_ZI C2.0 ANO_CMPT C2.0 MES_CMPT C2.0 ESPEC C1.0 CGC_HOSP C14.0 N_AIH C10.0 IDENT C1.0 NASC C6.0 SEXO C1.0 UTI_TOTAL N2.0 PROC_REA C8.0 VAL_SH N13.2 VAL_SP N13.2 VAL_SADT N13.2 VAL_ORTP N13.2 VAL_SANGUE N13.2 VAL_TOT N14.2 US_SH N9.2 US_SP N9.2 US_SADT N9.2 US_ORTP N9.2 US_SANGUE N9.2 US_TOT N10.2 DT_INTER C6.0 DT_SAIDA C6.0 DIAG_PRINC C6.0 COBRANCA C2.0 NATUREZA C2.0 MUNIC_MOV C6.0 COD_IDADE C1.0 IDADE N2.0 DIAS_PERM N4.0 MORTE N1.0 COD_ARQ C1.0 CONT N7.0
RDRR9312.dbc,1993-12,2013-10-31T13:09,61623,eb2ab29adf45fd34fb1c31c3bafa394bb5301e89180d55592387f33420a64415,1943,1,UF_ZI C2.0 ANO_CMPT C2.0 MES_CMPT C2.0 ESPEC C1.0 CGC_HOSP C14.0 N_AIH C10.0 IDENT C1.0 NASC C6.0 SEXO C1.0 UTI_TOTAL N2.0 PROC_REA C8.0 VAL_SH N13.2 VAL_SP N13.2 VAL_SADT N13.2 VAL_ORTP N13.2 VAL_SANGUE N13.2 VAL_TOT N14.2 US_SH N9.2 US_SP N9.2 US_SADT N9.2 US_ORTP N9.2 US_SANGUE N9.2 US_TOT N10.2 DT_INTER C6.0 DT_SAIDA C6.0 DIAG_PRINC C6.0 COBRANCA C2.0 NATUREZA C2.0 MUNIC_MOV C6.0 COD_IDADE C1.0 IDADE N2.0 DIAS_PERM N4.0 MORTE N1.0 COD_ARQ C1.0 CONT N7.0
RDSP9312.dbc,1993-12,2013-10-31T13:18,9167589,3b222215d4fd43f235c0ce58f56c547dd0bcb0b5d97c552fd65f7491b5dc0bc8,265610,1,UF_ZI C2.0 ANO_CMPT C2.0 MES_CMPT C2.0 ESPEC C1.0 CGC_HOSP C14.0 N_AIH C10.0 IDENT C1.0 NASC C6.0 SEXO C1.0 UTI_TOTAL N2.0 PROC_REA C8.0 VAL_SH N13.2 VAL_SP N13.2 VAL_SADT N13.2 VAL_ORTP N13.2 VAL_SANGUE N13.2 VAL_TOT N14.2 US_SH N9.2 US_SP N9.2 US_SADT N9.2 US_ORTP N9.2 US_SANGUE N9.2 US_TOT N10.2 DT_INTER C6.0 DT_SAIDA C6.0 DIAG_PRINC C6.0 COBRANCA C2.0 NATUREZA C2.0 MUNIC_MOV C6.0 COD_IDADE C1.0 IDADE N2.0 DIAS_PERM N4.0 MORTE N1.0 COD_ARQ C1.0 CONT N7.0
RDMG9401.dbc,1994-01,2013-10-31T12:50,5253091,1f4a72443d5aeeb230e18aa133a58047a5e5f6ad20b692aabb5b7ef756dd9728,137569,2,UF_ZI C2.0 ANO_CMPT C2.0 MES_CMPT C2.0 ESPEC C1.0 CGC_HOSP C14.0 N_AIH C10.0 IDENT C1.0 CEP C8.0 MUNIC_RES C6.0 NASC C6.0 SEXO C1.0 UTI_TOTAL N2.0 PROC_REA C8.0 VAL_SH N13.2 VAL_SP N13.2 VAL_SADT N13.2 VAL_RN N13.2 VAL_ORTP N13.2 VAL_SANGUE N13.2 VAL_TOT N14.2 US_SH N9.2 US_SP N9.2 US_SADT N9.2 US_RN N9.2 US_ORTP N9.2 US_SANGUE N9.2 US_TOT N10.2 DT_INTER C6.0 DT_SAIDA C6.0 DIAG_PRINC C6.0 COBRANCA C2.0 NATUREZA C2.0 MUNIC_MOV C6.0 COD_IDADE C1.0 IDADE N2.0 DIAS_PERM N4.0 MORTE N1.0 COD_ARQ C1.0 CONT N7.0
RDRR9401.dbc,1994-01,2013-10-31T13:09,60697,57d8c9c56fe508ff4c2cb3dd250ddee5ffb743911d082a805b2b5d83a18b06c1,1782,2,UF_ZI C2.0 ANO_CMPT C2.0 MES_CMPT C2.0 ESPEC C1.0 CGC_HOSP C14.0 N_AIH C10.0 IDENT C1.0 CEP C8.0 MUNIC_RES C6.0 NASC C6.0 SEXO C1.0 UTI_TOTAL N2.0 PROC_REA C8.0 VAL_SH N13.2 VAL_SP N13.2 VAL_SADT N13.2 VAL_RN N13.2 VAL_ORTP N13.2 VAL_SANGUE N13.2 VAL_TOT N14.2 US_SH N9.2 US_SP N9.2 US_SADT N9.2 US_RN N9.2 US_ORTP N9.2 US_SANGUE N9.2 US_TOT N10.2 DT_INTER C6.0 DT_SAIDA C6.0 DIAG_PRINC C6.0 COBRANCA C2.0 NATUREZA C2.0 MUNIC_MOV C6.0 COD_IDADE C1.0 IDADE N2.0 DIAS_PERM N4.0 MORTE N1.0 COD_ARQ C1.0 CONT N7.0
RDSP9401.dbc,1994-01,2013-10-31T13:18,9826639,ffe3c96ccb557f04258f197031d3cee81f00671512b9aa813bf8467cc4037d06,265141,2,UF_ZI C2.0 ANO_CMPT C2.0 MES_CMPT C2.0 ESPEC C1.0 CGC_HOSP C14.0 N_AIH C10.0 IDENT C1.0 CEP C8.0 MUNIC_RES C6.0 NASC C6.0 SEXO C1.0 UTI_TOTAL N2.0 PROC_REA C8.0 VAL_SH N13.2 VAL_SP N13.2 VAL_SADT N13.2 VAL_RN N13.2 VAL_ORTP N13.2 VAL_SANGUE N13.2 VAL_TOT N14.2 US_SH N9.2 US_SP N9.2 US_SADT N9.2 US_RN N9.2 US_ORTP N9.2 US_SANGUE N9.2 US_TOT N10.2 DT_INTER C6.0 DT_SAIDA C6.0 DIAG_PRINC C6.0 COBRANCA C2.0 NATUREZA C2.0 MUNIC_MOV C6.0 COD_IDADE C1.0 IDADE N2.0 DIAS_PERM N4.0 MORTE N1.0 COD_ARQ C1.0 CONT N7.0
RDRR9402.dbc,1994-02,2013-10-31T13:09,53868,890e1d83d5ff6286f37573b0d3b23f5817f63166f83cbb044a13e52058e3f5cd,1589,2,UF_ZI C2.0 ANO_CMPT C2.0 MES_CMPT C2.0 ESPEC C1.0 CGC_HOSP C14.0 N_AIH C10.0 IDENT C1.0 CEP C8.0 MUNIC_RES C6.0 NASC C6.0 SEXO C1.0 UTI_TOTAL N2.0 PROC_REA C8.0 VAL_SH N13.2 VAL_SP N13.2 VAL_SADT N13.2 VAL_RN N13.2 VAL_ORTP N13.2 VAL_SANGUE N13.2 VAL_TOT N14.2 US_SH N9.2 US_SP N9.2 US_SADT N9.2 US_RN N9.2 US_ORTP N9.2 US_SANGUE N9.2 US_TOT N10.2 DT_INTER C6.0 DT_SAIDA C6.0 DIAG_PRINC C6.0 COBRANCA C2.0 NATUREZA C2.0 MUNIC_MOV C6.0 COD_IDADE C1.0 IDADE N2.0 DIAS_PERM N4.0 MORTE N1.0 COD_ARQ C1.0 CONT N7.0
RDRR9403.dbc,1994-03,2013-10-31T13:09,59121,9036d5913e3d646d9f2f40878168abb298f6899b5376cd8dd71149ee3ded4c84,1770,2,UF_ZI C2.0 ANO_CMPT C2.0 MES_CMPT C2.0 ESPEC C1.0 CGC_HOSP C14.0 N_AIH C10.0 IDENT C1.0 CEP C8.0 MUNIC_RES C6.0 NASC C6.0 SEXO C1.0 UTI_TOTAL N2.0 PROC_REA C8.0 VAL_SH N13.2 VAL_SP N13.2 VAL_SADT N13.2 VAL_RN N13.2 VAL_ORTP N13.2 VAL_SANGUE N13.2 VAL_TOT N14.2 US_SH N9.2 US_SP N9.2 US_SADT N9.2 US_RN N9.2 US_ORTP N9.2 US_SANGUE N9.2 US_TOT N10.2 DT_INTER C6.0 DT_SAIDA C6.0 DIAG_PRINC C6.0 COBRANCA C2.0 NATUREZA C2.0 MUNIC_MOV C6.0 COD_IDADE C1.0 IDADE N2.0 DIAS_PERM N4.0 MORTE N1.0 COD_ARQ C1.0 CONT N7.0
RDRR9404.dbc,1994-04,2013-10-31T13:09,57918,c03f1f6b2d828e6ffd396380d50832561149171dff87097c008f88ba2a992e3a,1748,2,UF_ZI C2.0 ANO_CMPT C2.0 MES_CMPT C2.0 ESPEC C1.0 CGC_HOSP C14.0 N_AIH C10.0 IDENT C1.0 CEP C8.0 MUNIC_RES C6.0 NASC C6.0 SEXO C1.0 UTI_TOTAL N2.0 PROC_REA C8.0 VAL_SH N13.2 VAL_SP N13.2 VAL_SADT N13.2 VAL_RN N13.2 VAL_ORTP N13.2 VAL_SANGUE N13.2 VAL_TOT N14.2 US_SH N9.2 US_SP N9.2 US_SADT N9.2 US_RN N9.2 US_ORTP N9.2 US_SANGUE N9.2 US_TOT N10.2 DT_INTER C6.0 DT_SAIDA C6.0 DIAG_PRINC C6.0 COBRANCA C2.0 NATUREZA C2.0 MUNIC_MOV C6.0 COD_IDADE C1.0 IDADE N2.0 DIAS_PERM N4.0 MORTE N1.0 COD_ARQ C1.0 CONT N7.0
RDRR9405.dbc,1994-05,2013-10-31T13:09,59966,1967f71e1238e4e91dbcb0e023b6a9f7555a7ba3788f7299f82e3b10752f705f,1896,2,UF_ZI C2.0 ANO_CMPT C2.0 MES_CMPT C2.0 ESPEC C1.0 CGC_HOSP C14.0 N_AIH C10.0 IDENT C1.0 CEP C8.0 MUNIC_RES C6.0 NASC C6.0 SEXO C1.0 UTI_TOTAL N2.0 PROC_REA C8.0 VAL_SH N13.2 VAL_SP N13.2 VAL_SADT N13.2 VAL_RN N13.2 VAL_ORTP N13.2 VAL_SANGUE N13.2 VAL_TOT N14.2 US_SH N9.2 US_SP N9.2 US_SADT N9.2 US_RN N9.2 US_ORTP N9.2 US_SANGUE N9.2 US_TOT N10.2 DT_INTER C6.0 DT_SAIDA C6.0 DIAG_PRINC C6.0 COBRANCA C2.0 NATUREZA C2.0 MUNIC_MOV C6.0 COD_IDADE C1.0 IDADE N2.0 DIAS_PERM N4.0 MORTE N1.0 COD_ARQ C1.0 CONT N7.0
RDRR9406.dbc,1994-06,2013-10-31T13:09,58015,ea8a2ff410c52278cc5fa164514298c413fbcc09ff03f4a462bc8a7ea1b0ef36,1783,2,UF_ZI C2.0 ANO_CMPT C2.0 MES_CMPT C2.0 ESPEC C1.0 CGC_HOSP C14.0 N_AIH C10.0 IDENT C1.0 CEP C8.0 MUNIC_RES C6.0 NASC C6.0 SEXO C1.0 UTI_TOTAL N2.0 PROC_REA C8.0 VAL_SH N13.2 VAL_SP N13.2 VAL_SADT N13.2 VAL_RN N13.2 VAL_ORTP N13.2 VAL_SANGUE N13.2 VAL_TOT N14.2 US_SH N9.2 US_SP N9.2 US_SADT N9.2 US_RN N9.2 US_ORTP N9.2 US_SANGUE N9.2 US_TOT N10.2 DT_INTER C6.0 DT_SAIDA C6.0 DIAG_PRINC C6.0 COBRANCA C2.0 NATUREZA C2.0 MUNIC_MOV C6.0 COD_IDADE C1.0 IDADE N2.0 DIAS_PERM N4.0 MORTE N1.0 COD_ARQ C1.0 CONT N7.0
RDRR9407.dbc,1994-07,2013-10-31T13:09,53535,aef92d9e890a4c553a1908f8825d458f39371859edb3a9e2af833d8323da774b,1723,2,UF_ZI C2.0 ANO_CMPT C2.0 MES_CMPT C2.0 ESPEC C1.0 CGC_HOSP C14.0 N_AIH C10.0 IDENT C1.0 CEP C8.0 MUNIC_RES C6.0 NASC C6.0 SEXO C1.0 UTI_TOTAL N2.0 PROC_REA C8.0 VAL_SH N13.2 VAL_SP N13.2 VAL_SADT N13.2 VAL_RN N13.2 VAL_ORTP N13.2 VAL_SANGUE N13.2 VAL_TOT N14.2 US_SH N9.2 US_SP N9.2 US_SADT N9.2 US_RN N9.2 US_ORTP N9.2 US_SANGUE N9.2 US_TOT N10.2 DT_INTER C6.0 DT_SAIDA C6.0 DIAG_PRINC C6.0 COBRANCA C2.0 NATUREZA C2.0 MUNIC_MOV C6.0 COD_IDADE C1.0 IDADE N2.0 DIAS_PERM N4.0 MORTE N1.0 COD_ARQ C1.0 CONT N7.0
RDRR9408.dbc,1994-08,2013-10-31T13:09,59034,81c071c2c32222fa7965890cbc718cd908b0a29d6b3d6f6b41acb14e8da60cb4,1857,2,UF_ZI C2.0 ANO_CMPT C2.0 MES_CMPT C2.0 ESPEC C1.0 CGC_HOSP C14.0 N_AIH C10.0 IDENT C1.0 CEP C8.0 MUNIC_RES C6.0 NASC C6.0 SEXO C1.0 UTI_TOTAL N2.0 PROC_REA C8.0 VAL_SH N13.2 VAL_SP N13.2 VAL_SADT N13.2 VAL_RN N13.2 VAL_ORTP N13.2 VAL_SANGUE N13.2 VAL_TOT N14.2 US_SH N9.2 US_SP N9.2 US_SADT N9.2 US_RN N9.2 US_ORTP N9.2 US_SANGUE N9.2 US_TOT N10.2 DT_INTER C6.0 DT_SAIDA C6.0 DIAG_PRINC C6.0 COBRANCA C2.0 NATUREZA C2.0 MUNIC_MOV C6.0 COD_IDADE C1.0 IDADE N2.0 DIAS_PERM N4.0 MORTE N1.0 COD_ARQ C1.0 CONT N7.0
RDRR9409.dbc,1994-09,2013-10-31T13:09,64616,82e559f0741f15ddff51efa62e5ceb5576a43d64f3927ef027538238cc5fd6d8,2125,2,UF_ZI C2.0 ANO_CMPT C2.0 MES_CMPT C2.0 ESPEC C1.0 CGC_HOSP C14.0 N_AIH C10.0 IDENT C1.0 CEP C8.0 MUNIC_RES C6.0 NASC C6.0 SEXO C1.0 UTI_TOTAL N2.0 PROC_REA C8.0 VAL_SH N13.2 VAL_SP N13.2 VAL_SADT N13.2 VAL_RN N13.2 VAL_ORTP N13.2 VAL_SANGUE N13.2 VAL_TOT N14.2 US_SH N9.2 US_SP N9.2 US_SADT N9.2 US_RN N9.2 US_ORTP N9.2 US_SANGUE N9.2 US_TOT N10.2 DT_INTER C6.0 DT_SAIDA C6.0 DIAG_PRINC C6.0 COBRANCA C2.0 NATUREZA C2.0 MUNIC_MOV C6.0 COD_IDADE C1.0 IDADE N2.0 DIAS_PERM N4.0 MORTE N1.0 COD_ARQ C1.0 CONT N7.0
RDRR9410.dbc,1994-10,2013-10-31T13:09,57677,0abf414a99fc611d10405e784f962cf25229bd84ff492ad7a2ed61021eba7034,1839,2,UF_ZI C2.0 ANO_CMPT C2.0 MES_CMPT C2.0 ESPEC C1.0 CGC_HOSP C14.0 N_AIH C10.0 IDENT C1.0 CEP C8.0 MUNIC_RES C6.0 NASC C6.0 SEXO C1.0 UTI_TOTAL N2.0 PROC_REA C8.0 VAL_SH N13.2 VAL_SP N13.2 VAL_SADT N13.2 VAL_RN N13.2 VAL_ORTP N13.2 VAL_SANGUE N13.2 VAL_TOT N14.2 US_SH N9.2 US_SP N9.2 US_SADT N9.2 US_RN N9.2 US_ORTP N9.2 US_SANGUE N9.2 US_TOT N10.2 DT_INTER C6.0 DT_SAIDA C6.0 DIAG_PRINC C6.0 COBRANCA C2.0 NATUREZA C2.0 MUNIC_MOV C6.0 COD_IDADE C1.0 IDADE N2.0 DIAS_PERM N4.0 MORTE N1.0 COD_ARQ C1.0 CONT N7.0
RDMG9411.dbc,1994-11,2013-10-31T12:50,4409582,795d0f1b384ae879a2d104bfd72a3da179909771319b223289d52ee9f9539eb9,134107,2,UF_ZI C2.0 ANO_CMPT C2.0 MES_CMPT C2.0 ESPEC C1.0 CGC_HOSP C14.0 N_AIH C10.0 IDENT C1.0 CEP C8.0 MUNIC_RES C6.0 NASC C6.0 SEXO C1.0 UTI_TOTAL N2.0 PROC_REA C8.0 VAL_SH N13.2 VAL_SP N13.2 VAL_SADT N13.2 VAL_RN N13.2 VAL_ORTP N13.2 VAL_SANGUE N13.2 VAL_TOT N14.2 US_SH N9.2 US_SP N9.2 US_SADT N9.2 US_RN N9.2 US_ORTP N9.2 US_SANGUE N9.2 US_TOT N10.2 DT_INTER C6.0 DT_SAIDA C6.0 DIAG_PRINC C6.0 COBRANCA C2.0 NATUREZA C2.0 MUNIC_MOV C6.0 COD_IDADE C1.0 IDADE N2.0 DIAS_PERM N4.0 MORTE N1.0 COD_ARQ C1.0 CONT N7.0
RDRR9411.dbc,1994-11,2013-10-31T13:09,57738,e1529f5a0689663b545b97f1a79be6fe795d5092e33730d73e703a880ce5b322,2038,2,UF_ZI C2.0 ANO_CMPT C2.0 MES_CMPT C2.0 ESPEC C1.0 CGC_HOSP C14.0 N_AIH C10.0 IDENT C1.0 CEP C8.0 MUNIC_RES C6.0 NASC C6.0 SEXO C1.0 UTI_TOTAL N2.0 PROC_REA C8.0 VAL_SH N13.2 VAL_SP N13.2 VAL_SADT N13.2 VAL_RN N13.2 VAL_ORTP N13.2 VAL_SANGUE N13.2 VAL_TOT N14.2 US_SH N9.2 US_SP N9.2 US_SADT N9.2 US_RN N9.2 US_ORTP N9.2 US_SANGUE N9.2 US_TOT N10.2 DT_INTER C6.0 DT_SAIDA C6.0 DIAG_PRINC C6.0 COBRANCA C2.0 NATUREZA C2.0 MUNIC_MOV C6.0 COD_IDADE C1.0 IDADE N2.0 DIAS_PERM N4.0 MORTE N1.0 COD_ARQ C1.0 CONT N7.0
RDSP9411.dbc,1994-11,2013-10-31T13:18,9025593,10de533f8099217032b5180fdfe5390a511479bc38f47149b7f157812ac549a9,277698,2,UF_ZI C2.0 ANO_CMPT C2.0 MES_CMPT C2.0 ESPEC C1.0 CGC_HOSP C14.0 N_AIH C10.0 IDENT C1.0 CEP C8.0 MUNIC_RES C6.0 NASC C6.0 SEXO C1.0 UTI_TOTAL N2.0 PROC_REA C8.0 VAL_SH N13.2 VAL_SP N13.2 VAL_SADT N13.2 VAL_RN N13.2 VAL_ORTP N13.2 VAL_SANGUE N13.2 VAL_TOT N14.2 US_SH N9.2 US_SP N9.2 US_SADT N9.2 US_RN N9.2 US_ORTP N9.2 US_SANGUE N9.2 US_TOT N10.2 DT_INTER C6.0 DT_SAIDA C6.0 DIAG_PRINC C6.0 COBRANCA C2.0 NATUREZA C2.0 MUNIC_MOV C6.0 COD_IDADE C1.0 IDADE N2.0 DIAS_PERM N4.0 MORTE N1.0 COD_ARQ C1.0 CONT N7.0
RDMG9412.dbc,1994-12,2013-10-31T12:50,4810929,d3529e5d6a2bdb52f52aad7df4257c1c73c19e065596314f69dd4750fe5bd1e5,134635,3,UF_ZI C2.0 ANO_CMPT C2.0 MES_CMPT C2.0 ESPEC C1.0 CGC_HOSP C14.0 N_AIH C10.0 IDENT C1.0 CEP C8.0 MUNIC_RES C6.0 NASC C6.0 SEXO C1.0 UTI_TOTAL N2.0 PROC_REA C8.0 VAL_SH N13.2 VAL_SP N13.2 VAL_SADT N13.2 VAL_RN N13.2 VAL_ORTP N13.2 VAL_SANG N13.2 VAL_TOT N14.2 US_SH N9.2 US_SP N9.2 US_SADT N9.2 US_RN N9.2 US_ORTP N9.2 US_SANGUE N9.2 US_TOT N10.2 DT_INTER C6.0 DT_SAIDA C6.0 DIAG_PRINC C6.0 COBRANCA C2.0 NATUREZA C2.0 MUNIC_MOV C6.0 COD_IDADE C1.0 IDADE N2.0 DIAS_PERM N5.0 MORTE N1.0 COD_ARQ C1.0 CONT N7.0
RDRR9412.dbc,1994-12,2013-10-31T13:09,45593,72e8ec8edd5d52c79587f3d7206603d9e973811bd5d20924bfa19986b462ee05,1614,3,UF_ZI C2.0 ANO_CMPT C2.0 MES_CMPT C2.0 ESPEC C1.0 CGC_HOSP C14.0 N_AIH C10.0 IDENT C1.0 CEP C8.0 MUNIC_RES C6.0 NASC C6.0 SEXO C1.0 UTI_TOTAL N2.0 PROC_REA C8.0 VAL_SH N13.2 VAL_SP N13.2 VAL_SADT N13.2 VAL_RN N13.2 VAL_ORTP N13.2 VAL_SANG N13.2 VAL_TOT N14.2 US_SH N9.2 US_SP N9.2 US_SADT N9.2 US_RN N9.2 US_ORTP N9.2 US_SANGUE N9.2 US_TOT N10.2 DT_INTER C6.0 DT_SAIDA C6.0 DIAG_PRINC C6.0 COBRANCA C2.0 NATUREZA C2.0 MUNIC_MOV C6.0 COD_IDADE C1.0 IDADE N2.0 DIAS_PERM N5.0 MORTE N1.0 COD_ARQ C1.0 CONT N7.0
RDSP9412.dbc,1994-12,2013-10-31T13:18,9480416,5c21792f43b5099ecea835541d9c8b44de0848b0bec263c4fe82da8b3d8951f9,271128,3,UF_ZI C2.0 ANO_CMPT C2.0 MES_CMPT C2.0 ESPEC C1.0 CGC_HOSP C14.0 N_AIH C10.0 IDENT C1.0 CEP C8.0 MUNIC_RES C6.0 NASC C6.0 SEXO C1.0 UTI_TOTAL N2.0 PROC_REA C8.0 VAL_SH N13.2 VAL_SP N13.2 VAL_SADT N13.2 VAL_RN N13.2 VAL_ORTP N13.2 VAL_SANG N13.2 VAL_TOT N14.2 US_SH N9.2 US_SP N9.2 US_SADT N9.2 US_RN N9.2 US_ORTP N9.2 US_SANGUE N9.2 US_TOT N10.2 DT_INTER C6.0 DT_SAIDA C6.0 DIAG_PRINC C6.0 COBRANCA C2.0 NATUREZA C2.0 MUNIC_MOV C6.0 COD_IDADE C1.0 IDADE N2.0 DIAS_PERM N5.0 MORTE N1.0 COD_ARQ C1.0 CONT N7.0
RDMG9501.dbc,1995-01,2013-10-31T12:50,4689203,517ea7d108a8277019df8045d48072e3fb8f629e09779da23b0c395ed4b3dd47,131636,4,UF_ZI C2.0 ANO_CMPT C2.0 MES_CMPT C2.0 ESPEC C1.0 CGC_HOSP C14.0 N_AIH C10.0 IDENT C1.0 CEP C8.0 MUNIC_RES C6.0 NASC C6.0 SEXO C1.0 UTI_TOTAL N2.0 PROC_REA C8.0 VAL_SH N13.2 VAL_SP N13.2 VAL_SADT N13.2 VAL_RN N13.2 VAL_ORTP N13.2 VAL_SANGUE N13.2 VAL_TOT N14.2 US_SH N9.2 US_SP N9.2 US_SADT N9.2 US_RN N9.2 US_ORTP N9.2 US_SANGUE N9.2 US_TOT N10.2 DT_INTER C6.0 DT_SAIDA C6.0 DIAG_PRINC C6.0 COBRANCA C2.0 NATUREZA C2.0 MUNIC_MOV C6.0 COD_IDADE C1.0 IDADE N2.0 DIAS_PERM N5.0 MORTE N1.0 COD_ARQ C1.0 CONT N7.0 NUM_PROC C4.0 SEMIPLEN C1.0
RDRR9501.dbc,1995-01,2013-10-31T13:09,47720,b8de748767c60a56913e6039e708c12d5eb948478152a8f57ba2542863b55af2,1705,4,UF_ZI C2.0 ANO_CMPT C2.0 MES_CMPT C2.0 ESPEC C1.0 CGC_HOSP C14.0 N_AIH C10.0 IDENT C1.0 CEP C8.0 MUNIC_RES C6.0 NASC C6.0 SEXO C1.0 UTI_TOTAL N2.0 PROC_REA C8.0 VAL_SH N13.2 VAL_SP N13.2 VAL_SADT N13.2 VAL_RN N13.2 VAL_ORTP N13.2 VAL_SANGUE N13.2 VAL_TOT N14.2 US_SH N9.2 US_SP N9.2 US_SADT N9.2 US_RN N9.2 US_ORTP N9.2 US_SANGUE N9.2 US_TOT N10.2 DT_INTER C6.0 DT_SAIDA C6.0 DIAG_PRINC C6.0 COBRANCA C2.0 NATUREZA C2.0 MUNIC_MOV C6.0 COD_IDADE C1.0 IDADE N2.0 DIAS_PERM N5.0 MORTE N1.0 COD_ARQ C1.0 CONT N7.0 NUM_PROC C4.0 SEMIPLEN C1.0
RDSP9501.dbc,1995-01,2013-10-31T13:18,9155580,4ff1ba8aba9e04588ae58e307beb6d2173473bad3daf66a0c8277b6686622ac7,262619,4,UF_ZI C2.0 ANO_CMPT C2.0 MES_CMPT C2.0 ESPEC C1.0 CGC_HOSP C14.0 N_AIH C10.0 IDENT C1.0 CEP C8.0 MUNIC_RES C6.0 NASC C6.0 SEXO C1.0 UTI_TOTAL N2.0 PROC_REA C8.0 VAL_SH N13.2 VAL_SP N13.2 VAL_SADT N13.2 VAL_RN N13.2 VAL_ORTP N13.2 VAL_SANGUE N13.2 VAL_TOT N14.2 US_SH N9.2 US_SP N9.2 US_SADT N9.2 US_RN N9.2 US_ORTP N9.2 US_SANGUE N9.2 US_TOT N10.2 DT_INTER C6.0 DT_SAIDA C6.0 DIAG_PRINC C6.0 COBRANCA C2.0 NATUREZA C2.0 MUNIC_MOV C6.0 COD_IDADE C1.0 IDADE N2.0 DIAS_PERM N5.0 MORTE N1.0 COD_ARQ C1.0 CONT N7.0 NUM_PROC C4.0 SEMIPLEN C1.0
RDRR9502.dbc,1995-02,2013-10-31T13:09,49551,673af89a56f4dd3d0b24aa924d0e305a46a025d27cc571f78445178157562342,1718,4,UF_ZI C2.0 ANO_CMPT C2.0 MES_CMPT C2.0 ESPEC C1.0 CGC_HOSP C14.0 N_AIH C10.0 IDENT C1.0 CEP C8.0 MUNIC_RES C6.0 NASC C6.0 SEXO C1.0 UTI_TOTAL N2.0 PROC_REA C8.0 VAL_SH N13.2 VAL_SP N13.2 VAL_SADT N13.2 VAL_RN N13.2 VAL_ORTP N13.2 VAL_SANGUE N13.2 VAL_TOT N14.2 US_SH N9.2 US_SP N9.2 US_SADT N9.2 US_RN N9.2 US_ORTP N9.2 US_SANGUE N9.2 US_TOT N10.2 DT_INTER C6.0 DT_SAIDA C6.0 DIAG_PRINC C6.0 COBRANCA C2.0 NATUREZA C2.0 MUNIC_MOV C6.0 COD_IDADE C1.0 IDADE N2.0 DIAS_PERM N5.0 MORTE N1.0 COD_ARQ C1.0 CONT N7.0 NUM_PROC C4.0 SEMIPLEN C1.0
RDRR9503.dbc,1995-03,2013-10-31T13:09,48363,948cdbc4a9d5dd6ebd5d9abb934ce3eea1aefd15711b8718ec8f63c4c2d331fc,1712,4,UF_ZI C2.0 ANO_CMPT C2.0 MES_CMPT C2.0 ESPEC C1.0 CGC_HOSP C14.0 N_AIH C10.0 IDENT C1.0 CEP C8.0 MUNIC_RES C6.0 NASC C6.0 SEXO C1.0 UTI_TOTAL N2.0 PROC_REA C8.0 VAL_SH N13.2 VAL_SP N13.2 VAL_SADT N13.2 VAL_RN N13.2 VAL_ORTP N13.2 VAL_SANGUE N13.2 VAL_TOT N14.2 US_SH N9.2 US_SP N9.2 US_SADT N9.2 US_RN N9.2 US_ORTP N9.2 US_SANGUE N9.2 US_TOT N10.2 DT_INTER C6.0 DT_SAIDA C6.0 DIAG_PRINC C6.0 COBRANCA C2.0 NATUREZA C2.0 MUNIC_MOV C6.0 COD_IDADE C1.0 IDADE N2.0 DIAS_PERM N5.0 MORTE N1.0 COD_ARQ C1.0 CONT N7.0 NUM_PROC C4.0 SEMIPLEN C1.0
RDRR9504.dbc,1995-04,2013-10-31T13:09,15538,ebb66a538cde604189a1a2bed1ef6d265b64dcde65f525409fc9c5adb7f1b09f,586,4,UF_ZI C2.0 ANO_CMPT C2.0 MES_CMPT C2.0 ESPEC C1.0 CGC_HOSP C14.0 N_AIH C10.0 IDENT C1.0 CEP C8.0 MUNIC_RES C6.0 NASC C6.0 SEXO C1.0 UTI_TOTAL N2.0 PROC_REA C8.0 VAL_SH N13.2 VAL_SP N13.2 VAL_SADT N13.2 VAL_RN N13.2 VAL_ORTP N13.2 VAL_SANGUE N13.2 VAL_TOT N14.2 US_SH N9.2 US_SP N9.2 US_SADT N9.2 US_RN N9.2 US_ORTP N9.2 US_SANGUE N9.2 US_TOT N10.2 DT_INTER C6.0 DT_SAIDA C6.0 DIAG_PRINC C6.0 COBRANCA C2.0 NATUREZA C2.0 MUNIC_MOV C6.0 COD_IDADE C1.0 IDADE N2.0 DIAS_PERM N5.0 MORTE N1.0 COD_ARQ C1.0 CONT N7.0 NUM_PROC C4.0 SEMIPLEN C1.0
RDRR9505.dbc,1995-05,2013-10-31T13:09,6934,78c2d700a6774ab0c4be98c5762aa3190de12ba83acfc9defa7e1c448c55946b,209,4,UF_ZI C2.0 ANO_CMPT C2.0 MES_CMPT C2.0 ESPEC C1.0 CGC_HOSP C14.0 N_AIH C10.0 IDENT C1.0 CEP C8.0 MUNIC_RES C6.0 NASC C6.0 SEXO C1.0 UTI_TOTAL N2.0 PROC_REA C8.0 VAL_SH N13.2 VAL_SP N13.2 VAL_SADT N13.2 VAL_RN N13.2 VAL_ORTP N13.2 VAL_SANGUE N13.2 VAL_TOT N14.2 US_SH N9.2 US_SP N9.2 US_SADT N9.2 US_RN N9.2 US_ORTP N9.2 US_SANGUE N9.2 US_TOT N10.2 DT_INTER C6.0 DT_SAIDA C6.0 DIAG_PRINC C6.0 COBRANCA C2.0 NATUREZA C2.0 MUNIC_MOV C6.0 COD_IDADE C1.0 IDADE N2.0 DIAS_PERM N5.0 MORTE N1.0 COD_ARQ C1.0 CONT N7.0 NUM_PROC C4.0 SEMIPLEN C1.0
RDRR9506.dbc,1995-06,2013-10-31T13:09,26871,7aa029c06b1bd05e387cb0480512ecd99888c00ce39ad779804410596d816559,1024,4,UF_ZI C2.0 ANO_CMPT C2.0 MES_CMPT C2.0 ESPEC C1.0 CGC_HOSP C14.0 N_AIH C10.0 IDENT C1.0 CEP C8.0 MUNIC_RES C6.0 NASC C6.0 SEXO C1.0 UTI_TOTAL N2.0 PROC_REA C8.0 VAL_SH N13.2 VAL_SP N13.2 VAL_SADT N13.2 VAL_RN N13.2 VAL_ORTP N13.2 VAL_SANGUE N13.2 VAL_TOT N14.2 US_SH N9.2 US_SP N9.2 US_SADT N9.2 US_RN N9.2 US_ORTP N9.2 US_SANGUE N9.2 US_TOT N10.2 DT_INTER C6.0 DT_SAIDA C6.0 DIAG_PRINC C6.0 COBRANCA C2.0 NATUREZA C2.0 MUNIC_MOV C6.0 COD_IDADE C1.0 IDADE N2.0 DIAS_PERM N5.0 MORTE N1.0 COD_ARQ C1.0 CONT N7.0 NUM_PROC C4.0 SEMIPLEN C1.0
RDAP9507.dbc,1995-07,2013-10-31T12:38,65257,ef96d6da23a761fe7840322be9023860db83965704eba98a0d4c4666f322e05e,2291,4,UF_ZI C2.0 ANO_CMPT C2.0 MES_CMPT C2.0 ESPEC C1.0 CGC_HOSP C14.0 N_AIH C10.0 IDENT C1.0 CEP C8.0 MUNIC_RES C6.0 NASC C6.0 SEXO C1.0 UTI_TOTAL N2.0 PROC_REA C8.0 VAL_SH N13.2 VAL_SP N13.2 VAL_SADT N13.2 VAL_RN N13.2 VAL_ORTP N13.2 VAL_SANGUE N13.2 VAL_TOT N14.2 US_SH N9.2 US_SP N9.2 US_SADT N9.2 US_RN N9.2 US_ORTP N9.2 US_SANGUE N9.2 US_TOT N10.2 DT_INTER C6.0 DT_SAIDA C6.0 DIAG_PRINC C6.0 COBRANCA C2.0 NATUREZA C2.0 MUNIC_MOV C6.0 COD_IDADE C1.0 IDADE N2.0 DIAS_PERM N5.0 MORTE N1.0 COD_ARQ C1.0 CONT N7.0 NUM_PROC C4.0 SEMIPLEN C1.0
RDAP9508.dbc,1995-08,2013-10-31T12:38,84197,b03ef06793d0f94762759da3dab0b8b59f55446e003bed628490d48104016385,2692,4,UF_ZI C2.0 ANO_CMPT C2.0 MES_CMPT C2.0 ESPEC C1.0 CGC_HOSP C14.0 N_AIH C10.0 IDENT C1.0 CEP C8.0 MUNIC_RES C6.0 NASC C6.0 SEXO C1.0 UTI_TOTAL N2.0 PROC_REA C8.0 VAL_SH N13.2 VAL_SP N13.2 VAL_SADT N13.2 VAL_RN N13.2 VAL_ORTP N13.2 VAL_SANGUE N13.2 VAL_TOT N14.2 US_SH N9.2 US_SP N9.2 US_SADT N9.2 US_RN N9.2 US_ORTP N9.2 US_SANGUE N9.2 US_TOT N10.2 DT_INTER C6.0 DT_SAIDA C6.0 DIAG_PRINC C6.0 COBRANCA C2.0 NATUREZA C2.0 MUNIC_MOV C6.0 COD_IDADE C1.0 IDADE N2.0 DIAS_PERM N5.0 MORTE N1.0 COD_ARQ C1.0 CONT N7.0 NUM_PROC C4.0 SEMIPLEN C1.0
RDAP9509.dbc,1995-09,2013-10-31T12:38,62289,5faba0f7f875a4cc64199a968aa6118f7e66893c8bac33832dea93e033decee3,2045,4,UF_ZI C2.0 ANO_CMPT C2.0 MES_CMPT C2.0 ESPEC C1.0 CGC_HOSP C14.0 N_AIH C10.0 IDENT C1.0 CEP C8.0 MUNIC_RES C6.0 NASC C6.0 SEXO C1.0 UTI_TOTAL N2.0 PROC_REA C8.0 VAL_SH N13.2 VAL_SP N13.2 VAL_SADT N13.2 VAL_RN N13.2 VAL_ORTP N13.2 VAL_SANGUE N13.2 VAL_TOT N14.2 US_SH N9.2 US_SP N9.2 US_SADT N9.2 US_RN N9.2 US_ORTP N9.2 US_SANGUE N9.2 US_TOT N10.2 DT_INTER C6.0 DT_SAIDA C6.0 DIAG_PRINC C6.0 COBRANCA C2.0 NATUREZA C2.0 MUNIC_MOV C6.0 COD_IDADE C1.0 IDADE N2.0 DIAS_PERM N5.0 MORTE N1.0 COD_ARQ C1.0 CONT N7.0 NUM_PROC C4.0 SEMIPLEN C1.0
RDAP9510.dbc,1995-10,2013-10-31T12:38,41172,28d90a3c55d145cb2c44cf3844545ad97696540dd2739a08e997334cae742dc2,1445,4,UF_ZI C2.0 ANO_CMPT C2.0 MES_CMPT C2.0 ESPEC C1.0 CGC_HOSP C14.0 N_AIH C10.0 IDENT C1.0 CEP C8.0 MUNIC_RES C6.0 NASC C6.0 SEXO C1.0 UTI_TOTAL N2.0 PROC_REA C8.0 VAL_SH N13.2 VAL_SP N13.2 VAL_SADT N13.2 VAL_RN N13.2 VAL_ORTP N13.2 VAL_SANGUE N13.2 VAL_TOT N14.2 US_SH N9.2 US_SP N9.2 US_SADT N9.2 US_RN N9.2 US_ORTP N9.2 US_SANGUE N9.2 US_TOT N10.2 DT_INTER C6.0 DT_SAIDA C6.0 DIAG_PRINC C6.0 COBRANCA C2.0 NATUREZA C2.0 MUNIC_MOV C6.0 COD_IDADE C1.0 IDADE N2.0 DIAS_PERM N5.0 MORTE N1.0 COD_ARQ C1.0 CONT N7.0 NUM_PROC C4.0 SEMIPLEN C1.0
RDAP9511.dbc,1995-11,2013-10-31T12:38,37812,8d37bfea0f8eb348c014b2916d846d1f5522e28621c489577deb5ecf6f1a7280,1230,4,UF_ZI C2.0 ANO_CMPT C2.0 MES_CMPT C2.0 ESPEC C1.0 CGC_HOSP C14.0 N_AIH C10.0 IDENT C1.0 CEP C8.0 MUNIC_RES C6.0 NASC C6.0 SEXO C1.0 UTI_TOTAL N2.0 PROC_REA C8.0 VAL_SH N13.2 VAL_SP N13.2 VAL_SADT N13.2 VAL_RN N13.2 VAL_ORTP N13.2 VAL_SANGUE N13.2 VAL_TOT N14.2 US_SH N9.2 US_SP N9.2 US_SADT N9.2 US_RN N9.2 US_ORTP N9.2 US_SANGUE N9.2 US_TOT N10.2 DT_INTER C6.0 DT_SAIDA C6.0 DIAG_PRINC C6.0 COBRANCA C2.0 NATUREZA C2.0 MUNIC_MOV C6.0 COD_IDADE C1.0 IDADE N2.0 DIAS_PERM N5.0 MORTE N1.0 COD_ARQ C1.0 CONT N7.0 NUM_PROC C4.0 SEMIPLEN C1.0
RDAP9512.dbc,1995-12,2013-10-31T12:38,51203,e2786703972d59f4f2a92ae3fde9bda86690cdc1feafcebb55bd4faff8766bf9,1606,4,UF_ZI C2.0 ANO_CMPT C2.0 MES_CMPT C2.0 ESPEC C1.0 CGC_HOSP C14.0 N_AIH C10.0 IDENT C1.0 CEP C8.0 MUNIC_RES C6.0 NASC C6.0 SEXO C1.0 UTI_TOTAL N2.0 PROC_REA C8.0 VAL_SH N13.2 VAL_SP N13.2 VAL_SADT N13.2 VAL_RN N13.2 VAL_ORTP N13.2 VAL_SANGUE N13.2 VAL_TOT N14.2 US_SH N9.2 US_SP N9.2 US_SADT N9.2 US_RN N9.2 US_ORTP N9.2 US_SANGUE N9.2 US_TOT N10.2 DT_INTER C6.0 DT_SAIDA C6.0 DIAG_PRINC C6.0 COBRANCA C2.0 NATUREZA C2.0 MUNIC_MOV C6.0 COD_IDADE C1.0 IDADE N2.0 DIAS_PERM N5.0 MORTE N1.0 COD_ARQ C1.0 CONT N7.0 NUM_PROC C4.0 SEMIPLEN C1.0
RDMG9512.dbc,1995-12,2013-10-31T12:50,4245239,5cb61e84d29b7f83068c73920a2d430d8cb8e1240c0166cbec9ab128489f8f74,110332,4,UF_ZI C2.0 ANO_CMPT C2.0 MES_CMPT C2.0 ESPEC C1.0 CGC_HOSP C14.0 N_AIH C10.0 IDENT C1.0 CEP C8.0 MUNIC_RES C6.0 NASC C6.0 SEXO C1.0 UTI_TOTAL N2.0 PROC_REA C8.0 VAL_SH N13.2 VAL_SP N13.2 VAL_SADT N13.2 VAL_RN N13.2 VAL_ORTP N13.2 VAL_SANGUE N13.2 VAL_TOT N14.2 US_SH N9.2 US_SP N9.2 US_SADT N9.2 US_RN N9.2 US_ORTP N9.2 US_SANGUE N9.2 US_TOT N10.2 DT_INTER C6.0 DT_SAIDA C6.0 DIAG_PRINC C6.0 COBRANCA C2.0 NATUREZA C2.0 MUNIC_MOV C6.0 COD_IDADE C1.0 IDADE N2.0 DIAS_PERM N5.0 MORTE N1.0 COD_ARQ C1.0 CONT N7.0 NUM_PROC C4.0 SEMIPLEN C1.0
RDSP9512.dbc,1995-12,2013-10-31T13:19,7822306,7125ab9fe4cb6e6eb113b5ad9da4f863d694e1a98c3772f276d3c3a3dbfa8d3d,208934,4,UF_ZI C2.0 ANO_CMPT C2.0 MES_CMPT C2.0 ESPEC C1.0 CGC_HOSP C14.0 N_AIH C10.0 IDENT C1.0 CEP C8.0 MUNIC_RES C6.0 NASC C6.0 SEXO C1.0 UTI_TOTAL N2.0 PROC_REA C8.0 VAL_SH N13.2 VAL_SP N13.2 VAL_SADT N13.2 VAL_RN N13.2 VAL_ORTP N13.2 VAL_SANGUE N13.2 VAL_TOT N14.2 US_SH N9.2 US_SP N9.2 US_SADT N9.2 US_RN N9.2 US_ORTP N9.2 US_SANGUE N9.2 US_TOT N10.2 DT_INTER C6.0 DT_SAIDA C6.0 DIAG_PRINC C6.0 COBRANCA C2.0 NATUREZA C2.0 MUNIC_MOV C6.0 COD_IDADE C1.0 IDADE N2.0 DIAS_PERM N5.0 MORTE N1.0 COD_ARQ C1.0 CONT N7.0 NUM_PROC C4.0 SEMIPLEN C1.0
RDAP9601.dbc,1996-01,2013-10-31T12:38,46574,a263ce631634cf3d2975225971290e06bdd23ace5226865f5852291bdeca132d,1520,5,UF_ZI C2.0 ANO_CMPT C2.0 MES_CMPT C2.0 ESPEC C1.0 CGC_HOSP C14.0 N_AIH C10.0 IDENT C1.0 CEP C8.0 MUNIC_RES C6.0 NASC C6.0 SEXO C1.0 UTI_TOTAL N2.0 PROC_REA C8.0 VAL_SH N13.2 VAL_SP N13.2 VAL_SADT N13.2 VAL_RN N13.2 VAL_ORTP N13.2 VAL_SANGUE N13.2 VAL_TOT N14.2 US_SH N9.2 US_SP N9.2 US_SADT N9.2 US_RN N9.2 US_ORTP N9.2 US_SANGUE N9.2 US_TOT N10.2 DT_INTER C6.0 DT_SAIDA C6.0 DIAG_PRINC C6.0 COBRANCA C2.0 NATUREZA C2.0 SEMIPLEN C1.0 MUNIC_MOV C6.0 COD_IDADE C1.0 IDADE N2.0 DIAS_PERM N5.0 MORTE N1.0 COD_ARQ C1.0 CONT N7.0 NUM_PROC N4.0
RDMG9601.dbc,1996-01,2013-10-31T12:50,4471612,de5d896c699c6ad2774ce1a4f64774aad0d663233e1256bced8fece35dcab991,115551,5,UF_ZI C2.0 ANO_CMPT C2.0 MES_CMPT C2.0 ESPEC C1.0 CGC_HOSP C14.0 N_AIH C10.0 IDENT C1.0 CEP C8.0 MUNIC_RES C6.0 NASC C6.0 SEXO C1.0 UTI_TOTAL N2.0 PROC_REA C8.0 VAL_SH N13.2 VAL_SP N13.2 VAL_SADT N13.2 VAL_RN N13.2 VAL_ORTP N13.2 VAL_SANGUE N13.2 VAL_TOT N14.2 US_SH N9.2 US_SP N9.2 US_SADT N9.2 US_RN N9.2 US_ORTP N9.2 US_SANGUE N9.2 US_TOT N10.2 DT_INTER C6.0 DT_SAIDA C6.0 DIAG_PRINC C6.0 COBRANCA C2.0 NATUREZA C2.0 SEMIPLEN C1.0 MUNIC_MOV C6.0 COD_IDADE C1.0 IDADE N2.0 DIAS_PERM N5.0 MORTE N1.0 COD_ARQ C1.0 CONT N7.0 NUM_PROC N4.0
RDSP9601.dbc,1996-01,2013-10-31T13:19,7636212,39212243c4fc323a5676a68c635636ba29be06134190fd8f1db55a31b06ec025,207902,5,UF_ZI C2.0 ANO_CMPT C2.0 MES_CMPT C2.0 ESPEC C1.0 CGC_HOSP C14.0 N_AIH C10.0 IDENT C1.0 CEP C8.0 MUNIC_RES C6.0 NASC C6.0 SEXO C1.0 UTI_TOTAL N2.0 PROC_REA C8.0 VAL_SH N13.2 VAL_SP N13.2 VAL_SADT N13.2 VAL_RN N13.2 VAL_ORTP N13.2 VAL_SANGUE N13.2 VAL_TOT N14.2 US_SH N9.2 US_SP N9.2 US_SADT N9.2 US_RN N9.2 US_ORTP N9.2 US_SANGUE N9.2 US_TOT N10.2 DT_INTER C6.0 DT_SAIDA C6.0 DIAG_PRINC C6.0 COBRANCA C2.0 NATUREZA C2.0 SEMIPLEN C1.0 MUNIC_MOV C6.0 COD_IDADE C1.0 IDADE N2.0 DIAS_PERM N5.0 MORTE N1.0 COD_ARQ C1.0 CONT N7.0 NUM_PROC N4.0
RDRR9602.dbc,1996-02,2013-10-31T13:09,7538,45f07f3903a6876d058d8ff7914e613bb6ab41b017663cf4d5144c84dda6642d,264,5,UF_ZI C2.0 ANO_CMPT C2.0 MES_CMPT C2.0 ESPEC C1.0 CGC_HOSP C14.0 N_AIH C10.0 IDENT C1.0 CEP C8.0 MUNIC_RES C6.0 NASC C6.0 SEXO C1.0 UTI_TOTAL N2.0 PROC_REA C8.0 VAL_SH N13.2 VAL_SP N13.2 VAL_SADT N13.2 VAL_RN N13.2 VAL_ORTP N13.2 VAL_SANGUE N13.2 VAL_TOT N14.2 US_SH N9.2 US_SP N9.2 US_SADT N9.2 US_RN N9.2 US_ORTP N9.2 US_SANGUE N9.2 US_TOT N10.2 DT_INTER C6.0 DT_SAIDA C6.0 DIAG_PRINC C6.0 COBRANCA C2.0 NATUREZA C2.0 SEMIPLEN C1.0 MUNIC_MOV C6.0 COD_IDADE C1.0 IDADE N2.0 DIAS_PERM N5.0 MORTE N1.0 COD_ARQ C1.0 CONT N7.0 NUM_PROC N4.0
RDRR9603.dbc,1996-03,2013-10-31T13:09,31615,2d26229add2b86ff80eb16468fe936fe1a0c31eb078edcad5693dc2ad4ceac5c,885,5,UF_ZI C2.0 ANO_CMPT C2.0 MES_CMPT C2.0 ESPEC C1.0 CGC_HOSP C14.0 N_AIH C10.0 IDENT C1.0 CEP C8.0 MUNIC_RES C6.0 NASC C6.0 SEXO C1.0 UTI_TOTAL N2.0 PROC_REA C8.0 VAL_SH N13.2 VAL_SP N13.2 VAL_SADT N13.2 VAL_RN N13.2 VAL_ORTP N13.2 VAL_SANGUE N13.2 VAL_TOT N14.2 US_SH N9.2 US_SP N9.2 US_SADT N9.2 US_RN N9.2 US_ORTP N9.2 US_SANGUE N9.2 US_TOT N10.2 DT_INTER C6.0 DT_SAIDA C6.0 DIAG_PRINC C6.0 COBRANCA C2.0 NATUREZA C2.0 SEMIPLEN C1.0 MUNIC_MOV C6.0 COD_IDADE C1.0 IDADE N2.0 DIAS_PERM N5.0 MORTE N1.0 COD_ARQ C1.0 CONT N7.0 NUM_PROC N4.0
RDRR9604.dbc,1996-04,2013-10-31T13:09,38992,2e5c0a01fbe8e60a775c29684ce4c1b6ec5d61e0f39418e94373cef5f317090d,1080,5,UF_ZI C2.0 ANO_CMPT C2.0 MES_CMPT C2.0 ESPEC C1.0 CGC_HOSP C14.0 N_AIH C10.0 IDENT C1.0 CEP C8.0 MUNIC_RES C6.0 NASC C6.0 SEXO C1.0 UTI_TOTAL N2.0 PROC_REA C8.0 VAL_SH N13.2 VAL_SP N13.2 VAL_SADT N13.2 VAL_RN N13.2 VAL_ORTP N13.2 VAL_SANGUE N13.2 VAL_TOT N14.2 US_SH N9.2 US_SP N9.2 US_SADT N9.2 US_RN N9.2 US_ORTP N9.2 US_SANGUE N9.2 US_TOT N10.2 DT_INTER C6.0 DT_SAIDA C6.0 DIAG_PRINC C6.0 COBRANCA C2.0 NATUREZA C2.0 SEMIPLEN C1.0 MUNIC_MOV C6.0 COD_IDADE C1.0 IDADE N2.0 DIAS_PERM N5.0 MORTE N1.0 COD_ARQ C1.0 CONT N7.0 NUM_PROC N4.0
RDRR9605.dbc,1996-05,2013-10-31T13:09,38557,03d8828a758c1bf8208501250b289f6f8a1267fab8544f0834e51c2f7e0cc01c,1160,5,UF_ZI C2.0 ANO_CMPT C2.0 MES_CMPT C2.0 ESPEC C1.0 CGC_HOSP C14.0 N_AIH C10.0 IDENT C1.0 CEP C8.0 MUNIC_RES C6.0 NASC C6.0 SEXO C1.0 UTI_TOTAL N2.0 PROC_REA C8.0 VAL_SH N13.2 VAL_SP N13.2 VAL_SADT N13.2 VAL_RN N13.2 VAL_ORTP N13.2 VAL_SANGUE N13.2 VAL_TOT N14.2 US_SH N9.2 US_SP N9.2 US_SADT N9.2 US_RN N9.2 US_ORTP N9.2 US_SANGUE N9.2 US_TOT N10.2 DT_INTER C6.0 DT_SAIDA C6.0 DIAG_PRINC C6.0 COBRANCA C2.0 NATUREZA C2.0 SEMIPLEN C1.0 MUNIC_MOV C6.0 COD_IDADE C1.0 IDADE N2.0 DIAS_PERM N5.0 MORTE N1.0 COD_ARQ C1.0 CONT N7.0 NUM_PROC N4.0
RDRR9606.dbc,1996-06,2013-10-31T13:09,39974,2098c6a05a14a1687807d312a1708face30a37dd75d9a6f34a4f75ad512fa67a,1086,5,UF_ZI C2.0 ANO_CMPT C2.0 MES_CMPT C2.0 ESPEC C1.0 CGC_HOSP C14.0 N_AIH C10.0 IDENT C1.0 CEP C8.0 MUNIC_RES C6.0 NASC C6.0 SEXO C1.0 UTI_TOTAL N2.0 PROC_REA C8.0 VAL_SH N13.2 VAL_SP N13.2 VAL_SADT N13.2 VAL_RN N13.2 VAL_ORTP N13.2 VAL_SANGUE N13.2 VAL_TOT N14.2 US_SH N9.2 US_SP N9.2 US_SADT N9.2 US_RN N9.2 US_ORTP N9.2 US_SANGUE N9.2 US_TOT N10.2 DT_INTER C6.0 DT_SAIDA C6.0 DIAG_PRINC C6.0 COBRANCA C2.0 NATUREZA C2.0 SEMIPLEN C1.0 MUNIC_MOV C6.0 COD_IDADE C1.0 IDADE N2.0 DIAS_PERM N5.0 MORTE N1.0 COD_ARQ C1.0 CONT N7.0 NUM_PROC N4.0
RDMG9607.dbc,1996-07,2013-10-31T12:50,4574770,37d45f7f0d26a8acc6833c43f09fa6f571aa50f1464205c9a64c9aadd65bea63,116403,5,UF_ZI C2.0 ANO_CMPT C2.0 MES_CMPT C2.0 ESPEC C1.0 CGC_HOSP C14.0 N_AIH C10.0 IDENT C1.0 CEP C8.0 MUNIC_RES C6.0 NASC C6.0 SEXO C1.0 UTI_TOTAL N2.0 PROC_REA C8.0 VAL_SH N13.2 VAL_SP N13.2 VAL_SADT N13.2 VAL_RN N13.2 VAL_ORTP N13.2 VAL_SANGUE N13.2 VAL_TOT N14.2 US_SH N9.2 US_SP N9.2 US_SADT N9.2 US_RN N9.2 US_ORTP N9.2 US_SANGUE N9.2 US_TOT N10.2 DT_INTER C6.0 DT_SAIDA C6.0 DIAG_PRINC C6.0 COBRANCA C2.0 NATUREZA C2.0 SEMIPLEN C1.0 MUNIC_MOV C6.0 COD_IDADE C1.0 IDADE N2.0 DIAS_PERM N5.0 MORTE N1.0 COD_ARQ C1.0 CONT N7.0 NUM_PROC N4.0
RDRR9607.dbc,1996-07,2013-10-31T13:09,38957,12a9badc2c8c311bcbcdbde09834be75899f97a0193f79dc53fc4a2ecc6c0c4d,995,5,UF_ZI C2.0 ANO_CMPT C2.0 MES_CMPT C2.0 ESPEC C1.0 CGC_HOSP C14.0 N_AIH C10.0 IDENT C1.0 CEP C8.0 MUNIC_RES C6.0 NASC C6.0 SEXO C1.0 UTI_TOTAL N2.0 PROC_REA C8.0 VAL_SH N13.2 VAL_SP N13.2 VAL_SADT N13.2 VAL_RN N13.2 VAL_ORTP N13.2 VAL_SANGUE N13.2 VAL_TOT N14.2 US_SH N9.2 US_SP N9.2 US_SADT N9.2 US_RN N9.2 US_ORTP N9.2 US_SANGUE N9.2 US_TOT N10.2 DT_INTER C6.0 DT_SAIDA C6.0 DIAG_PRINC C6.0 COBRANCA C2.0 NATUREZA C2.0 SEMIPLEN C1.0 MUNIC_MOV C6.0 COD_IDADE C1.0 IDADE N2.0 DIAS_PERM N5.0 MORTE N1.0 COD_ARQ C1.0 CONT N7.0 NUM_PROC N4.0
RDSP9607.dbc,1996-07,2013-10-31T13:19,8235656,e427bdfe5fed311ef87261950c166d86523fb56fb124bed93857c3dc4ad464da,221826,5,UF_ZI C2.0 ANO_CMPT C2.0 MES_CMPT C2.0 ESPEC C1.0 CGC_HOSP C14.0 N_AIH C10.0 IDENT C1.0 CEP C8.0 MUNIC_RES C6.0 NASC C6.0 SEXO C1.0 UTI_TOTAL N2.0 PROC_REA C8.0 VAL_SH N13.2 VAL_SP N13.2 VAL_SADT N13.2 VAL_RN N13.2 VAL_ORTP N13.2 VAL_SANGUE N13.2 VAL_TOT N14.2 US_SH N9.2 US_SP N9.2 US_SADT N9.2 US_RN N9.2 US_ORTP N9.2 US_SANGUE N9.2 US_TOT N10.2 DT_INTER C6.0 DT_SAIDA C6.0 DIAG_PRINC C6.0 COBRANCA C2.0 NATUREZA C2.0 SEMIPLEN C1.0 MUNIC_MOV C6.0 COD_IDADE C1.0 IDADE N2.0 DIAS_PERM N5.0 MORTE N1.0 COD_ARQ C1.0 CONT N7.0 NUM_PROC N4.0
RDMG9608.dbc,1996-08,2013-10-31T12:51,4481744,f885946f9dbecadd3ca5a6ceba7776171f6c3e0edb54bd86b74dbe039bb5f18b,114135,6,UF_ZI C2.0 ANO_CMPT C2.0 MES_CMPT C2.0 ESPEC C1.0 CGC_HOSP C14.0 N_AIH C10.0 IDENT C1.0 CEP C8.0 MUNIC_RES C6.0 NASC C6.0 SEXO C1.0 UTI_TOTAL N2.0 PROC_REA C8.0 VAL_SH N13.2 VAL_SP N13.2 VAL_SADT N13.2 VAL_RN N13.2 VAL_ORTP N13.2 VAL_SANGUE N13.2 VAL_TOT N14.2 US_SH N9.2 US_SP N9.2 US_SADT N9.2 US_RN N9.2 US_ORTP N9.2 US_SANGUE N9.2 US_TOT N10.2 DT_INTER C6.0 DT_SAIDA C6.0 DIAG_PRINC C6.0 COBRANCA C2.0 NATUREZA C2.0 SEMIPLEN C1.0 MUNIC_MOV C6.0 COD_IDADE C1.0 IDADE N2.0 DIAS_PERM N5.0 MORTE N1.0 COD_ARQ C1.0 CONT N7.0 NUM_PROC C4.0
RDRR9608.dbc,1996-08,2013-10-31T13:09,33905,0b212bbd74de59923f392456cda42337a44ed90f63c049ef9095891a17b07c87,787,6,UF_ZI C2.0 ANO_CMPT C2.0 MES_CMPT C2.0 ESPEC C1.0 CGC_HOSP C14.0 N_AIH C10.0 IDENT C1.0 CEP C8.0 MUNIC_RES C6.0 NASC C6.0 SEXO C1.0 UTI_TOTAL N2.0 PROC_REA C8.0 VAL_SH N13.2 VAL_SP N13.2 VAL_SADT N13.2 VAL_RN N13.2 VAL_ORTP N13.2 VAL_SANGUE N13.2 VAL_TOT N14.2 US_SH N9.2 US_SP N9.2 US_SADT N9.2 US_RN N9.2 US_ORTP N9.2 US_SANGUE N9.2 US_TOT N10.2 DT_INTER C6.0 DT_SAIDA C6.0 DIAG_PRINC C6.0 COBRANCA C2.0 NATUREZA C2.0 SEMIPLEN C1.0 MUNIC_MOV C6.0 COD_IDADE C1.0 IDADE N2.0 DIAS_PERM N5.0 MORTE N1.0 COD_ARQ C1.0 CONT N7.0 NUM_PROC C4.0
RDSP9608.dbc,1996-08,2013-10-31T13:19,8074395,6a0c2ec2b53eaff12d55bb595e91d80e77e7f71882422cc2002ddde2d2fe5dd3,214197,6,UF_ZI C2.0 ANO_CMPT C2.0 MES_CMPT C2.0 ESPEC C1.0 CGC_HOSP C14.0 N_AIH C10.0 IDENT C1.0 CEP C8.0 MUNIC_RES C6.0 NASC C6.0 SEXO C1.0 UTI_TOTAL N2.0 PROC_REA C8.0 VAL_SH N13.2 VAL_SP N13.2 VAL_SADT N13.2 VAL_RN N13.2 VAL_ORTP N13.2 VAL_SANGUE N13.2 VAL_TOT N14.2 US_SH N9.2 US_SP N9.2 US_SADT N9.2 US_RN N9.2 US_ORTP N9.2 US_SANGUE N9.2 US_TOT N10.2 DT_INTER C6.0 DT_SAIDA C6.0 DIAG_PRINC C6.0 COBRANCA C2.0 NATUREZA C2.0 SEMIPLEN C1.0 MUNIC_MOV C6.0 COD_IDADE C1.0 IDADE N2.0 DIAS_PERM N5.0 MORTE N1.0 COD_ARQ C1.0 CONT N7.0 NUM_PROC C4.0
RDRR9609.dbc,1996-09,2013-10-31T13:09,25168,a1b0272d1e15332f7a98e9bc1b514ebb7b5eea4e33d20a1f0e57c4ac6b13c741,631,6,UF_ZI C2.0 ANO_CMPT C2.0 MES_CMPT C2.0 ESPEC C1.0 CGC_HOSP C14.0 N_AIH C10.0 IDENT C1.0 CEP C8.0 MUNIC_RES C6.0 NASC C6.0 SEXO C1.0 UTI_TOTAL N2.0 PROC_REA C8.0 VAL_SH N13.2 VAL_SP N13.2 VAL_SADT N13.2 VAL_RN N13.2 VAL_ORTP N13.2 VAL_SANGUE N13.2 VAL_TOT N14.2 US_SH N9.2 US_SP N9.2 US_SADT N9.2 US_RN N9.2 US_ORTP N9.2 US_SANGUE N9.2 US_TOT N10.2 DT_INTER C6.0 DT_SAIDA C6.0 DIAG_PRINC C6.0 COBRANCA C2.0 NATUREZA C2.0 SEMIPLEN C1.0 MUNIC_MOV C6.0 COD_IDADE C1.0 IDADE N2.0 DIAS_PERM N5.0 MORTE N1.0 COD_ARQ C1.0 CONT N7.0 NUM_PROC C4.0
RDRR9610.dbc,1996-10,2013-10-31T13:09,41925,16c1c1a0ae59baf70dee084d6e3315bb455ce4f28655421fe8c07cdd1d8a94f8,1150,6,UF_ZI C2.0 ANO_CMPT C2.0 MES_CMPT C2.0 ESPEC C1.0 CGC_HOSP C14.0 N_AIH C10.0 IDENT C1.0 CEP C8.0 MUNIC_RES C6.0 NASC C6.0 SEXO C1.0 UTI_TOTAL N2.0 PROC_REA C8.0 VAL_SH N13.2 VAL_SP N13.2 VAL_SADT N13.2 VAL_RN N13.2 VAL_ORTP N13.2 VAL_SANGUE N13.2 VAL_TOT N14.2 US_SH N9.2 US_SP N9.2 US_SADT N9.2 US_RN N9.2 US_ORTP N9.2 US_SANGUE N9.2 US_TOT N10.2 DT_INTER C6.0 DT_SAIDA C6.0 DIAG_PRINC C6.0 COBRANCA C2.0 NATUREZA C2.0 SEMIPLEN C1.0 MUNIC_MOV C6.0 COD_IDADE C1.0 IDADE N2.0 DIAS_PERM N5.0 MORTE N1.0 COD_ARQ C1.0 CONT N7.0 NUM_PROC C4.0
RDRR9611.dbc,1996-11,2013-10-31T13:09,29482,43acc606aa61c09c2f5a7d96f4513574f654ec1cf4d4fb77b045107f397564ff,679,6,UF_ZI C2.0 ANO_CMPT C2.0 MES_CMPT C2.0 ESPEC C1.0 CGC_HOSP C14.0 N_AIH C10.0 IDENT C1.0 CEP C8.0 MUNIC_RES C6.0 NASC C6.0 SEXO C1.0 UTI_TOTAL N2.0 PROC_REA C8.0 VAL_SH N13.2 VAL_SP N13.2 VAL_SADT N13.2 VAL_RN N13.2 VAL_ORTP N13.2 VAL_SANGUE N13.2 VAL_TOT N14.2 US_SH N9.2 US_SP N9.2 US_SADT N9.2 US_RN N9.2 US_ORTP N9.2 US_SANGUE N9.2 US_TOT N10.2 DT_INTER C6.0 DT_SAIDA C6.0 DIAG_PRINC C6.0 COBRANCA C2.0 NATUREZA C2.0 SEMIPLEN C1.0 MUNIC_MOV C6.0 COD_IDADE C1.0 IDADE N2.0 DIAS_PERM N5.0 MORTE N1.0 COD_ARQ C1.0 CONT N7.0 NUM_PROC C4.0
RDMG9612.dbc,1996-12,2013-10-31T12:51,4276066,29e21bcea07778b09597da6d4bf82f98ae7e79da676e671578f80abf181fd454,105995,6,UF_ZI C2.0 ANO_CMPT C2.0 MES_CMPT C2.0 ESPEC C1.0 CGC_HOSP C14.0 N_AIH C10.0 IDENT C1.0 CEP C8.0 MUNIC_RES C6.0 NASC C6.0 SEXO C1.0 UTI_TOTAL N2.0 PROC_REA C8.0 VAL_SH N13.2 VAL_SP N13.2 VAL_SADT N13.2 VAL_RN N13.2 VAL_ORTP N13.2 VAL_SANGUE N13.2 VAL_TOT N14.2 US_SH N9.2 US_SP N9.2 US_SADT N9.2 US_RN N9.2 US_ORTP N9.2 US_SANGUE N9.2 US_TOT N10.2 DT_INTER C6.0 DT_SAIDA C6.0 DIAG_PRINC C6.0 COBRANCA C2.0 NATUREZA C2.0 SEMIPLEN C1.0 MUNIC_MOV C6.0 COD_IDADE C1.0 IDADE N2.0 DIAS_PERM N5.0 MORTE N1.0 COD_ARQ C1.0 CONT N7.0 NUM_PROC C4.0
RDRR9612.dbc,1996-12,2013-10-31T13:09,45150,5b54753ebb9e21b0bd5999d449b5f013c18613b9d51d1f8dd502367641ef11b0,1278,6,UF_ZI C2.0 ANO_CMPT C2.0 MES_CMPT C2.0 ESPEC C1.0 CGC_HOSP C14.0 N_AIH C10.0 IDENT C1.0 CEP C8.0 MUNIC_RES C6.0 NASC C6.0 SEXO C1.0 UTI_TOTAL N2.0 PROC_REA C8.0 VAL_SH N13.2 VAL_SP N13.2 VAL_SADT N13.2 VAL_RN N13.2 VAL_ORTP N13.2 VAL_SANGUE N13.2 VAL_TOT N14.2 US_SH N9.2 US_SP N9.2 US_SADT N9.2 US_RN N9.2 US_ORTP N9.2 US_SANGUE N9.2 US_TOT N10.2 DT_INTER C6.0 DT_SAIDA C6.0 DIAG_PRINC C6.0 COBRANCA C2.0 NATUREZA C2.0 SEMIPLEN C1.0 MUNIC_MOV C6.0 COD_IDADE C1.0 IDADE N2.0 DIAS_PERM N5.0 MORTE N1.0 COD_ARQ C1.0 CONT N7.0 NUM_PROC C4.0
RDSP9612.dbc,1996-12,2013-10-31T13:19,6924150,ae16526cb1751081a0c69ead1bd7a5e98c368cc81a0dad322fadbc7265684d51,180616,6,UF_ZI C2.0 ANO_CMPT C2.0 MES_CMPT C2.0 ESPEC C1.0 CGC_HOSP C14.0 N_AIH C10.0 IDENT C1.0 CEP C8.0 MUNIC_RES C6.0 NASC C6.0 SEXO C1.0 UTI_TOTAL N2.0 PROC_REA C8.0 VAL_SH N13.2 VAL_SP N13.2 VAL_SADT N13.2 VAL_RN N13.2 VAL_ORTP N13.2 VAL_SANGUE N13.2 VAL_TOT N14.2 US_SH N9.2 US_SP N9.2 US_SADT N9.2 US_RN N9.2 US_ORTP N9.2 US_SANGUE N9.2 US_TOT N10.2 DT_INTER C6.0 DT_SAIDA C6.0 DIAG_PRINC C6.0 COBRANCA C2.0 NATUREZA C2.0 SEMIPLEN C1.0 MUNIC_MOV C6.0 COD_IDADE C1.0 IDADE N2.0 DIAS_PERM N5.0 MORTE N1.0 COD_ARQ C1.0 CONT N7.0 NUM_PROC C4.0
RDMG9701.dbc,1997-01,2013-10-31T12:51,5801607,d55ed445d6d8936bae35d5a833ebd9de56b41ab9b0f5bda7667a79d255aa8274,110878,7,UF_ZI C2.0 ANO_CMPT C2.0 MES_CMPT C2.0 ESPEC C1.0 CGC_HOSP C14.0 N_AIH C10.0 IDENT C1.0 CEP C8.0 MUNIC_RES C6.0 NASC C6.0 SEXO C1.0 UTI_TOTAL N2.0 PROC_REA C8.0 VAL_SH N13.2 VAL_SP N13.2 VAL_SADT N13.2 VAL_RN N13.2 VAL_ORTP N13.2 VAL_SANGUE N13.2 VAL_TOT N14.2 US_SH N9.2 US_SP N9.2 US_SADT N9.2 US_RN N9.2 US_ORTP N9.2 US_SANGUE N9.2 US_TOT N10.2 DT_INTER C6.0 DT_SAIDA C6.0 DIAG_PRINC C6.0 DIAG_SEC C6.0 COBRANCA C2.0 NATUREZA C2.0 SEMIPLEN C1.0 MUNIC_MOV C6.0 COD_IDADE C1.0 IDADE N2.0 DIAS_PERM N5.0 MORTE N1.0 COD_ARQ C1.0 CONT N7.0 NUM_PROC C4.0
RDRR9701.dbc,1997-01,2013-10-31T13:09,15021,f2acbd33060961bf87d12dd393fb6101bc4ec6c5e65346803de53fce67ed1f8c,341,7,UF_ZI C2.0 ANO_CMPT C2.0 MES_CMPT C2.0 ESPEC C1.0 CGC_HOSP C14.0 N_AIH C10.0 IDENT C1.0 CEP C8.0 MUNIC_RES C6.0 NASC C6.0 SEXO C1.0 UTI_TOTAL N2.0 PROC_REA C8.0 VAL_SH N13.2 VAL_SP N13.2 VAL_SADT N13.2 VAL_RN N13.2 VAL_ORTP N13.2 VAL_SANGUE N13.2 VAL_TOT N14.2 US_SH N9.2 US_SP N9.2 US_SADT N9.2 US_RN N9.2 US_ORTP N9.2 US_SANGUE N9.2 US_TOT N10.2 DT_INTER C6.0 DT_SAIDA C6.0 DIAG_PRINC C6.0 DIAG_SEC C6.0 COBRANCA C2.0 NATUREZA C2.0 SEMIPLEN C1.0 MUNIC_MOV C6.0 COD_IDADE C1.0 IDADE N2.0 DIAS_PERM N5.0 MORTE N1.0 COD_ARQ C1.0 CONT N7.0 NUM_PROC C4.0
RDSP9701.dbc,1997-01,2013-10-31T13:19,9652452,f013e51c2a115a6c75ff7e4e312a14707441f1338f921e109f9a6cfcc0a9341f,194085,7,UF_ZI C2.0 ANO_CMPT C2.0 MES_CMPT C2.0 ESPEC C1.0 CGC_HOSP C14.0 N_AIH C10.0 IDENT C1.0 CEP C8.0 MUNIC_RES C6.0 NASC C6.0 SEXO C1.0 UTI_TOTAL N2.0 PROC_REA C8.0 VAL_SH N13.2 VAL_SP N13.2 VAL_SADT N13.2 VAL_RN N13.2 VAL_ORTP N13.2 VAL_SANGUE N13.2 VAL_TOT N14.2 US_SH N9.2 US_SP N9.2 US_SADT N9.2 US_RN N9.2 US_ORTP N9.2 US_SANGUE N9.2 US_TOT N10.2 DT_INTER C6.0 DT_SAIDA C6.0 DIAG_PRINC C6.0 DIAG_SEC C6.0 COBRANCA C2.0 NATUREZA C2.0 SEMIPLEN C1.0 MUNIC_MOV C6.0 COD_IDADE C1.0 IDADE N2.0 DIAS_PERM N5.0 MORTE N1.0 COD_ARQ C1.0 CONT N7.0 NUM_PROC C4.0
RDRR9702.dbc,1997-02,2013-10-31T13:09,14886,0b0dd458c01c2941972c6949c21b823497570b03ede438ce9b97625945b52400,280,7,UF_ZI C2.0 ANO_CMPT C2.0 MES_CMPT C2.0 ESPEC C1.0 CGC_HOSP C14.0 N_AIH C10.0 IDENT C1.0 CEP C8.0 MUNIC_RES C6.0 NASC C6.0 SEXO C1.0 UTI_TOTAL N2.0 PROC_REA C8.0 VAL_SH N13.2 VAL_SP N13.2 VAL_SADT N13.2 VAL_RN N13.2 VAL_ORTP N13.2 VAL_SANGUE N13.2 VAL_TOT N14.2 US_SH N9.2 US_SP N9.2 US_SADT N9.2 US_RN N9.2 US_ORTP N9.2 US_SANGUE N9.2 US_TOT N10.2 DT_INTER C6.0 DT_SAIDA C6.0 DIAG_PRINC C6.0 DIAG_SEC C6.0 COBRANCA C2.0 NATUREZA C2.0 SEMIPLEN C1.0 MUNIC_MOV C6.0 COD_IDADE C1.0 IDADE N2.0 DIAS_PERM N5.0 MORTE N1.0 COD_ARQ C1.0 CONT N7.0 NUM_PROC C4.0
RDRR9703.dbc,1997-03,2013-10-31T13:09,7973,cdb8727067bd87e95d6033790686c58e0bf0d97128c03a6ec7c8cebed78bf557,152,7,UF_ZI C2.0 ANO_CMPT C2.0 MES_CMPT C2.0 ESPEC C1.0 CGC_HOSP C14.0 N_AIH C10.0 IDENT C1.0 CEP C8.0 MUNIC_RES C6.0 NASC C6.0 SEXO C1.0 UTI_TOTAL N2.0 PROC_REA C8.0 VAL_SH N13.2 VAL_SP N13.2 VAL_SADT N13.2 VAL_RN N13.2 VAL_ORTP N13.2 VAL_SANGUE N13.2 VAL_TOT N14.2 US_SH N9.2 US_SP N9.2 US_SADT N9.2 US_RN N9.2 US_ORTP N9.2 US_SANGUE N9.2 US_TOT N10.2 DT_INTER C6.0 DT_SAIDA C6.0 DIAG_PRINC C6.0 DIAG_SEC C6.0 COBRANCA C2.0 NATUREZA C2.0 SEMIPLEN C1.0 MUNIC_MOV C6.0 COD_IDADE C1.0 IDADE N2.0 DIAS_PERM N5.0 MORTE N1.0 COD_ARQ C1.0 CONT N7.0 NUM_PROC C4.0
RDRR9704.dbc,1997-04,2013-10-31T13:09,14900,6648cf47ba503af7c242c70ae722cb326c064be8a0dbda6d06a059eb4bcb6bed,294,7,UF_ZI C2.0 ANO_CMPT C2.0 MES_CMPT C2.0 ESPEC C1.0 CGC_HOSP C14.0 N_AIH C10.0 IDENT C1.0 CEP C8.0 MUNIC_RES C6.0 NASC C6.0 SEXO C1.0 UTI_TOTAL N2.0 PROC_REA C8.0 VAL_SH N13.2 VAL_SP N13.2 VAL_SADT N13.2 VAL_RN N13.2 VAL_ORTP N13.2 VAL_SANGUE N13.2 VAL_TOT N14.2 US_SH N9.2 US_SP N9.2 US_SADT N9.2 US_RN N9.2 US_ORTP N9.2 US_SANGUE N9.2 US_TOT N10.2 DT_INTER C6.0 DT_SAIDA C6.0 DIAG_PRINC C6.0 DIAG_SEC C6.0 COBRANCA C2.0 NATUREZA C2.0 SEMIPLEN C1.0 MUNIC_MOV C6.0 COD_IDADE C1.0 IDADE N2.0 DIAS_PERM N5.0 MORTE N1.0 COD_ARQ C1.0 CONT N7.0 NUM_PROC C4.0
RDAP9705.dbc,1997-05,2013-10-31T12:38,62180,f00cc9e4aa50bf767bbb5d9cf829f14357393a8209fa76d0b18d535b99de1713,1474,7,UF_ZI C2.0 ANO_CMPT C2.0 MES_CMPT C2.0 ESPEC C1.0 CGC_HOSP C14.0 N_AIH C10.0 IDENT C1.0 CEP C8.0 MUNIC_RES C6.0 NASC C6.0 SEXO C1.0 UTI_TOTAL N2.0 PROC_REA C8.0 VAL_SH N13.2 VAL_SP N13.2 VAL_SADT N13.2 VAL_RN N13.2 VAL_ORTP N13.2 VAL_SANGUE N13.2 VAL_TOT N14.2 US_SH N9.2 US_SP N9.2 US_SADT N9.2 US_RN N9.2 US_ORTP N9.2 US_SANGUE N9.2 US_TOT N10.2 DT_INTER C6.0 DT_SAIDA C6.0 DIAG_PRINC C6.0 DIAG_SEC C6.0 COBRANCA C2.0 NATUREZA C2.0 SEMIPLEN C1.0 MUNIC_MOV C6.0 COD_IDADE C1.0 IDADE N2.0 DIAS_PERM N5.0 MORTE N1.0 COD_ARQ C1.0 CONT N7.0 NUM_PROC C4.0
RDAP9706.dbc,1997-06,2013-10-31T12:38,70113,3ba59dbf9e9701389f2f2322c1fab538e39007d5960d817da56940157a46c2f3,1801,7,UF_ZI C2.0 ANO_CMPT C2.0 MES_CMPT C2.0 ESPEC C1.0 CGC_HOSP C14.0 N_AIH C10.0 IDENT C1.0 CEP C8.0 MUNIC_RES C6.0 NASC C6.0 SEXO C1.0 UTI_TOTAL N2.0 PROC_REA C8.0 VAL_SH N13.2 VAL_SP N13.2 VAL_SADT N13.2 VAL_RN N13.2 VAL_ORTP N13.2 VAL_SANGUE N13.2 VAL_TOT N14.2 US_SH N9.2 US_SP N9.2 US_SADT N9.2 US_RN N9.2 US_ORTP N9.2 US_SANGUE N9.2 US_TOT N10.2 DT_INTER C6.0 DT_SAIDA C6.0 DIAG_PRINC C6.0 DIAG_SEC C6.0 COBRANCA C2.0 NATUREZA C2.0 SEMIPLEN C1.0 MUNIC_MOV C6.0 COD_IDADE C1.0 IDADE N2.0 DIAS_PERM N5.0 MORTE N1.0 COD_ARQ C1.0 CONT N7.0 NUM_PROC C4.0
RDRR9707.dbc,1997-07,2013-10-31T13:09,11090,1aaaf137bd8b4e35437d8eb16d7e99cce699747a464b01706432e8f304cc504d,210,7,UF_ZI C2.0 ANO_CMPT C2.0 MES_CMPT C2.0 ESPEC C1.0 CGC_HOSP C14.0 N_AIH C10.0 IDENT C1.0 CEP C8.0 MUNIC_RES C6.0 NASC C6.0 SEXO C1.0 UTI_TOTAL N2.0 PROC_REA C8.0 VAL_SH N13.2 VAL_SP N13.2 VAL_SADT N13.2 VAL_RN N13.2 VAL_ORTP N13.2 VAL_SANGUE N13.2 VAL_TOT N14.2 US_SH N9.2 US_SP N9.2 US_SADT N9.2 US_RN N9.2 US_ORTP N9.2 US_SANGUE N9.2 US_TOT N10.2 DT_INTER C6.0 DT_SAIDA C6.0 DIAG_PRINC C6.0 DIAG_SEC C6.0 COBRANCA C2.0 NATUREZA C2.0 SEMIPLEN C1.0 MUNIC_MOV C6.0 COD_IDADE C1.0 IDADE N2.0 DIAS_PERM N5.0 MORTE N1.0 COD_ARQ C1.0 CONT N7.0 NUM_PROC C4.0
RDRR9708.dbc,1997-08,2013-10-31T13:09,27529,81946236e4214440334ac0c520b503258fec395f8f8658b2e9bbd2574313530e,604,7,UF_ZI C2.0 ANO_CMPT C2.0 MES_CMPT C2.0 ESPEC C1.0 CGC_HOSP C14.0 N_AIH C10.0 IDENT C1.0 CEP C8.0 MUNIC_RES C6.0 NASC C6.0 SEXO C1.0 UTI_TOTAL N2.0 PROC_REA C8.0 VAL_SH N13.2 VAL_SP N13.2 VAL_SADT N13.2 VAL_RN N13.2 VAL_ORTP N13.2 VAL_SANGUE N13.2 VAL_TOT N14.2 US_SH N9.2 US_SP N9.2 US_SADT N9.2 US_RN N9.2 US_ORTP N9.2 US_SANGUE N9.2 US_TOT N10.2 DT_INTER C6.0 DT_SAIDA C6.0 DIAG_PRINC C6.0 DIAG_SEC C6.0 COBRANCA C2.0 NATUREZA C2.0 SEMIPLEN C1.0 MUNIC_MOV C6.0 COD_IDADE C1.0 IDADE N2.0 DIAS_PERM N5.0 MORTE N1.0 COD_ARQ C1.0 CONT N7.0 NUM_PROC C4.0
RDRR9709.dbc,1997-09,2013-10-31T13:09,30847,0f5e8f9fe143cdc99f01dfbf3369ce46a18332356c0088fa2c9578afb56de9bf,794,7,UF_ZI C2.0 ANO_CMPT C2.0 MES_CMPT C2.0 ESPEC C1.0 CGC_HOSP C14.0 N_AIH C10.0 IDENT C1.0 CEP C8.0 MUNIC_RES C6.0 NASC C6.0 SEXO C1.0 UTI_TOTAL N2.0 PROC_REA C8.0 VAL_SH N13.2 VAL_SP N13.2 VAL_SADT N13.2 VAL_RN N13.2 VAL_ORTP N13.2 VAL_SANGUE N13.2 VAL_TOT N14.2 US_SH N9.2 US_SP N9.2 US_SADT N9.2 US_RN N9.2 US_ORTP N9.2 US_SANGUE N9.2 US_TOT N10.2 DT_INTER C6.0 DT_SAIDA C6.0 DIAG_PRINC C6.0 DIAG_SEC C6.0 COBRANCA C2.0 NATUREZA C2.0 SEMIPLEN C1.0 MUNIC_MOV C6.0 COD_IDADE C1.0 IDADE N2.0 DIAS_PERM N5.0 MORTE N1.0 COD_ARQ C1.0 CONT N7.0 NUM_PROC C4.0
RDAP9710.dbc,1997-10,2013-10-31T12:38,55791,281c080062e76225bee6b35cccf41e7817bc87c08885be87765d578677fdeb97,1721,7,UF_ZI C2.0 ANO_CMPT C2.0 MES_CMPT C2.0 ESPEC C1.0 CGC_HOSP C14.0 N_AIH C10.0 IDENT C1.0 CEP C8.0 MUNIC_RES C6.0 NASC C6.0 SEXO C1.0 UTI_TOTAL N2.0 PROC_REA C8.0 VAL_SH N13.2 VAL_SP N13.2 VAL_SADT N13.2 VAL_RN N13.2 VAL_ORTP N13.2 VAL_SANGUE N13.2 VAL_TOT N14.2 US_SH N9.2 US_SP N9.2 US_SADT N9.2 US_RN N9.2 US_ORTP N9.2 US_SANGUE N9.2 US_TOT N10.2 DT_INTER C6.0 DT_SAIDA C6.0 DIAG_PRINC C6.0 DIAG_SEC C6.0 COBRANCA C2.0 NATUREZA C2.0 SEMIPLEN C1.0 MUNIC_MOV C6.0 COD_IDADE C1.0 IDADE N2.0 DIAS_PERM N5.0 MORTE N1.0 COD_ARQ C1.0 CONT N7.0 NUM_PROC C4.0
RDAP9711.dbc,1997-11,2013-10-31T12:38,44880,cb6fcc0084f35a76f8933f07b86fe09f3335747f9585de1b71f8ad12c67e5de3,1344,7,UF_ZI C2.0 ANO_CMPT C2.0 MES_CMPT C2.0 ESPEC C1.0 CGC_HOSP C14.0 N_AIH C10.0 IDENT C1.0 CEP C8.0 MUNIC_RES C6.0 NASC C6.0 SEXO C1.0 UTI_TOTAL N2.0 PROC_REA C8.0 VAL_SH N13.2 VAL_SP N13.2 VAL_SADT N13.2 VAL_RN N13.2 VAL_ORTP N13.2 VAL_SANGUE N13.2 VAL_TOT N14.2 US_SH N9.2 US_SP N9.2 US_SADT N9.2 US_RN N9.2 US_ORTP N9.2 US_SANGUE N9.2 US_TOT N10.2 DT_INTER C6.0 DT_SAIDA C6.0 DIAG_PRINC C6.0 DIAG_SEC C6.0 COBRANCA C2.0 NATUREZA C2.0 SEMIPLEN C1.0 MUNIC_MOV C6.0 COD_IDADE C1.0 IDADE N2.0 DIAS_PERM N5.0 MORTE N1.0 COD_ARQ C1.0 CONT N7.0 NUM_PROC C4.0
RDMG9712.dbc,1997-12,2013-10-31T12:51,4389805,420119359cfb6d0623eb4626f15984b528a534714644693bc3e6a67d6072736e,107149,7,UF_ZI C2.0 ANO_CMPT C2.0 MES_CMPT C2.0 ESPEC C1.0 CGC_HOSP C14.0 N_AIH C10.0 IDENT C1.0 CEP C8.0 MUNIC_RES C6.0 NASC C6.0 SEXO C1.0 UTI_TOTAL N2.0 PROC_REA C8.0 VAL_SH N13.2 VAL_SP N13.2 VAL_SADT N13.2 VAL_RN N13.2 VAL_ORTP N13.2 VAL_SANGUE N13.2 VAL_TOT N14.2 US_SH N9.2 US_SP N9.2 US_SADT N9.2 US_RN N9.2 US_ORTP N9.2 US_SANGUE N9.2 US_TOT N10.2 DT_INTER C6.0 DT_SAIDA C6.0 DIAG_PRINC C6.0 DIAG_SEC C6.0 COBRANCA C2.0 NATUREZA C2.0 SEMIPLEN C1.0 MUNIC_MOV C6.0 COD_IDADE C1.0 IDADE N2.0 DIAS_PERM N5.0 MORTE N1.0 COD_ARQ C1.0 CONT N7.0 NUM_PROC C4.0
RDRR9712.dbc,1997-12,2013-10-31T13:09,1875,ed85b51b4fe764a68f96701285da3e0f2d9f4c6db204831405331166ab0e6dc2,7,7,UF_ZI C2.0 ANO_CMPT C2.0 MES_CMPT C2.0 ESPEC C1.0 CGC_HOSP C14.0 N_AIH C10.0 IDENT C1.0 CEP C8.0 MUNIC_RES C6.0 NASC C6.0 SEXO C1.0 UTI_TOTAL N2.0 PROC_REA C8.0 VAL_SH N13.2 VAL_SP N13.2 VAL_SADT N13.2 VAL_RN N13.2 VAL_ORTP N13.2 VAL_SANGUE N13.2 VAL_TOT N14.2 US_SH N9.2 US_SP N9.2 US_SADT N9.2 US_RN N9.2 US_ORTP N9.2 US_SANGUE N9.2 US_TOT N10.2 DT_INTER C6.0 DT_SAIDA C6.0 DIAG_PRINC C6.0 DIAG_SEC C6.0 COBRANCA C2.0 NATUREZA C2.0 SEMIPLEN C1.0 MUNIC_MOV C6.0 COD_IDADE C1.0 IDADE N2.0 DIAS_PERM N5.0 MORTE N1.0 COD_ARQ C1.0 CONT N7.0 NUM_PROC C4.0
RDSP9712.dbc,1997-12,2013-10-31T13:19,7592840,f5f146660884c84bfedd56af7beb402fb0ee7a3dfe0de229d8b4eb5209ab8396,193035,7,UF_ZI C2.0 ANO_CMPT C2.0 MES_CMPT C2.0 ESPEC C1.0 CGC_HOSP C14.0 N_AIH C10.0 IDENT C1.0 CEP C8.0 MUNIC_RES C6.0 NASC C6.0 SEXO C1.0 UTI_TOTAL N2.0 PROC_REA C8.0 VAL_SH N13.2 VAL_SP N13.2 VAL_SADT N13.2 VAL_RN N13.2 VAL_ORTP N13.2 VAL_SANGUE N13.2 VAL_TOT N14.2 US_SH N9.2 US_SP N9.2 US_SADT N9.2 US_RN N9.2 US_ORTP N9.2 US_SANGUE N9.2 US_TOT N10.2 DT_INTER C6.0 DT_SAIDA C6.0 DIAG_PRINC C6.0 DIAG_SEC C6.0 COBRANCA C2.0 NATUREZA C2.0 SEMIPLEN C1.0 MUNIC_MOV C6.0 COD_IDADE C1.0 IDADE N2.0 DIAS_PERM N5.0 MORTE N1.0 COD_ARQ C1.0 CONT N7.0 NUM_PROC C4.0
RDMG9801.dbc,1998-01,2013-10-31T12:51,4936515,062e56bf89f2d24042f6edc1124ddd8ba50abc93c0972e6a3f9c49cd83d29e2e,112891,8,UF_ZI C2.0 ANO_CMPT C4.0 MES_CMPT C2.0 ESPEC C1.0 CGC_HOSP C14.0 N_AIH C10.0 IDENT C1.0 CEP C8.0 MUNIC_RES C6.0 NASC C8.0 SEXO C1.0 UTI_TOTAL N2.0 PROC_REA C8.0 VAL_SH N13.2 VAL_SP N13.2 VAL_SADT N13.2 VAL_RN N13.2 VAL_ORTP N13.2 VAL_SANGUE N13.2 VAL_SADTSR N11.2 VAL_TRANSP N13.2 VAL_TOT N14.2 US_TOT N10.2 DT_INTER C8.0 DT_SAIDA C8.0 DIAG_PRINC C4.0 DIAG_SECUN C4.0 COBRANCA C2.0 NATUREZA C2.0 GESTAO C1.0 MUNIC_MOV C6.0 COD_IDADE C1.0 IDADE N2.0 DIAS_PERM N5.0 MORTE N1.0 COD_ARQ C1.0 CONT N7.0 NACIONAL C2.0 NUM_PROC C4.0 MARCA_UTI C2.0 CAR_INT C1.0
RDRR9801.dbc,1998-01,2013-10-31T13:09,20783,becc1d8ba153a536e1cb9afdd276bd4c5a91511fd9cdb6f185acd79cf72828a8,597,8,UF_ZI C2.0 ANO_CMPT C4.0 MES_CMPT C2.0 ESPEC C1.0 CGC_HOSP C14.0 N_AIH C10.0 IDENT C1.0 CEP C8.0 MUNIC_RES C6.0 NASC C8.0 SEXO C1.0 UTI_TOTAL N2.0 PROC_REA C8.0 VAL_SH N13.2 VAL_SP N13.2 VAL_SADT N13.2 VAL_RN N13.2 VAL_ORTP N13.2 VAL_SANGUE N13.2 VAL_SADTSR N11.2 VAL_TRANSP N13.2 VAL_TOT N14.2 US_TOT N10.2 DT_INTER C8.0 DT_SAIDA C8.0 DIAG_PRINC C4.0 DIAG_SECUN C4.0 COBRANCA C2.0 NATUREZA C2.0 GESTAO C1.0 MUNIC_MOV C6.0 COD_IDADE C1.0 IDADE N2.0 DIAS_PERM N5.0 MORTE N1.0 COD_ARQ C1.0 CONT N7.0 NACIONAL C2.0 NUM_PROC C4.0 MARCA_UTI C2.0 CAR_INT C1.0
RDSP9801.dbc,1998-01,2013-10-31T13:19,8437599,7f64c5a1fe8ec3df3fb4da3e742293893167a6915842197d4540404a08acc840,200170,8,UF_ZI C2.0 ANO_CMPT C4.0 MES_CMPT C2.0 ESPEC C1.0 CGC_HOSP C14.0 N_AIH C10.0 IDENT C1.0 CEP C8.0 MUNIC_RES C6.0 NASC C8.0 SEXO C1.0 UTI_TOTAL N2.0 PROC_REA C8.0 VAL_SH N13.2 VAL_SP N13.2 VAL_SADT N13.2 VAL_RN N13.2 VAL_ORTP N13.2 VAL_SANGUE N13.2 VAL_SADTSR N11.2 VAL_TRANSP N13.2 VAL_TOT N14.2 US_TOT N10.2 DT_INTER C8.0 DT_SAIDA C8.0 DIAG_PRINC C4.0 DIAG_SECUN C4.0 COBRANCA C2.0 NATUREZA C2.0 GESTAO C1.0 MUNIC_MOV C6.0 COD_IDADE C1.0 IDADE N2.0 DIAS_PERM N5.0 MORTE N1.0 COD_ARQ C1.0 CONT N7.0 NACIONAL C2.0 NUM_PROC C4.0 MARCA_UTI C2.0 CAR_INT C1.0
RDRR9802.dbc,1998-02,2013-10-31T13:09,14245,b930f1acb17a15289b12f7281207461e0b7ee4909d4a5de92a94a86a803f74c6,346,8,UF_ZI C2.0 ANO_CMPT C4.0 MES_CMPT C2.0 ESPEC C1.0 CGC_HOSP C14.0 N_AIH C10.0 IDENT C1.0 CEP C8.0 MUNIC_RES C6.0 NASC C8.0 SEXO C1.0 UTI_TOTAL N2.0 PROC_REA C8.0 VAL_SH N13.2 VAL_SP N13.2 VAL_SADT N13.2 VAL_RN N13.2 VAL_ORTP N13.2 VAL_SANGUE N13.2 VAL_SADTSR N11.2 VAL_TRANSP N13.2 VAL_TOT N14.2 US_TOT N10.2 DT_INTER C8.0 DT_SAIDA C8.0 DIAG_PRINC C4.0 DIAG_SECUN C4.0 COBRANCA C2.0 NATUREZA C2.0 GESTAO C1.0 MUNIC_MOV C6.0 COD_IDADE C1.0 IDADE N2.0 DIAS_PERM N5.0 MORTE N1.0 COD_ARQ C1.0 CONT N7.0 NACIONAL C2.0 NUM_PROC C4.0 MARCA_UTI C2.0 CAR_INT C1.0
RDRR9803.dbc,1998-03,2013-10-31T13:09,70952,168c5059b3c3139d6b966e655fd316f66a06a58c3e21a5ddda26f32cdb7cd777,1754,8,UF_ZI C2.0 ANO_CMPT C4.0 MES_CMPT C2.0 ESPEC C1.0 CGC_HOSP C14.0 N_AIH C10.0 IDENT C1.0 CEP C8.0 MUNIC_RES C6.0 NASC C8.0 SEXO C1.0 UTI_TOTAL N2.0 PROC_REA C8.0 VAL_SH N13.2 VAL_SP N13.2 VAL_SADT N13.2 VAL_RN N13.2 VAL_ORTP N13.2 VAL_SANGUE N13.2 VAL_SADTSR N11.2 VAL_TRANSP N13.2 VAL_TOT N14.2 US_TOT N10.2 DT_INTER C8.0 DT_SAIDA C8.0 DIAG_PRINC C4.0 DIAG_SECUN C4.0 COBRANCA C2.0 NATUREZA C2.0 GESTAO C1.0 MUNIC_MOV C6.0 COD_IDADE C1.0 IDADE N2.0 DIAS_PERM N5.0 MORTE N1.0 COD_ARQ C1.0 CONT N7.0 NACIONAL C2.0 NUM_PROC C4.0 MARCA_UTI C2.0 CAR_INT C1.0
RDRR9804.dbc,1998-04,2013-10-31T13:09,60864,ceb1acd8ffaac164698547e0b780a10dad741e2a028c857161a589368aa0a3ac,1629,8,UF_ZI C2.0 ANO_CMPT C4.0 MES_CMPT C2.0 ESPEC C1.0 CGC_HOSP C14.0 N_AIH C10.0 IDENT C1.0 CEP C8.0 MUNIC_RES C6.0 NASC C8.0 SEXO C1.0 UTI_TOTAL N2.0 PROC_REA C8.0 VAL_SH N13.2 VAL_SP N13.2 VAL_SADT N13.2 VAL_RN N13.2 VAL_ORTP N13.2 VAL_SANGUE N13.2 VAL_SADTSR N11.2 VAL_TRANSP N13.2 VAL_TOT N14.2 US_TOT N10.2 DT_INTER C8.0 DT_SAIDA C8.0 DIAG_PRINC C4.0 DIAG_SECUN C4.0 COBRANCA C2.0 NATUREZA C2.0 GESTAO C1.0 MUNIC_MOV C6.0 COD_IDADE C1.0 IDADE N2.0 DIAS_PERM N5.0 MORTE N1.0 COD_ARQ C1.0 CONT N7.0 NACIONAL C2.0 NUM_PROC C4.0 MARCA_UTI C2.0 CAR_INT C1.0
RDRR9805.dbc,1998-05,2013-10-31T13:09,67713,9dc86a264a17c5279f0488ed94335fd05b72e757915957e84a1a476246bc1f89,1822,8,UF_ZI C2.0 ANO_CMPT C4.0 MES_CMPT C2.0 ESPEC C1.0 CGC_HOSP C14.0 N_AIH C10.0 IDENT C1.0 CEP C8.0 MUNIC_RES C6.0 NASC C8.0 SEXO C1.0 UTI_TOTAL N2.0 PROC_REA C8.0 VAL_SH N13.2 VAL_SP N13.2 VAL_SADT N13.2 VAL_RN N13.2 VAL_ORTP N13.2 VAL_SANGUE N13.2 VAL_SADTSR N11.2 VAL_TRANSP N13.2 VAL_TOT N14.2 US_TOT N10.2 DT_INTER C8.0 DT_SAIDA C8.0 DIAG_PRINC C4.0 DIAG_SECUN C4.0 COBRANCA C2.0 NATUREZA C2.0 GESTAO C1.0 MUNIC_MOV C6.0 COD_IDADE C1.0 IDADE N2.0 DIAS_PERM N5.0 MORTE N1.0 COD_ARQ C1.0 CONT N7.0 NACIONAL C2.0 NUM_PROC C4.0 MARCA_UTI C2.0 CAR_INT C1.0
RDRR9806.dbc,1998-06,2013-10-31T13:09,50964,de8a0af7afde4ce60edeff2ef8a4906d8a060be5eccf6f9d8c79400f25ddc74f,1236,8,UF_ZI C2.0 ANO_CMPT C4.0 MES_CMPT C2.0 ESPEC C1.0 CGC_HOSP C14.0 N_AIH C10.0 IDENT C1.0 CEP C8.0 MUNIC_RES C6.0 NASC C8.0 SEXO C1.0 UTI_TOTAL N2.0 PROC_REA C8.0 VAL_SH N13.2 VAL_SP N13.2 VAL_SADT N13.2 VAL_RN N13.2 VAL_ORTP N13.2 VAL_SANGUE N13.2 VAL_SADTSR N11.2 VAL_TRANSP N13.2 VAL_TOT N14.2 US_TOT N10.2 DT_INTER C8.0 DT_SAIDA C8.0 DIAG_PRINC C4.0 DIAG_SECUN C4.0 COBRANCA C2.0 NATUREZA C2.0 GESTAO C1.0 MUNIC_MOV C6.0 COD_IDADE C1.0 IDADE N2.0 DIAS_PERM N5.0 MORTE N1.0 COD_ARQ C1.0 CONT N7.0 NACIONAL C2.0 NUM_PROC C4.0 MARCA_UTI C2.0 CAR_INT C1.0
RDRR9807.dbc,1998-07,2013-10-31T13:09,14794,a94a9658ecf916d8591bc012c58eb502a0820e5489a48cd91213b65faa68491a,355,8,UF_ZI C2.0 ANO_CMPT C4.0 MES_CMPT C2.0 ESPEC C1.0 CGC_HOSP C14.0 N_AIH C10.0 IDENT C1.0 CEP C8.0 MUNIC_RES C6.0 NASC C8.0 SEXO C1.0 UTI_TOTAL N2.0 PROC_REA C8.0 VAL_SH N13.2 VAL_SP N13.2 VAL_SADT N13.2 VAL_RN N13.2 VAL_ORTP N13.2 VAL_SANGUE N13.2 VAL_SADTSR N11.2 VAL_TRANSP N13.2 VAL_TOT N14.2 US_TOT N10.2 DT_INTER C8.0 DT_SAIDA C8.0 DIAG_PRINC C4.0 DIAG_SECUN C4.0 COBRANCA C2.0 NATUREZA C2.0 GESTAO C1.0 MUNIC_MOV C6.0 COD_IDADE C1.0 IDADE N2.0 DIAS_PERM N5.0 MORTE N1.0 COD_ARQ C1.0 CONT N7.0 NACIONAL C2.0 NUM_PROC C4.0 MARCA_UTI C2.0 CAR_INT C1.0
RDRR9808.dbc,1998-08,2013-10-31T13:09,63930,52771d6d1970e4969538616bc4023ad0155e6db35307125052d87ce2988f4d9c,1634,8,UF_ZI C2.0 ANO_CMPT C4.0 MES_CMPT C2.0 ESPEC C1.0 CGC_HOSP C14.0 N_AIH C10.0 IDENT C1.0 CEP C8.0 MUNIC_RES C6.0 NASC C8.0 SEXO C1.0 UTI_TOTAL N2.0 PROC_REA C8.0 VAL_SH N13.2 VAL_SP N13.2 VAL_SADT N13.2 VAL_RN N13.2 VAL_ORTP N13.2 VAL_SANGUE N13.2 VAL_SADTSR N11.2 VAL_TRANSP N13.2 VAL_TOT N14.2 US_TOT N10.2 DT_INTER C8.0 DT_SAIDA C8.0 DIAG_PRINC C4.0 DIAG_SECUN C4.0 COBRANCA C2.0 NATUREZA C2.0 GESTAO C1.0 MUNIC_MOV C6.0 COD_IDADE C1.0 IDADE N2.0 DIAS_PERM N5.0 MORTE N1.0 COD_ARQ C1.0 CONT N7.0 NACIONAL C2.0 NUM_PROC C4.0 MARCA_UTI C2.0 CAR_INT C1.0
RDRR9809.dbc,1998-09,2013-10-31T13:09,38720,83a541fb2dc2a98d1c39a65db5205ca333e557a5c7c44b5142b70798841800c1,1125,8,UF_ZI C2.0 ANO_CMPT C4.0 MES_CMPT C2.0 ESPEC C1.0 CGC_HOSP C14.0 N_AIH C10.0 IDENT C1.0 CEP C8.0 MUNIC_RES C6.0 NASC C8.0 SEXO C1.0 UTI_TOTAL N2.0 PROC_REA C8.0 VAL_SH N13.2 VAL_SP N13.2 VAL_SADT N13.2 VAL_RN N13.2 VAL_ORTP N13.2 VAL_SANGUE N13.2 VAL_SADTSR N11.2 VAL_TRANSP N13.2 VAL_TOT N14.2 US_TOT N10.2 DT_INTER C8.0 DT_SAIDA C8.0 DIAG_PRINC C4.0 DIAG_SECUN C4.0 COBRANCA C2.0 NATUREZA C2.0 GESTAO C1.0 MUNIC_MOV C6.0 COD_IDADE C1.0 IDADE N2.0 DIAS_PERM N5.0 MORTE N1.0 COD_ARQ C1.0 CONT N7.0 NACIONAL C2.0 NUM_PROC C4.0 MARCA_UTI C2.0 CAR_INT C1.0
RDRR9810.dbc,1998-10,2013-10-31T13:09,49513,6afcd2035744e85635ac8778b75d64179f153697bd408860c4a4d6cad97e9559,1851,8,UF_ZI C2.0 ANO_CMPT C4.0 MES_CMPT C2.0 ESPEC C1.0 CGC_HOSP C14.0 N_AIH C10.0 IDENT C1.0 CEP C8.0 MUNIC_RES C6.0 NASC C8.0 SEXO C1.0 UTI_TOTAL N2.0 PROC_REA C8.0 VAL_SH N13.2 VAL_SP N13.2 VAL_SADT N13.2 VAL_RN N13.2 VAL_ORTP N13.2 VAL_SANGUE N13.2 VAL_SADTSR N11.2 VAL_TRANSP N13.2 VAL_TOT N14.2 US_TOT N10.2 DT_INTER C8.0 DT_SAIDA C8.0 DIAG_PRINC C4.0 DIAG_SECUN C4.0 COBRANCA C2.0 NATUREZA C2.0 GESTAO C1.0 MUNIC_MOV C6.0 COD_IDADE C1.0 IDADE N2.0 DIAS_PERM N5.0 MORTE N1.0 COD_ARQ C1.0 CONT N7.0 NACIONAL C2.0 NUM_PROC C4.0 MARCA_UTI C2.0 CAR_INT C1.0
RDRR9811.dbc,1998-11,2013-10-31T13:09,56537,cfebf4d15a7d0023a47708d59100facf3067fdffa0e568642db3367dccef6b81,1860,8,UF_ZI C2.0 ANO_CMPT C4.0 MES_CMPT C2.0 ESPEC C1.0 CGC_HOSP C14.0 N_AIH C10.0 IDENT C1.0 CEP C8.0 MUNIC_RES C6.0 NASC C8.0 SEXO C1.0 UTI_TOTAL N2.0 PROC_REA C8.0 VAL_SH N13.2 VAL_SP N13.2 VAL_SADT N13.2 VAL_RN N13.2 VAL_ORTP N13.2 VAL_SANGUE N13.2 VAL_SADTSR N11.2 VAL_TRANSP N13.2 VAL_TOT N14.2 US_TOT N10.2 DT_INTER C8.0 DT_SAIDA C8.0 DIAG_PRINC C4.0 DIAG_SECUN C4.0 COBRANCA C2.0 NATUREZA C2.0 GESTAO C1.0 MUNIC_MOV C6.0 COD_IDADE C1.0 IDADE N2.0 DIAS_PERM N5.0 MORTE N1.0 COD_ARQ C1.0 CONT N7.0 NACIONAL C2.0 NUM_PROC C4.0 MARCA_UTI C2.0 CAR_INT C1.0
RDMG9812.dbc,1998-12,2013-10-31T12:51,3794565,ea7b1ff7e0c865a84af7852bd88c97bc2243ef5148e5f8cd59730c4d6632ed12,100404,8,UF_ZI C2.0 ANO_CMPT C4.0 MES_CMPT C2.0 ESPEC C1.0 CGC_HOSP C14.0 N_AIH C10.0 IDENT C1.0 CEP C8.0 MUNIC_RES C6.0 NASC C8.0 SEXO C1.0 UTI_TOTAL N2.0 PROC_REA C8.0 VAL_SH N13.2 VAL_SP N13.2 VAL_SADT N13.2 VAL_RN N13.2 VAL_ORTP N13.2 VAL_SANGUE N13.2 VAL_SADTSR N11.2 VAL_TRANSP N13.2 VAL_TOT N14.2 US_TOT N10.2 DT_INTER C8.0 DT_SAIDA C8.0 DIAG_PRINC C4.0 DIAG_SECUN C4.0 COBRANCA C2.0 NATUREZA C2.0 GESTAO C1.0 MUNIC_MOV C6.0 COD_IDADE C1.0 IDADE N2.0 DIAS_PERM N5.0 MORTE N1.0 COD_ARQ C1.0 CONT N7.0 NACIONAL C2.0 NUM_PROC C4.0 MARCA_UTI C2.0 CAR_INT C1.0
RDRR9812.dbc,1998-12,2013-10-31T13:09,47483,20a2f73bd26946a5eb98f650da91ccc5c503523c6cdd8a5766b32df8c59aba2f,1538,8,UF_ZI C2.0 ANO_CMPT C4.0 MES_CMPT C2.0 ESPEC C1.0 CGC_HOSP C14.0 N_AIH C10.0 IDENT C1.0 CEP C8.0 MUNIC_RES C6.0 NASC C8.0 SEXO C1.0 UTI_TOTAL N2.0 PROC_REA C8.0 VAL_SH N13.2 VAL_SP N13.2 VAL_SADT N13.2 VAL_RN N13.2 VAL_ORTP N13.2 VAL_SANGUE N13.2 VAL_SADTSR N11.2 VAL_TRANSP N13.2 VAL_TOT N14.2 US_TOT N10.2 DT_INTER C8.0 DT_SAIDA C8.0 DIAG_PRINC C4.0 DIAG_SECUN C4.0 COBRANCA C2.0 NATUREZA C2.0 GESTAO C1.0 MUNIC_MOV C6.0 COD_IDADE C1.0 IDADE N2.0 DIAS_PERM N5.0 MORTE N1.0 COD_ARQ C1.0 CONT N7.0 NACIONAL C2.0 NUM_PROC C4.0 MARCA_UTI C2.0 CAR_INT C1.0
RDSP9812.dbc,1998-12,2013-10-31T13:19,6801683,c3c199cf66ef515842c3a231212a3e5580623c244b2915030ed54e908e78a1dc,186670,8,UF_ZI C2.0 ANO_CMPT C4.0 MES_CMPT C2.0 ESPEC C1.0 CGC_HOSP C14.0 N_AIH C10.0 IDENT C1.0 CEP C8.0 MUNIC_RES C6.0 NASC C8.0 SEXO C1.0 UTI_TOTAL N2.0 PROC_REA C8.0 VAL_SH N13.2 VAL_SP N13.2 VAL_SADT N13.2 VAL_RN N13.2 VAL_ORTP N13.2 VAL_SANGUE N13.2 VAL_SADTSR N11.2 VAL_TRANSP N13.2 VAL_TOT N14.2 US_TOT N10.2 DT_INTER C8.0 DT_SAIDA C8.0 DIAG_PRINC C4.0 DIAG_SECUN C4.0 COBRANCA C2.0 NATUREZA C2.0 GESTAO C1.0 MUNIC_MOV C6.0 COD_IDADE C1.0 IDADE N2.0 DIAS_PERM N5.0 MORTE N1.0 COD_ARQ C1.0 CONT N7.0 NACIONAL C2.0 NUM_PROC C4.0 MARCA_UTI C2.0 CAR_INT C1.0
RDMG9901.dbc,1999-01,2013-10-31T12:51,4956991,da346f89b1daf47842fd800d2ebc845ade241d751c34ff77ad6b21e9349ded16,102975,9,UF_ZI C2.0 ANO_CMPT C4.0 MES_CMPT C2.0 ESPEC C1.0 CGC_HOSP C14.0 N_AIH C10.0 IDENT C1.0 CEP C8.0 MUNIC_RES C6.0 NASC C8.0 SEXO C1.0 UTI_MES_IN N2.0 UTI_MES_AN N2.0 UTI_MES_AL N2.0 UTI_TOTAL N2.0 MARCA_UTI C2.0 PROC_REA C8.0 VAL_SH N13.2 VAL_SP N13.2 VAL_SADT N13.2 VAL_RN N13.2 VAL_ORTP N13.2 VAL_SANGUE N13.2 VAL_SADTSR N11.2 VAL_TRANSP N13.2 VAL_TOT N14.2 VAL_UTI N8.2 US_TOT N10.2 DT_INTER C8.0 DT_SAIDA C8.0 DIAG_PRINC C4.0 DIAG_SECUN C4.0 COBRANCA C2.0 NATUREZA C2.0 GESTAO C1.0 MUNIC_MOV C6.0 COD_IDADE C1.0 IDADE N2.0 DIAS_PERM N5.0 MORTE N1.0 COD_ARQ C1.0 CONT N7.0 NACIONAL C2.0 NUM_PROC C4.0 CAR_INT C1.0 TOT_PT_SP N6.0 NUM_FILHOS N2.0 INSTRU C1.0 CID_NOTIF C4.0 CONTRACEP1 C2.0 CONTRACEP2 C2.0 GESTRISCO C1.0
RDRR9901.dbc,1999-01,2013-10-31T13:09,18934,6fad938450c12f667fd92c94a4a3ce09c046dfd1af190e2332c376cf4e1038c1,343,9,UF_ZI C2.0 ANO_CMPT C4.0 MES_CMPT C2.0 ESPEC C1.0 CGC_HOSP C14.0 N_AIH C10.0 IDENT C1.0 CEP C8.0 MUNIC_RES C6.0 NASC C8.0 SEXO C1.0 UTI_MES_IN N2.0 UTI_MES_AN N2.0 UTI_MES_AL N2.0 UTI_TOTAL N2.0 MARCA_UTI C2.0 PROC_REA C8.0 VAL_SH N13.2 VAL_SP N13.2 VAL_SADT N13.2 VAL_RN N13.2 VAL_ORTP N13.2 VAL_SANGUE N13.2 VAL_SADTSR N11.2 VAL_TRANSP N13.2 VAL_TOT N14.2 VAL_UTI N8.2 US_TOT N10.2 DT_INTER C8.0 DT_SAIDA C8.0 DIAG_PRINC C4.0 DIAG_SECUN C4.0 COBRANCA C2.0 NATUREZA C2.0 GESTAO C1.0 MUNIC_MOV C6.0 COD_IDADE C1.0 IDADE N2.0 DIAS_PERM N5.0 MORTE N1.0 COD_ARQ C1.0 CONT N7.0 NACIONAL C2.0 NUM_PROC C4.0 CAR_INT C1.0 TOT_PT_SP N6.0 NUM_FILHOS N2.0 INSTRU C1.0 CID_NOTIF C4.0 CONTRACEP1 C2.0 CONTRACEP2 C2.0 GESTRISCO C1.0
RDSP9901.dbc,1999-01,2013-10-31T13:19,8794057,4f6933e82ce8121e29f7c12bd1cf2ae8e353110ed3131aebfbdc828a419b9198,190212,9,UF_ZI C2.0 ANO_CMPT C4.0 MES_CMPT C2.0 ESPEC C1.0 CGC_HOSP C14.0 N_AIH C10.0 IDENT C1.0 CEP C8.0 MUNIC_RES C6.0 NASC C8.0 SEXO C1.0 UTI_MES_IN N2.0 UTI_MES_AN N2.0 UTI_MES_AL N2.0 UTI_TOTAL N2.0 MARCA_UTI C2.0 PROC_REA C8.0 VAL_SH N13.2 VAL_SP N13.2 VAL_SADT N13.2 VAL_RN N13.2 VAL_ORTP N13.2 VAL_SANGUE N13.2 VAL_SADTSR N11.2 VAL_TRANSP N13.2 VAL_TOT N14.2 VAL_UTI N8.2 US_TOT N10.2 DT_INTER C8.0 DT_SAIDA C8.0 DIAG_PRINC C4.0 DIAG_SECUN C4.0 COBRANCA C2.0 NATUREZA C2.0 GESTAO C1.0 MUNIC_MOV C6.0 COD_IDADE C1.0 IDADE N2.0 DIAS_PERM N5.0 MORTE N1.0 COD_ARQ C1.0 CONT N7.0 NACIONAL C2.0 NUM_PROC C4.0 CAR_INT C1.0 TOT_PT_SP N6.0 NUM_FILHOS N2.0 INSTRU C1.0 CID_NOTIF C4.0 CONTRACEP1 C2.0 CONTRACEP2 C2.0 GESTRISCO C1.0
RDRR9902.dbc,1999-02,2013-10-31T13:09,54933,44c95e84e8b2d5bce9040b7f5bd651c35459f177be7763927ad76d139072f489,1370,9,UF_ZI C2.0 ANO_CMPT C4.0 MES_CMPT C2.0 ESPEC C1.0 CGC_HOSP C14.0 N_AIH C10.0 IDENT C1.0 CEP C8.0 MUNIC_RES C6.0 NASC C8.0 SEXO C1.0 UTI_MES_IN N2.0 UTI_MES_AN N2.0 UTI_MES_AL N2.0 UTI_TOTAL N2.0 MARCA_UTI C2.0 PROC_REA C8.0 VAL_SH N13.2 VAL_SP N13.2 VAL_SADT N13.2 VAL_RN N13.2 VAL_ORTP N13.2 VAL_SANGUE N13.2 VAL_SADTSR N11.2 VAL_TRANSP N13.2 VAL_TOT N14.2 VAL_UTI N8.2 US_TOT N10.2 DT_INTER C8.0 DT_SAIDA C8.0 DIAG_PRINC C4.0 DIAG_SECUN C4.0 COBRANCA C2.0 NATUREZA C2.0 GESTAO C1.0 MUNIC_MOV C6.0 COD_IDADE C1.0 IDADE N2.0 DIAS_PERM N5.0 MORTE N1.0 COD_ARQ C1.0 CONT N7.0 NACIONAL C2.0 NUM_PROC C4.0 CAR_INT C1.0 TOT_PT_SP N6.0 NUM_FILHOS N2.0 INSTRU C1.0 CID_NOTIF C4.0 CONTRACEP1 C2.0 CONTRACEP2 C2.0 GESTRISCO C1.0
RDRR9903.dbc,1999-03,2013-10-31T13:09,67021,8d996510a305d0af35a78f70cb93e696d4cc99dd52bb4f34b5d2a9db7ede5cfb,1710,9,UF_ZI C2.0 ANO_CMPT C4.0 MES_CMPT C2.0 ESPEC C1.0 CGC_HOSP C14.0 N_AIH C10.0 IDENT C1.0 CEP C8.0 MUNIC_RES C6.0 NASC C8.0 SEXO C1.0 UTI_MES_IN N2.0 UTI_MES_AN N2.0 UTI_MES_AL N2.0 UTI_TOTAL N2.0 MARCA_UTI C2.0 PROC_REA C8.0 VAL_SH N13.2 VAL_SP N13.2 VAL_SADT N13.2 VAL_RN N13.2 VAL_ORTP N13.2 VAL_SANGUE N13.2 VAL_SADTSR N11.2 VAL_TRANSP N13.2 VAL_TOT N14.2 VAL_UTI N8.2 US_TOT N10.2 DT_INTER C8.0 DT_SAIDA C8.0 DIAG_PRINC C4.0 DIAG_SECUN C4.0 COBRANCA C2.0 NATUREZA C2.0 GESTAO C1.0 MUNIC_MOV C6.0 COD_IDADE C1.0 IDADE N2.0 DIAS_PERM N5.0 MORTE N1.0 COD_ARQ C1.0 CONT N7.0 NACIONAL C2.0 NUM_PROC C4.0 CAR_INT C1.0 TOT_PT_SP N6.0 NUM_FILHOS N2.0 INSTRU C1.0 CID_NOTIF C4.0 CONTRACEP1 C2.0 CONTRACEP2 C2.0 GESTRISCO C1.0
RDRR9904.dbc,1999-04,2013-10-31T13:09,75243,94d94baa8d1ff64c88c2e4af5237e01c785ce003e7db26e50539f36c32b509ef,1814,9,UF_ZI C2.0 ANO_CMPT C4.0 MES_CMPT C2.0 ESPEC C1.0 CGC_HOSP C14.0 N_AIH C10.0 IDENT C1.0 CEP C8.0 MUNIC_RES C6.0 NASC C8.0 SEXO C1.0 UTI_MES_IN N2.0 UTI_MES_AN N2.0 UTI_MES_AL N2.0 UTI_TOTAL N2.0 MARCA_UTI C2.0 PROC_REA C8.0 VAL_SH N13.2 VAL_SP N13.2 VAL_SADT N13.2 VAL_RN N13.2 VAL_ORTP N13.2 VAL_SANGUE N13.2 VAL_SADTSR N11.2 VAL_TRANSP N13.2 VAL_TOT N14.2 VAL_UTI N8.2 US_TOT N10.2 DT_INTER C8.0 DT_SAIDA C8.0 DIAG_PRINC C4.0 DIAG_SECUN C4.0 COBRANCA C2.0 NATUREZA C2.0 GESTAO C1.0 MUNIC_MOV C6.0 COD_IDADE C1.0 IDADE N2.0 DIAS_PERM N5.0 MORTE N1.0 COD_ARQ C1.0 CONT N7.0 NACIONAL C2.0 NUM_PROC C4.0 CAR_INT C1.0 TOT_PT_SP N6.0 NUM_FILHOS N2.0 INSTRU C1.0 CID_NOTIF C4.0 CONTRACEP1 C2.0 CONTRACEP2 C2.0 GESTRISCO C1.0
RDRR9905.dbc,1999-05,2013-10-31T13:09,71273,eb722d30f1b52827614fa6da90b41dcff4854ed035eb344933c556a82990aecb,1775,9,UF_ZI C2.0 ANO_CMPT C4.0 MES_CMPT C2.0 ESPEC C1.0 CGC_HOSP C14.0 N_AIH C10.0 IDENT C1.0 CEP C8.0 MUNIC_RES C6.0 NASC C8.0 SEXO C1.0 UTI_MES_IN N2.0 UTI_MES_AN N2.0 UTI_MES_AL N2.0 UTI_TOTAL N2.0 MARCA_UTI C2.0 PROC_REA C8.0 VAL_SH N13.2 VAL_SP N13.2 VAL_SADT N13.2 VAL_RN N13.2 VAL_ORTP N13.2 VAL_SANGUE N13.2 VAL_SADTSR N11.2 VAL_TRANSP N13.2 VAL_TOT N14.2 VAL_UTI N8.2 US_TOT N10.2 DT_INTER C8.0 DT_SAIDA C8.0 DIAG_PRINC C4.0 DIAG_SECUN C4.0 COBRANCA C2.0 NATUREZA C2.0 GESTAO C1.0 MUNIC_MOV C6.0 COD_IDADE C1.0 IDADE N2.0 DIAS_PERM N5.0 MORTE N1.0 COD_ARQ C1.0 CONT N7.0 NACIONAL C2.0 NUM_PROC C4.0 CAR_INT C1.0 TOT_PT_SP N6.0 NUM_FILHOS N2.0 INSTRU C1.0 CID_NOTIF C4.0 CONTRACEP1 C2.0 CONTRACEP2 C2.0 GESTRISCO C1.0
RDRR9906.dbc,1999-06,2013-10-31T13:09,70109,86af9c7ed55c71122cd7df8c20b76edb1fcef5755db8b1b80e2db1986e6a22bb,1637,9,UF_ZI C2.0 ANO_CMPT C4.0 MES_CMPT C2.0 ESPEC C1.0 CGC_HOSP C14.0 N_AIH C10.0 IDENT C1.0 CEP C8.0 MUNIC_RES C6.0 NASC C8.0 SEXO C1.0 UTI_MES_IN N2.0 UTI_MES_AN N2.0 UTI_MES_AL N2.0 UTI_TOTAL N2.0 MARCA_UTI C2.0 PROC_REA C8.0 VAL_SH N13.2 VAL_SP N13.2 VAL_SADT N13.2 VAL_RN N13.2 VAL_ORTP N13.2 VAL_SANGUE N13.2 VAL_SADTSR N11.2 VAL_TRANSP N13.2 VAL_TOT N14.2 VAL_UTI N8.2 US_TOT N10.2 DT_INTER C8.0 DT_SAIDA C8.0 DIAG_PRINC C4.0 DIAG_SECUN C4.0 COBRANCA C2.0 NATUREZA C2.0 GESTAO C1.0 MUNIC_MOV C6.0 COD_IDADE C1.0 IDADE N2.0 DIAS_PERM N5.0 MORTE N1.0 COD_ARQ C1.0 CONT N7.0 NACIONAL C2.0 NUM_PROC C4.0 CAR_INT C1.0 TOT_PT_SP N6.0 NUM_FILHOS N2.0 INSTRU C1.0 CID_NOTIF C4.0 CONTRACEP1 C2.0 CONTRACEP2 C2.0 GESTRISCO C1.0
RDRR9907.dbc,1999-07,2013-10-31T13:09,75460,9e44e2dce68eb28806407610898cb4654018d8cda188cfae6125aef900d1c2be,1755,9,UF_ZI C2.0 ANO_CMPT C4.0 MES_CMPT C2.0 ESPEC C1.0 CGC_HOSP C14.0 N_AIH C10.0 IDENT C1.0 CEP C8.0 MUNIC_RES C6.0 NASC C8.0 SEXO C1.0 UTI_MES_IN N2.0 UTI_MES_AN N2.0 UTI_MES_AL N2.0 UTI_TOTAL N2.0 MARCA_UTI C2.0 PROC_REA C8.0 VAL_SH N13.2 VAL_SP N13.2 VAL_SADT N13.2 VAL_RN N13.2 VAL_ORTP N13.2 VAL_SANGUE N13.2 VAL_SADTSR N11.2 VAL_TRANSP N13.2 VAL_TOT N14.2 VAL_UTI N8.2 US_TOT N10.2 DT_INTER C8.0 DT_SAIDA C8.0 DIAG_PRINC C4.0 DIAG_SECUN C4.0 COBRANCA C2.0 NATUREZA C2.0 GESTAO C1.0 MUNIC_MOV C6.0 COD_IDADE C1.0 IDADE N2.0 DIAS_PERM N5.0 MORTE N1.0 COD_ARQ C1.0 CONT N7.0 NACIONAL C2.0 NUM_PROC C4.0 CAR_INT C1.0 TOT_PT_SP N6.0 NUM_FILHOS N2.0 INSTRU C1.0 CID_NOTIF C4.0 CONTRACEP1 C2.0 CONTRACEP2 C2.0 GESTRISCO C1.0
RDRR9908.dbc,1999-08,2013-10-31T13:09,77317,f254dcdc4e7a454cecfcd12381195811bde5f5a7ba2b509335cc36f2987004dc,1836,9,UF_ZI C2.0 ANO_CMPT C4.0 MES_CMPT C2.0 ESPEC C1.0 CGC_HOSP C14.0 N_AIH C10.0 IDENT C1.0 CEP C8.0 MUNIC_RES C6.0 NASC C8.0 SEXO C1.0 UTI_MES_IN N2.0 UTI_MES_AN N2.0 UTI_MES_AL N2.0 UTI_TOTAL N2.0 MARCA_UTI C2.0 PROC_REA C8.0 VAL_SH N13.2 VAL_SP N13.2 VAL_SADT N13.2 VAL_RN N13.2 VAL_ORTP N13.2 VAL_SANGUE N13.2 VAL_SADTSR N11.2 VAL_TRANSP N13.2 VAL_TOT N14.2 VAL_UTI N8.2 US_TOT N10.2 DT_INTER C8.0 DT_SAIDA C8.0 DIAG_PRINC C4.0 DIAG_SECUN C4.0 COBRANCA C2.0 NATUREZA C2.0 GESTAO C1.0 MUNIC_MOV C6.0 COD_IDADE C1.0 IDADE N2.0 DIAS_PERM N5.0 MORTE N1.0 COD_ARQ C1.0 CONT N7.0 NACIONAL C2.0 NUM_PROC C4.0 CAR_INT C1.0 TOT_PT_SP N6.0 NUM_FILHOS N2.0 INSTRU C1.0 CID_NOTIF C4.0 CONTRACEP1 C2.0 CONTRACEP2 C2.0 GESTRISCO C1.0
RDRR9909.dbc,1999-09,2013-10-31T13:09,66878,5de21e104379dbb6cf0cf001474a8c23ff23530db5551979f2385c97fe8b8aef,1477,9,UF_ZI C2.0 ANO_CMPT C4.0 MES_CMPT C2.0 ESPEC C1.0 CGC_HOSP C14.0 N_AIH C10.0 IDENT C1.0 CEP C8.0 MUNIC_RES C6.0 NASC C8.0 SEXO C1.0 UTI_MES_IN N2.0 UTI_MES_AN N2.0 UTI_MES_AL N2.0 UTI_TOTAL N2.0 MARCA_UTI C2.0 PROC_REA C8.0 VAL_SH N13.2 VAL_SP N13.2 VAL_SADT N13.2 VAL_RN N13.2 VAL_ORTP N13.2 VAL_SANGUE N13.2 VAL_SADTSR N11.2 VAL_TRANSP N13.2 VAL_TOT N14.2 VAL_UTI N8.2 US_TOT N10.2 DT_INTER C8.0 DT_SAIDA C8.0 DIAG_PRINC C4.0 DIAG_SECUN C4.0 COBRANCA C2.0 NATUREZA C2.0 GESTAO C1.0 MUNIC_MOV C6.0 COD_IDADE C1.0 IDADE N2.0 DIAS_PERM N5.0 MORTE N1.0 COD_ARQ C1.0 CONT N7.0 NACIONAL C2.0 NUM_PROC C4.0 CAR_INT C1.0 TOT_PT_SP N6.0 NUM_FILHOS N2.0 INSTRU C1.0 CID_NOTIF C4.0 CONTRACEP1 C2.0 CONTRACEP2 C2.0 GESTRISCO C1.0
RDRR9910.dbc,1999-10,2013-10-31T13:09,87993,4af67e2c53b78badd093fa2d7b31c7d8177cd8581ac59fb7e16cd7bc3012d588,1958,9,UF_ZI C2.0 ANO_CMPT C4.0 MES_CMPT C2.0 ESPEC C1.0 CGC_HOSP C14.0 N_AIH C10.0 IDENT C1.0 CEP C8.0 MUNIC_RES C6.0 NASC C8.0 SEXO C1.0 UTI_MES_IN N2.0 UTI_MES_AN N2.0 UTI_MES_AL N2.0 UTI_TOTAL N2.0 MARCA_UTI C2.0 PROC_REA C8.0 VAL_SH N13.2 VAL_SP N13.2 VAL_SADT N13.2 VAL_RN N13.2 VAL_ORTP N13.2 VAL_SANGUE N13.2 VAL_SADTSR N11.2 VAL_TRANSP N13.2 VAL_TOT N14.2 VAL_UTI N8.2 US_TOT N10.2 DT_INTER C8.0 DT_SAIDA C8.0 DIAG_PRINC C4.0 DIAG_SECUN C4.0 COBRANCA C2.0 NATUREZA C2.0 GESTAO C1.0 MUNIC_MOV C6.0 COD_IDADE C1.0 IDADE N2.0 DIAS_PERM N5.0 MORTE N1.0 COD_ARQ C1.0 CONT N7.0 NACIONAL C2.0 NUM_PROC C4.0 CAR_INT C1.0 TOT_PT_SP N6.0 NUM_FILHOS N2.0 INSTRU C1.0 CID_NOTIF C4.0 CONTRACEP1 C2.0 CONTRACEP2 C2.0 GESTRISCO C1.0
RDRR9911.dbc,1999-11,2013-10-31T13:09,74454,fb006b91fa8aeb9147f000b70ead658a37490c27f0af61e329886b4f9fc4e9f9,1623,9,UF_ZI C2.0 ANO_CMPT C4.0 MES_CMPT C2.0 ESPEC C1.0 CGC_HOSP C14.0 N_AIH C10.0 IDENT C1.0 CEP C8.0 MUNIC_RES C6.0 NASC C8.0 SEXO C1.0 UTI_MES_IN N2.0 UTI_MES_AN N2.0 UTI_MES_AL N2.0 UTI_TOTAL N2.0 MARCA_UTI C2.0 PROC_REA C8.0 VAL_SH N13.2 VAL_SP N13.2 VAL_SADT N13.2 VAL_RN N13.2 VAL_ORTP N13.2 VAL_SANGUE N13.2 VAL_SADTSR N11.2 VAL_TRANSP N13.2 VAL_TOT N14.2 VAL_UTI N8.2 US_TOT N10.2 DT_INTER C8.0 DT_SAIDA C8.0 DIAG_PRINC C4.0 DIAG_SECUN C4.0 COBRANCA C2.0 NATUREZA C2.0 GESTAO C1.0 MUNIC_MOV C6.0 COD_IDADE C1.0 IDADE N2.0 DIAS_PERM N5.0 MORTE N1.0 COD_ARQ C1.0 CONT N7.0 NACIONAL C2.0 NUM_PROC C4.0 CAR_INT C1.0 TOT_PT_SP N6.0 NUM_FILHOS N2.0 INSTRU C1.0 CID_NOTIF C4.0 CONTRACEP1 C2.0 CONTRACEP2 C2.0 GESTRISCO C1.0
RDAP9912.dbc,1999-12,2013-10-31T12:38,60065,231204aef0354c41bc05295388461d52efcb21b54b094bd5cafffaed471d3d91,1567,9,UF_ZI C2.0 ANO_CMPT C4.0 MES_CMPT C2.0 ESPEC C1.0 CGC_HOSP C14.0 N_AIH C10.0 IDENT C1.0 CEP C8.0 MUNIC_RES C6.0 NASC C8.0 SEXO C1.0 UTI_MES_IN N2.0 UTI_MES_AN N2.0 UTI_MES_AL N2.0 UTI_TOTAL N2.0 MARCA_UTI C2.0 PROC_REA C8.0 VAL_SH N13.2 VAL_SP N13.2 VAL_SADT N13.2 VAL_RN N13.2 VAL_ORTP N13.2 VAL_SANGUE N13.2 VAL_SADTSR N11.2 VAL_TRANSP N13.2 VAL_TOT N14.2 VAL_UTI N8.2 US_TOT N10.2 DT_INTER C8.0 DT_SAIDA C8.0 DIAG_PRINC C4.0 DIAG_SECUN C4.0 COBRANCA C2.0 NATUREZA C2.0 GESTAO C1.0 MUNIC_MOV C6.0 COD_IDADE C1.0 IDADE N2.0 DIAS_PERM N5.0 MORTE N1.0 COD_ARQ C1.0 CONT N7.0 NACIONAL C2.0 NUM_PROC C4.0 CAR_INT C1.0 TOT_PT_SP N6.0 NUM_FILHOS N2.0 INSTRU C1.0 CID_NOTIF C4.0 CONTRACEP1 C2.0 CONTRACEP2 C2.0 GESTRISCO C1.0
RDMG9912.dbc,1999-12,2013-10-31T12:51,5463449,2285fed00d05e0610789139fa197c1a4bc93a248936a3635b15c2aa92b113e5f,105949,9,UF_ZI C2.0 ANO_CMPT C4.0 MES_CMPT C2.0 ESPEC C1.0 CGC_HOSP C14.0 N_AIH C10.0 IDENT C1.0 CEP C8.0 MUNIC_RES C6.0 NASC C8.0 SEXO C1.0 UTI_MES_IN N2.0 UTI_MES_AN N2.0 UTI_MES_AL N2.0 UTI_TOTAL N2.0 MARCA_UTI C2.0 PROC_REA C8.0 VAL_SH N13.2 VAL_SP N13.2 VAL_SADT N13.2 VAL_RN N13.2 VAL_ORTP N13.2 VAL_SANGUE N13.2 VAL_SADTSR N11.2 VAL_TRANSP N13.2 VAL_TOT N14.2 VAL_UTI N8.2 US_TOT N10.2 DT_INTER C8.0 DT_SAIDA C8.0 DIAG_PRINC C4.0 DIAG_SECUN C4.0 COBRANCA C2.0 NATUREZA C2.0 GESTAO C1.0 MUNIC_MOV C6.0 COD_IDADE C1.0 IDADE N2.0 DIAS_PERM N5.0 MORTE N1.0 COD_ARQ C1.0 CONT N7.0 NACIONAL C2.0 NUM_PROC C4.0 CAR_INT C1.0 TOT_PT_SP N6.0 NUM_FILHOS N2.0 INSTRU C1.0 CID_NOTIF C4.0 CONTRACEP1 C2.0 CONTRACEP2 C2.0 GESTRISCO C1.0
RDSP9912.dbc,1999-12,2013-10-31T13:20,10019231,049200f585a286de9a5e1c9cac02312ed0e0a56d0f297cb7b1efb83910626fb1,197999,9,UF_ZI C2.0 ANO_CMPT C4.0 MES_CMPT C2.0 ESPEC C1.0 CGC_HOSP C14.0 N_AIH C10.0 IDENT C1.0 CEP C8.0 MUNIC_RES C6.0 NASC C8.0 SEXO C1.0 UTI_MES_IN N2.0 UTI_MES_AN N2.0 UTI_MES_AL N2.0 UTI_TOTAL N2.0 MARCA_UTI C2.0 PROC_REA C8.0 VAL_SH N13.2 VAL_SP N13.2 VAL_SADT N13.2 VAL_RN N13.2 VAL_ORTP N13.2 VAL_SANGUE N13.2 VAL_SADTSR N11.2 VAL_TRANSP N13.2 VAL_TOT N14.2 VAL_UTI N8.2 US_TOT N10.2 DT_INTER C8.0 DT_SAIDA C8.0 DIAG_PRINC C4.0 DIAG_SECUN C4.0 COBRANCA C2.0 NATUREZA C2.0 GESTAO C1.0 MUNIC_MOV C6.0 COD_IDADE C1.0 IDADE N2.0 DIAS_PERM N5.0 MORTE N1.0 COD_ARQ C1.0 CONT N7.0 NACIONAL C2.0 NUM_PROC C4.0 CAR_INT C1.0 TOT_PT_SP N6.0 NUM_FILHOS N2.0 INSTRU C1.0 CID_NOTIF C4.0 CONTRACEP1 C2.0 CONTRACEP2 C2.0 GESTRISCO C1.0
RDAP0001.dbc,2000-01,2013-10-31T12:37,88383,628bb26f94be9f50e1641205697a4e3e4e0488c0068c1f617f53fdaf11fbe777,2069,10,UF_ZI C2.0 ANO_CMPT C4.0 MES_CMPT C2.0 ESPEC C2.0 CGC_HOSP C14.0 N_AIH C10.0 IDENT C1.0 CEP C8.0 MUNIC_RES C6.0 NASC C8.0 SEXO C1.0 UTI_MES_IN N2.0 UTI_MES_AN N2.0 UTI_MES_AL N2.0 UTI_MES_TO N2.0 MARCA_UTI C2.0 UTI_INT_IN N2.0 UTI_INT_AN N2.0 UTI_INT_AL N2.0 UTI_INT_TO N2.0 PROC_REA C8.0 VAL_SH N13.2 VAL_SP N13.2 VAL_SADT N13.2 VAL_RN N13.2 VAL_ORTP N13.2 VAL_SANGUE N13.2 VAL_SADTSR N11.2 VAL_TRANSP N13.2 VAL_OBSANG N11.2 VAL_PED1AC N11.2 VAL_TOT N14.2 VAL_UTI N8.2 US_TOT N10.2 DT_INTER C8.0 DT_SAIDA C8.0 DIAG_PRINC C4.0 DIAG_SECUN C4.0 COBRANCA C2.0 NATUREZA C2.0 GESTAO C1.0 MUNIC_MOV C6.0 COD_IDADE C1.0 IDADE N2.0 DIAS_PERM N5.0 MORTE N1.0 COD_ARQ C1.0 CONT N7.0 NACIONAL C2.0 NUM_PROC C4.0 CAR_INT C2.0 TOT_PT_SP N6.0 CPF_AUT C11.0 HOMONIMO C1.0 NUM_FILHOS N2.0 INSTRU C1.0 CID_NOTIF C4.0 CONTRACEP1 C2.0 CONTRACEP2 C2.0 GESTRISCO C1.0
RDMG0001.dbc,2000-01,2013-10-31T12:48,5741050,fc05d6825309b57a4a5bd3e52f67a0a48482815a84214cb484d30b01afdb1e63,107470,10,UF_ZI C2.0 ANO_CMPT C4.0 MES_CMPT C2.0 ESPEC C2.0 CGC_HOSP C14.0 N_AIH C10.0 IDENT C1.0 CEP C8.0 MUNIC_RES C6.0 NASC C8.0 SEXO C1.0 UTI_MES_IN N2.0 UTI_MES_AN N2.0 UTI_MES_AL N2.0 UTI_MES_TO N2.0 MARCA_UTI C2.0 UTI_INT_IN N2.0 UTI_INT_AN N2.0 UTI_INT_AL N2.0 UTI_INT_TO N2.0 PROC_REA C8.0 VAL_SH N13.2 VAL_SP N13.2 VAL_SADT N13.2 VAL_RN N13.2 VAL_ORTP N13.2 VAL_SANGUE N13.2 VAL_SADTSR N11.2 VAL_TRANSP N13.2 VAL_OBSANG N11.2 VAL_PED1AC N11.2 VAL_TOT N14.2 VAL_UTI N8.2 US_TOT N10.2 DT_INTER C8.0 DT_SAIDA C8.0 DIAG_PRINC C4.0 DIAG_SECUN C4.0 COBRANCA C2.0 NATUREZA C2.0 GESTAO C1.0 MUNIC_MOV C6.0 COD_IDADE C1.0 IDADE N2.0 DIAS_PERM N5.0 MORTE N1.0 COD_ARQ C1.0 CONT N7.0 NACIONAL C2.0 NUM_PROC C4.0 CAR_INT C2.0 TOT_PT_SP N6.0 CPF_AUT C11.0 HOMONIMO C1.0 NUM_FILHOS N2.0 INSTRU C1.0 CID_NOTIF C4.0 CONTRACEP1 C2.0 CONTRACEP2 C2.0 GESTRISCO C1.0
RDSP0001.dbc,2000-01,2013-10-31T13:14,10090580,a67cf7dd3b62bafe8ff3b30b775794ba5c03a668662530a505b9ce5611084bbf,193824,10,UF_ZI C2.0 ANO_CMPT C4.0 MES_CMPT C2.0 ESPEC C2.0 CGC_HOSP C14.0 N_AIH C10.0 IDENT C1.0 CEP C8.0 MUNIC_RES C6.0 NASC C8.0 SEXO C1.0 UTI_MES_IN N2.0 UTI_MES_AN N2.0 UTI_MES_AL N2.0 UTI_MES_TO N2.0 MARCA_UTI C2.0 UTI_INT_IN N2.0 UTI_INT_AN N2.0 UTI_INT_AL N2.0 UTI_INT_TO N2.0 PROC_REA C8.0 VAL_SH N13.2 VAL_SP N13.2 VAL_SADT N13.2 VAL_RN N13.2 VAL_ORTP N13.2 VAL_SANGUE N13.2 VAL_SADTSR N11.2 VAL_TRANSP N13.2 VAL_OBSANG N11.2 VAL_PED1AC N11.2 VAL_TOT N14.2 VAL_UTI N8.2 US_TOT N10.2 DT_INTER C8.0 DT_SAIDA C8.0 DIAG_PRINC C4.0 DIAG_SECUN C4.0 COBRANCA C2.0 NATUREZA C2.0 GESTAO C1.0 MUNIC_MOV C6.0 COD_IDADE C1.0 IDADE N2.0 DIAS_PERM N5.0 MORTE N1.0 COD_ARQ C1.0 CONT N7.0 NACIONAL C2.0 NUM_PROC C4.0 CAR_INT C2.0 TOT_PT_SP N6.0 CPF_AUT C11.0 HOMONIMO C1.0 NUM_FILHOS N2.0 INSTRU C1.0 CID_NOTIF C4.0 CONTRACEP1 C2.0 CONTRACEP2 C2.0 GESTRISCO C1.0
RDAP0002.dbc,2000-02,2013-10-31T12:37,114039,cd0c5965365480f83f556c340e11a43b9c9dc35be608c04d7bdb1e5abc19ecaf,2634,10,UF_ZI C2.0 ANO_CMPT C4.0 MES_CMPT C2.0 ESPEC C2.0 CGC_HOSP C14.0 N_AIH C10.0 IDENT C1.0 CEP C8.0 MUNIC_RES C6.0 NASC C8.0 SEXO C1.0 UTI_MES_IN N2.0 UTI_MES_AN N2.0 UTI_MES_AL N2.0 UTI_MES_TO N2.0 MARCA_UTI C2.0 UTI_INT_IN N2.0 UTI_INT_AN N2.0 UTI_INT_AL N2.0 UTI_INT_TO N2.0 PROC_REA C8.0 VAL_SH N13.2 VAL_SP N13.2 VAL_SADT N13.2 VAL_RN N13.2 VAL_ORTP N13.2 VAL_SANGUE N13.2 VAL_SADTSR N11.2 VAL_TRANSP N13.2 VAL_OBSANG N11.2 VAL_PED1AC N11.2 VAL_TOT N14.2 VAL_UTI N8.2 US_TOT N10.2 DT_INTER C8.0 DT_SAIDA C8.0 DIAG_PRINC C4.0 DIAG_SECUN C4.0 COBRANCA C2.0 NATUREZA C2.0 GESTAO C1.0 MUNIC_MOV C6.0 COD_IDADE C1.0 IDADE N2.0 DIAS_PERM N5.0 MORTE N1.0 COD_ARQ C1.0 CONT N7.0 NACIONAL C2.0 NUM_PROC C4.0 CAR_INT C2.0 TOT_PT_SP N6.0 CPF_AUT C11.0 HOMONIMO C1.0 NUM_FILHOS N2.0 INSTRU C1.0 CID_NOTIF C4.0 CONTRACEP1 C2.0 CONTRACEP2 C2.0 GESTRISCO C1.0
RDAP0003.dbc,2000-03,2013-10-31T12:37,113495,88b42d0d4d21f17745b60c024a5cade187ecdfcdfc1477de792e3dc7ef6ed307,3374,10,UF_ZI C2.0 ANO_CMPT C4.0 MES_CMPT C2.0 ESPEC C2.0 CGC_HOSP C14.0 N_AIH C10.0 IDENT C1.0 CEP C8.0 MUNIC_RES C6.0 NASC C8.0 SEXO C1.0 UTI_MES_IN N2.0 UTI_MES_AN N2.0 UTI_MES_AL N2.0 UTI_MES_TO N2.0 MARCA_UTI C2.0 UTI_INT_IN N2.0 UTI_INT_AN N2.0 UTI_INT_AL N2.0 UTI_INT_TO N2.0 PROC_REA C8.0 VAL_SH N13.2 VAL_SP N13.2 VAL_SADT N13.2 VAL_RN N13.2 VAL_ORTP N13.2 VAL_SANGUE N13.2 VAL_SADTSR N11.2 VAL_TRANSP N13.2 VAL_OBSANG N11.2 VAL_PED1AC N11.2 VAL_TOT N14.2 VAL_UTI N8.2 US_TOT N10.2 DT_INTER C8.0 DT_SAIDA C8.0 DIAG_PRINC C4.0 DIAG_SECUN C4.0 COBRANCA C2.0 NATUREZA C2.0 GESTAO C1.0 MUNIC_MOV C6.0 COD_IDADE C1.0 IDADE N2.0 DIAS_PERM N5.0 MORTE N1.0 COD_ARQ C1.0 CONT N7.0 NACIONAL C2.0 NUM_PROC C4.0 CAR_INT C2.0 TOT_PT_SP N6.0 CPF_AUT C11.0 HOMONIMO C1.0 NUM_FILHOS N2.0 INSTRU C1.0 CID_NOTIF C4.0 CONTRACEP1 C2.0 CONTRACEP2 C2.0 GESTRISCO C1.0
RDAP0004.dbc,2000-04,2013-10-31T12:37,126673,b49eefd686d9c7604764e2a84aa70dd318496dc7032eb789fbe420c240c8ddf3,3563,10,UF_ZI C2.0 ANO_CMPT C4.0 MES_CMPT C2.0 ESPEC C2.0 CGC_HOSP C14.0 N_AIH C10.0 IDENT C1.0 CEP C8.0 MUNIC_RES C6.0 NASC C8.0 SEXO C1.0 UTI_MES_IN N2.0 UTI_MES_AN N2.0 UTI_MES_AL N2.0 UTI_MES_TO N2.0 MARCA_UTI C2.0 UTI_INT_IN N2.0 UTI_INT_AN N2.0 UTI_INT_AL N2.0 UTI_INT_TO N2.0 PROC_REA C8.0 VAL_SH N13.2 VAL_SP N13.2 VAL_SADT N13.2 VAL_RN N13.2 VAL_ORTP N13.2 VAL_SANGUE N13.2 VAL_SADTSR N11.2 VAL_TRANSP N13.2 VAL_OBSANG N11.2 VAL_PED1AC N11.2 VAL_TOT N14.2 VAL_UTI N8.2 US_TOT N10.2 DT_INTER C8.0 DT_SAIDA C8.0 DIAG_PRINC C4.0 DIAG_SECUN C4.0 COBRANCA C2.0 NATUREZA C2.0 GESTAO C1.0 MUNIC_MOV C6.0 COD_IDADE C1.0 IDADE N2.0 DIAS_PERM N5.0 MORTE N1.0 COD_ARQ C1.0 CONT N7.0 NACIONAL C2.0 NUM_PROC C4.0 CAR_INT C2.0 TOT_PT_SP N6.0 CPF_AUT C11.0 HOMONIMO C1.0 NUM_FILHOS N2.0 INSTRU C1.0 CID_NOTIF C4.0 CONTRACEP1 C2.0 CONTRACEP2 C2.0 GESTRISCO C1.0
RDAP0005.dbc,2000-05,2013-10-31T12:37,82677,6cfd9029db50f4d958c58310f3e9aba32fffc7efbd0f99ebb4c35d3401aadb8a,2294,10,UF_ZI C2.0 ANO_CMPT C4.0 MES_CMPT C2.0 ESPEC C2.0 CGC_HOSP C14.0 N_AIH C10.0 IDENT C1.0 CEP C8.0 MUNIC_RES C6.0 NASC C8.0 SEXO C1.0 UTI_MES_IN N2.0 UTI_MES_AN N2.0 UTI_MES_AL N2.0 UTI_MES_TO N2.0 MARCA_UTI C2.0 UTI_INT_IN N2.0 UTI_INT_AN N2.0 UTI_INT_AL N2.0 UTI_INT_TO N2.0 PROC_REA C8.0 VAL_SH N13.2 VAL_SP N13.2 VAL_SADT N13.2 VAL_RN N13.2 VAL_ORTP N13.2 VAL_SANGUE N13.2 VAL_SADTSR N11.2 VAL_TRANSP N13.2 VAL_OBSANG N11.2 VAL_PED1AC N11.2 VAL_TOT N14.2 VAL_UTI N8.2 US_TOT N10.2 DT_INTER C8.0 DT_SAIDA C8.0 DIAG_PRINC C4.0 DIAG_SECUN C4.0 COBRANCA C2.0 NATUREZA C2.0 GESTAO C1.0 MUNIC_MOV C6.0 COD_IDADE C1.0 IDADE N2.0 DIAS_PERM N5.0 MORTE N1.0 COD_ARQ C1.0 CONT N7.0 NACIONAL C2.0 NUM_PROC C4.0 CAR_INT C2.0 TOT_PT_SP N6.0 CPF_AUT C11.0 HOMONIMO C1.0 NUM_FILHOS N2.0 INSTRU C1.0 CID_NOTIF C4.0 CONTRACEP1 C2.0 CONTRACEP2 C2.0 GESTRISCO C1.0
RDRR0006.dbc,2000-06,2013-10-31T13:08,29012,e1c6c372e25522bccd6e258084301dab28c9026ecdaa331fef2cb8b3967082b8,594,10,UF_ZI C2.0 ANO_CMPT C4.0 MES_CMPT C2.0 ESPEC C2.0 CGC_HOSP C14.0 N_AIH C10.0 IDENT C1.0 CEP C8.0 MUNIC_RES C6.0 NASC C8.0 SEXO C1.0 UTI_MES_IN N2.0 UTI_MES_AN N2.0 UTI_MES_AL N2.0 UTI_MES_TO N2.0 MARCA_UTI C2.0 UTI_INT_IN N2.0 UTI_INT_AN N2.0 UTI_INT_AL N2.0 UTI_INT_TO N2.0 PROC_REA C8.0 VAL_SH N13.2 VAL_SP N13.2 VAL_SADT N13.2 VAL_RN N13.2 VAL_ORTP N13.2 VAL_SANGUE N13.2 VAL_SADTSR N11.2 VAL_TRANSP N13.2 VAL_OBSANG N11.2 VAL_PED1AC N11.2 VAL_TOT N14.2 VAL_UTI N8.2 US_TOT N10.2 DT_INTER C8.0 DT_SAIDA C8.0 DIAG_PRINC C4.0 DIAG_SECUN C4.0 COBRANCA C2.0 NATUREZA C2.0 GESTAO C1.0 MUNIC_MOV C6.0 COD_IDADE C1.0 IDADE N2.0 DIAS_PERM N5.0 MORTE N1.0 COD_ARQ C1.0 CONT N7.0 NACIONAL C2.0 NUM_PROC C4.0 CAR_INT C2.0 TOT_PT_SP N6.0 CPF_AUT C11.0 HOMONIMO C1.0 NUM_FILHOS N2.0 INSTRU C1.0 CID_NOTIF C4.0 CONTRACEP1 C2.0 CONTRACEP2 C2.0 GESTRISCO C1.0
RDRR0007.dbc,2000-07,2013-10-31T13:08,58577,f9021b6049916b7eb86e9c91fec583c1175014316f6cd7114992d54ec1dbda7e,1335,10,UF_ZI C2.0 ANO_CMPT C4.0 MES_CMPT C2.0 ESPEC C2.0 CGC_HOSP C14.0 N_AIH C10.0 IDENT C1.0 CEP C8.0 MUNIC_RES C6.0 NASC C8.0 SEXO C1.0 UTI_MES_IN N2.0 UTI_MES_AN N2.0 UTI_MES_AL N2.0 UTI_MES_TO N2.0 MARCA_UTI C2.0 UTI_INT_IN N2.0 UTI_INT_AN N2.0 UTI_INT_AL N2.0 UTI_INT_TO N2.0 PROC_REA C8.0 VAL_SH N13.2 VAL_SP N13.2 VAL_SADT N13.2 VAL_RN N13.2 VAL_ORTP N13.2 VAL_SANGUE N13.2 VAL_SADTSR N11.2 VAL_TRANSP N13.2 VAL_OBSANG N11.2 VAL_PED1AC N11.2 VAL_TOT N14.2 VAL_UTI N8.2 US_TOT N10.2 DT_INTER C8.0 DT_SAIDA C8.0 DIAG_PRINC C4.0 DIAG_SECUN C4.0 COBRANCA C2.0 NATUREZA C2.0 GESTAO C1.0 MUNIC_MOV C6.0 COD_IDADE C1.0 IDADE N2.0 DIAS_PERM N5.0 MORTE N1.0 COD_ARQ C1.0 CONT N7.0 NACIONAL C2.0 NUM_PROC C4.0 CAR_INT C2.0 TOT_PT_SP N6.0 CPF_AUT C11.0 HOMONIMO C1.0 NUM_FILHOS N2.0 INSTRU C1.0 CID_NOTIF C4.0 CONTRACEP1 C2.0 CONTRACEP2 C2.0 GESTRISCO C1.0
RDRR0008.dbc,2000-08,2013-10-31T13:08,67469,973e085992116957ba20436be5f120b94650b6da3111340b865b90382a29e51a,1619,10,UF_ZI C2.0 ANO_CMPT C4.0 MES_CMPT C2.0 ESPEC C2.0 CGC_HOSP C14.0 N_AIH C10.0 IDENT C1.0 CEP C8.0 MUNIC_RES C6.0 NASC C8.0 SEXO C1.0 UTI_MES_IN N2.0 UTI_MES_AN N2.0 UTI_MES_AL N2.0 UTI_MES_TO N2.0 MARCA_UTI C2.0 UTI_INT_IN N2.0 UTI_INT_AN N2.0 UTI_INT_AL N2.0 UTI_INT_TO N2.0 PROC_REA C8.0 VAL_SH N13.2 VAL_SP N13.2 VAL_SADT N13.2 VAL_RN N13.2 VAL_ORTP N13.2 VAL_SANGUE N13.2 VAL_SADTSR N11.2 VAL_TRANSP N13.2 VAL_OBSANG N11.2 VAL_PED1AC N11.2 VAL_TOT N14.2 VAL_UTI N8.2 US_TOT N10.2 DT_INTER C8.0 DT_SAIDA C8.0 DIAG_PRINC C4.0 DIAG_SECUN C4.0 COBRANCA C2.0 NATUREZA C2.0 GESTAO C1.0 MUNIC_MOV C6.0 COD_IDADE C1.0 IDADE N2.0 DIAS_PERM N5.0 MORTE N1.0 COD_ARQ C1.0 CONT N7.0 NACIONAL C2.0 NUM_PROC C4.0 CAR_INT C2.0 TOT_PT_SP N6.0 CPF_AUT C11.0 HOMONIMO C1.0 NUM_FILHOS N2.0 INSTRU C1.0 CID_NOTIF C4.0 CONTRACEP1 C2.0 CONTRACEP2 C2.0 GESTRISCO C1.0
RDRR0009.dbc,2000-09,2013-10-31T13:08,63055,888c59c387df38c4a0ef58c2e80c6ac1081cfdc935e3e28305dd61f2adcc36ef,1392,10,UF_ZI C2.0 ANO_CMPT C4.0 MES_CMPT C2.0 ESPEC C2.0 CGC_HOSP C14.0 N_AIH C10.0 IDENT C1.0 CEP C8.0 MUNIC_RES C6.0 NASC C8.0 SEXO C1.0 UTI_MES_IN N2.0 UTI_MES_AN N2.0 UTI_MES_AL N2.0 UTI_MES_TO N2.0 MARCA_UTI C2.0 UTI_INT_IN N2.0 UTI_INT_AN N2.0 UTI_INT_AL N2.0 UTI_INT_TO N2.0 PROC_REA C8.0 VAL_SH N13.2 VAL_SP N13.2 VAL_SADT N13.2 VAL_RN N13.2 VAL_ORTP N13.2 VAL_SANGUE N13.2 VAL_SADTSR N11.2 VAL_TRANSP N13.2 VAL_OBSANG N11.2 VAL_PED1AC N11.2 VAL_TOT N14.2 VAL_UTI N8.2 US_TOT N10.2 DT_INTER C8.0 DT_SAIDA C8.0 DIAG_PRINC C4.0 DIAG_SECUN C4.0 COBRANCA C2.0 NATUREZA C2.0 GESTAO C1.0 MUNIC_MOV C6.0 COD_IDADE C1.0 IDADE N2.0 DIAS_PERM N5.0 MORTE N1.0 COD_ARQ C1.0 CONT N7.0 NACIONAL C2.0 NUM_PROC C4.0 CAR_INT C2.0 TOT_PT_SP N6.0 CPF_AUT C11.0 HOMONIMO C1.0 NUM_FILHOS N2.0 INSTRU C1.0 CID_NOTIF C4.0 CONTRACEP1 C2.0 CONTRACEP2 C2.0 GESTRISCO C1.0
RDRR0010.dbc,2000-10,2013-10-31T13:08,60832,82afdb2c9cc37e5d263b0d5ae436ac153130b3ebcffa16a6251dc5b9ff42efa1,1350,10,UF_ZI C2.0 ANO_CMPT C4.0 MES_CMPT C2.0 ESPEC C2.0 CGC_HOSP C14.0 N_AIH C10.0 IDENT C1.0 CEP C8.0 MUNIC_RES C6.0 NASC C8.0 SEXO C1.0 UTI_MES_IN N2.0 UTI_MES_AN N2.0 UTI_MES_AL N2.0 UTI_MES_TO N2.0 MARCA_UTI C2.0 UTI_INT_IN N2.0 UTI_INT_AN N2.0 UTI_INT_AL N2.0 UTI_INT_TO N2.0 PROC_REA C8.0 VAL_SH N13.2 VAL_SP N13.2 VAL_SADT N13.2 VAL_RN N13.2 VAL_ORTP N13.2 VAL_SANGUE N13.2 VAL_SADTSR N11.2 VAL_TRANSP N13.2 VAL_OBSANG N11.2 VAL_PED1AC N11.2 VAL_TOT N14.2 VAL_UTI N8.2 US_TOT N10.2 DT_INTER C8.0 DT_SAIDA C8.0 DIAG_PRINC C4.0 DIAG_SECUN C4.0 COBRANCA C2.0 NATUREZA C2.0 GESTAO C1.0 MUNIC_MOV C6.0 COD_IDADE C1.0 IDADE N2.0 DIAS_PERM N5.0 MORTE N1.0 COD_ARQ C1.0 CONT N7.0 NACIONAL C2.0 NUM_PROC C4.0 CAR_INT C2.0 TOT_PT_SP N6.0 CPF_AUT C11.0 HOMONIMO C1.0 NUM_FILHOS N2.0 INSTRU C1.0 CID_NOTIF C4.0 CONTRACEP1 C2.0 CONTRACEP2 C2.0 GESTRISCO C1.0
RDRR0011.dbc,2000-11,2013-10-31T13:08,71983,7836a961b155934f7c2831a75ed38d18ac445629aa5efca847a39486b5c076c3,1570,10,UF_ZI C2.0 ANO_CMPT C4.0 MES_CMPT C2.0 ESPEC C2.0 CGC_HOSP C14.0 N_AIH C10.0 IDENT C1.0 CEP C8.0 MUNIC_RES C6.0 NASC C8.0 SEXO C1.0 UTI_MES_IN N2.0 UTI_MES_AN N2.0 UTI_MES_AL N2.0 UTI_MES_TO N2.0 MARCA_UTI C2.0 UTI_INT_IN N2.0 UTI_INT_AN N2.0 UTI_INT_AL N2.0 UTI_INT_TO N2.0 PROC_REA C8.0 VAL_SH N13.2 VAL_SP N13.2 VAL_SADT N13.2 VAL_RN N13.2 VAL_ORTP N13.2 VAL_SANGUE N13.2 VAL_SADTSR N11.2 VAL_TRANSP N13.2 VAL_OBSANG N11.2 VAL_PED1AC N11.2 VAL_TOT N14.2 VAL_UTI N8.2 US_TOT N10.2 DT_INTER C8.0 DT_SAIDA C8.0 DIAG_PRINC C4.0 DIAG_SECUN C4.0 COBRANCA C2.0 NATUREZA C2.0 GESTAO C1.0 MUNIC_MOV C6.0 COD_IDADE C1.0 IDADE N2.0 DIAS_PERM N5.0 MORTE N1.0 COD_ARQ C1.0 CONT N7.0 NACIONAL C2.0 NUM_PROC C4.0 CAR_INT C2.0 TOT_PT_SP N6.0 CPF_AUT C11.0 HOMONIMO C1.0 NUM_FILHOS N2.0 INSTRU C1.0 CID_NOTIF C4.0 CONTRACEP1 C2.0 CONTRACEP2 C2.0 GESTRISCO C1.0
RDMG0012.dbc,2000-12,2013-10-31T12:48,5353123,9ff1a0af5a853280b46b5de8a2432467ba032a6ea21367b29aa1d5df5488192a,98315,10,UF_ZI C2.0 ANO_CMPT C4.0 MES_CMPT C2.0 ESPEC C2.0 CGC_HOSP C14.0 N_AIH C10.0 IDENT C1.0 CEP C8.0 MUNIC_RES C6.0 NASC C8.0 SEXO C1.0 UTI_MES_IN N2.0 UTI_MES_AN N2.0 UTI_MES_AL N2.0 UTI_MES_TO N2.0 MARCA_UTI C2.0 UTI_INT_IN N2.0 UTI_INT_AN N2.0 UTI_INT_AL N2.0 UTI_INT_TO N2.0 PROC_REA C8.0 VAL_SH N13.2 VAL_SP N13.2 VAL_SADT N13.2 VAL_RN N13.2 VAL_ORTP N13.2 VAL_SANGUE N13.2 VAL_SADTSR N11.2 VAL_TRANSP N13.2 VAL_OBSANG N11.2 VAL_PED1AC N11.2 VAL_TOT N14.2 VAL_UTI N8.2 US_TOT N10.2 DT_INTER C8.0 DT_SAIDA C8.0 DIAG_PRINC C4.0 DIAG_SECUN C4.0 COBRANCA C2.0 NATUREZA C2.0 GESTAO C1.0 MUNIC_MOV C6.0 COD_IDADE C1.0 IDADE N2.0 DIAS_PERM N5.0 MORTE N1.0 COD_ARQ C1.0 CONT N7.0 NACIONAL C2.0 NUM_PROC C4.0 CAR_INT C2.0 TOT_PT_SP N6.0 CPF_AUT C11.0 HOMONIMO C1.0 NUM_FILHOS N2.0 INSTRU C1.0 CID_NOTIF C4.0 CONTRACEP1 C2.0 CONTRACEP2 C2.0 GESTRISCO C1.0
RDRR0012.dbc,2000-12,2013-10-31T13:08,55206,e559325835a250aed0e263910dea75328a09c14c42a8441be2999c77d14d8a23,1220,10,UF_ZI C2.0 ANO_CMPT C4.0 MES_CMPT C2.0 ESPEC C2.0 CGC_HOSP C14.0 N_AIH C10.0 IDENT C1.0 CEP C8.0 MUNIC_RES C6.0 NASC C8.0 SEXO C1.0 UTI_MES_IN N2.0 UTI_MES_AN N2.0 UTI_MES_AL N2.0 UTI_MES_TO N2.0 MARCA_UTI C2.0 UTI_INT_IN N2.0 UTI_INT_AN N2.0 UTI_INT_AL N2.0 UTI_INT_TO N2.0 PROC_REA C8.0 VAL_SH N13.2 VAL_SP N13.2 VAL_SADT N13.2 VAL_RN N13.2 VAL_ORTP N13.2 VAL_SANGUE N13.2 VAL_SADTSR N11.2 VAL_TRANSP N13.2 VAL_OBSANG N11.2 VAL_PED1AC N11.2 VAL_TOT N14.2 VAL_UTI N8.2 US_TOT N10.2 DT_INTER C8.0 DT_SAIDA C8.0 DIAG_PRINC C4.0 DIAG_SECUN C4.0 COBRANCA C2.0 NATUREZA C2.0 GESTAO C1.0 MUNIC_MOV C6.0 COD_IDADE C1.0 IDADE N2.0 DIAS_PERM N5.0 MORTE N1.0 COD_ARQ C1.0 CONT N7.0 NACIONAL C2.0 NUM_PROC C4.0 CAR_INT C2.0 TOT_PT_SP N6.0 CPF_AUT C11.0 HOMONIMO C1.0 NUM_FILHOS N2.0 INSTRU C1.0 CID_NOTIF C4.0 CONTRACEP1 C2.0 CONTRACEP2 C2.0 GESTRISCO C1.0
RDSP0012.dbc,2000-12,2013-10-31T13:15,10262884,68a58669745fcbc6f37641fe5efe71163fd3b57e9db518fc05d295027251822b,192405,10,UF_ZI C2.0 ANO_CMPT C4.0 MES_CMPT C2.0 ESPEC C2.0 CGC_HOSP C14.0 N_AIH C10.0 IDENT C1.0 CEP C8.0 MUNIC_RES C6.0 NASC C8.0 SEXO C1.0 UTI_MES_IN N2.0 UTI_MES_AN N2.0 UTI_MES_AL N2.0 UTI_MES_TO N2.0 MARCA_UTI C2.0 UTI_INT_IN N2.0 UTI_INT_AN N2.0 UTI_INT_AL N2.0 UTI_INT_TO N2.0 PROC_REA C8.0 VAL_SH N13.2 VAL_SP N13.2 VAL_SADT N13.2 VAL_RN N13.2 VAL_ORTP N13.2 VAL_SANGUE N13.2 VAL_SADTSR N11.2 VAL_TRANSP N13.2 VAL_OBSANG N11.2 VAL_PED1AC N11.2 VAL_TOT N14.2 VAL_UTI N8.2 US_TOT N10.2 DT_INTER C8.0 DT_SAIDA C8.0 DIAG_PRINC C4.0 DIAG_SECUN C4.0 COBRANCA C2.0 NATUREZA C2.0 GESTAO C1.0 MUNIC_MOV C6.0 COD_IDADE C1.0 IDADE N2.0 DIAS_PERM N5.0 MORTE N1.0 COD_ARQ C1.0 CONT N7.0 NACIONAL C2.0 NUM_PROC C4.0 CAR_INT C2.0 TOT_PT_SP N6.0 CPF_AUT C11.0 HOMONIMO C1.0 NUM_FILHOS N2.0 INSTRU C1.0 CID_NOTIF C4.0 CONTRACEP1 C2.0 CONTRACEP2 C2.0 GESTRISCO C1.0
RDMG0101.dbc,2001-01,2013-10-31T12:48,5417781,886624c30d41398f4f9f1c98c48472667f56c1d9404f73334992c0eb1afad5ca,105646,11,UF_ZI C2.0 ANO_CMPT C4.0 MES_CMPT C2.0 ESPEC C2.0 CGC_HOSP C14.0 N_AIH C10.0 IDENT C1.0 CEP C8.0 MUNIC_RES C6.0 NASC C8.0 SEXO C1.0 UTI_MES_IN N2.0 UTI_MES_AN N2.0 UTI_MES_AL N2.0 UTI_MES_TO N2.0 MARCA_UTI C2.0 UTI_INT_IN N2.0 UTI_INT_AN N2.0 UTI_INT_AL N2.0 UTI_INT_TO N2.0 PROC_REA C8.0 VAL_SH N8.2 VAL_SP N8.2 VAL_SADT N8.2 VAL_RN N8.2 VAL_ORTP N8.2 VAL_SANGUE N8.2 VAL_SADTSR N8.2 VAL_TRANSP N8.2 VAL_OBSANG N8.2 VAL_PED1AC N8.2 VAL_TOT N9.2 VAL_UTI N8.2 US_TOT N8.2 DT_INTER C8.0 DT_SAIDA C8.0 DIAG_PRINC C4.0 DIAG_SECUN C4.0 COBRANCA C2.0 NATUREZA C2.0 GESTAO C1.0 MUNIC_MOV C6.0 COD_IDADE C1.0 IDADE N2.0 DIAS_PERM N5.0 MORTE N1.0 NACIONAL C2.0 NUM_PROC C4.0 CAR_INT C2.0 TOT_PT_SP N6.0 CPF_AUT C11.0 HOMONIMO C1.0 NUM_FILHOS N2.0 INSTRU C1.0 CID_NOTIF C4.0 CONTRACEP1 C2.0 CONTRACEP2 C2.0 GESTRISCO C1.0 INSC_PN C10.0 SEQ_AIH5 C3.0
RDRR0101.dbc,2001-01,2013-10-31T13:08,61566,efa3f5b2f841bae057dd42491ef49824be6fea3c76e28054f1e9cb8e9d001625,1293,11,UF_ZI C2.0 ANO_CMPT C4.0 MES_CMPT C2.0 ESPEC C2.0 CGC_HOSP C14.0 N_AIH C10.0 IDENT C1.0 CEP C8.0 MUNIC_RES C6.0 NASC C8.0 SEXO C1.0 UTI_MES_IN N2.0 UTI_MES_AN N2.0 UTI_MES_AL N2.0 UTI_MES_TO N2.0 MARCA_UTI C2.0 UTI_INT_IN N2.0 UTI_INT_AN N2.0 UTI_INT_AL N2.0 UTI_INT_TO N2.0 PROC_REA C8.0 VAL_SH N8.2 VAL_SP N8.2 VAL_SADT N8.2 VAL_RN N8.2 VAL_ORTP N8.2 VAL_SANGUE N8.2 VAL_SADTSR N8.2 VAL_TRANSP N8.2 VAL_OBSANG N8.2 VAL_PED1AC N8.2 VAL_TOT N9.2 VAL_UTI N8.2 US_TOT N8.2 DT_INTER C8.0 DT_SAIDA C8.0 DIAG_PRINC C4.0 DIAG_SECUN C4.0 COBRANCA C2.0 NATUREZA C2.0 GESTAO C1.0 MUNIC_MOV C6.0 COD_IDADE C1.0 IDADE N2.0 DIAS_PERM N5.0 MORTE N1.0 NACIONAL C2.0 NUM_PROC C4.0 CAR_INT C2.0 TOT_PT_SP N6.0 CPF_AUT C11.0 HOMONIMO C1.0 NUM_FILHOS N2.0 INSTRU C1.0 CID_NOTIF C4.0 CONTRACEP1 C2.0 CONTRACEP2 C2.0 GESTRISCO C1.0 INSC_PN C10.0 SEQ_AIH5 C3.0
RDSP0101.dbc,2001-01,2013-10-31T13:15,10125811,cd1718a18a25e5216e1ee1f5e0cededa83859b52292994fffedcd5c45253c47c,202139,11,UF_ZI C2.0 ANO_CMPT C4.0 MES_CMPT C2.0 ESPEC C2.0 CGC_HOSP C14.0 N_AIH C10.0 IDENT C1.0 CEP C8.0 MUNIC_RES C6.0 NASC C8.0 SEXO C1.0 UTI_MES_IN N2.0 UTI_MES_AN N2.0 UTI_MES_AL N2.0 UTI_MES_TO N2.0 MARCA_UTI C2.0 UTI_INT_IN N2.0 UTI_INT_AN N2.0 UTI_INT_AL N2.0 UTI_INT_TO N2.0 PROC_REA C8.0 VAL_SH N8.2 VAL_SP N8.2 VAL_SADT N8.2 VAL_RN N8.2 VAL_ORTP N8.2 VAL_SANGUE N8.2 VAL_SADTSR N8.2 VAL_TRANSP N8.2 VAL_OBSANG N8.2 VAL_PED1AC N8.2 VAL_TOT N9.2 VAL_UTI N8.2 US_TOT N8.2 DT_INTER C8.0 DT_SAIDA C8.0 DIAG_PRINC C4.0 DIAG_SECUN C4.0 COBRANCA C2.0 NATUREZA C2.0 GESTAO C1.0 MUNIC_MOV C6.0 COD_IDADE C1.0 IDADE N2.0 DIAS_PERM N5.0 MORTE N1.0 NACIONAL C2.0 NUM_PROC C4.0 CAR_INT C2.0 TOT_PT_SP N6.0 CPF_AUT C11.0 HOMONIMO C1.0 NUM_FILHOS N2.0 INSTRU C1.0 CID_NOTIF C4.0 CONTRACEP1 C2.0 CONTRACEP2 C2.0 GESTRISCO C1.0 INSC_PN C10.0 SEQ_AIH5 C3.0
RDRR0102.dbc,2001-02,2013-10-31T13:08,42549,7bfa4bbde06399d87a9f715c776d14843b094f852fb09af275ad4b8807ba8b34,1066,11,UF_ZI C2.0 ANO_CMPT C4.0 MES_CMPT C2.0 ESPEC C2.0 CGC_HOSP C14.0 N_AIH C10.0 IDENT C1.0 CEP C8.0 MUNIC_RES C6.0 NASC C8.0 SEXO C1.0 UTI_MES_IN N2.0 UTI_MES_AN N2.0 UTI_MES_AL N2.0 UTI_MES_TO N2.0 MARCA_UTI C2.0 UTI_INT_IN N2.0 UTI_INT_AN N2.0 UTI_INT_AL N2.0 UTI_INT_TO N2.0 PROC_REA C8.0 VAL_SH N8.2 VAL_SP N8.2 VAL_SADT N8.2 VAL_RN N8.2 VAL_ORTP N8.2 VAL_SANGUE N8.2 VAL_SADTSR N8.2 VAL_TRANSP N8.2 VAL_OBSANG N8.2 VAL_PED1AC N8.2 VAL_TOT N9.2 VAL_UTI N8.2 US_TOT N8.2 DT_INTER C8.0 DT_SAIDA C8.0 DIAG_PRINC C4.0 DIAG_SECUN C4.0 COBRANCA C2.0 NATUREZA C2.0 GESTAO C1.0 MUNIC_MOV C6.0 COD_IDADE C1.0 IDADE N2.0 DIAS_PERM N5.0 MORTE N1.0 NACIONAL C2.0 NUM_PROC C4.0 CAR_INT C2.0 TOT_PT_SP N6.0 CPF_AUT C11.0 HOMONIMO C1.0 NUM_FILHOS N2.0 INSTRU C1.0 CID_NOTIF C4.0 CONTRACEP1 C2.0 CONTRACEP2 C2.0 GESTRISCO C1.0 INSC_PN C10.0 SEQ_AIH5 C3.0
RDRR0103.dbc,2001-03,2013-10-31T13:08,50956,a00a55dcd6215634fc65c4606232fbdf4333b4d55a3a7e93613e2b760c4c3c22,1229,11,UF_ZI C2.0 ANO_CMPT C4.0 MES_CMPT C2.0 ESPEC C2.0 CGC_HOSP C14.0 N_AIH C10.0 IDENT C1.0 CEP C8.0 MUNIC_RES C6.0 NASC C8.0 SEXO C1.0 UTI_MES_IN N2.0 UTI_MES_AN N2.0 UTI_MES_AL N2.0 UTI_MES_TO N2.0 MARCA_UTI C2.0 UTI_INT_IN N2.0 UTI_INT_AN N2.0 UTI_INT_AL N2.0 UTI_INT_TO N2.0 PROC_REA C8.0 VAL_SH N8.2 VAL_SP N8.2 VAL_SADT N8.2 VAL_RN N8.2 VAL_ORTP N8.2 VAL_SANGUE N8.2 VAL_SADTSR N8.2 VAL_TRANSP N8.2 VAL_OBSANG N8.2 VAL_PED1AC N8.2 VAL_TOT N9.2 VAL_UTI N8.2 US_TOT N8.2 DT_INTER C8.0 DT_SAIDA C8.0 DIAG_PRINC C4.0 DIAG_SECUN C4.0 COBRANCA C2.0 NATUREZA C2.0 GESTAO C1.0 MUNIC_MOV C6.0 COD_IDADE C1.0 IDADE N2.0 DIAS_PERM N5.0 MORTE N1.0 NACIONAL C2.0 NUM_PROC C4.0 CAR_INT C2.0 TOT_PT_SP N6.0 CPF_AUT C11.0 HOMONIMO C1.0 NUM_FILHOS N2.0 INSTRU C1.0 CID_NOTIF C4.0 CONTRACEP1 C2.0 CONTRACEP2 C2.0 GESTRISCO C1.0 INSC_PN C10.0 SEQ_AIH5 C3.0
RDRR0104.dbc,2001-04,2013-10-31T13:08,52012,bd04bf32501a4dc9cfa466ba3f195608c51ae19c290ec3ace97d5cdf5c6e4fc8,1158,11,UF_ZI C2.0 ANO_CMPT C4.0 MES_CMPT C2.0 ESPEC C2.0 CGC_HOSP C14.0 N_AIH C10.0 IDENT C1.0 CEP C8.0 MUNIC_RES C6.0 NASC C8.0 SEXO C1.0 UTI_MES_IN N2.0 UTI_MES_AN N2.0 UTI_MES_AL N2.0 UTI_MES_TO N2.0 MARCA_UTI C2.0 UTI_INT_IN N2.0 UTI_INT_AN N2.0 UTI_INT_AL N2.0 UTI_INT_TO N2.0 PROC_REA C8.0 VAL_SH N8.2 VAL_SP N8.2 VAL_SADT N8.2 VAL_RN N8.2 VAL_ORTP N8.2 VAL_SANGUE N8.2 VAL_SADTSR N8.2 VAL_TRANSP N8.2 VAL_OBSANG N8.2 VAL_PED1AC N8.2 VAL_TOT N9.2 VAL_UTI N8.2 US_TOT N8.2 DT_INTER C8.0 DT_SAIDA C8.0 DIAG_PRINC C4.0 DIAG_SECUN C4.0 COBRANCA C2.0 NATUREZA C2.0 GESTAO C1.0 MUNIC_MOV C6.0 COD_IDADE C1.0 IDADE N2.0 DIAS_PERM N5.0 MORTE N1.0 NACIONAL C2.0 NUM_PROC C4.0 CAR_INT C2.0 TOT_PT_SP N6.0 CPF_AUT C11.0 HOMONIMO C1.0 NUM_FILHOS N2.0 INSTRU C1.0 CID_NOTIF C4.0 CONTRACEP1 C2.0 CONTRACEP2 C2.0 GESTRISCO C1.0 INSC_PN C10.0 SEQ_AIH5 C3.0
RDRR0105.dbc,2001-05,2013-10-31T13:08,58849,124eb8ef14e6c6409032f62c5dbe42e80f895fc33d08296e5697c54875e1c07e,1350,11,UF_ZI C2.0 ANO_CMPT C4.0 MES_CMPT C2.0 ESPEC C2.0 CGC_HOSP C14.0 N_AIH C10.0 IDENT C1.0 CEP C8.0 MUNIC_RES C6.0 NASC C8.0 SEXO C1.0 UTI_MES_IN N2.0 UTI_MES_AN N2.0 UTI_MES_AL N2.0 UTI_MES_TO N2.0 MARCA_UTI C2.0 UTI_INT_IN N2.0 UTI_INT_AN N2.0 UTI_INT_AL N2.0 UTI_INT_TO N2.0 PROC_REA C8.0 VAL_SH N8.2 VAL_SP N8.2 VAL_SADT N8.2 VAL_RN N8.2 VAL_ORTP N8.2 VAL_SANGUE N8.2 VAL_SADTSR N8.2 VAL_TRANSP N8.2 VAL_OBSANG N8.2 VAL_PED1AC N8.2 VAL_TOT N9.2 VAL_UTI N8.2 US_TOT N8.2 DT_INTER C8.0 DT_SAIDA C8.0 DIAG_PRINC C4.0 DIAG_SECUN C4.0 COBRANCA C2.0 NATUREZA C2.0 GESTAO C1.0 MUNIC_MOV C6.0 COD_IDADE C1.0 IDADE N2.0 DIAS_PERM N5.0 MORTE N1.0 NACIONAL C2.0 NUM_PROC C4.0 CAR_INT C2.0 TOT_PT_SP N6.0 CPF_AUT C11.0 HOMONIMO C1.0 NUM_FILHOS N2.0 INSTRU C1.0 CID_NOTIF C4.0 CONTRACEP1 C2.0 CONTRACEP2 C2.0 GESTRISCO C1.0 INSC_PN C10.0 SEQ_AIH5 C3.0
RDRR0106.dbc,2001-06,2013-10-31T13:08,56147,31a9f3fe8a69288332def2edb6c87d702a9c74a191bb02afb3d60c8dd903a7ae,1160,11,UF_ZI C2.0 ANO_CMPT C4.0 MES_CMPT C2.0 ESPEC C2.0 CGC_HOSP C14.0 N_AIH C10.0 IDENT C1.0 CEP C8.0 MUNIC_RES C6.0 NASC C8.0 SEXO C1.0 UTI_MES_IN N2.0 UTI_MES_AN N2.0 UTI_MES_AL N2.0 UTI_MES_TO N2.0 MARCA_UTI C2.0 UTI_INT_IN N2.0 UTI_INT_AN N2.0 UTI_INT_AL N2.0 UTI_INT_TO N2.0 PROC_REA C8.0 VAL_SH N8.2 VAL_SP N8.2 VAL_SADT N8.2 VAL_RN N8.2 VAL_ORTP N8.2 VAL_SANGUE N8.2 VAL_SADTSR N8.2 VAL_TRANSP N8.2 VAL_OBSANG N8.2 VAL_PED1AC N8.2 VAL_TOT N9.2 VAL_UTI N8.2 US_TOT N8.2 DT_INTER C8.0 DT_SAIDA C8.0 DIAG_PRINC C4.0 DIAG_SECUN C4.0 COBRANCA C2.0 NATUREZA C2.0 GESTAO C1.0 MUNIC_MOV C6.0 COD_IDADE C1.0 IDADE N2.0 DIAS_PERM N5.0 MORTE N1.0 NACIONAL C2.0 NUM_PROC C4.0 CAR_INT C2.0 TOT_PT_SP N6.0 CPF_AUT C11.0 HOMONIMO C1.0 NUM_FILHOS N2.0 INSTRU C1.0 CID_NOTIF C4.0 CONTRACEP1 C2.0 CONTRACEP2 C2.0 GESTRISCO C1.0 INSC_PN C10.0 SEQ_AIH5 C3.0
RDRR0107.dbc,2001-07,2013-10-31T13:08,49276,7bbd97b626675d0a2292d346b17f838e2a13ff4c3ca0b7a815f7460ee402ac21,1352,11,UF_ZI C2.0 ANO_CMPT C4.0 MES_CMPT C2.0 ESPEC C2.0 CGC_HOSP C14.0 N_AIH C10.0 IDENT C1.0 CEP C8.0 MUNIC_RES C6.0 NASC C8.0 SEXO C1.0 UTI_MES_IN N2.0 UTI_MES_AN N2.0 UTI_MES_AL N2.0 UTI_MES_TO N2.0 MARCA_UTI C2.0 UTI_INT_IN N2.0 UTI_INT_AN N2.0 UTI_INT_AL N2.0 UTI_INT_TO N2.0 PROC_REA C8.0 VAL_SH N8.2 VAL_SP N8.2 VAL_SADT N8.2 VAL_RN N8.2 VAL_ORTP N8.2 VAL_SANGUE N8.2 VAL_SADTSR N8.2 VAL_TRANSP N8.2 VAL_OBSANG N8.2 VAL_PED1AC N8.2 VAL_TOT N9.2 VAL_UTI N8.2 US_TOT N8.2 DT_INTER C8.0 DT_SAIDA C8.0 DIAG_PRINC C4.0 DIAG_SECUN C4.0 COBRANCA C2.0 NATUREZA C2.0 GESTAO C1.0 MUNIC_MOV C6.0 COD_IDADE C1.0 IDADE N2.0 DIAS_PERM N5.0 MORTE N1.0 NACIONAL C2.0 NUM_PROC C4.0 CAR_INT C2.0 TOT_PT_SP N6.0 CPF_AUT C11.0 HOMONIMO C1.0 NUM_FILHOS N2.0 INSTRU C1.0 CID_NOTIF C4.0 CONTRACEP1 C2.0 CONTRACEP2 C2.0 GESTRISCO C1.0 INSC_PN C10.0 SEQ_AIH5 C3.0
RDRR0108.dbc,2001-08,2013-10-31T13:08,63796,2f026e7fba3377b2777ae901b42eb31719e9fc54c8f1b529ab6959e710af23cd,1281,11,UF_ZI C2.0 ANO_CMPT C4.0 MES_CMPT C2.0 ESPEC C2.0 CGC_HOSP C14.0 N_AIH C10.0 IDENT C1.0 CEP C8.0 MUNIC_RES C6.0 NASC C8.0 SEXO C1.0 UTI_MES_IN N2.0 UTI_MES_AN N2.0 UTI_MES_AL N2.0 UTI_MES_TO N2.0 MARCA_UTI C2.0 UTI_INT_IN N2.0 UTI_INT_AN N2.0 UTI_INT_AL N2.0 UTI_INT_TO N2.0 PROC_REA C8.0 VAL_SH N8.2 VAL_SP N8.2 VAL_SADT N8.2 VAL_RN N8.2 VAL_ORTP N8.2 VAL_SANGUE N8.2 VAL_SADTSR N8.2 VAL_TRANSP N8.2 VAL_OBSANG N8.2 VAL_PED1AC N8.2 VAL_TOT N9.2 VAL_UTI N8.2 US_TOT N8.2 DT_INTER C8.0 DT_SAIDA C8.0 DIAG_PRINC C4.0 DIAG_SECUN C4.0 COBRANCA C2.0 NATUREZA C2.0 GESTAO C1.0 MUNIC_MOV C6.0 COD_IDADE C1.0 IDADE N2.0 DIAS_PERM N5.0 MORTE N1.0 NACIONAL C2.0 NUM_PROC C4.0 CAR_INT C2.0 TOT_PT_SP N6.0 CPF_AUT C11.0 HOMONIMO C1.0 NUM_FILHOS N2.0 INSTRU C1.0 CID_NOTIF C4.0 CONTRACEP1 C2.0 CONTRACEP2 C2.0 GESTRISCO C1.0 INSC_PN C10.0 SEQ_AIH5 C3.0
RDRR0109.dbc,2001-09,2013-10-31T13:08,53684,6e5c6243cff3132d50fd071cea5cb973645b42f81418d02040adf51ff839ccac,1184,11,UF_ZI C2.0 ANO_CMPT C4.0 MES_CMPT C2.0 ESPEC C2.0 CGC_HOSP C14.0 N_AIH C10.0 IDENT C1.0 CEP C8.0 MUNIC_RES C6.0 NASC C8.0 SEXO C1.0 UTI_MES_IN N2.0 UTI_MES_AN N2.0 UTI_MES_AL N2.0 UTI_MES_TO N2.0 MARCA_UTI C2.0 UTI_INT_IN N2.0 UTI_INT_AN N2.0 UTI_INT_AL N2.0 UTI_INT_TO N2.0 PROC_REA C8.0 VAL_SH N8.2 VAL_SP N8.2 VAL_SADT N8.2 VAL_RN N8.2 VAL_ORTP N8.2 VAL_SANGUE N8.2 VAL_SADTSR N8.2 VAL_TRANSP N8.2 VAL_OBSANG N8.2 VAL_PED1AC N8.2 VAL_TOT N9.2 VAL_UTI N8.2 US_TOT N8.2 DT_INTER C8.0 DT_SAIDA C8.0 DIAG_PRINC C4.0 DIAG_SECUN C4.0 COBRANCA C2.0 NATUREZA C2.0 GESTAO C1.0 MUNIC_MOV C6.0 COD_IDADE C1.0 IDADE N2.0 DIAS_PERM N5.0 MORTE N1.0 NACIONAL C2.0 NUM_PROC C4.0 CAR_INT C2.0 TOT_PT_SP N6.0 CPF_AUT C11.0 HOMONIMO C1.0 NUM_FILHOS N2.0 INSTRU C1.0 CID_NOTIF C4.0 CONTRACEP1 C2.0 CONTRACEP2 C2.0 GESTRISCO C1.0 INSC_PN C10.0 SEQ_AIH5 C3.0
RDRR0110.dbc,2001-10,2013-10-31T13:08,60242,ef96916c62f09ca95c88881029fe1fb22e47b993a0045ec19478a6b712924b71,1309,11,UF_ZI C2.0 ANO_CMPT C4.0 MES_CMPT C2.0 ESPEC C2.0 CGC_HOSP C14.0 N_AIH C10.0 IDENT C1.0 CEP C8.0 MUNIC_RES C6.0 NASC C8.0 SEXO C1.0 UTI_MES_IN N2.0 UTI_MES_AN N2.0 UTI_MES_AL N2.0 UTI_MES_TO N2.0 MARCA_UTI C2.0 UTI_INT_IN N2.0 UTI_INT_AN N2.0 UTI_INT_AL N2.0 UTI_INT_TO N2.0 PROC_REA C8.0 VAL_SH N8.2 VAL_SP N8.2 VAL_SADT N8.2 VAL_RN N8.2 VAL_ORTP N8.2 VAL_SANGUE N8.2 VAL_SADTSR N8.2 VAL_TRANSP N8.2 VAL_OBSANG N8.2 VAL_PED1AC N8.2 VAL_TOT N9.2 VAL_UTI N8.2 US_TOT N8.2 DT_INTER C8.0 DT_SAIDA C8.0 DIAG_PRINC C4.0 DIAG_SECUN C4.0 COBRANCA C2.0 NATUREZA C2.0 GESTAO C1.0 MUNIC_MOV C6.0 COD_IDADE C1.0 IDADE N2.0 DIAS_PERM N5.0 MORTE N1.0 NACIONAL C2.0 NUM_PROC C4.0 CAR_INT C2.0 TOT_PT_SP N6.0 CPF_AUT C11.0 HOMONIMO C1.0 NUM_FILHOS N2.0 INSTRU C1.0 CID_NOTIF C4.0 CONTRACEP1 C2.0 CONTRACEP2 C2.0 GESTRISCO C1.0 INSC_PN C10.0 SEQ_AIH5 C3.0
RDRR0111.dbc,2001-11,2013-10-31T13:08,57793,b37436e8a6a15c60d9e06114bbe74470038887b438721aa51720cc85689ea049,1272,11,UF_ZI C2.0 ANO_CMPT C4.0 MES_CMPT C2.0 ESPEC C2.0 CGC_HOSP C14.0 N_AIH C10.0 IDENT C1.0 CEP C8.0 MUNIC_RES C6.0 NASC C8.0 SEXO C1.0 UTI_MES_IN N2.0 UTI_MES_AN N2.0 UTI_MES_AL N2.0 UTI_MES_TO N2.0 MARCA_UTI C2.0 UTI_INT_IN N2.0 UTI_INT_AN N2.0 UTI_INT_AL N2.0 UTI_INT_TO N2.0 PROC_REA C8.0 VAL_SH N8.2 VAL_SP N8.2 VAL_SADT N8.2 VAL_RN N8.2 VAL_ORTP N8.2 VAL_SANGUE N8.2 VAL_SADTSR N8.2 VAL_TRANSP N8.2 VAL_OBSANG N8.2 VAL_PED1AC N8.2 VAL_TOT N9.2 VAL_UTI N8.2 US_TOT N8.2 DT_INTER C8.0 DT_SAIDA C8.0 DIAG_PRINC C4.0 DIAG_SECUN C4.0 COBRANCA C2.0 NATUREZA C2.0 GESTAO C1.0 MUNIC_MOV C6.0 COD_IDADE C1.0 IDADE N2.0 DIAS_PERM N5.0 MORTE N1.0 NACIONAL C2.0 NUM_PROC C4.0 CAR_INT C2.0 TOT_PT_SP N6.0 CPF_AUT C11.0 HOMONIMO C1.0 NUM_FILHOS N2.0 INSTRU C1.0 CID_NOTIF C4.0 CONTRACEP1 C2.0 CONTRACEP2 C2.0 GESTRISCO C1.0 INSC_PN C10.0 SEQ_AIH5 C3.0
RDMG0112.dbc,2001-12,2013-10-31T12:48,5414149,6ada10882df06e15ef97c60fcc199a0403594e7043a0e305eaf84c9be047cc10,103381,11,UF_ZI C2.0 ANO_CMPT C4.0 MES_CMPT C2.0 ESPEC C2.0 CGC_HOSP C14.0 N_AIH C10.0 IDENT C1.0 CEP C8.0 MUNIC_RES C6.0 NASC C8.0 SEXO C1.0 UTI_MES_IN N2.0 UTI_MES_AN N2.0 UTI_MES_AL N2.0 UTI_MES_TO N2.0 MARCA_UTI C2.0 UTI_INT_IN N2.0 UTI_INT_AN N2.0 UTI_INT_AL N2.0 UTI_INT_TO N2.0 PROC_REA C8.0 VAL_SH N8.2 VAL_SP N8.2 VAL_SADT N8.2 VAL_RN N8.2 VAL_ORTP N8.2 VAL_SANGUE N8.2 VAL_SADTSR N8.2 VAL_TRANSP N8.2 VAL_OBSANG N8.2 VAL_PED1AC N8.2 VAL_TOT N9.2 VAL_UTI N8.2 US_TOT N8.2 DT_INTER C8.0 DT_SAIDA C8.0 DIAG_PRINC C4.0 DIAG_SECUN C4.0 COBRANCA C2.0 NATUREZA C2.0 GESTAO C1.0 MUNIC_MOV C6.0 COD_IDADE C1.0 IDADE N2.0 DIAS_PERM N5.0 MORTE N1.0 NACIONAL C2.0 NUM_PROC C4.0 CAR_INT C2.0 TOT_PT_SP N6.0 CPF_AUT C11.0 HOMONIMO C1.0 NUM_FILHOS N2.0 INSTRU C1.0 CID_NOTIF C4.0 CONTRACEP1 C2.0 CONTRACEP2 C2.0 GESTRISCO C1.0 INSC_PN C10.0 SEQ_AIH5 C3.0
RDRR0112.dbc,2001-12,2013-10-31T13:08,53216,29dd26d06c86f8b0192a1849910af718ddc87000c397dfd63f8a894545038fd9,1208,11,UF_ZI C2.0 ANO_CMPT C4.0 MES_CMPT C2.0 ESPEC C2.0 CGC_HOSP C14.0 N_AIH C10.0 IDENT C1.0 CEP C8.0 MUNIC_RES C6.0 NASC C8.0 SEXO C1.0 UTI_MES_IN N2.0 UTI_MES_AN N2.0 UTI_MES_AL N2.0 UTI_MES_TO N2.0 MARCA_UTI C2.0 UTI_INT_IN N2.0 UTI_INT_AN N2.0 UTI_INT_AL N2.0 UTI_INT_TO N2.0 PROC_REA C8.0 VAL_SH N8.2 VAL_SP N8.2 VAL_SADT N8.2 VAL_RN N8.2 VAL_ORTP N8.2 VAL_SANGUE N8.2 VAL_SADTSR N8.2 VAL_TRANSP N8.2 VAL_OBSANG N8.2 VAL_PED1AC N8.2 VAL_TOT N9.2 VAL_UTI N8.2 US_TOT N8.2 DT_INTER C8.0 DT_SAIDA C8.0 DIAG_PRINC C4.0 DIAG_SECUN C4.0 COBRANCA C2.0 NATUREZA C2.0 GESTAO C1.0 MUNIC_MOV C6.0 COD_IDADE C1.0 IDADE N2.0 DIAS_PERM N5.0 MORTE N1.0 NACIONAL C2.0 NUM_PROC C4.0 CAR_INT C2.0 TOT_PT_SP N6.0 CPF_AUT C11.0 HOMONIMO C1.0 NUM_FILHOS N2.0 INSTRU C1.0 CID_NOTIF C4.0 CONTRACEP1 C2.0 CONTRACEP2 C2.0 GESTRISCO C1.0 INSC_PN C10.0 SEQ_AIH5 C3.0
RDSP0112.dbc,2001-12,2013-10-31T13:15,9234194,2335df375af6a9a07ebeaaca732744e1fb94edb4bbe295061dfa3b235bb40b45,179303,11,UF_ZI C2.0 ANO_CMPT C4.0 MES_CMPT C2.0 ESPEC C2.0 CGC_HOSP C14.0 N_AIH C10.0 IDENT C1.0 CEP C8.0 MUNIC_RES C6.0 NASC C8.0 SEXO C1.0 UTI_MES_IN N2.0 UTI_MES_AN N2.0 UTI_MES_AL N2.0 UTI_MES_TO N2.0 MARCA_UTI C2.0 UTI_INT_IN N2.0 UTI_INT_AN N2.0 UTI_INT_AL N2.0 UTI_INT_TO N2.0 PROC_REA C8.0 VAL_SH N8.2 VAL_SP N8.2 VAL_SADT N8.2 VAL_RN N8.2 VAL_ORTP N8.2 VAL_SANGUE N8.2 VAL_SADTSR N8.2 VAL_TRANSP N8.2 VAL_OBSANG N8.2 VAL_PED1AC N8.2 VAL_TOT N9.2 VAL_UTI N8.2 US_TOT N8.2 DT_INTER C8.0 DT_SAIDA C8.0 DIAG_PRINC C4.0 DIAG_SECUN C4.0 COBRANCA C2.0 NATUREZA C2.0 GESTAO C1.0 MUNIC_MOV C6.0 COD_IDADE C1.0 IDADE N2.0 DIAS_PERM N5.0 MORTE N1.0 NACIONAL C2.0 NUM_PROC C4.0 CAR_INT C2.0 TOT_PT_SP N6.0 CPF_AUT C11.0 HOMONIMO C1.0 NUM_FILHOS N2.0 INSTRU C1.0 CID_NOTIF C4.0 CONTRACEP1 C2.0 CONTRACEP2 C2.0 GESTRISCO C1.0 INSC_PN C10.0 SEQ_AIH5 C3.0
RDMG0201.dbc,2002-01,2013-10-31T12:48,5978088,72995f0743d2c570a4ea1482a1e2c3506e5c68abb5e385e6eeb08a01fc60594f,106361,12,UF_ZI C2.0 ANO_CMPT C4.0 MES_CMPT C2.0 ESPEC C2.0 CGC_HOSP C14.0 N_AIH C10.0 IDENT C1.0 CEP C8.0 MUNIC_RES C6.0 NASC C8.0 SEXO C1.0 UTI_MES_IN N2.0 UTI_MES_AN N2.0 UTI_MES_AL N2.0 UTI_MES_TO N2.0 MARCA_UTI C2.0 UTI_INT_IN N2.0 UTI_INT_AN N2.0 UTI_INT_AL N2.0 UTI_INT_TO N2.0 PROC_REA C8.0 VAL_SH N13.2 VAL_SP N13.2 VAL_SADT N13.2 VAL_RN N13.2 VAL_ORTP N13.2 VAL_SANGUE N13.2 VAL_SADTSR N11.2 VAL_TRANSP N13.2 VAL_OBSANG N11.2 VAL_PED1AC N11.2 VAL_TOT N14.2 VAL_UTI N8.2 US_TOT N10.2 DT_INTER C8.0 DT_SAIDA C8.0 DIAG_PRINC C4.0 DIAG_SECUN C4.0 COBRANCA C2.0 NATUREZA C2.0 GESTAO C1.0 MUNIC_MOV C6.0 COD_IDADE C1.0 IDADE N2.0 DIAS_PERM N5.0 MORTE N1.0 COD_ARQ C1.0 CONT N7.0 NACIONAL C2.0 NUM_PROC C4.0 CAR_INT C2.0 TOT_PT_SP N6.0 CPF_AUT C11.0 HOMONIMO C1.0 NUM_FILHOS N2.0 INSTRU C1.0 CID_NOTIF C4.0 CONTRACEP1 C2.0 CONTRACEP2 C2.0 GESTRISCO C1.0 INSC_PN C10.0 SEQ_AIH5 C3.0 CBOR C3.0 CNAER C3.0 VINCPREV C1.0
RDRR0201.dbc,2002-01,2013-10-31T13:08,62529,eb95f5c68e6cb96a42a0e6a9b13d3e977d8c1ebb147d4673b82d79ed88a7c834,1280,12,UF_ZI C2.0 ANO_CMPT C4.0 MES_CMPT C2.0 ESPEC C2.0 CGC_HOSP C14.0 N_AIH C10.0 IDENT C1.0 CEP C8.0 MUNIC_RES C6.0 NASC C8.0 SEXO C1.0 UTI_MES_IN N2.0 UTI_MES_AN N2.0 UTI_MES_AL N2.0 UTI_MES_TO N2.0 MARCA_UTI C2.0 UTI_INT_IN N2.0 UTI_INT_AN N2.0 UTI_INT_AL N2.0 UTI_INT_TO N2.0 PROC_REA C8.0 VAL_SH N13.2 VAL_SP N13.2 VAL_SADT N13.2 VAL_RN N13.2 VAL_ORTP N13.2 VAL_SANGUE N13.2 VAL_SADTSR N11.2 VAL_TRANSP N13.2 VAL_OBSANG N11.2 VAL_PED1AC N11.2 VAL_TOT N14.2 VAL_UTI N8.2 US_TOT N10.2 DT_INTER C8.0 DT_SAIDA C8.0 DIAG_PRINC C4.0 DIAG_SECUN C4.0 COBRANCA C2.0 NATUREZA C2.0 GESTAO C1.0 MUNIC_MOV C6.0 COD_IDADE C1.0 IDADE N2.0 DIAS_PERM N5.0 MORTE N1.0 COD_ARQ C1.0 CONT N7.0 NACIONAL C2.0 NUM_PROC C4.0 CAR_INT C2.0 TOT_PT_SP N6.0 CPF_AUT C11.0 HOMONIMO C1.0 NUM_FILHOS N2.0 INSTRU C1.0 CID_NOTIF C4.0 CONTRACEP1 C2.0 CONTRACEP2 C2.0 GESTRISCO C1.0 INSC_PN C10.0 SEQ_AIH5 C3.0 CBOR C3.0 CNAER C3.0 VINCPREV C1.0
RDSP0201.dbc,2002-01,2013-10-31T13:15,10652751,64a3b109c816f67c5da7b0685c900b8df17f32cb798ec4f4b0a32c27de5eb00d,192825,12,UF_ZI C2.0 ANO_CMPT C4.0 MES_CMPT C2.0 ESPEC C2.0 CGC_HOSP C14.0 N_AIH C10.0 IDENT C1.0 CEP C8.0 MUNIC_RES C6.0 NASC C8.0 SEXO C1.0 UTI_MES_IN N2.0 UTI_MES_AN N2.0 UTI_MES_AL N2.0 UTI_MES_TO N2.0 MARCA_UTI C2.0 UTI_INT_IN N2.0 UTI_INT_AN N2.0 UTI_INT_AL N2.0 UTI_INT_TO N2.0 PROC_REA C8.0 VAL_SH N13.2 VAL_SP N13.2 VAL_SADT N13.2 VAL_RN N13.2 VAL_ORTP N13.2 VAL_SANGUE N13.2 VAL_SADTSR N11.2 VAL_TRANSP N13.2 VAL_OBSANG N11.2 VAL_PED1AC N11.2 VAL_TOT N14.2 VAL_UTI N8.2 US_TOT N10.2 DT_INTER C8.0 DT_SAIDA C8.0 DIAG_PRINC C4.0 DIAG_SECUN C4.0 COBRANCA C2.0 NATUREZA C2.0 GESTAO C1.0 MUNIC_MOV C6.0 COD_IDADE C1.0 IDADE N2.0 DIAS_PERM N5.0 MORTE N1.0 COD_ARQ C1.0 CONT N7.0 NACIONAL C2.0 NUM_PROC C4.0 CAR_INT C2.0 TOT_PT_SP N6.0 CPF_AUT C11.0 HOMONIMO C1.0 NUM_FILHOS N2.0 INSTRU C1.0 CID_NOTIF C4.0 CONTRACEP1 C2.0 CONTRACEP2 C2.0 GESTRISCO C1.0 INSC_PN C10.0 SEQ_AIH5 C3.0 CBOR C3.0 CNAER C3.0 VINCPREV C1.0
RDRR0202.dbc,2002-02,2013-10-31T13:08,61659,79bb6152060bafbb9fa091ed4e2d8d7d96dbcb474d35debd251622a98021370d,1227,12,UF_ZI C2.0 ANO_CMPT C4.0 MES_CMPT C2.0 ESPEC C2.0 CGC_HOSP C14.0 N_AIH C10.0 IDENT C1.0 CEP C8.0 MUNIC_RES C6.0 NASC C8.0 SEXO C1.0 UTI_MES_IN N2.0 UTI_MES_AN N2.0 UTI_MES_AL N2.0 UTI_MES_TO N2.0 MARCA_UTI C2.0 UTI_INT_IN N2.0 UTI_INT_AN N2.0 UTI_INT_AL N2.0 UTI_INT_TO N2.0 PROC_REA C8.0 VAL_SH N13.2 VAL_SP N13.2 VAL_SADT N13.2 VAL_RN N13.2 VAL_ORTP N13.2 VAL_SANGUE N13.2 VAL_SADTSR N11.2 VAL_TRANSP N13.2 VAL_OBSANG N11.2 VAL_PED1AC N11.2 VAL_TOT N14.2 VAL_UTI N8.2 US_TOT N10.2 DT_INTER C8.0 DT_SAIDA C8.0 DIAG_PRINC C4.0 DIAG_SECUN C4.0 COBRANCA C2.0 NATUREZA C2.0 GESTAO C1.0 MUNIC_MOV C6.0 COD_IDADE C1.0 IDADE N2.0 DIAS_PERM N5.0 MORTE N1.0 COD_ARQ C1.0 CONT N7.0 NACIONAL C2.0 NUM_PROC C4.0 CAR_INT C2.0 TOT_PT_SP N6.0 CPF_AUT C11.0 HOMONIMO C1.0 NUM_FILHOS N2.0 INSTRU C1.0 CID_NOTIF C4.0 CONTRACEP1 C2.0 CONTRACEP2 C2.0 GESTRISCO C1.0 INSC_PN C10.0 SEQ_AIH5 C3.0 CBOR C3.0 CNAER C3.0 VINCPREV C1.0
RDRR0203.dbc,2002-03,2013-10-31T13:08,41665,d41e66cb75efa9ac2ccdeaefdf5fc2be43548011362de666e42504a0aa8fc31b,823,12,UF_ZI C2.0 ANO_CMPT C4.0 MES_CMPT C2.0 ESPEC C2.0 CGC_HOSP C14.0 N_AIH C10.0 IDENT C1.0 CEP C8.0 MUNIC_RES C6.0 NASC C8.0 SEXO C1.0 UTI_MES_IN N2.0 UTI_MES_AN N2.0 UTI_MES_AL N2.0 UTI_MES_TO N2.0 MARCA_UTI C2.0 UTI_INT_IN N2.0 UTI_INT_AN N2.0 UTI_INT_AL N2.0 UTI_INT_TO N2.0 PROC_REA C8.0 VAL_SH N13.2 VAL_SP N13.2 VAL_SADT N13.2 VAL_RN N13.2 VAL_ORTP N13.2 VAL_SANGUE N13.2 VAL_SADTSR N11.2 VAL_TRANSP N13.2 VAL_OBSANG N11.2 VAL_PED1AC N11.2 VAL_TOT N14.2 VAL_UTI N8.2 US_TOT N10.2 DT_INTER C8.0 DT_SAIDA C8.0 DIAG_PRINC C4.0 DIAG_SECUN C4.0 COBRANCA C2.0 NATUREZA C2.0 GESTAO C1.0 MUNIC_MOV C6.0 COD_IDADE C1.0 IDADE N2.0 DIAS_PERM N5.0 MORTE N1.0 COD_ARQ C1.0 CONT N7.0 NACIONAL C2.0 NUM_PROC C4.0 CAR_INT C2.0 TOT_PT_SP N6.0 CPF_AUT C11.0 HOMONIMO C1.0 NUM_FILHOS N2.0 INSTRU C1.0 CID_NOTIF C4.0 CONTRACEP1 C2.0 CONTRACEP2 C2.0 GESTRISCO C1.0 INSC_PN C10.0 SEQ_AIH5 C3.0 CBOR C3.0 CNAER C3.0 VINCPREV C1.0
RDRR0204.dbc,2002-04,2013-10-31T13:08,47606,377a3c8d7d6a1f5dfceaa81a06bd353294191b8eeba65490b3094237a6173a1e,922,12,UF_ZI C2.0 ANO_CMPT C4.0 MES_CMPT C2.0 ESPEC C2.0 CGC_HOSP C14.0 N_AIH C10.0 IDENT C1.0 CEP C8.0 MUNIC_RES C6.0 NASC C8.0 SEXO C1.0 UTI_MES_IN N2.0 UTI_MES_AN N2.0 UTI_MES_AL N2.0 UTI_MES_TO N2.0 MARCA_UTI C2.0 UTI_INT_IN N2.0 UTI_INT_AN N2.0 UTI_INT_AL N2.0 UTI_INT_TO N2.0 PROC_REA C8.0 VAL_SH N13.2 VAL_SP N13.2 VAL_SADT N13.2 VAL_RN N13.2 VAL_ORTP N13.2 VAL_SANGUE N13.2 VAL_SADTSR N11.2 VAL_TRANSP N13.2 VAL_OBSANG N11.2 VAL_PED1AC N11.2 VAL_TOT N14.2 VAL_UTI N8.2 US_TOT N10.2 DT_INTER C8.0 DT_SAIDA C8.0 DIAG_PRINC C4.0 DIAG_SECUN C4.0 COBRANCA C2.0 NATUREZA C2.0 GESTAO C1.0 MUNIC_MOV C6.0 COD_IDADE C1.0 IDADE N2.0 DIAS_PERM N5.0 MORTE N1.0 COD_ARQ C1.0 CONT N7.0 NACIONAL C2.0 NUM_PROC C4.0 CAR_INT C2.0 TOT_PT_SP N6.0 CPF_AUT C11.0 HOMONIMO C1.0 NUM_FILHOS N2.0 INSTRU C1.0 CID_NOTIF C4.0 CONTRACEP1 C2.0 CONTRACEP2 C2.0 GESTRISCO C1.0 INSC_PN C10.0 SEQ_AIH5 C3.0 CBOR C3.0 CNAER C3.0 VINCPREV C1.0
RDRR0205.dbc,2002-05,2013-10-31T13:08,53225,b10e0b8c069846bb65920a952bcfea392aefe891969495d899f0ca048bfac938,1027,12,UF_ZI C2.0 ANO_CMPT C4.0 MES_CMPT C2.0 ESPEC C2.0 CGC_HOSP C14.0 N_AIH C10.0 IDENT C1.0 CEP C8.0 MUNIC_RES C6.0 NASC C8.0 SEXO C1.0 UTI_MES_IN N2.0 UTI_MES_AN N2.0 UTI_MES_AL N2.0 UTI_MES_TO N2.0 MARCA_UTI C2.0 UTI_INT_IN N2.0 UTI_INT_AN N2.0 UTI_INT_AL N2.0 UTI_INT_TO N2.0 PROC_REA C8.0 VAL_SH N13.2 VAL_SP N13.2 VAL_SADT N13.2 VAL_RN N13.2 VAL_ORTP N13.2 VAL_SANGUE N13.2 VAL_SADTSR N11.2 VAL_TRANSP N13.2 VAL_OBSANG N11.2 VAL_PED1AC N11.2 VAL_TOT N14.2 VAL_UTI N8.2 US_TOT N10.2 DT_INTER C8.0 DT_SAIDA C8.0 DIAG_PRINC C4.0 DIAG_SECUN C4.0 COBRANCA C2.0 NATUREZA C2.0 GESTAO C1.0 MUNIC_MOV C6.0 COD_IDADE C1.0 IDADE N2.0 DIAS_PERM N5.0 MORTE N1.0 COD_ARQ C1.0 CONT N7.0 NACIONAL C2.0 NUM_PROC C4.0 CAR_INT C2.0 TOT_PT_SP N6.0 CPF_AUT C11.0 HOMONIMO C1.0 NUM_FILHOS N2.0 INSTRU C1.0 CID_NOTIF C4.0 CONTRACEP1 C2.0 CONTRACEP2 C2.0 GESTRISCO C1.0 INSC_PN C10.0 SEQ_AIH5 C3.0 CBOR C3.0 CNAER C3.0 VINCPREV C1.0
RDRR0206.dbc,2002-06,2013-10-31T13:08,64228,7a6eac0df49fcc62c859df00cd5b2301a64671c6d50c102187755498f98902a9,1326,12,UF_ZI C2.0 ANO_CMPT C4.0 MES_CMPT C2.0 ESPEC C2.0 CGC_HOSP C14.0 N_AIH C10.0 IDENT C1.0 CEP C8.0 MUNIC_RES C6.0 NASC C8.0 SEXO C1.0 UTI_MES_IN N2.0 UTI_MES_AN N2.0 UTI_MES_AL N2.0 UTI_MES_TO N2.0 MARCA_UTI C2.0 UTI_INT_IN N2.0 UTI_INT_AN N2.0 UTI_INT_AL N2.0 UTI_INT_TO N2.0 PROC_REA C8.0 VAL_SH N13.2 VAL_SP N13.2 VAL_SADT N13.2 VAL_RN N13.2 VAL_ORTP N13.2 VAL_SANGUE N13.2 VAL_SADTSR N11.2 VAL_TRANSP N13.2 VAL_OBSANG N11.2 VAL_PED1AC N11.2 VAL_TOT N14.2 VAL_UTI N8.2 US_TOT N10.2 DT_INTER C8.0 DT_SAIDA C8.0 DIAG_PRINC C4.0 DIAG_SECUN C4.0 COBRANCA C2.0 NATUREZA C2.0 GESTAO C1.0 MUNIC_MOV C6.0 COD_IDADE C1.0 IDADE N2.0 DIAS_PERM N5.0 MORTE N1.0 COD_ARQ C1.0 CONT N7.0 NACIONAL C2.0 NUM_PROC C4.0 CAR_INT C2.0 TOT_PT_SP N6.0 CPF_AUT C11.0 HOMONIMO C1.0 NUM_FILHOS N2.0 INSTRU C1.0 CID_NOTIF C4.0 CONTRACEP1 C2.0 CONTRACEP2 C2.0 GESTRISCO C1.0 INSC_PN C10.0 SEQ_AIH5 C3.0 CBOR C3.0 CNAER C3.0 VINCPREV C1.0
RDMG0207.dbc,2002-07,2013-10-31T12:48,6374478,8397b3a76dd75f7307b92500c1c353fe86fa045eb6828332433c3e3ffc3017b3,109547,12,UF_ZI C2.0 ANO_CMPT C4.0 MES_CMPT C2.0 ESPEC C2.0 CGC_HOSP C14.0 N_AIH C10.0 IDENT C1.0 CEP C8.0 MUNIC_RES C6.0 NASC C8.0 SEXO C1.0 UTI_MES_IN N2.0 UTI_MES_AN N2.0 UTI_MES_AL N2.0 UTI_MES_TO N2.0 MARCA_UTI C2.0 UTI_INT_IN N2.0 UTI_INT_AN N2.0 UTI_INT_AL N2.0 UTI_INT_TO N2.0 PROC_REA C8.0 VAL_SH N13.2 VAL_SP N13.2 VAL_SADT N13.2 VAL_RN N13.2 VAL_ORTP N13.2 VAL_SANGUE N13.2 VAL_SADTSR N11.2 VAL_TRANSP N13.2 VAL_OBSANG N11.2 VAL_PED1AC N11.2 VAL_TOT N14.2 VAL_UTI N8.2 US_TOT N10.2 DT_INTER C8.0 DT_SAIDA C8.0 DIAG_PRINC C4.0 DIAG_SECUN C4.0 COBRANCA C2.0 NATUREZA C2.0 GESTAO C1.0 MUNIC_MOV C6.0 COD_IDADE C1.0 IDADE N2.0 DIAS_PERM N5.0 MORTE N1.0 COD_ARQ C1.0 CONT N7.0 NACIONAL C2.0 NUM_PROC C4.0 CAR_INT C2.0 TOT_PT_SP N6.0 CPF_AUT C11.0 HOMONIMO C1.0 NUM_FILHOS N2.0 INSTRU C1.0 CID_NOTIF C4.0 CONTRACEP1 C2.0 CONTRACEP2 C2.0 GESTRISCO C1.0 INSC_PN C10.0 SEQ_AIH5 C3.0 CBOR C3.0 CNAER C3.0 VINCPREV C1.0
RDRR0207.dbc,2002-07,2013-10-31T13:08,47158,46fefe1a22bfb56c8b0dc391c42e2bc0b811f8777d4c449c83d5e8f78248ad26,955,12,UF_ZI C2.0 ANO_CMPT C4.0 MES_CMPT C2.0 ESPEC C2.0 CGC_HOSP C14.0 N_AIH C10.0 IDENT C1.0 CEP C8.0 MUNIC_RES C6.0 NASC C8.0 SEXO C1.0 UTI_MES_IN N2.0 UTI_MES_AN N2.0 UTI_MES_AL N2.0 UTI_MES_TO N2.0 MARCA_UTI C2.0 UTI_INT_IN N2.0 UTI_INT_AN N2.0 UTI_INT_AL N2.0 UTI_INT_TO N2.0 PROC_REA C8.0 VAL_SH N13.2 VAL_SP N13.2 VAL_SADT N13.2 VAL_RN N13.2 VAL_ORTP N13.2 VAL_SANGUE N13.2 VAL_SADTSR N11.2 VAL_TRANSP N13.2 VAL_OBSANG N11.2 VAL_PED1AC N11.2 VAL_TOT N14.2 VAL_UTI N8.2 US_TOT N10.2 DT_INTER C8.0 DT_SAIDA C8.0 DIAG_PRINC C4.0 DIAG_SECUN C4.0 COBRANCA C2.0 NATUREZA C2.0 GESTAO C1.0 MUNIC_MOV C6.0 COD_IDADE C1.0 IDADE N2.0 DIAS_PERM N5.0 MORTE N1.0 COD_ARQ C1.0 CONT N7.0 NACIONAL C2.0 NUM_PROC C4.0 CAR_INT C2.0 TOT_PT_SP N6.0 CPF_AUT C11.0 HOMONIMO C1.0 NUM_FILHOS N2.0 INSTRU C1.0 CID_NOTIF C4.0 CONTRACEP1 C2.0 CONTRACEP2 C2.0 GESTRISCO C1.0 INSC_PN C10.0 SEQ_AIH5 C3.0 CBOR C3.0 CNAER C3.0 VINCPREV C1.0
RDSP0207.dbc,2002-07,2013-10-31T13:15,11210617,a0823378e285010937770a9843d767df8e5c4bffbe041dea2a0f31a552e70230,199367,12,UF_ZI C2.0 ANO_CMPT C4.0 MES_CMPT C2.0 ESPEC C2.0 CGC_HOSP C14.0 N_AIH C10.0 IDENT C1.0 CEP C8.0 MUNIC_RES C6.0 NASC C8.0 SEXO C1.0 UTI_MES_IN N2.0 UTI_MES_AN N2.0 UTI_MES_AL N2.0 UTI_MES_TO N2.0 MARCA_UTI C2.0 UTI_INT_IN N2.0 UTI_INT_AN N2.0 UTI_INT_AL N2.0 UTI_INT_TO N2.0 PROC_REA C8.0 VAL_SH N13.2 VAL_SP N13.2 VAL_SADT N13.2 VAL_RN N13.2 VAL_ORTP N13.2 VAL_SANGUE N13.2 VAL_SADTSR N11.2 VAL_TRANSP N13.2 VAL_OBSANG N11.2 VAL_PED1AC N11.2 VAL_TOT N14.2 VAL_UTI N8.2 US_TOT N10.2 DT_INTER C8.0 DT_SAIDA C8.0 DIAG_PRINC C4.0 DIAG_SECUN C4.0 COBRANCA C2.0 NATUREZA C2.0 GESTAO C1.0 MUNIC_MOV C6.0 COD_IDADE C1.0 IDADE N2.0 DIAS_PERM N5.0 MORTE N1.0 COD_ARQ C1.0 CONT N7.0 NACIONAL C2.0 NUM_PROC C4.0 CAR_INT C2.0 TOT_PT_SP N6.0 CPF_AUT C11.0 HOMONIMO C1.0 NUM_FILHOS N2.0 INSTRU C1.0 CID_NOTIF C4.0 CONTRACEP1 C2.0 CONTRACEP2 C2.0 GESTRISCO C1.0 INSC_PN C10.0 SEQ_AIH5 C3.0 CBOR C3.0 CNAER C3.0 VINCPREV C1.0
RDMG0208.dbc,2002-08,2013-10-31T12:48,6298830,1f580bc39fb33df199d5fe09d26f3fdaa30d247e81ce3b861861588809cb5208,108119,13,UF_ZI C2.0 ANO_CMPT C4.0 MES_CMPT C2.0 ESPEC C2.0 CGC_HOSP C14.0 N_AIH C10.0 IDENT C1.0 CEP C8.0 MUNIC_RES C6.0 NASC C8.0 SEXO C1.0 UTI_MES_IN N2.0 UTI_MES_AN N2.0 UTI_MES_AL N2.0 UTI_MES_TO N2.0 MARCA_UTI C2.0 UTI_INT_IN N2.0 UTI_INT_AN N2.0 UTI_INT_AL N2.0 UTI_INT_TO N2.0 PROC_REA C8.0 VAL_SH N13.2 VAL_SP N13.2 VAL_SADT N13.2 VAL_RN N13.2 VAL_ORTP N13.2 VAL_SANGUE N13.2 VAL_SADTSR N11.2 VAL_TRANSP N13.2 VAL_OBSANG N11.2 VAL_PED1AC N11.2 VAL_TOT N14.2 VAL_UTI N8.2 US_TOT N10.2 DT_INTER C8.0 DT_SAIDA C8.0 DIAG_PRINC C4.0 DIAG_SECUN C4.0 COBRANCA C2.0 NATUREZA C2.0 GESTAO C1.0 MUNIC_MOV C6.0 COD_IDADE C1.0 IDADE N2.0 DIAS_PERM N5.0 MORTE N1.0 COD_ARQ C1.0 CONT N7.0 NACIONAL C2.0 NUM_PROC C4.0 CAR_INT C2.0 TOT_PT_SP N6.0 CPF_AUT C11.0 HOMONIMO C1.0 NUM_FILHOS N2.0 INSTRU C1.0 CID_NOTIF C4.0 CONTRACEP1 C2.0 CONTRACEP2 C2.0 GESTRISCO C1.0 INSC_PN C10.0 SEQ_AIH5 C3.0 CBOR C3.0 CNAER C3.0 VINCPREV C1.0 GESTOR_COD C2.0 GESTOR_CPF C11.0 GESTOR_DT C8.0
RDRR0208.dbc,2002-08,2013-10-31T13:08,45005,d0feea586b133d44ca5f3a7a40c9bf8b59fd44abdc78f91beff2068cb2ff4d3d,810,13,UF_ZI C2.0 ANO_CMPT C4.0 MES_CMPT C2.0 ESPEC C2.0 CGC_HOSP C14.0 N_AIH C10.0 IDENT C1.0 CEP C8.0 MUNIC_RES C6.0 NASC C8.0 SEXO C1.0 UTI_MES_IN N2.0 UTI_MES_AN N2.0 UTI_MES_AL N2.0 UTI_MES_TO N2.0 MARCA_UTI C2.0 UTI_INT_IN N2.0 UTI_INT_AN N2.0 UTI_INT_AL N2.0 UTI_INT_TO N2.0 PROC_REA C8.0 VAL_SH N13.2 VAL_SP N13.2 VAL_SADT N13.2 VAL_RN N13.2 VAL_ORTP N13.2 VAL_SANGUE N13.2 VAL_SADTSR N11.2 VAL_TRANSP N13.2 VAL_OBSANG N11.2 VAL_PED1AC N11.2 VAL_TOT N14.2 VAL_UTI N8.2 US_TOT N10.2 DT_INTER C8.0 DT_SAIDA C8.0 DIAG_PRINC C4.0 DIAG_SECUN C4.0 COBRANCA C2.0 NATUREZA C2.0 GESTAO C1.0 MUNIC_MOV C6.0 COD_IDADE C1.0 IDADE N2.0 DIAS_PERM N5.0 MORTE N1.0 COD_ARQ C1.0 CONT N7.0 NACIONAL C2.0 NUM_PROC C4.0 CAR_INT C2.0 TOT_PT_SP N6.0 CPF_AUT C11.0 HOMONIMO C1.0 NUM_FILHOS N2.0 INSTRU C1.0 CID_NOTIF C4.0 CONTRACEP1 C2.0 CONTRACEP2 C2.0 GESTRISCO C1.0 INSC_PN C10.0 SEQ_AIH5 C3.0 CBOR C3.0 CNAER C3.0 VINCPREV C1.0 GESTOR_COD C2.0 GESTOR_CPF C11.0 GESTOR_DT C8.0
RDSP0208.dbc,2002-08,2013-10-31T13:15,11400986,edabcd052b04ecc74b838bff497c00fa05a90cb720d1485afc60c05b4f40a589,199726,13,UF_ZI C2.0 ANO_CMPT C4.0 MES_CMPT C2.0 ESPEC C2.0 CGC_HOSP C14.0 N_AIH C10.0 IDENT C1.0 CEP C8.0 MUNIC_RES C6.0 NASC C8.0 SEXO C1.0 UTI_MES_IN N2.0 UTI_MES_AN N2.0 UTI_MES_AL N2.0 UTI_MES_TO N2.0 MARCA_UTI C2.0 UTI_INT_IN N2.0 UTI_INT_AN N2.0 UTI_INT_AL N2.0 UTI_INT_TO N2.0 PROC_REA C8.0 VAL_SH N13.2 VAL_SP N13.2 VAL_SADT N13.2 VAL_RN N13.2 VAL_ORTP N13.2 VAL_SANGUE N13.2 VAL_SADTSR N11.2 VAL_TRANSP N13.2 VAL_OBSANG N11.2 VAL_PED1AC N11.2 VAL_TOT N14.2 VAL_UTI N8.2 US_TOT N10.2 DT_INTER C8.0 DT_SAIDA C8.0 DIAG_PRINC C4.0 DIAG_SECUN C4.0 COBRANCA C2.0 NATUREZA C2.0 GESTAO C1.0 MUNIC_MOV C6.0 COD_IDADE C1.0 IDADE N2.0 DIAS_PERM N5.0 MORTE N1.0 COD_ARQ C1.0 CONT N7.0 NACIONAL C2.0 NUM_PROC C4.0 CAR_INT C2.0 TOT_PT_SP N6.0 CPF_AUT C11.0 HOMONIMO C1.0 NUM_FILHOS N2.0 INSTRU C1.0 CID_NOTIF C4.0 CONTRACEP1 C2.0 CONTRACEP2 C2.0 GESTRISCO C1.0 INSC_PN C10.0 SEQ_AIH5 C3.0 CBOR C3.0 CNAER C3.0 VINCPREV C1.0 GESTOR_COD C2.0 GESTOR_CPF C11.0 GESTOR_DT C8.0
RDRR0209.dbc,2002-09,2013-10-31T13:08,51905,255c076d211fc38c9461006b8c56b4b831a9010dcf6c81a43e14c44e9c2114ca,1045,13,UF_ZI C2.0 ANO_CMPT C4.0 MES_CMPT C2.0 ESPEC C2.0 CGC_HOSP C14.0 N_AIH C10.0 IDENT C1.0 CEP C8.0 MUNIC_RES C6.0 NASC C8.0 SEXO C1.0 UTI_MES_IN N2.0 UTI_MES_AN N2.0 UTI_MES_AL N2.0 UTI_MES_TO N2.0 MARCA_UTI C2.0 UTI_INT_IN N2.0 UTI_INT_AN N2.0 UTI_INT_AL N2.0 UTI_INT_TO N2.0 PROC_REA C8.0 VAL_SH N13.2 VAL_SP N13.2 VAL_SADT N13.2 VAL_RN N13.2 VAL_ORTP N13.2 VAL_SANGUE N13.2 VAL_SADTSR N11.2 VAL_TRANSP N13.2 VAL_OBSANG N11.2 VAL_PED1AC N11.2 VAL_TOT N14.2 VAL_UTI N8.2 US_TOT N10.2 DT_INTER C8.0 DT_SAIDA C8.0 DIAG_PRINC C4.0 DIAG_SECUN C4.0 COBRANCA C2.0 NATUREZA C2.0 GESTAO C1.0 MUNIC_MOV C6.0 COD_IDADE C1.0 IDADE N2.0 DIAS_PERM N5.0 MORTE N1.0 COD_ARQ C1.0 CONT N7.0 NACIONAL C2.0 NUM_PROC C4.0 CAR_INT C2.0 TOT_PT_SP N6.0 CPF_AUT C11.0 HOMONIMO C1.0 NUM_FILHOS N2.0 INSTRU C1.0 CID_NOTIF C4.0 CONTRACEP1 C2.0 CONTRACEP2 C2.0 GESTRISCO C1.0 INSC_PN C10.0 SEQ_AIH5 C3.0 CBOR C3.0 CNAER C3.0 VINCPREV C1.0 GESTOR_COD C2.0 GESTOR_CPF C11.0 GESTOR_DT C8.0
RDRR0210.dbc,2002-10,2013-10-31T13:08,69122,7e2f45cf478bc813e005ea8fc6f05e43c149b6f002749ddffe6fd69558c7894d,1483,13,UF_ZI C2.0 ANO_CMPT C4.0 MES_CMPT C2.0 ESPEC C2.0 CGC_HOSP C14.0 N_AIH C10.0 IDENT C1.0 CEP C8.0 MUNIC_RES C6.0 NASC C8.0 SEXO C1.0 UTI_MES_IN N2.0 UTI_MES_AN N2.0 UTI_MES_AL N2.0 UTI_MES_TO N2.0 MARCA_UTI C2.0 UTI_INT_IN N2.0 UTI_INT_AN N2.0 UTI_INT_AL N2.0 UTI_INT_TO N2.0 PROC_REA C8.0 VAL_SH N13.2 VAL_SP N13.2 VAL_SADT N13.2 VAL_RN N13.2 VAL_ORTP N13.2 VAL_SANGUE N13.2 VAL_SADTSR N11.2 VAL_TRANSP N13.2 VAL_OBSANG N11.2 VAL_PED1AC N11.2 VAL_TOT N14.2 VAL_UTI N8.2 US_TOT N10.2 DT_INTER C8.0 DT_SAIDA C8.0 DIAG_PRINC C4.0 DIAG_SECUN C4.0 COBRANCA C2.0 NATUREZA C2.0 GESTAO C1.0 MUNIC_MOV C6.0 COD_IDADE C1.0 IDADE N2.0 DIAS_PERM N5.0 MORTE N1.0 COD_ARQ C1.0 CONT N7.0 NACIONAL C2.0 NUM_PROC C4.0 CAR_INT C2.0 TOT_PT_SP N6.0 CPF_AUT C11.0 HOMONIMO C1.0 NUM_FILHOS N2.0 INSTRU C1.0 CID_NOTIF C4.0 CONTRACEP1 C2.0 CONTRACEP2 C2.0 GESTRISCO C1.0 INSC_PN C10.0 SEQ_AIH5 C3.0 CBOR C3.0 CNAER C3.0 VINCPREV C1.0 GESTOR_COD C2.0 GESTOR_CPF C11.0 GESTOR_DT C8.0
RDRR0211.dbc,2002-11,2013-10-31T13:08,44445,1641846322332a40e5d4356c8c24d64b2488a7562bbdc0e23d85803d6d0c9366,812,13,UF_ZI C2.0 ANO_CMPT C4.0 MES_CMPT C2.0 ESPEC C2.0 CGC_HOSP C14.0 N_AIH C10.0 IDENT C1.0 CEP C8.0 MUNIC_RES C6.0 NASC C8.0 SEXO C1.0 UTI_MES_IN N2.0 UTI_MES_AN N2.0 UTI_MES_AL N2.0 UTI_MES_TO N2.0 MARCA_UTI C2.0 UTI_INT_IN N2.0 UTI_INT_AN N2.0 UTI_INT_AL N2.0 UTI_INT_TO N2.0 PROC_REA C8.0 VAL_SH N13.2 VAL_SP N13.2 VAL_SADT N13.2 VAL_RN N13.2 VAL_ORTP N13.2 VAL_SANGUE N13.2 VAL_SADTSR N11.2 VAL_TRANSP N13.2 VAL_OBSANG N11.2 VAL_PED1AC N11.2 VAL_TOT N14.2 VAL_UTI N8.2 US_TOT N10.2 DT_INTER C8.0 DT_SAIDA C8.0 DIAG_PRINC C4.0 DIAG_SECUN C4.0 COBRANCA C2.0 NATUREZA C2.0 GESTAO C1.0 MUNIC_MOV C6.0 COD_IDADE C1.0 IDADE N2.0 DIAS_PERM N5.0 MORTE N1.0 COD_ARQ C1.0 CONT N7.0 NACIONAL C2.0 NUM_PROC C4.0 CAR_INT C2.0 TOT_PT_SP N6.0 CPF_AUT C11.0 HOMONIMO C1.0 NUM_FILHOS N2.0 INSTRU C1.0 CID_NOTIF C4.0 CONTRACEP1 C2.0 CONTRACEP2 C2.0 GESTRISCO C1.0 INSC_PN C10.0 SEQ_AIH5 C3.0 CBOR C3.0 CNAER C3.0 VINCPREV C1.0 GESTOR_COD C2.0 GESTOR_CPF C11.0 GESTOR_DT C8.0
RDRR0212.dbc,2002-12,2013-10-31T13:08,46130,4defd0025ad6cc32c44c62f4bd4f71bf093cbd5595fdddf6f068b4715cd0e28d,913,13,UF_ZI C2.0 ANO_CMPT C4.0 MES_CMPT C2.0 ESPEC C2.0 CGC_HOSP C14.0 N_AIH C10.0 IDENT C1.0 CEP C8.0 MUNIC_RES C6.0 NASC C8.0 SEXO C1.0 UTI_MES_IN N2.0 UTI_MES_AN N2.0 UTI_MES_AL N2.0 UTI_MES_TO N2.0 MARCA_UTI C2.0 UTI_INT_IN N2.0 UTI_INT_AN N2.0 UTI_INT_AL N2.0 UTI_INT_TO N2.0 PROC_REA C8.0 VAL_SH N13.2 VAL_SP N13.2 VAL_SADT N13.2 VAL_RN N13.2 VAL_ORTP N13.2 VAL_SANGUE N13.2 VAL_SADTSR N11.2 VAL_TRANSP N13.2 VAL_OBSANG N11.2 VAL_PED1AC N11.2 VAL_TOT N14.2 VAL_UTI N8.2 US_TOT N10.2 DT_INTER C8.0 DT_SAIDA C8.0 DIAG_PRINC C4.0 DIAG_SECUN C4.0 COBRANCA C2.0 NATUREZA C2.0 GESTAO C1.0 MUNIC_MOV C6.0 COD_IDADE C1.0 IDADE N2.0 DIAS_PERM N5.0 MORTE N1.0 COD_ARQ C1.0 CONT N7.0 NACIONAL C2.0 NUM_PROC C4.0 CAR_INT C2.0 TOT_PT_SP N6.0 CPF_AUT C11.0 HOMONIMO C1.0 NUM_FILHOS N2.0 INSTRU C1.0 CID_NOTIF C4.0 CONTRACEP1 C2.0 CONTRACEP2 C2.0 GESTRISCO C1.0 INSC_PN C10.0 SEQ_AIH5 C3.0 CBOR C3.0 CNAER C3.0 VINCPREV C1.0 GESTOR_COD C2.0 GESTOR_CPF C11.0 GESTOR_DT C8.0
RDRR0301.dbc,2003-01,2013-10-31T13:08,52791,a70075afc1e7c2974a4cd9b6a2811dc14bc8db11a5e6c64b0ff04b0965e5bc4d,1033,13,UF_ZI C2.0 ANO_CMPT C4.0 MES_CMPT C2.0 ESPEC C2.0 CGC_HOSP C14.0 N_AIH C10.0 IDENT C1.0 CEP C8.0 MUNIC_RES C6.0 NASC C8.0 SEXO C1.0 UTI_MES_IN N2.0 UTI_MES_AN N2.0 UTI_MES_AL N2.0 UTI_MES_TO N2.0 MARCA_UTI C2.0 UTI_INT_IN N2.0 UTI_INT_AN N2.0 UTI_INT_AL N2.0 UTI_INT_TO N2.0 PROC_REA C8.0 VAL_SH N13.2 VAL_SP N13.2 VAL_SADT N13.2 VAL_RN N13.2 VAL_ORTP N13.2 VAL_SANGUE N13.2 VAL_SADTSR N11.2 VAL_TRANSP N13.2 VAL_OBSANG N11.2 VAL_PED1AC N11.2 VAL_TOT N14.2 VAL_UTI N8.2 US_TOT N10.2 DT_INTER C8.0 DT_SAIDA C8.0 DIAG_PRINC C4.0 DIAG_SECUN C4.0 COBRANCA C2.0 NATUREZA C2.0 GESTAO C1.0 MUNIC_MOV C6.0 COD_IDADE C1.0 IDADE N2.0 DIAS_PERM N5.0 MORTE N1.0 COD_ARQ C1.0 CONT N7.0 NACIONAL C2.0 NUM_PROC C4.0 CAR_INT C2.0 TOT_PT_SP N6.0 CPF_AUT C11.0 HOMONIMO C1.0 NUM_FILHOS N2.0 INSTRU C1.0 CID_NOTIF C4.0 CONTRACEP1 C2.0 CONTRACEP2 C2.0 GESTRISCO C1.0 INSC_PN C10.0 SEQ_AIH5 C3.0 CBOR C3.0 CNAER C3.0 VINCPREV C1.0 GESTOR_COD C2.0 GESTOR_CPF C11.0 GESTOR_DT C8.0
RDRR0302.dbc,2003-02,2013-10-31T13:08,44310,e9ce66fecce95a00887ede7110d09353eb9c13c906b585f3a69061082a0b0b69,854,13,UF_ZI C2.0 ANO_CMPT C4.0 MES_CMPT C2.0 ESPEC C2.0 CGC_HOSP C14.0 N_AIH C10.0 IDENT C1.0 CEP C8.0 MUNIC_RES C6.0 NASC C8.0 SEXO C1.0 UTI_MES_IN N2.0 UTI_MES_AN N2.0 UTI_MES_AL N2.0 UTI_MES_TO N2.0 MARCA_UTI C2.0 UTI_INT_IN N2.0 UTI_INT_AN N2.0 UTI_INT_AL N2.0 UTI_INT_TO N2.0 PROC_REA C8.0 VAL_SH N13.2 VAL_SP N13.2 VAL_SADT N13.2 VAL_RN N13.2 VAL_ORTP N13.2 VAL_SANGUE N13.2 VAL_SADTSR N11.2 VAL_TRANSP N13.2 VAL_OBSANG N11.2 VAL_PED1AC N11.2 VAL_TOT N14.2 VAL_UTI N8.2 US_TOT N10.2 DT_INTER C8.0 DT_SAIDA C8.0 DIAG_PRINC C4.0 DIAG_SECUN C4.0 COBRANCA C2.0 NATUREZA C2.0 GESTAO C1.0 MUNIC_MOV C6.0 COD_IDADE C1.0 IDADE N2.0 DIAS_PERM N5.0 MORTE N1.0 COD_ARQ C1.0 CONT N7.0 NACIONAL C2.0 NUM_PROC C4.0 CAR_INT C2.0 TOT_PT_SP N6.0 CPF_AUT C11.0 HOMONIMO C1.0 NUM_FILHOS N2.0 INSTRU C1.0 CID_NOTIF C4.0 CONTRACEP1 C2.0 CONTRACEP2 C2.0 GESTRISCO C1.0 INSC_PN C10.0 SEQ_AIH5 C3.0 CBOR C3.0 CNAER C3.0 VINCPREV C1.0 GESTOR_COD C2.0 GESTOR_CPF C11.0 GESTOR_DT C8.0
RDRR0303.dbc,2003-03,2013-10-31T13:08,46960,3c090021bab1d6bfc23859e882a90362f20983f54c851dcc34d0f8e38567ff23,938,13,UF_ZI C2.0 ANO_CMPT C4.0 MES_CMPT C2.0 ESPEC C2.0 CGC_HOSP C14.0 N_AIH C10.0 IDENT C1.0 CEP C8.0 MUNIC_RES C6.0 NASC C8.0 SEXO C1.0 UTI_MES_IN N2.0 UTI_MES_AN N2.0 UTI_MES_AL N2.0 UTI_MES_TO N2.0 MARCA_UTI C2.0 UTI_INT_IN N2.0 UTI_INT_AN N2.0 UTI_INT_AL N2.0 UTI_INT_TO N2.0 PROC_REA C8.0 VAL_SH N13.2 VAL_SP N13.2 VAL_SADT N13.2 VAL_RN N13.2 VAL_ORTP N13.2 VAL_SANGUE N13.2 VAL_SADTSR N11.2 VAL_TRANSP N13.2 VAL_OBSANG N11.2 VAL_PED1AC N11.2 VAL_TOT N14.2 VAL_UTI N8.2 US_TOT N10.2 DT_INTER C8.0 DT_SAIDA C8.0 DIAG_PRINC C4.0 DIAG_SECUN C4.0 COBRANCA C2.0 NATUREZA C2.0 GESTAO C1.0 MUNIC_MOV C6.0 COD_IDADE C1.0 IDADE N2.0 DIAS_PERM N5.0 MORTE N1.0 COD_ARQ C1.0 CONT N7.0 NACIONAL C2.0 NUM_PROC C4.0 CAR_INT C2.0 TOT_PT_SP N6.0 CPF_AUT C11.0 HOMONIMO C1.0 NUM_FILHOS N2.0 INSTRU C1.0 CID_NOTIF C4.0 CONTRACEP1 C2.0 CONTRACEP2 C2.0 GESTRISCO C1.0 INSC_PN C10.0 SEQ_AIH5 C3.0 CBOR C3.0 CNAER C3.0 VINCPREV C1.0 GESTOR_COD C2.0 GESTOR_CPF C11.0 GESTOR_DT C8.0
RDRR0304.dbc,2003-04,2013-10-31T13:08,50059,aa5540aee2ad823e38e3f933b53fae7f4f8538a2a9faf41c279b2ba23619ac19,940,13,UF_ZI C2.0 ANO_CMPT C4.0 MES_CMPT C2.0 ESPEC C2.0 CGC_HOSP C14.0 N_AIH C10.0 IDENT C1.0 CEP C8.0 MUNIC_RES C6.0 NASC C8.0 SEXO C1.0 UTI_MES_IN N2.0 UTI_MES_AN N2.0 UTI_MES_AL N2.0 UTI_MES_TO N2.0 MARCA_UTI C2.0 UTI_INT_IN N2.0 UTI_INT_AN N2.0 UTI_INT_AL N2.0 UTI_INT_TO N2.0 PROC_REA C8.0 VAL_SH N13.2 VAL_SP N13.2 VAL_SADT N13.2 VAL_RN N13.2 VAL_ORTP N13.2 VAL_SANGUE N13.2 VAL_SADTSR N11.2 VAL_TRANSP N13.2 VAL_OBSANG N11.2 VAL_PED1AC N11.2 VAL_TOT N14.2 VAL_UTI N8.2 US_TOT N10.2 DT_INTER C8.0 DT_SAIDA C8.0 DIAG_PRINC C4.0 DIAG_SECUN C4.0 COBRANCA C2.0 NATUREZA C2.0 GESTAO C1.0 MUNIC_MOV C6.0 COD_IDADE C1.0 IDADE N2.0 DIAS_PERM N5.0 MORTE N1.0 COD_ARQ C1.0 CONT N7.0 NACIONAL C2.0 NUM_PROC C4.0 CAR_INT C2.0 TOT_PT_SP N6.0 CPF_AUT C11.0 HOMONIMO C1.0 NUM_FILHOS N2.0 INSTRU C1.0 CID_NOTIF C4.0 CONTRACEP1 C2.0 CONTRACEP2 C2.0 GESTRISCO C1.0 INSC_PN C10.0 SEQ_AIH5 C3.0 CBOR C3.0 CNAER C3.0 VINCPREV C1.0 GESTOR_COD C2.0 GESTOR_CPF C11.0 GESTOR_DT C8.0
RDRR0305.dbc,2003-05,2013-10-31T13:08,52320,f7483db0d95cd3e195434a55e4d0cc30c78e3aa0d20a8302eaf7b7b4a1cd152b,1037,13,UF_ZI C2.0 ANO_CMPT C4.0 MES_CMPT C2.0 ESPEC C2.0 CGC_HOSP C14.0 N_AIH C10.0 IDENT C1.0 CEP C8.0 MUNIC_RES C6.0 NASC C8.0 SEXO C1.0 UTI_MES_IN N2.0 UTI_MES_AN N2.0 UTI_MES_AL N2.0 UTI_MES_TO N2.0 MARCA_UTI C2.0 UTI_INT_IN N2.0 UTI_INT_AN N2.0 UTI_INT_AL N2.0 UTI_INT_TO N2.0 PROC_REA C8.0 VAL_SH N13.2 VAL_SP N13.2 VAL_SADT N13.2 VAL_RN N13.2 VAL_ORTP N13.2 VAL_SANGUE N13.2 VAL_SADTSR N11.2 VAL_TRANSP N13.2 VAL_OBSANG N11.2 VAL_PED1AC N11.2 VAL_TOT N14.2 VAL_UTI N8.2 US_TOT N10.2 DT_INTER C8.0 DT_SAIDA C8.0 DIAG_PRINC C4.0 DIAG_SECUN C4.0 COBRANCA C2.0 NATUREZA C2.0 GESTAO C1.0 MUNIC_MOV C6.0 COD_IDADE C1.0 IDADE N2.0 DIAS_PERM N5.0 MORTE N1.0 COD_ARQ C1.0 CONT N7.0 NACIONAL C2.0 NUM_PROC C4.0 CAR_INT C2.0 TOT_PT_SP N6.0 CPF_AUT C11.0 HOMONIMO C1.0 NUM_FILHOS N2.0 INSTRU C1.0 CID_NOTIF C4.0 CONTRACEP1 C2.0 CONTRACEP2 C2.0 GESTRISCO C1.0 INSC_PN C10.0 SEQ_AIH5 C3.0 CBOR C3.0 CNAER C3.0 VINCPREV C1.0 GESTOR_COD C2.0 GESTOR_CPF C11.0 GESTOR_DT C8.0
RDRR0306.dbc,2003-06,2013-10-31T13:08,49527,c52bbba710c8afdb2446f811692867aae1b0ce68fcf55028ca21d762c0ad0ee1,962,13,UF_ZI C2.0 ANO_CMPT C4.0 MES_CMPT C2.0 ESPEC C2.0 CGC_HOSP C14.0 N_AIH C10.0 IDENT C1.0 CEP C8.0 MUNIC_RES C6.0 NASC C8.0 SEXO C1.0 UTI_MES_IN N2.0 UTI_MES_AN N2.0 UTI_MES_AL N2.0 UTI_MES_TO N2.0 MARCA_UTI C2.0 UTI_INT_IN N2.0 UTI_INT_AN N2.0 UTI_INT_AL N2.0 UTI_INT_TO N2.0 PROC_REA C8.0 VAL_SH N13.2 VAL_SP N13.2 VAL_SADT N13.2 VAL_RN N13.2 VAL_ORTP N13.2 VAL_SANGUE N13.2 VAL_SADTSR N11.2 VAL_TRANSP N13.2 VAL_OBSANG N11.2 VAL_PED1AC N11.2 VAL_TOT N14.2 VAL_UTI N8.2 US_TOT N10.2 DT_INTER C8.0 DT_SAIDA C8.0 DIAG_PRINC C4.0 DIAG_SECUN C4.0 COBRANCA C2.0 NATUREZA C2.0 GESTAO C1.0 MUNIC_MOV C6.0 COD_IDADE C1.0 IDADE N2.0 DIAS_PERM N5.0 MORTE N1.0 COD_ARQ C1.0 CONT N7.0 NACIONAL C2.0 NUM_PROC C4.0 CAR_INT C2.0 TOT_PT_SP N6.0 CPF_AUT C11.0 HOMONIMO C1.0 NUM_FILHOS N2.0 INSTRU C1.0 CID_NOTIF C4.0 CONTRACEP1 C2.0 CONTRACEP2 C2.0 GESTRISCO C1.0 INSC_PN C10.0 SEQ_AIH5 C3.0 CBOR C3.0 CNAER C3.0 VINCPREV C1.0 GESTOR_COD C2.0 GESTOR_CPF C11.0 GESTOR_DT C8.0
RDMG0307.dbc,2003-07,2013-10-31T12:49,6509297,31361cd611aed8908cc831ae65c04b655cb29300b6882dde0adf98fa0d9d3ab6,110450,13,UF_ZI C2.0 ANO_CMPT C4.0 MES_CMPT C2.0 ESPEC C2.0 CGC_HOSP C14.0 N_AIH C10.0 IDENT C1.0 CEP C8.0 MUNIC_RES C6.0 NASC C8.0 SEXO C1.0 UTI_MES_IN N2.0 UTI_MES_AN N2.0 UTI_MES_AL N2.0 UTI_MES_TO N2.0 MARCA_UTI C2.0 UTI_INT_IN N2.0 UTI_INT_AN N2.0 UTI_INT_AL N2.0 UTI_INT_TO N2.0 PROC_REA C8.0 VAL_SH N13.2 VAL_SP N13.2 VAL_SADT N13.2 VAL_RN N13.2 VAL_ORTP N13.2 VAL_SANGUE N13.2 VAL_SADTSR N11.2 VAL_TRANSP N13.2 VAL_OBSANG N11.2 VAL_PED1AC N11.2 VAL_TOT N14.2 VAL_UTI N8.2 US_TOT N10.2 DT_INTER C8.0 DT_SAIDA C8.0 DIAG_PRINC C4.0 DIAG_SECUN C4.0 COBRANCA C2.0 NATUREZA C2.0 GESTAO C1.0 MUNIC_MOV C6.0 COD_IDADE C1.0 IDADE N2.0 DIAS_PERM N5.0 MORTE N1.0 COD_ARQ C1.0 CONT N7.0 NACIONAL C2.0 NUM_PROC C4.0 CAR_INT C2.0 TOT_PT_SP N6.0 CPF_AUT C11.0 HOMONIMO C1.0 NUM_FILHOS N2.0 INSTRU C1.0 CID_NOTIF C4.0 CONTRACEP1 C2.0 CONTRACEP2 C2.0 GESTRISCO C1.0 INSC_PN C10.0 SEQ_AIH5 C3.0 CBOR C3.0 CNAER C3.0 VINCPREV C1.0 GESTOR_COD C2.0 GESTOR_CPF C11.0 GESTOR_DT C8.0
RDRR0307.dbc,2003-07,2013-10-31T13:08,46928,fc2ce591b664bbd90ae6bc01863eb0b75e97168ea345f7b578c2b5a6fe55d0c5,929,13,UF_ZI C2.0 ANO_CMPT C4.0 MES_CMPT C2.0 ESPEC C2.0 CGC_HOSP C14.0 N_AIH C10.0 IDENT C1.0 CEP C8.0 MUNIC_RES C6.0 NASC C8.0 SEXO C1.0 UTI_MES_IN N2.0 UTI_MES_AN N2.0 UTI_MES_AL N2.0 UTI_MES_TO N2.0 MARCA_UTI C2.0 UTI_INT_IN N2.0 UTI_INT_AN N2.0 UTI_INT_AL N2.0 UTI_INT_TO N2.0 PROC_REA C8.0 VAL_SH N13.2 VAL_SP N13.2 VAL_SADT N13.2 VAL_RN N13.2 VAL_ORTP N13.2 VAL_SANGUE N13.2 VAL_SADTSR N11.2 VAL_TRANSP N13.2 VAL_OBSANG N11.2 VAL_PED1AC N11.2 VAL_TOT N14.2 VAL_UTI N8.2 US_TOT N10.2 DT_INTER C8.0 DT_SAIDA C8.0 DIAG_PRINC C4.0 DIAG_SECUN C4.0 COBRANCA C2.0 NATUREZA C2.0 GESTAO C1.0 MUNIC_MOV C6.0 COD_IDADE C1.0 IDADE N2.0 DIAS_PERM N5.0 MORTE N1.0 COD_ARQ C1.0 CONT N7.0 NACIONAL C2.0 NUM_PROC C4.0 CAR_INT C2.0 TOT_PT_SP N6.0 CPF_AUT C11.0 HOMONIMO C1.0 NUM_FILHOS N2.0 INSTRU C1.0 CID_NOTIF C4.0 CONTRACEP1 C2.0 CONTRACEP2 C2.0 GESTRISCO C1.0 INSC_PN C10.0 SEQ_AIH5 C3.0 CBOR C3.0 CNAER C3.0 VINCPREV C1.0 GESTOR_COD C2.0 GESTOR_CPF C11.0 GESTOR_DT C8.0
RDSP0307.dbc,2003-07,2013-10-31T13:16,11820043,c437e890c3c7cfde6d4a429509480e01e3e1cb2ade2ed6e9af5b709c332e766c,205704,13,UF_ZI C2.0 ANO_CMPT C4.0 MES_CMPT C2.0 ESPEC C2.0 CGC_HOSP C14.0 N_AIH C10.0 IDENT C1.0 CEP C8.0 MUNIC_RES C6.0 NASC C8.0 SEXO C1.0 UTI_MES_IN N2.0 UTI_MES_AN N2.0 UTI_MES_AL N2.0 UTI_MES_TO N2.0 MARCA_UTI C2.0 UTI_INT_IN N2.0 UTI_INT_AN N2.0 UTI_INT_AL N2.0 UTI_INT_TO N2.0 PROC_REA C8.0 VAL_SH N13.2 VAL_SP N13.2 VAL_SADT N13.2 VAL_RN N13.2 VAL_ORTP N13.2 VAL_SANGUE N13.2 VAL_SADTSR N11.2 VAL_TRANSP N13.2 VAL_OBSANG N11.2 VAL_PED1AC N11.2 VAL_TOT N14.2 VAL_UTI N8.2 US_TOT N10.2 DT_INTER C8.0 DT_SAIDA C8.0 DIAG_PRINC C4.0 DIAG_SECUN C4.0 COBRANCA C2.0 NATUREZA C2.0 GESTAO C1.0 MUNIC_MOV C6.0 COD_IDADE C1.0 IDADE N2.0 DIAS_PERM N5.0 MORTE N1.0 COD_ARQ C1.0 CONT N7.0 NACIONAL C2.0 NUM_PROC C4.0 CAR_INT C2.0 TOT_PT_SP N6.0 CPF_AUT C11.0 HOMONIMO C1.0 NUM_FILHOS N2.0 INSTRU C1.0 CID_NOTIF C4.0 CONTRACEP1 C2.0 CONTRACEP2 C2.0 GESTRISCO C1.0 INSC_PN C10.0 SEQ_AIH5 C3.0 CBOR C3.0 CNAER C3.0 VINCPREV C1.0 GESTOR_COD C2.0 GESTOR_CPF C11.0 GESTOR_DT C8.0
RDMG0308.dbc,2003-08,2013-10-31T12:49,6377021,f4019c06b7208427c363e37be47aae62659d06a61bed5791013777da0bdcd511,105932,14,UF_ZI C2.0 ANO_CMPT C4.0 MES_CMPT C2.0 ESPEC C2.0 CGC_HOSP C14.0 N_AIH C10.0 IDENT C1.0 CEP C8.0 MUNIC_RES C6.0 NASC C8.0 SEXO C1.0 UTI_MES_IN N2.0 UTI_MES_AN N2.0 UTI_MES_AL N2.0 UTI_MES_TO N2.0 MARCA_UTI C2.0 UTI_INT_IN N2.0 UTI_INT_AN N2.0 UTI_INT_AL N2.0 UTI_INT_TO N2.0 PROC_REA C8.0 VAL_SH N13.2 VAL_SP N13.2 VAL_SADT N13.2 VAL_RN N13.2 VAL_ORTP N13.2 VAL_SANGUE N13.2 VAL_SADTSR N11.2 VAL_TRANSP N13.2 VAL_OBSANG N11.2 VAL_PED1AC N11.2 VAL_TOT N14.2 VAL_UTI N8.2 US_TOT N10.2 DT_INTER C8.0 DT_SAIDA C8.0 DIAG_PRINC C4.0 DIAG_SECUN C4.0 COBRANCA C2.0 NATUREZA C2.0 GESTAO C1.0 MUNIC_MOV C6.0 COD_IDADE C1.0 IDADE N2.0 DIAS_PERM N5.0 MORTE N1.0 COD_ARQ C1.0 CONT N7.0 NACIONAL C2.0 NUM_PROC C4.0 CAR_INT C2.0 TOT_PT_SP N6.0 CPF_AUT C11.0 HOMONIMO C1.0 NUM_FILHOS N2.0 INSTRU C1.0 CID_NOTIF C4.0 CONTRACEP1 C2.0 CONTRACEP2 C2.0 GESTRISCO C1.0 INSC_PN C10.0 SEQ_AIH5 C3.0 CBOR C3.0 CNAER C3.0 VINCPREV C1.0 GESTOR_COD C2.0 GESTOR_CPF C11.0 GESTOR_DT C8.0 CNES C7.0
RDRR0308.dbc,2003-08,2013-10-31T13:08,50909,10afadca75f9726db9b8c607951682fd97ea6a942fc6b0a323ba7ff755932634,1025,14,UF_ZI C2.0 ANO_CMPT C4.0 MES_CMPT C2.0 ESPEC C2.0 CGC_HOSP C14.0 N_AIH C10.0 IDENT C1.0 CEP C8.0 MUNIC_RES C6.0 NASC C8.0 SEXO C1.0 UTI_MES_IN N2.0 UTI_MES_AN N2.0 UTI_MES_AL N2.0 UTI_MES_TO N2.0 MARCA_UTI C2.0 UTI_INT_IN N2.0 UTI_INT_AN N2.0 UTI_INT_AL N2.0 UTI_INT_TO N2.0 PROC_REA C8.0 VAL_SH N13.2 VAL_SP N13.2 VAL_SADT N13.2 VAL_RN N13.2 VAL_ORTP N13.2 VAL_SANGUE N13.2 VAL_SADTSR N11.2 VAL_TRANSP N13.2 VAL_OBSANG N11.2 VAL_PED1AC N11.2 VAL_TOT N14.2 VAL_UTI N8.2 US_TOT N10.2 DT_INTER C8.0 DT_SAIDA C8.0 DIAG_PRINC C4.0 DIAG_SECUN C4.0 COBRANCA C2.0 NATUREZA C2.0 GESTAO C1.0 MUNIC_MOV C6.0 COD_IDADE C1.0 IDADE N2.0 DIAS_PERM N5.0 MORTE N1.0 COD_ARQ C1.0 CONT N7.0 NACIONAL C2.0 NUM_PROC C4.0 CAR_INT C2.0 TOT_PT_SP N6.0 CPF_AUT C11.0 HOMONIMO C1.0 NUM_FILHOS N2.0 INSTRU C1.0 CID_NOTIF C4.0 CONTRACEP1 C2.0 CONTRACEP2 C2.0 GESTRISCO C1.0 INSC_PN C10.0 SEQ_AIH5 C3.0 CBOR C3.0 CNAER C3.0 VINCPREV C1.0 GESTOR_COD C2.0 GESTOR_CPF C11.0 GESTOR_DT C8.0 CNES C7.0
RDSP0308.dbc,2003-08,2013-10-31T13:16,11769360,1221f922dee4695f9660268cfb7ab79aa962df7d109c85ddaab10a082ec77113,200596,14,UF_ZI C2.0 ANO_CMPT C4.0 MES_CMPT C2.0 ESPEC C2.0 CGC_HOSP C14.0 N_AIH C10.0 IDENT C1.0 CEP C8.0 MUNIC_RES C6.0 NASC C8.0 SEXO C1.0 UTI_MES_IN N2.0 UTI_MES_AN N2.0 UTI_MES_AL N2.0 UTI_MES_TO N2.0 MARCA_UTI C2.0 UTI_INT_IN N2.0 UTI_INT_AN N2.0 UTI_INT_AL N2.0 UTI_INT_TO N2.0 PROC_REA C8.0 VAL_SH N13.2 VAL_SP N13.2 VAL_SADT N13.2 VAL_RN N13.2 VAL_ORTP N13.2 VAL_SANGUE N13.2 VAL_SADTSR N11.2 VAL_TRANSP N13.2 VAL_OBSANG N11.2 VAL_PED1AC N11.2 VAL_TOT N14.2 VAL_UTI N8.2 US_TOT N10.2 DT_INTER C8.0 DT_SAIDA C8.0 DIAG_PRINC C4.0 DIAG_SECUN C4.0 COBRANCA C2.0 NATUREZA C2.0 GESTAO C1.0 MUNIC_MOV C6.0 COD_IDADE C1.0 IDADE N2.0 DIAS_PERM N5.0 MORTE N1.0 COD_ARQ C1.0 CONT N7.0 NACIONAL C2.0 NUM_PROC C4.0 CAR_INT C2.0 TOT_PT_SP N6.0 CPF_AUT C11.0 HOMONIMO C1.0 NUM_FILHOS N2.0 INSTRU C1.0 CID_NOTIF C4.0 CONTRACEP1 C2.0 CONTRACEP2 C2.0 GESTRISCO C1.0 INSC_PN C10.0 SEQ_AIH5 C3.0 CBOR C3.0 CNAER C3.0 VINCPREV C1.0 GESTOR_COD C2.0 GESTOR_CPF C11.0 GESTOR_DT C8.0 CNES C7.0
RDRR0309.dbc,2003-09,2013-10-31T13:08,41194,8d4be66052607d6922de8ab020475872d9cd0573d3f04019f90adab44c1e7b15,715,14,UF_ZI C2.0 ANO_CMPT C4.0 MES_CMPT C2.0 ESPEC C2.0 CGC_HOSP C14.0 N_AIH C10.0 IDENT C1.0 CEP C8.0 MUNIC_RES C6.0 NASC C8.0 SEXO C1.0 UTI_MES_IN N2.0 UTI_MES_AN N2.0 UTI_MES_AL N2.0 UTI_MES_TO N2.0 MARCA_UTI C2.0 UTI_INT_IN N2.0 UTI_INT_AN N2.0 UTI_INT_AL N2.0 UTI_INT_TO N2.0 PROC_REA C8.0 VAL_SH N13.2 VAL_SP N13.2 VAL_SADT N13.2 VAL_RN N13.2 VAL_ORTP N13.2 VAL_SANGUE N13.2 VAL_SADTSR N11.2 VAL_TRANSP N13.2 VAL_OBSANG N11.2 VAL_PED1AC N11.2 VAL_TOT N14.2 VAL_UTI N8.2 US_TOT N10.2 DT_INTER C8.0 DT_SAIDA C8.0 DIAG_PRINC C4.0 DIAG_SECUN C4.0 COBRANCA C2.0 NATUREZA C2.0 GESTAO C1.0 MUNIC_MOV C6.0 COD_IDADE C1.0 IDADE N2.0 DIAS_PERM N5.0 MORTE N1.0 COD_ARQ C1.0 CONT N7.0 NACIONAL C2.0 NUM_PROC C4.0 CAR_INT C2.0 TOT_PT_SP N6.0 CPF_AUT C11.0 HOMONIMO C1.0 NUM_FILHOS N2.0 INSTRU C1.0 CID_NOTIF C4.0 CONTRACEP1 C2.0 CONTRACEP2 C2.0 GESTRISCO C1.0 INSC_PN C10.0 SEQ_AIH5 C3.0 CBOR C3.0 CNAER C3.0 VINCPREV C1.0 GESTOR_COD C2.0 GESTOR_CPF C11.0 GESTOR_DT C8.0 CNES C7.0
RDRR0310.dbc,2003-10,2013-10-31T13:08,42965,28bf844916d5d4cb6b1b5d08c92502b0d9fc6389430c565cfe7699c2362554e7,820,14,UF_ZI C2.0 ANO_CMPT C4.0 MES_CMPT C2.0 ESPEC C2.0 CGC_HOSP C14.0 N_AIH C10.0 IDENT C1.0 CEP C8.0 MUNIC_RES C6.0 NASC C8.0 SEXO C1.0 UTI_MES_IN N2.0 UTI_MES_AN N2.0 UTI_MES_AL N2.0 UTI_MES_TO N2.0 MARCA_UTI C2.0 UTI_INT_IN N2.0 UTI_INT_AN N2.0 UTI_INT_AL N2.0 UTI_INT_TO N2.0 PROC_REA C8.0 VAL_SH N13.2 VAL_SP N13.2 VAL_SADT N13.2 VAL_RN N13.2 VAL_ORTP N13.2 VAL_SANGUE N13.2 VAL_SADTSR N11.2 VAL_TRANSP N13.2 VAL_OBSANG N11.2 VAL_PED1AC N11.2 VAL_TOT N14.2 VAL_UTI N8.2 US_TOT N10.2 DT_INTER C8.0 DT_SAIDA C8.0 DIAG_PRINC C4.0 DIAG_SECUN C4.0 COBRANCA C2.0 NATUREZA C2.0 GESTAO C1.0 MUNIC_MOV C6.0 COD_IDADE C1.0 IDADE N2.0 DIAS_PERM N5.0 MORTE N1.0 COD_ARQ C1.0 CONT N7.0 NACIONAL C2.0 NUM_PROC C4.0 CAR_INT C2.0 TOT_PT_SP N6.0 CPF_AUT C11.0 HOMONIMO C1.0 NUM_FILHOS N2.0 INSTRU C1.0 CID_NOTIF C4.0 CONTRACEP1 C2.0 CONTRACEP2 C2.0 GESTRISCO C1.0 INSC_PN C10.0 SEQ_AIH5 C3.0 CBOR C3.0 CNAER C3.0 VINCPREV C1.0 GESTOR_COD C2.0 GESTOR_CPF C11.0 GESTOR_DT C8.0 CNES C7.0
RDRR0311.dbc,2003-11,2013-10-31T13:08,44507,d2edc6df704a8d8373f71dd62dcf853d1e31fde64438d8db13fc479a79af58b9,842,14,UF_ZI C2.0 ANO_CMPT C4.0 MES_CMPT C2.0 ESPEC C2.0 CGC_HOSP C14.0 N_AIH C10.0 IDENT C1.0 CEP C8.0 MUNIC_RES C6.0 NASC C8.0 SEXO C1.0 UTI_MES_IN N2.0 UTI_MES_AN N2.0 UTI_MES_AL N2.0 UTI_MES_TO N2.0 MARCA_UTI C2.0 UTI_INT_IN N2.0 UTI_INT_AN N2.0 UTI_INT_AL N2.0 UTI_INT_TO N2.0 PROC_REA C8.0 VAL_SH N13.2 VAL_SP N13.2 VAL_SADT N13.2 VAL_RN N13.2 VAL_ORTP N13.2 VAL_SANGUE N13.2 VAL_SADTSR N11.2 VAL_TRANSP N13.2 VAL_OBSANG N11.2 VAL_PED1AC N11.2 VAL_TOT N14.2 VAL_UTI N8.2 US_TOT N10.2 DT_INTER C8.0 DT_SAIDA C8.0 DIAG_PRINC C4.0 DIAG_SECUN C4.0 COBRANCA C2.0 NATUREZA C2.0 GESTAO C1.0 MUNIC_MOV C6.0 COD_IDADE C1.0 IDADE N2.0 DIAS_PERM N5.0 MORTE N1.0 COD_ARQ C1.0 CONT N7.0 NACIONAL C2.0 NUM_PROC C4.0 CAR_INT C2.0 TOT_PT_SP N6.0 CPF_AUT C11.0 HOMONIMO C1.0 NUM_FILHOS N2.0 INSTRU C1.0 CID_NOTIF C4.0 CONTRACEP1 C2.0 CONTRACEP2 C2.0 GESTRISCO C1.0 INSC_PN C10.0 SEQ_AIH5 C3.0 CBOR C3.0 CNAER C3.0 VINCPREV C1.0 GESTOR_COD C2.0 GESTOR_CPF C11.0 GESTOR_DT C8.0 CNES C7.0
RDRR0312.dbc,2003-12,2013-10-31T13:08,57589,cc1012d117f9fb610a57013116f4bb4d33254270426bbfb44a31e6aafc19cf8b,1220,14,UF_ZI C2.0 ANO_CMPT C4.0 MES_CMPT C2.0 ESPEC C2.0 CGC_HOSP C14.0 N_AIH C10.0 IDENT C1.0 CEP C8.0 MUNIC_RES C6.0 NASC C8.0 SEXO C1.0 UTI_MES_IN N2.0 UTI_MES_AN N2.0 UTI_MES_AL N2.0 UTI_MES_TO N2.0 MARCA_UTI C2.0 UTI_INT_IN N2.0 UTI_INT_AN N2.0 UTI_INT_AL N2.0 UTI_INT_TO N2.0 PROC_REA C8.0 VAL_SH N13.2 VAL_SP N13.2 VAL_SADT N13.2 VAL_RN N13.2 VAL_ORTP N13.2 VAL_SANGUE N13.2 VAL_SADTSR N11.2 VAL_TRANSP N13.2 VAL_OBSANG N11.2 VAL_PED1AC N11.2 VAL_TOT N14.2 VAL_UTI N8.2 US_TOT N10.2 DT_INTER C8.0 DT_SAIDA C8.0 DIAG_PRINC C4.0 DIAG_SECUN C4.0 COBRANCA C2.0 NATUREZA C2.0 GESTAO C1.0 MUNIC_MOV C6.0 COD_IDADE C1.0 IDADE N2.0 DIAS_PERM N5.0 MORTE N1.0 COD_ARQ C1.0 CONT N7.0 NACIONAL C2.0 NUM_PROC C4.0 CAR_INT C2.0 TOT_PT_SP N6.0 CPF_AUT C11.0 HOMONIMO C1.0 NUM_FILHOS N2.0 INSTRU C1.0 CID_NOTIF C4.0 CONTRACEP1 C2.0 CONTRACEP2 C2.0 GESTRISCO C1.0 INSC_PN C10.0 SEQ_AIH5 C3.0 CBOR C3.0 CNAER C3.0 VINCPREV C1.0 GESTOR_COD C2.0 GESTOR_CPF C11.0 GESTOR_DT C8.0 CNES C7.0
RDRR0401.dbc,2004-01,2013-10-31T13:08,66093,37f4036f1e2829296749236aaa91e11d0c7a0d0b38d2a0c55cebf1e97fa233d8,1409,14,UF_ZI C2.0 ANO_CMPT C4.0 MES_CMPT C2.0 ESPEC C2.0 CGC_HOSP C14.0 N_AIH C10.0 IDENT C1.0 CEP C8.0 MUNIC_RES C6.0 NASC C8.0 SEXO C1.0 UTI_MES_IN N2.0 UTI_MES_AN N2.0 UTI_MES_AL N2.0 UTI_MES_TO N2.0 MARCA_UTI C2.0 UTI_INT_IN N2.0 UTI_INT_AN N2.0 UTI_INT_AL N2.0 UTI_INT_TO N2.0 PROC_REA C8.0 VAL_SH N13.2 VAL_SP N13.2 VAL_SADT N13.2 VAL_RN N13.2 VAL_ORTP N13.2 VAL_SANGUE N13.2 VAL_SADTSR N11.2 VAL_TRANSP N13.2 VAL_OBSANG N11.2 VAL_PED1AC N11.2 VAL_TOT N14.2 VAL_UTI N8.2 US_TOT N10.2 DT_INTER C8.0 DT_SAIDA C8.0 DIAG_PRINC C4.0 DIAG_SECUN C4.0 COBRANCA C2.0 NATUREZA C2.0 GESTAO C1.0 MUNIC_MOV C6.0 COD_IDADE C1.0 IDADE N2.0 DIAS_PERM N5.0 MORTE N1.0 COD_ARQ C1.0 CONT N7.0 NACIONAL C2.0 NUM_PROC C4.0 CAR_INT C2.0 TOT_PT_SP N6.0 CPF_AUT C11.0 HOMONIMO C1.0 NUM_FILHOS N2.0 INSTRU C1.0 CID_NOTIF C4.0 CONTRACEP1 C2.0 CONTRACEP2 C2.0 GESTRISCO C1.0 INSC_PN C10.0 SEQ_AIH5 C3.0 CBOR C3.0 CNAER C3.0 VINCPREV C1.0 GESTOR_COD C2.0 GESTOR_CPF C11.0 GESTOR_DT C8.0 CNES C7.0
RDRR0402.dbc,2004-02,2013-10-31T13:08,45928,8f0a36450b8fd6983d915439fb96dd26dddf671e8791cc4c25f6fd54a6f33b69,1045,14,UF_ZI C2.0 ANO_CMPT C4.0 MES_CMPT C2.0 ESPEC C2.0 CGC_HOSP C14.0 N_AIH C10.0 IDENT C1.0 CEP C8.0 MUNIC_RES C6.0 NASC C8.0 SEXO C1.0 UTI_MES_IN N2.0 UTI_MES_AN N2.0 UTI_MES_AL N2.0 UTI_MES_TO N2.0 MARCA_UTI C2.0 UTI_INT_IN N2.0 UTI_INT_AN N2.0 UTI_INT_AL N2.0 UTI_INT_TO N2.0 PROC_REA C8.0 VAL_SH N13.2 VAL_SP N13.2 VAL_SADT N13.2 VAL_RN N13.2 VAL_ORTP N13.2 VAL_SANGUE N13.2 VAL_SADTSR N11.2 VAL_TRANSP N13.2 VAL_OBSANG N11.2 VAL_PED1AC N11.2 VAL_TOT N14.2 VAL_UTI N8.2 US_TOT N10.2 DT_INTER C8.0 DT_SAIDA C8.0 DIAG_PRINC C4.0 DIAG_SECUN C4.0 COBRANCA C2.0 NATUREZA C2.0 GESTAO C1.0 MUNIC_MOV C6.0 COD_IDADE C1.0 IDADE N2.0 DIAS_PERM N5.0 MORTE N1.0 COD_ARQ C1.0 CONT N7.0 NACIONAL C2.0 NUM_PROC C4.0 CAR_INT C2.0 TOT_PT_SP N6.0 CPF_AUT C11.0 HOMONIMO C1.0 NUM_FILHOS N2.0 INSTRU C1.0 CID_NOTIF C4.0 CONTRACEP1 C2.0 CONTRACEP2 C2.0 GESTRISCO C1.0 INSC_PN C10.0 SEQ_AIH5 C3.0 CBOR C3.0 CNAER C3.0 VINCPREV C1.0 GESTOR_COD C2.0 GESTOR_CPF C11.0 GESTOR_DT C8.0 CNES C7.0
RDRR0403.dbc,2004-03,2013-10-31T13:08,74355,c3c5c439f655334c4ba29a02356d5fa452a66dc83815b1349b9de102dacadb61,1457,14,UF_ZI C2.0 ANO_CMPT C4.0 MES_CMPT C2.0 ESPEC C2.0 CGC_HOSP C14.0 N_AIH C10.0 IDENT C1.0 CEP C8.0 MUNIC_RES C6.0 NASC C8.0 SEXO C1.0 UTI_MES_IN N2.0 UTI_MES_AN N2.0 UTI_MES_AL N2.0 UTI_MES_TO N2.0 MARCA_UTI C2.0 UTI_INT_IN N2.0 UTI_INT_AN N2.0 UTI_INT_AL N2.0 UTI_INT_TO N2.0 PROC_REA C8.0 VAL_SH N13.2 VAL_SP N13.2 VAL_SADT N13.2 VAL_RN N13.2 VAL_ORTP N13.2 VAL_SANGUE N13.2 VAL_SADTSR N11.2 VAL_TRANSP N13.2 VAL_OBSANG N11.2 VAL_PED1AC N11.2 VAL_TOT N14.2 VAL_UTI N8.2 US_TOT N10.2 DT_INTER C8.0 DT_SAIDA C8.0 DIAG_PRINC C4.0 DIAG_SECUN C4.0 COBRANCA C2.0 NATUREZA C2.0 GESTAO C1.0 MUNIC_MOV C6.0 COD_IDADE C1.0 IDADE N2.0 DIAS_PERM N5.0 MORTE N1.0 COD_ARQ C1.0 CONT N7.0 NACIONAL C2.0 NUM_PROC C4.0 CAR_INT C2.0 TOT_PT_SP N6.0 CPF_AUT C11.0 HOMONIMO C1.0 NUM_FILHOS N2.0 INSTRU C1.0 CID_NOTIF C4.0 CONTRACEP1 C2.0 CONTRACEP2 C2.0 GESTRISCO C1.0 INSC_PN C10.0 SEQ_AIH5 C3.0 CBOR C3.0 CNAER C3.0 VINCPREV C1.0 GESTOR_COD C2.0 GESTOR_CPF C11.0 GESTOR_DT C8.0 CNES C7.0
RDRR0404.dbc,2004-04,2013-10-31T13:08,69957,b627f2974909e050b97ac5addc7c8aeff912cacd92c5180ca38046ee5d88c184,1400,14,UF_ZI C2.0 ANO_CMPT C4.0 MES_CMPT C2.0 ESPEC C2.0 CGC_HOSP C14.0 N_AIH C10.0 IDENT C1.0 CEP C8.0 MUNIC_RES C6.0 NASC C8.0 SEXO C1.0 UTI_MES_IN N2.0 UTI_MES_AN N2.0 UTI_MES_AL N2.0 UTI_MES_TO N2.0 MARCA_UTI C2.0 UTI_INT_IN N2.0 UTI_INT_AN N2.0 UTI_INT_AL N2.0 UTI_INT_TO N2.0 PROC_REA C8.0 VAL_SH N13.2 VAL_SP N13.2 VAL_SADT N13.2 VAL_RN N13.2 VAL_ORTP N13.2 VAL_SANGUE N13.2 VAL_SADTSR N11.2 VAL_TRANSP N13.2 VAL_OBSANG N11.2 VAL_PED1AC N11.2 VAL_TOT N14.2 VAL_UTI N8.2 US_TOT N10.2 DT_INTER C8.0 DT_SAIDA C8.0 DIAG_PRINC C4.0 DIAG_SECUN C4.0 COBRANCA C2.0 NATUREZA C2.0 GESTAO C1.0 MUNIC_MOV C6.0 COD_IDADE C1.0 IDADE N2.0 DIAS_PERM N5.0 MORTE N1.0 COD_ARQ C1.0 CONT N7.0 NACIONAL C2.0 NUM_PROC C4.0 CAR_INT C2.0 TOT_PT_SP N6.0 CPF_AUT C11.0 HOMONIMO C1.0 NUM_FILHOS N2.0 INSTRU C1.0 CID_NOTIF C4.0 CONTRACEP1 C2.0 CONTRACEP2 C2.0 GESTRISCO C1.0 INSC_PN C10.0 SEQ_AIH5 C3.0 CBOR C3.0 CNAER C3.0 VINCPREV C1.0 GESTOR_COD C2.0 GESTOR_CPF C11.0 GESTOR_DT C8.0 CNES C7.0
RDRR0405.dbc,2004-05,2013-10-31T13:08,73123,28a81106f93b86dbdf87f53fb268e686588e46e0e2db595450e5a0c20d0e46d6,1378,14,UF_ZI C2.0 ANO_CMPT C4.0 MES_CMPT C2.0 ESPEC C2.0 CGC_HOSP C14.0 N_AIH C10.0 IDENT C1.0 CEP C8.0 MUNIC_RES C6.0 NASC C8.0 SEXO C1.0 UTI_MES_IN N2.0 UTI_MES_AN N2.0 UTI_MES_AL N2.0 UTI_MES_TO N2.0 MARCA_UTI C2.0 UTI_INT_IN N2.0 UTI_INT_AN N2.0 UTI_INT_AL N2.0 UTI_INT_TO N2.0 PROC_REA C8.0 VAL_SH N13.2 VAL_SP N13.2 VAL_SADT N13.2 VAL_RN N13.2 VAL_ORTP N13.2 VAL_SANGUE N13.2 VAL_SADTSR N11.2 VAL_TRANSP N13.2 VAL_OBSANG N11.2 VAL_PED1AC N11.2 VAL_TOT N14.2 VAL_UTI N8.2 US_TOT N10.2 DT_INTER C8.0 DT_SAIDA C8.0 DIAG_PRINC C4.0 DIAG_SECUN C4.0 COBRANCA C2.0 NATUREZA C2.0 GESTAO C1.0 MUNIC_MOV C6.0 COD_IDADE C1.0 IDADE N2.0 DIAS_PERM N5.0 MORTE N1.0 COD_ARQ C1.0 CONT N7.0 NACIONAL C2.0 NUM_PROC C4.0 CAR_INT C2.0 TOT_PT_SP N6.0 CPF_AUT C11.0 HOMONIMO C1.0 NUM_FILHOS N2.0 INSTRU C1.0 CID_NOTIF C4.0 CONTRACEP1 C2.0 CONTRACEP2 C2.0 GESTRISCO C1.0 INSC_PN C10.0 SEQ_AIH5 C3.0 CBOR C3.0 CNAER C3.0 VINCPREV C1.0 GESTOR_COD C2.0 GESTOR_CPF C11.0 GESTOR_DT C8.0 CNES C7.0
RDMG0406.dbc,2004-06,2013-10-31T12:49,6315085,c2744452658d7893b92c2e1b313d811fb38c53d5fe41391d22889901f5382c79,105236,14,UF_ZI C2.0 ANO_CMPT C4.0 MES_CMPT C2.0 ESPEC C2.0 CGC_HOSP C14.0 N_AIH C10.0 IDENT C1.0 CEP C8.0 MUNIC_RES C6.0 NASC C8.0 SEXO C1.0 UTI_MES_IN N2.0 UTI_MES_AN N2.0 UTI_MES_AL N2.0 UTI_MES_TO N2.0 MARCA_UTI C2.0 UTI_INT_IN N2.0 UTI_INT_AN N2.0 UTI_INT_AL N2.0 UTI_INT_TO N2.0 PROC_REA C8.0 VAL_SH N13.2 VAL_SP N13.2 VAL_SADT N13.2 VAL_RN N13.2 VAL_ORTP N13.2 VAL_SANGUE N13.2 VAL_SADTSR N11.2 VAL_TRANSP N13.2 VAL_OBSANG N11.2 VAL_PED1AC N11.2 VAL_TOT N14.2 VAL_UTI N8.2 US_TOT N10.2 DT_INTER C8.0 DT_SAIDA C8.0 DIAG_PRINC C4.0 DIAG_SECUN C4.0 COBRANCA C2.0 NATUREZA C2.0 GESTAO C1.0 MUNIC_MOV C6.0 COD_IDADE C1.0 IDADE N2.0 DIAS_PERM N5.0 MORTE N1.0 COD_ARQ C1.0 CONT N7.0 NACIONAL C2.0 NUM_PROC C4.0 CAR_INT C2.0 TOT_PT_SP N6.0 CPF_AUT C11.0 HOMONIMO C1.0 NUM_FILHOS N2.0 INSTRU C1.0 CID_NOTIF C4.0 CONTRACEP1 C2.0 CONTRACEP2 C2.0 GESTRISCO C1.0 INSC_PN C10.0 SEQ_AIH5 C3.0 CBOR C3.0 CNAER C3.0 VINCPREV C1.0 GESTOR_COD C2.0 GESTOR_CPF C11.0 GESTOR_DT C8.0 CNES C7.0
RDRR0406.dbc,2004-06,2013-10-31T13:08,55719,4ac893699e8f2bd2dee4817db67da0a04faee93b03d58fcd6e03ddaaced28dbb,1073,14,UF_ZI C2.0 ANO_CMPT C4.0 MES_CMPT C2.0 ESPEC C2.0 CGC_HOSP C14.0 N_AIH C10.0 IDENT C1.0 CEP C8.0 MUNIC_RES C6.0 NASC C8.0 SEXO C1.0 UTI_MES_IN N2.0 UTI_MES_AN N2.0 UTI_MES_AL N2.0 UTI_MES_TO N2.0 MARCA_UTI C2.0 UTI_INT_IN N2.0 UTI_INT_AN N2.0 UTI_INT_AL N2.0 UTI_INT_TO N2.0 PROC_REA C8.0 VAL_SH N13.2 VAL_SP N13.2 VAL_SADT N13.2 VAL_RN N13.2 VAL_ORTP N13.2 VAL_SANGUE N13.2 VAL_SADTSR N11.2 VAL_TRANSP N13.2 VAL_OBSANG N11.2 VAL_PED1AC N11.2 VAL_TOT N14.2 VAL_UTI N8.2 US_TOT N10.2 DT_INTER C8.0 DT_SAIDA C8.0 DIAG_PRINC C4.0 DIAG_SECUN C4.0 COBRANCA C2.0 NATUREZA C2.0 GESTAO C1.0 MUNIC_MOV C6.0 COD_IDADE C1.0 IDADE N2.0 DIAS_PERM N5.0 MORTE N1.0 COD_ARQ C1.0 CONT N7.0 NACIONAL C2.0 NUM_PROC C4.0 CAR_INT C2.0 TOT_PT_SP N6.0 CPF_AUT C11.0 HOMONIMO C1.0 NUM_FILHOS N2.0 INSTRU C1.0 CID_NOTIF C4.0 CONTRACEP1 C2.0 CONTRACEP2 C2.0 GESTRISCO C1.0 INSC_PN C10.0 SEQ_AIH5 C3.0 CBOR C3.0 CNAER C3.0 VINCPREV C1.0 GESTOR_COD C2.0 GESTOR_CPF C11.0 GESTOR_DT C8.0 CNES C7.0
RDSP0406.dbc,2004-06,2013-10-31T13:16,11952471,a7195097c00424ba77c6497e51a1271fab47a9025bb837882ea42112621e0fb0,204460,14,UF_ZI C2.0 ANO_CMPT C4.0 MES_CMPT C2.0 ESPEC C2.0 CGC_HOSP C14.0 N_AIH C10.0 IDENT C1.0 CEP C8.0 MUNIC_RES C6.0 NASC C8.0 SEXO C1.0 UTI_MES_IN N2.0 UTI_MES_AN N2.0 UTI_MES_AL N2.0 UTI_MES_TO N2.0 MARCA_UTI C2.0 UTI_INT_IN N2.0 UTI_INT_AN N2.0 UTI_INT_AL N2.0 UTI_INT_TO N2.0 PROC_REA C8.0 VAL_SH N13.2 VAL_SP N13.2 VAL_SADT N13.2 VAL_RN N13.2 VAL_ORTP N13.2 VAL_SANGUE N13.2 VAL_SADTSR N11.2 VAL_TRANSP N13.2 VAL_OBSANG N11.2 VAL_PED1AC N11.2 VAL_TOT N14.2 VAL_UTI N8.2 US_TOT N10.2 DT_INTER C8.0 DT_SAIDA C8.0 DIAG_PRINC C4.0 DIAG_SECUN C4.0 COBRANCA C2.0 NATUREZA C2.0 GESTAO C1.0 MUNIC_MOV C6.0 COD_IDADE C1.0 IDADE N2.0 DIAS_PERM N5.0 MORTE N1.0 COD_ARQ C1.0 CONT N7.0 NACIONAL C2.0 NUM_PROC C4.0 CAR_INT C2.0 TOT_PT_SP N6.0 CPF_AUT C11.0 HOMONIMO C1.0 NUM_FILHOS N2.0 INSTRU C1.0 CID_NOTIF C4.0 CONTRACEP1 C2.0 CONTRACEP2 C2.0 GESTRISCO C1.0 INSC_PN C10.0 SEQ_AIH5 C3.0 CBOR C3.0 CNAER C3.0 VINCPREV C1.0 GESTOR_COD C2.0 GESTOR_CPF C11.0 GESTOR_DT C8.0 CNES C7.0
RDMG0407.dbc,2004-07,2013-10-31T12:49,4881893,578cf5ea0ef5b618d0638512775d2f8147611e8eeafc9e8165578a7c177a7408,101815,15,UF_ZI C2.0 ANO_CMPT C4.0 MES_CMPT C2.0 ESPEC C2.0 CGC_HOSP C14.0 N_AIH C10.0 IDENT C1.0 CEP C8.0 MUNIC_RES C6.0 NASC C8.0 SEXO C1.0 UTI_MES_IN N2.0 UTI_MES_AN N2.0 UTI_MES_AL N2.0 UTI_MES_TO N2.0 MARCA_UTI C2.0 UTI_INT_IN N2.0 UTI_INT_AN N2.0 UTI_INT_AL N2.0 UTI_INT_TO N2.0 PROC_REA C8.0 VAL_SH N13.2 VAL_SP N13.2 VAL_SADT N13.2 VAL_RN N13.2 VAL_ORTP N13.2 VAL_SANGUE N13.2 VAL_SADTSR N11.2 VAL_TRANSP N13.2 VAL_OBSANG N11.2 VAL_PED1AC N11.2 VAL_TOT N14.2 VAL_UTI N8.2 US_TOT N10.2 DT_INTER C8.0 DT_SAIDA C8.0 DIAG_PRINC C4.0 DIAG_SECUN C4.0 COBRANCA C2.0 NATUREZA C2.0 GESTAO C1.0 MUNIC_MOV C6.0 COD_IDADE C1.0 IDADE N2.0 DIAS_PERM N5.0 MORTE N1.0 COD_ARQ C1.0 CONT N7.0 NACIONAL C2.0 NUM_PROC C4.0 CAR_INT C2.0 TOT_PT_SP N6.0 CPF_AUT C11.0 HOMONIMO C1.0 NUM_FILHOS N2.0 INSTRU C1.0 CID_NOTIF C4.0 CONTRACEP1 C2.0 CONTRACEP2 C2.0 GESTRISCO C1.0 INSC_PN N10.0 SEQ_AIH5 N3.0 GESTOR_CPF C11.0 GESTOR_DT C8.0 GESTOR_COD C2.0 CNES C7.0 CGC_MANT C14.0 COD_SEG C8.0
RDRR0407.dbc,2004-07,2013-10-31T13:08,57840,8960203d29ae9b0ed7ab84fc3587d5a2b068ea402c7265f3bc36fc86f6735138,1314,15,UF_ZI C2.0 ANO_CMPT C4.0 MES_CMPT C2.0 ESPEC C2.0 CGC_HOSP C14.0 N_AIH C10.0 IDENT C1.0 CEP C8.0 MUNIC_RES C6.0 NASC C8.0 SEXO C1.0 UTI_MES_IN N2.0 UTI_MES_AN N2.0 UTI_MES_AL N2.0 UTI_MES_TO N2.0 MARCA_UTI C2.0 UTI_INT_IN N2.0 UTI_INT_AN N2.0 UTI_INT_AL N2.0 UTI_INT_TO N2.0 PROC_REA C8.0 VAL_SH N13.2 VAL_SP N13.2 VAL_SADT N13.2 VAL_RN N13.2 VAL_ORTP N13.2 VAL_SANGUE N13.2 VAL_SADTSR N11.2 VAL_TRANSP N13.2 VAL_OBSANG N11.2 VAL_PED1AC N11.2 VAL_TOT N14.2 VAL_UTI N8.2 US_TOT N10.2 DT_INTER C8.0 DT_SAIDA C8.0 DIAG_PRINC C4.0 DIAG_SECUN C4.0 COBRANCA C2.0 NATUREZA C2.0 GESTAO C1.0 MUNIC_MOV C6.0 COD_IDADE C1.0 IDADE N2.0 DIAS_PERM N5.0 MORTE N1.0 COD_ARQ C1.0 CONT N7.0 NACIONAL C2.0 NUM_PROC C4.0 CAR_INT C2.0 TOT_PT_SP N6.0 CPF_AUT C11.0 HOMONIMO C1.0 NUM_FILHOS N2.0 INSTRU C1.0 CID_NOTIF C4.0 CONTRACEP1 C2.0 CONTRACEP2 C2.0 GESTRISCO C1.0 INSC_PN N10.0 SEQ_AIH5 N3.0 GESTOR_CPF C11.0 GESTOR_DT C8.0 GESTOR_COD C2.0 CNES C7.0 CGC_MANT C14.0 COD_SEG C8.0
RDSP0407.dbc,2004-07,2013-10-31T13:16,9642380,27107b6b8fa4b34206569f2535621de3e20cc303d8d822b2b060dcce64805e95,205708,15,UF_ZI C2.0 ANO_CMPT C4.0 MES_CMPT C2.0 ESPEC C2.0 CGC_HOSP C14.0 N_AIH C10.0 IDENT C1.0 CEP C8.0 MUNIC_RES C6.0 NASC C8.0 SEXO C1.0 UTI_MES_IN N2.0 UTI_MES_AN N2.0 UTI_MES_AL N2.0 UTI_MES_TO N2.0 MARCA_UTI C2.0 UTI_INT_IN N2.0 UTI_INT_AN N2.0 UTI_INT_AL N2.0 UTI_INT_TO N2.0 PROC_REA C8.0 VAL_SH N13.2 VAL_SP N13.2 VAL_SADT N13.2 VAL_RN N13.2 VAL_ORTP N13.2 VAL_SANGUE N13.2 VAL_SADTSR N11.2 VAL_TRANSP N13.2 VAL_OBSANG N11.2 VAL_PED1AC N11.2 VAL_TOT N14.2 VAL_UTI N8.2 US_TOT N10.2 DT_INTER C8.0 DT_SAIDA C8.0 DIAG_PRINC C4.0 DIAG_SECUN C4.0 COBRANCA C2.0 NATUREZA C2.0 GESTAO C1.0 MUNIC_MOV C6.0 COD_IDADE C1.0 IDADE N2.0 DIAS_PERM N5.0 MORTE N1.0 COD_ARQ C1.0 CONT N7.0 NACIONAL C2.0 NUM_PROC C4.0 CAR_INT C2.0 TOT_PT_SP N6.0 CPF_AUT C11.0 HOMONIMO C1.0 NUM_FILHOS N2.0 INSTRU C1.0 CID_NOTIF C4.0 CONTRACEP1 C2.0 CONTRACEP2 C2.0 GESTRISCO C1.0 INSC_PN N10.0 SEQ_AIH5 N3.0 GESTOR_CPF C11.0 GESTOR_DT C8.0 GESTOR_COD C2.0 CNES C7.0 CGC_MANT C14.0 COD_SEG C8.0
RDMG0408.dbc,2004-08,2013-10-31T12:49,5074314,c17dd0ea155d23d0c1ef83da1fc22d62d499ae76e4c192cfd05cc0ccb644215e,105997,16,UF_ZI C2.0 ANO_CMPT C4.0 MES_CMPT C2.0 ESPEC C2.0 CGC_HOSP C14.0 N_AIH C10.0 IDENT C1.0 CEP C8.0 MUNIC_RES C6.0 NASC C8.0 SEXO C1.0 UTI_MES_IN N2.0 UTI_MES_AN N2.0 UTI_MES_AL N2.0 UTI_MES_TO N2.0 MARCA_UTI C2.0 UTI_INT_IN N2.0 UTI_INT_AN N2.0 UTI_INT_AL N2.0 UTI_INT_TO N2.0 PROC_REA C8.0 VAL_SH N13.2 VAL_SP N13.2 VAL_SADT N13.2 VAL_RN N13.2 VAL_ORTP N13.2 VAL_SANGUE N13.2 VAL_SADTSR N11.2 VAL_TRANSP N13.2 VAL_OBSANG N11.2 VAL_PED1AC N11.2 VAL_TOT N14.2 VAL_UTI N8.2 US_TOT N10.2 DT_INTER C8.0 DT_SAIDA C8.0 DIAG_PRINC C4.0 DIAG_SECUN C4.0 COBRANCA C2.0 NATUREZA C2.0 GESTAO C1.0 MUNIC_MOV C6.0 COD_IDADE C1.0 IDADE N2.0 DIAS_PERM N5.0 MORTE N1.0 COD_ARQ C1.0 CONT N7.0 NACIONAL C2.0 NUM_PROC C4.0 CAR_INT C2.0 TOT_PT_SP N6.0 CPF_AUT C11.0 HOMONIMO C1.0 NUM_FILHOS N2.0 INSTRU C1.0 CID_NOTIF C4.0 CONTRACEP1 C2.0 CONTRACEP2 C2.0 GESTRISCO C1.0 INSC_PN N10.0 SEQ_AIH5 N3.0 GESTOR_CPF C11.0 GESTOR_DT C8.0 GESTOR_COD C2.0 CNES C7.0 COD_SEG C8.0
RDRR0408.dbc,2004-08,2013-10-31T13:08,61471,30bd4d60047846cdf5cb712487c231837869b06dbd8341cc9a86416045e09f20,1401,16,UF_ZI C2.0 ANO_CMPT C4.0 MES_CMPT C2.0 ESPEC C2.0 CGC_HOSP C14.0 N_AIH C10.0 IDENT C1.0 CEP C8.0 MUNIC_RES C6.0 NASC C8.0 SEXO C1.0 UTI_MES_IN N2.0 UTI_MES_AN N2.0 UTI_MES_AL N2.0 UTI_MES_TO N2.0 MARCA_UTI C2.0 UTI_INT_IN N2.0 UTI_INT_AN N2.0 UTI_INT_AL N2.0 UTI_INT_TO N2.0 PROC_REA C8.0 VAL_SH N13.2 VAL_SP N13.2 VAL_SADT N13.2 VAL_RN N13.2 VAL_ORTP N13.2 VAL_SANGUE N13.2 VAL_SADTSR N11.2 VAL_TRANSP N13.2 VAL_OBSANG N11.2 VAL_PED1AC N11.2 VAL_TOT N14.2 VAL_UTI N8.2 US_TOT N10.2 DT_INTER C8.0 DT_SAIDA C8.0 DIAG_PRINC C4.0 DIAG_SECUN C4.0 COBRANCA C2.0 NATUREZA C2.0 GESTAO C1.0 MUNIC_MOV C6.0 COD_IDADE C1.0 IDADE N2.0 DIAS_PERM N5.0 MORTE N1.0 COD_ARQ C1.0 CONT N7.0 NACIONAL C2.0 NUM_PROC C4.0 CAR_INT C2.0 TOT_PT_SP N6.0 CPF_AUT C11.0 HOMONIMO C1.0 NUM_FILHOS N2.0 INSTRU C1.0 CID_NOTIF C4.0 CONTRACEP1 C2.0 CONTRACEP2 C2.0 GESTRISCO C1.0 INSC_PN N10.0 SEQ_AIH5 N3.0 GESTOR_CPF C11.0 GESTOR_DT C8.0 GESTOR_COD C2.0 CNES C7.0 COD_SEG C8.0
RDSP0408.dbc,2004-08,2013-10-31T13:16,9617214,93987e74f30a0f68451d3b9359775e693b7890798a75b50b7d7734c323374bbf,205706,16,UF_ZI C2.0 ANO_CMPT C4.0 MES_CMPT C2.0 ESPEC C2.0 CGC_HOSP C14.0 N_AIH C10.0 IDENT C1.0 CEP C8.0 MUNIC_RES C6.0 NASC C8.0 SEXO C1.0 UTI_MES_IN N2.0 UTI_MES_AN N2.0 UTI_MES_AL N2.0 UTI_MES_TO N2.0 MARCA_UTI C2.0 UTI_INT_IN N2.0 UTI_INT_AN N2.0 UTI_INT_AL N2.0 UTI_INT_TO N2.0 PROC_REA C8.0 VAL_SH N13.2 VAL_SP N13.2 VAL_SADT N13.2 VAL_RN N13.2 VAL_ORTP N13.2 VAL_SANGUE N13.2 VAL_SADTSR N11.2 VAL_TRANSP N13.2 VAL_OBSANG N11.2 VAL_PED1AC N11.2 VAL_TOT N14.2 VAL_UTI N8.2 US_TOT N10.2 DT_INTER C8.0 DT_SAIDA C8.0 DIAG_PRINC C4.0 DIAG_SECUN C4.0 COBRANCA C2.0 NATUREZA C2.0 GESTAO C1.0 MUNIC_MOV C6.0 COD_IDADE C1.0 IDADE N2.0 DIAS_PERM N5.0 MORTE N1.0 COD_ARQ C1.0 CONT N7.0 NACIONAL C2.0 NUM_PROC C4.0 CAR_INT C2.0 TOT_PT_SP N6.0 CPF_AUT C11.0 HOMONIMO C1.0 NUM_FILHOS N2.0 INSTRU C1.0 CID_NOTIF C4.0 CONTRACEP1 C2.0 CONTRACEP2 C2.0 GESTRISCO C1.0 INSC_PN N10.0 SEQ_AIH5 N3.0 GESTOR_CPF C11.0 GESTOR_DT C8.0 GESTOR_COD C2.0 CNES C7.0 COD_SEG C8.0
RDRR0409.dbc,2004-09,2013-10-31T13:08,49969,535229959517fcbb4455fbe0317b52ae65b24bca35bb39d98e55d670d44b9a01,1074,16,UF_ZI C2.0 ANO_CMPT C4.0 MES_CMPT C2.0 ESPEC C2.0 CGC_HOSP C14.0 N_AIH C10.0 IDENT C1.0 CEP C8.0 MUNIC_RES C6.0 NASC C8.0 SEXO C1.0 UTI_MES_IN N2.0 UTI_MES_AN N2.0 UTI_MES_AL N2.0 UTI_MES_TO N2.0 MARCA_UTI C2.0 UTI_INT_IN N2.0 UTI_INT_AN N2.0 UTI_INT_AL N2.0 UTI_INT_TO N2.0 PROC_REA C8.0 VAL_SH N13.2 VAL_SP N13.2 VAL_SADT N13.2 VAL_RN N13.2 VAL_ORTP N13.2 VAL_SANGUE N13.2 VAL_SADTSR N11.2 VAL_TRANSP N13.2 VAL_OBSANG N11.2 VAL_PED1AC N11.2 VAL_TOT N14.2 VAL_UTI N8.2 US_TOT N10.2 DT_INTER C8.0 DT_SAIDA C8.0 DIAG_PRINC C4.0 DIAG_SECUN C4.0 COBRANCA C2.0 NATUREZA C2.0 GESTAO C1.0 MUNIC_MOV C6.0 COD_IDADE C1.0 IDADE N2.0 DIAS_PERM N5.0 MORTE N1.0 COD_ARQ C1.0 CONT N7.0 NACIONAL C2.0 NUM_PROC C4.0 CAR_INT C2.0 TOT_PT_SP N6.0 CPF_AUT C11.0 HOMONIMO C1.0 NUM_FILHOS N2.0 INSTRU C1.0 CID_NOTIF C4.0 CONTRACEP1 C2.0 CONTRACEP2 C2.0 GESTRISCO C1.0 INSC_PN N10.0 SEQ_AIH5 N3.0 GESTOR_CPF C11.0 GESTOR_DT C8.0 GESTOR_COD C2.0 CNES C7.0 COD_SEG C8.0
RDRR0410.dbc,2004-10,2013-10-31T13:08,47497,a85ad7fd9bb924a9462c402887b7b2db2ba715169412ac8582aec7424c8ac61b,1048,16,UF_ZI C2.0 ANO_CMPT C4.0 MES_CMPT C2.0 ESPEC C2.0 CGC_HOSP C14.0 N_AIH C10.0 IDENT C1.0 CEP C8.0 MUNIC_RES C6.0 NASC C8.0 SEXO C1.0 UTI_MES_IN N2.0 UTI_MES_AN N2.0 UTI_MES_AL N2.0 UTI_MES_TO N2.0 MARCA_UTI C2.0 UTI_INT_IN N2.0 UTI_INT_AN N2.0 UTI_INT_AL N2.0 UTI_INT_TO N2.0 PROC_REA C8.0 VAL_SH N13.2 VAL_SP N13.2 VAL_SADT N13.2 VAL_RN N13.2 VAL_ORTP N13.2 VAL_SANGUE N13.2 VAL_SADTSR N11.2 VAL_TRANSP N13.2 VAL_OBSANG N11.2 VAL_PED1AC N11.2 VAL_TOT N14.2 VAL_UTI N8.2 US_TOT N10.2 DT_INTER C8.0 DT_SAIDA C8.0 DIAG_PRINC C4.0 DIAG_SECUN C4.0 COBRANCA C2.0 NATUREZA C2.0 GESTAO C1.0 MUNIC_MOV C6.0 COD_IDADE C1.0 IDADE N2.0 DIAS_PERM N5.0 MORTE N1.0 COD_ARQ C1.0 CONT N7.0 NACIONAL C2.0 NUM_PROC C4.0 CAR_INT C2.0 TOT_PT_SP N6.0 CPF_AUT C11.0 HOMONIMO C1.0 NUM_FILHOS N2.0 INSTRU C1.0 CID_NOTIF C4.0 CONTRACEP1 C2.0 CONTRACEP2 C2.0 GESTRISCO C1.0 INSC_PN N10.0 SEQ_AIH5 N3.0 GESTOR_CPF C11.0 GESTOR_DT C8.0 GESTOR_COD C2.0 CNES C7.0 COD_SEG C8.0
RDRR0411.dbc,2004-11,2013-10-31T13:08,60248,cd56f37101e78826c4049e07df25e3bfcc257cabb4405641ecbe64d77a087103,1314,16,UF_ZI C2.0 ANO_CMPT C4.0 MES_CMPT C2.0 ESPEC C2.0 CGC_HOSP C14.0 N_AIH C10.0 IDENT C1.0 CEP C8.0 MUNIC_RES C6.0 NASC C8.0 SEXO C1.0 UTI_MES_IN N2.0 UTI_MES_AN N2.0 UTI_MES_AL N2.0 UTI_MES_TO N2.0 MARCA_UTI C2.0 UTI_INT_IN N2.0 UTI_INT_AN N2.0 UTI_INT_AL N2.0 UTI_INT_TO N2.0 PROC_REA C8.0 VAL_SH N13.2 VAL_SP N13.2 VAL_SADT N13.2 VAL_RN N13.2 VAL_ORTP N13.2 VAL_SANGUE N13.2 VAL_SADTSR N11.2 VAL_TRANSP N13.2 VAL_OBSANG N11.2 VAL_PED1AC N11.2 VAL_TOT N14.2 VAL_UTI N8.2 US_TOT N10.2 DT_INTER C8.0 DT_SAIDA C8.0 DIAG_PRINC C4.0 DIAG_SECUN C4.0 COBRANCA C2.0 NATUREZA C2.0 GESTAO C1.0 MUNIC_MOV C6.0 COD_IDADE C1.0 IDADE N2.0 DIAS_PERM N5.0 MORTE N1.0 COD_ARQ C1.0 CONT N7.0 NACIONAL C2.0 NUM_PROC C4.0 CAR_INT C2.0 TOT_PT_SP N6.0 CPF_AUT C11.0 HOMONIMO C1.0 NUM_FILHOS N2.0 INSTRU C1.0 CID_NOTIF C4.0 CONTRACEP1 C2.0 CONTRACEP2 C2.0 GESTRISCO C1.0 INSC_PN N10.0 SEQ_AIH5 N3.0 GESTOR_CPF C11.0 GESTOR_DT C8.0 GESTOR_COD C2.0 CNES C7.0 COD_SEG C8.0
RDMG0412.dbc,2004-12,2013-10-31T12:49,4745211,6868d79ef236cf404c97c3876d875744b42c1f1bdfe559baf83a0544cf60f744,97817,16,UF_ZI C2.0 ANO_CMPT C4.0 MES_CMPT C2.0 ESPEC C2.0 CGC_HOSP C14.0 N_AIH C10.0 IDENT C1.0 CEP C8.0 MUNIC_RES C6.0 NASC C8.0 SEXO C1.0 UTI_MES_IN N2.0 UTI_MES_AN N2.0 UTI_MES_AL N2.0 UTI_MES_TO N2.0 MARCA_UTI C2.0 UTI_INT_IN N2.0 UTI_INT_AN N2.0 UTI_INT_AL N2.0 UTI_INT_TO N2.0 PROC_REA C8.0 VAL_SH N13.2 VAL_SP N13.2 VAL_SADT N13.2 VAL_RN N13.2 VAL_ORTP N13.2 VAL_SANGUE N13.2 VAL_SADTSR N11.2 VAL_TRANSP N13.2 VAL_OBSANG N11.2 VAL_PED1AC N11.2 VAL_TOT N14.2 VAL_UTI N8.2 US_TOT N10.2 DT_INTER C8.0 DT_SAIDA C8.0 DIAG_PRINC C4.0 DIAG_SECUN C4.0 COBRANCA C2.0 NATUREZA C2.0 GESTAO C1.0 MUNIC_MOV C6.0 COD_IDADE C1.0 IDADE N2.0 DIAS_PERM N5.0 MORTE N1.0 COD_ARQ C1.0 CONT N7.0 NACIONAL C2.0 NUM_PROC C4.0 CAR_INT C2.0 TOT_PT_SP N6.0 CPF_AUT C11.0 HOMONIMO C1.0 NUM_FILHOS N2.0 INSTRU C1.0 CID_NOTIF C4.0 CONTRACEP1 C2.0 CONTRACEP2 C2.0 GESTRISCO C1.0 INSC_PN N10.0 SEQ_AIH5 N3.0 GESTOR_CPF C11.0 GESTOR_DT C8.0 GESTOR_COD C2.0 CNES C7.0 COD_SEG C8.0
RDRR0412.dbc,2004-12,2013-10-31T13:08,41519,fb9be50a28fab0c663a2b483bfb55b2721581b0b94202fc322e8ef040e2c9629,976,16,UF_ZI C2.0 ANO_CMPT C4.0 MES_CMPT C2.0 ESPEC C2.0 CGC_HOSP C14.0 N_AIH C10.0 IDENT C1.0 CEP C8.0 MUNIC_RES C6.0 NASC C8.0 SEXO C1.0 UTI_MES_IN N2.0 UTI_MES_AN N2.0 UTI_MES_AL N2.0 UTI_MES_TO N2.0 MARCA_UTI C2.0 UTI_INT_IN N2.0 UTI_INT_AN N2.0 UTI_INT_AL N2.0 UTI_INT_TO N2.0 PROC_REA C8.0 VAL_SH N13.2 VAL_SP N13.2 VAL_SADT N13.2 VAL_RN N13.2 VAL_ORTP N13.2 VAL_SANGUE N13.2 VAL_SADTSR N11.2 VAL_TRANSP N13.2 VAL_OBSANG N11.2 VAL_PED1AC N11.2 VAL_TOT N14.2 VAL_UTI N8.2 US_TOT N10.2 DT_INTER C8.0 DT_SAIDA C8.0 DIAG_PRINC C4.0 DIAG_SECUN C4.0 COBRANCA C2.0 NATUREZA C2.0 GESTAO C1.0 MUNIC_MOV C6.0 COD_IDADE C1.0 IDADE N2.0 DIAS_PERM N5.0 MORTE N1.0 COD_ARQ C1.0 CONT N7.0 NACIONAL C2.0 NUM_PROC C4.0 CAR_INT C2.0 TOT_PT_SP N6.0 CPF_AUT C11.0 HOMONIMO C1.0 NUM_FILHOS N2.0 INSTRU C1.0 CID_NOTIF C4.0 CONTRACEP1 C2.0 CONTRACEP2 C2.0 GESTRISCO C1.0 INSC_PN N10.0 SEQ_AIH5 N3.0 GESTOR_CPF C11.0 GESTOR_DT C8.0 GESTOR_COD C2.0 CNES C7.0 COD_SEG C8.0
RDSP0412.dbc,2004-12,2013-10-31T13:16,9117471,16ecab7814e64d161a7e429b5dbc33b1e1be45b51fe88f7819429e0d505378cf,194426,16,UF_ZI C2.0 ANO_CMPT C4.0 MES_CMPT C2.0 ESPEC C2.0 CGC_HOSP C14.0 N_AIH C10.0 IDENT C1.0 CEP C8.0 MUNIC_RES C6.0 NASC C8.0 SEXO C1.0 UTI_MES_IN N2.0 UTI_MES_AN N2.0 UTI_MES_AL N2.0 UTI_MES_TO N2.0 MARCA_UTI C2.0 UTI_INT_IN N2.0 UTI_INT_AN N2.0 UTI_INT_AL N2.0 UTI_INT_TO N2.0 PROC_REA C8.0 VAL_SH N13.2 VAL_SP N13.2 VAL_SADT N13.2 VAL_RN N13.2 VAL_ORTP N13.2 VAL_SANGUE N13.2 VAL_SADTSR N11.2 VAL_TRANSP N13.2 VAL_OBSANG N11.2 VAL_PED1AC N11.2 VAL_TOT N14.2 VAL_UTI N8.2 US_TOT N10.2 DT_INTER C8.0 DT_SAIDA C8.0 DIAG_PRINC C4.0 DIAG_SECUN C4.0 COBRANCA C2.0 NATUREZA C2.0 GESTAO C1.0 MUNIC_MOV C6.0 COD_IDADE C1.0 IDADE N2.0 DIAS_PERM N5.0 MORTE N1.0 COD_ARQ C1.0 CONT N7.0 NACIONAL C2.0 NUM_PROC C4.0 CAR_INT C2.0 TOT_PT_SP N6.0 CPF_AUT C11.0 HOMONIMO C1.0 NUM_FILHOS N2.0 INSTRU C1.0 CID_NOTIF C4.0 CONTRACEP1 C2.0 CONTRACEP2 C2.0 GESTRISCO C1.0 INSC_PN N10.0 SEQ_AIH5 N3.0 GESTOR_CPF C11.0 GESTOR_DT C8.0 GESTOR_COD C2.0 CNES C7.0 COD_SEG C8.0
RDMG0501.dbc,2005-01,2013-10-31T12:49,5026304,72e1f6333c54e25ddb3d829094f7239350c49fe040c21f89d8ae314414298f6f,101466,17,UF_ZI C2.0 ANO_CMPT C4.0 MES_CMPT C2.0 ESPEC C2.0 CGC_HOSP C14.0 N_AIH C10.0 IDENT C1.0 CEP C8.0 MUNIC_RES C6.0 NASC C8.0 SEXO C1.0 UTI_MES_IN N2.0 UTI_MES_AN N2.0 UTI_MES_AL N2.0 UTI_MES_TO N2.0 MARCA_UTI C2.0 UTI_INT_IN N2.0 UTI_INT_AN N2.0 UTI_INT_AL N2.0 UTI_INT_TO N2.0 DIAR_ACOM N2.0 PROC_REA C8.0 VAL_SH N13.2 VAL_SP N13.2 VAL_SADT N13.2 VAL_RN N13.2 VAL_ACOMP N13.2 VAL_ORTP N13.2 VAL_SANGUE N13.2 VAL_SADTSR N11.2 VAL_TRANSP N13.2 VAL_OBSANG N11.2 VAL_PED1AC N11.2 VAL_TOT N14.2 VAL_UTI N8.2 US_TOT N10.2 DT_INTER C8.0 DT_SAIDA C8.0 DIAG_PRINC C4.0 DIAG_SECUN C4.0 COBRANCA C2.0 NATUREZA C2.0 GESTAO C1.0 MUNIC_MOV C6.0 COD_IDADE C1.0 IDADE N2.0 DIAS_PERM N5.0 MORTE N1.0 COD_ARQ C1.0 CONT N7.0 NACIONAL C2.0 NUM_PROC C4.0 CAR_INT C2.0 TOT_PT_SP N6.0 CPF_AUT C11.0 HOMONIMO C1.0 NUM_FILHOS N2.0 INSTRU C1.0 CID_NOTIF C4.0 CONTRACEP1 C2.0 CONTRACEP2 C2.0 GESTRISCO C1.0 INSC_PN N10.0 SEQ_AIH5 N3.0 GESTOR_CPF C11.0 GESTOR_DT C8.0 GESTOR_COD C2.0 CNES C7.0 COD_SEG C8.0
RDRR0501.dbc,2005-01,2013-10-31T13:08,49137,1ada53a5b961bba305f39886ba2af072780be58e1e964d0576ab7ec420935135,1138,17,UF_ZI C2.0 ANO_CMPT C4.0 MES_CMPT C2.0 ESPEC C2.0 CGC_HOSP C14.0 N_AIH C10.0 IDENT C1.0 CEP C8.0 MUNIC_RES C6.0 NASC C8.0 SEXO C1.0 UTI_MES_IN N2.0 UTI_MES_AN N2.0 UTI_MES_AL N2.0 UTI_MES_TO N2.0 MARCA_UTI C2.0 UTI_INT_IN N2.0 UTI_INT_AN N2.0 UTI_INT_AL N2.0 UTI_INT_TO N2.0 DIAR_ACOM N2.0 PROC_REA C8.0 VAL_SH N13.2 VAL_SP N13.2 VAL_SADT N13.2 VAL_RN N13.2 VAL_ACOMP N13.2 VAL_ORTP N13.2 VAL_SANGUE N13.2 VAL_SADTSR N11.2 VAL_TRANSP N13.2 VAL_OBSANG N11.2 VAL_PED1AC N11.2 VAL_TOT N14.2 VAL_UTI N8.2 US_TOT N10.2 DT_INTER C8.0 DT_SAIDA C8.0 DIAG_PRINC C4.0 DIAG_SECUN C4.0 COBRANCA C2.0 NATUREZA C2.0 GESTAO C1.0 MUNIC_MOV C6.0 COD_IDADE C1.0 IDADE N2.0 DIAS_PERM N5.0 MORTE N1.0 COD_ARQ C1.0 CONT N7.0 NACIONAL C2.0 NUM_PROC C4.0 CAR_INT C2.0 TOT_PT_SP N6.0 CPF_AUT C11.0 HOMONIMO C1.0 NUM_FILHOS N2.0 INSTRU C1.0 CID_NOTIF C4.0 CONTRACEP1 C2.0 CONTRACEP2 C2.0 GESTRISCO C1.0 INSC_PN N10.0 SEQ_AIH5 N3.0 GESTOR_CPF C11.0 GESTOR_DT C8.0 GESTOR_COD C2.0 CNES C7.0 COD_SEG C8.0
RDSP0501.dbc,2005-01,2013-10-31T13:16,9227237,ffa41d12a44d25d7f445e56938c59f6ca5a98e2be89d14a3a1f35c2f44d61c0a,193656,17,UF_ZI C2.0 ANO_CMPT C4.0 MES_CMPT C2.0 ESPEC C2.0 CGC_HOSP C14.0 N_AIH C10.0 IDENT C1.0 CEP C8.0 MUNIC_RES C6.0 NASC C8.0 SEXO C1.0 UTI_MES_IN N2.0 UTI_MES_AN N2.0 UTI_MES_AL N2.0 UTI_MES_TO N2.0 MARCA_UTI C2.0 UTI_INT_IN N2.0 UTI_INT_AN N2.0 UTI_INT_AL N2.0 UTI_INT_TO N2.0 DIAR_ACOM N2.0 PROC_REA C8.0 VAL_SH N13.2 VAL_SP N13.2 VAL_SADT N13.2 VAL_RN N13.2 VAL_ACOMP N13.2 VAL_ORTP N13.2 VAL_SANGUE N13.2 VAL_SADTSR N11.2 VAL_TRANSP N13.2 VAL_OBSANG N11.2 VAL_PED1AC N11.2 VAL_TOT N14.2 VAL_UTI N8.2 US_TOT N10.2 DT_INTER C8.0 DT_SAIDA C8.0 DIAG_PRINC C4.0 DIAG_SECUN C4.0 COBRANCA C2.0 NATUREZA C2.0 GESTAO C1.0 MUNIC_MOV C6.0 COD_IDADE C1.0 IDADE N2.0 DIAS_PERM N5.0 MORTE N1.0 COD_ARQ C1.0 CONT N7.0 NACIONAL C2.0 NUM_PROC C4.0 CAR_INT C2.0 TOT_PT_SP N6.0 CPF_AUT C11.0 HOMONIMO C1.0 NUM_FILHOS N2.0 INSTRU C1.0 CID_NOTIF C4.0 CONTRACEP1 C2.0 CONTRACEP2 C2.0 GESTRISCO C1.0 INSC_PN N10.0 SEQ_AIH5 N3.0 GESTOR_CPF C11.0 GESTOR_DT C8.0 GESTOR_COD C2.0 CNES C7.0 COD_SEG C8.0
RDRR0502.dbc,2005-02,2013-10-31T13:08,48975,2e282edffd1311a2d477a53104b7d3c7d4813f84df78b820660cb93a95dffd2b,1099,17,UF_ZI C2.0 ANO_CMPT C4.0 MES_CMPT C2.0 ESPEC C2.0 CGC_HOSP C14.0 N_AIH C10.0 IDENT C1.0 CEP C8.0 MUNIC_RES C6.0 NASC C8.0 SEXO C1.0 UTI_MES_IN N2.0 UTI_MES_AN N2.0 UTI_MES_AL N2.0 UTI_MES_TO N2.0 MARCA_UTI C2.0 UTI_INT_IN N2.0 UTI_INT_AN N2.0 UTI_INT_AL N2.0 UTI_INT_TO N2.0 DIAR_ACOM N2.0 PROC_REA C8.0 VAL_SH N13.2 VAL_SP N13.2 VAL_SADT N13.2 VAL_RN N13.2 VAL_ACOMP N13.2 VAL_ORTP N13.2 VAL_SANGUE N13.2 VAL_SADTSR N11.2 VAL_TRANSP N13.2 VAL_OBSANG N11.2 VAL_PED1AC N11.2 VAL_TOT N14.2 VAL_UTI N8.2 US_TOT N10.2 DT_INTER C8.0 DT_SAIDA C8.0 DIAG_PRINC C4.0 DIAG_SECUN C4.0 COBRANCA C2.0 NATUREZA C2.0 GESTAO C1.0 MUNIC_MOV C6.0 COD_IDADE C1.0 IDADE N2.0 DIAS_PERM N5.0 MORTE N1.0 COD_ARQ C1.0 CONT N7.0 NACIONAL C2.0 NUM_PROC C4.0 CAR_INT C2.0 TOT_PT_SP N6.0 CPF_AUT C11.0 HOMONIMO C1.0 NUM_FILHOS N2.0 INSTRU C1.0 CID_NOTIF C4.0 CONTRACEP1 C2.0 CONTRACEP2 C2.0 GESTRISCO C1.0 INSC_PN N10.0 SEQ_AIH5 N3.0 GESTOR_CPF C11.0 GESTOR_DT C8.0 GESTOR_COD C2.0 CNES C7.0 COD_SEG C8.0
RDRR0503.dbc,2005-03,2013-10-31T13:08,45750,4e32c7fba3d2e3a7cd9b71cd8267d086e921b08ff659c38ab93c6538d5cecda3,1077,17,UF_ZI C2.0 ANO_CMPT C4.0 MES_CMPT C2.0 ESPEC C2.0 CGC_HOSP C14.0 N_AIH C10.0 IDENT C1.0 CEP C8.0 MUNIC_RES C6.0 NASC C8.0 SEXO C1.0 UTI_MES_IN N2.0 UTI_MES_AN N2.0 UTI_MES_AL N2.0 UTI_MES_TO N2.0 MARCA_UTI C2.0 UTI_INT_IN N2.0 UTI_INT_AN N2.0 UTI_INT_AL N2.0 UTI_INT_TO N2.0 DIAR_ACOM N2.0 PROC_REA C8.0 VAL_SH N13.2 VAL_SP N13.2 VAL_SADT N13.2 VAL_RN N13.2 VAL_ACOMP N13.2 VAL_ORTP N13.2 VAL_SANGUE N13.2 VAL_SADTSR N11.2 VAL_TRANSP N13.2 VAL_OBSANG N11.2 VAL_PED1AC N11.2 VAL_TOT N14.2 VAL_UTI N8.2 US_TOT N10.2 DT_INTER C8.0 DT_SAIDA C8.0 DIAG_PRINC C4.0 DIAG_SECUN C4.0 COBRANCA C2.0 NATUREZA C2.0 GESTAO C1.0 MUNIC_MOV C6.0 COD_IDADE C1.0 IDADE N2.0 DIAS_PERM N5.0 MORTE N1.0 COD_ARQ C1.0 CONT N7.0 NACIONAL C2.0 NUM_PROC C4.0 CAR_INT C2.0 TOT_PT_SP N6.0 CPF_AUT C11.0 HOMONIMO C1.0 NUM_FILHOS N2.0 INSTRU C1.0 CID_NOTIF C4.0 CONTRACEP1 C2.0 CONTRACEP2 C2.0 GESTRISCO C1.0 INSC_PN N10.0 SEQ_AIH5 N3.0 GESTOR_CPF C11.0 GESTOR_DT C8.0 GESTOR_COD C2.0 CNES C7.0 COD_SEG C8.0
RDRR0504.dbc,2005-04,2013-10-31T13:08,48269,cef6692a79666a33bd5436f723eb5bceee17830830ab5c2b12f774ea08f14167,1092,17,UF_ZI C2.0 ANO_CMPT C4.0 MES_CMPT C2.0 ESPEC C2.0 CGC_HOSP C14.0 N_AIH C10.0 IDENT C1.0 CEP C8.0 MUNIC_RES C6.0 NASC C8.0 SEXO C1.0 UTI_MES_IN N2.0 UTI_MES_AN N2.0 UTI_MES_AL N2.0 UTI_MES_TO N2.0 MARCA_UTI C2.0 UTI_INT_IN N2.0 UTI_INT_AN N2.0 UTI_INT_AL N2.0 UTI_INT_TO N2.0 DIAR_ACOM N2.0 PROC_REA C8.0 VAL_SH N13.2 VAL_SP N13.2 VAL_SADT N13.2 VAL_RN N13.2 VAL_ACOMP N13.2 VAL_ORTP N13.2 VAL_SANGUE N13.2 VAL_SADTSR N11.2 VAL_TRANSP N13.2 VAL_OBSANG N11.2 VAL_PED1AC N11.2 VAL_TOT N14.2 VAL_UTI N8.2 US_TOT N10.2 DT_INTER C8.0 DT_SAIDA C8.0 DIAG_PRINC C4.0 DIAG_SECUN C4.0 COBRANCA C2.0 NATUREZA C2.0 GESTAO C1.0 MUNIC_MOV C6.0 COD_IDADE C1.0 IDADE N2.0 DIAS_PERM N5.0 MORTE N1.0 COD_ARQ C1.0 CONT N7.0 NACIONAL C2.0 NUM_PROC C4.0 CAR_INT C2.0 TOT_PT_SP N6.0 CPF_AUT C11.0 HOMONIMO C1.0 NUM_FILHOS N2.0 INSTRU C1.0 CID_NOTIF C4.0 CONTRACEP1 C2.0 CONTRACEP2 C2.0 GESTRISCO C1.0 INSC_PN N10.0 SEQ_AIH5 N3.0 GESTOR_CPF C11.0 GESTOR_DT C8.0 GESTOR_COD C2.0 CNES C7.0 COD_SEG C8.0
RDRR0505.dbc,2005-05,2013-10-31T13:08,61771,28987241d0d71fcf865be2c4e5e68dbbf20ab798407f80e5d8759c040049b319,1485,17,UF_ZI C2.0 ANO_CMPT C4.0 MES_CMPT C2.0 ESPEC C2.0 CGC_HOSP C14.0 N_AIH C10.0 IDENT C1.0 CEP C8.0 MUNIC_RES C6.0 NASC C8.0 SEXO C1.0 UTI_MES_IN N2.0 UTI_MES_AN N2.0 UTI_MES_AL N2.0 UTI_MES_TO N2.0 MARCA_UTI C2.0 UTI_INT_IN N2.0 UTI_INT_AN N2.0 UTI_INT_AL N2.0 UTI_INT_TO N2.0 DIAR_ACOM N2.0 PROC_REA C8.0 VAL_SH N13.2 VAL_SP N13.2 VAL_SADT N13.2 VAL_RN N13.2 VAL_ACOMP N13.2 VAL_ORTP N13.2 VAL_SANGUE N13.2 VAL_SADTSR N11.2 VAL_TRANSP N13.2 VAL_OBSANG N11.2 VAL_PED1AC N11.2 VAL_TOT N14.2 VAL_UTI N8.2 US_TOT N10.2 DT_INTER C8.0 DT_SAIDA C8.0 DIAG_PRINC C4.0 DIAG_SECUN C4.0 COBRANCA C2.0 NATUREZA C2.0 GESTAO C1.0 MUNIC_MOV C6.0 COD_IDADE C1.0 IDADE N2.0 DIAS_PERM N5.0 MORTE N1.0 COD_ARQ C1.0 CONT N7.0 NACIONAL C2.0 NUM_PROC C4.0 CAR_INT C2.0 TOT_PT_SP N6.0 CPF_AUT C11.0 HOMONIMO C1.0 NUM_FILHOS N2.0 INSTRU C1.0 CID_NOTIF C4.0 CONTRACEP1 C2.0 CONTRACEP2 C2.0 GESTRISCO C1.0 INSC_PN N10.0 SEQ_AIH5 N3.0 GESTOR_CPF C11.0 GESTOR_DT C8.0 GESTOR_COD C2.0 CNES C7.0 COD_SEG C8.0
RDRR0506.dbc,2005-06,2013-10-31T13:08,59122,47b937962eb37ef4020b7e684a31f165d05b37f900560806b65cc36017633a66,1367,17,UF_ZI C2.0 ANO_CMPT C4.0 MES_CMPT C2.0 ESPEC C2.0 CGC_HOSP C14.0 N_AIH C10.0 IDENT C1.0 CEP C8.0 MUNIC_RES C6.0 NASC C8.0 SEXO C1.0 UTI_MES_IN N2.0 UTI_MES_AN N2.0 UTI_MES_AL N2.0 UTI_MES_TO N2.0 MARCA_UTI C2.0 UTI_INT_IN N2.0 UTI_INT_AN N2.0 UTI_INT_AL N2.0 UTI_INT_TO N2.0 DIAR_ACOM N2.0 PROC_REA C8.0 VAL_SH N13.2 VAL_SP N13.2 VAL_SADT N13.2 VAL_RN N13.2 VAL_ACOMP N13.2 VAL_ORTP N13.2 VAL_SANGUE N13.2 VAL_SADTSR N11.2 VAL_TRANSP N13.2 VAL_OBSANG N11.2 VAL_PED1AC N11.2 VAL_TOT N14.2 VAL_UTI N8.2 US_TOT N10.2 DT_INTER C8.0 DT_SAIDA C8.0 DIAG_PRINC C4.0 DIAG_SECUN C4.0 COBRANCA C2.0 NATUREZA C2.0 GESTAO C1.0 MUNIC_MOV C6.0 COD_IDADE C1.0 IDADE N2.0 DIAS_PERM N5.0 MORTE N1.0 COD_ARQ C1.0 CONT N7.0 NACIONAL C2.0 NUM_PROC C4.0 CAR_INT C2.0 TOT_PT_SP N6.0 CPF_AUT C11.0 HOMONIMO C1.0 NUM_FILHOS N2.0 INSTRU C1.0 CID_NOTIF C4.0 CONTRACEP1 C2.0 CONTRACEP2 C2.0 GESTRISCO C1.0 INSC_PN N10.0 SEQ_AIH5 N3.0 GESTOR_CPF C11.0 GESTOR_DT C8.0 GESTOR_COD C2.0 CNES C7.0 COD_SEG C8.0
RDRR0507.dbc,2005-07,2013-10-31T13:08,50310,5d330d4e491b089b1cf0f482e986047d5b018c5b66dc0c5a9f47a7d69075ccbc,1265,17,UF_ZI C2.0 ANO_CMPT C4.0 MES_CMPT C2.0 ESPEC C2.0 CGC_HOSP C14.0 N_AIH C10.0 IDENT C1.0 CEP C8.0 MUNIC_RES C6.0 NASC C8.0 SEXO C1.0 UTI_MES_IN N2.0 UTI_MES_AN N2.0 UTI_MES_AL N2.0 UTI_MES_TO N2.0 MARCA_UTI C2.0 UTI_INT_IN N2.0 UTI_INT_AN N2.0 UTI_INT_AL N2.0 UTI_INT_TO N2.0 DIAR_ACOM N2.0 PROC_REA C8.0 VAL_SH N13.2 VAL_SP N13.2 VAL_SADT N13.2 VAL_RN N13.2 VAL_ACOMP N13.2 VAL_ORTP N13.2 VAL_SANGUE N13.2 VAL_SADTSR N11.2 VAL_TRANSP N13.2 VAL_OBSANG N11.2 VAL_PED1AC N11.2 VAL_TOT N14.2 VAL_UTI N8.2 US_TOT N10.2 DT_INTER C8.0 DT_SAIDA C8.0 DIAG_PRINC C4.0 DIAG_SECUN C4.0 COBRANCA C2.0 NATUREZA C2.0 GESTAO C1.0 MUNIC_MOV C6.0 COD_IDADE C1.0 IDADE N2.0 DIAS_PERM N5.0 MORTE N1.0 COD_ARQ C1.0 CONT N7.0 NACIONAL C2.0 NUM_PROC C4.0 CAR_INT C2.0 TOT_PT_SP N6.0 CPF_AUT C11.0 HOMONIMO C1.0 NUM_FILHOS N2.0 INSTRU C1.0 CID_NOTIF C4.0 CONTRACEP1 C2.0 CONTRACEP2 C2.0 GESTRISCO C1.0 INSC_PN N10.0 SEQ_AIH5 N3.0 GESTOR_CPF C11.0 GESTOR_DT C8.0 GESTOR_COD C2.0 CNES C7.0 COD_SEG C8.0
RDRR0508.dbc,2005-08,2013-10-31T13:08,79292,11ba385153f0a95f8ed02751c69a4ec71f1ed33e8749137a33a7d0023fd93f20,1958,17,UF_ZI C2.0 ANO_CMPT C4.0 MES_CMPT C2.0 ESPEC C2.0 CGC_HOSP C14.0 N_AIH C10.0 IDENT C1.0 CEP C8.0 MUNIC_RES C6.0 NASC C8.0 SEXO C1.0 UTI_MES_IN N2.0 UTI_MES_AN N2.0 UTI_MES_AL N2.0 UTI_MES_TO N2.0 MARCA_UTI C2.0 UTI_INT_IN N2.0 UTI_INT_AN N2.0 UTI_INT_AL N2.0 UTI_INT_TO N2.0 DIAR_ACOM N2.0 PROC_REA C8.0 VAL_SH N13.2 VAL_SP N13.2 VAL_SADT N13.2 VAL_RN N13.2 VAL_ACOMP N13.2 VAL_ORTP N13.2 VAL_SANGUE N13.2 VAL_SADTSR N11.2 VAL_TRANSP N13.2 VAL_OBSANG N11.2 VAL_PED1AC N11.2 VAL_TOT N14.2 VAL_UTI N8.2 US_TOT N10.2 DT_INTER C8.0 DT_SAIDA C8.0 DIAG_PRINC C4.0 DIAG_SECUN C4.0 COBRANCA C2.0 NATUREZA C2.0 GESTAO C1.0 MUNIC_MOV C6.0 COD_IDADE C1.0 IDADE N2.0 DIAS_PERM N5.0 MORTE N1.0 COD_ARQ C1.0 CONT N7.0 NACIONAL C2.0 NUM_PROC C4.0 CAR_INT C2.0 TOT_PT_SP N6.0 CPF_AUT C11.0 HOMONIMO C1.0 NUM_FILHOS N2.0 INSTRU C1.0 CID_NOTIF C4.0 CONTRACEP1 C2.0 CONTRACEP2 C2.0 GESTRISCO C1.0 INSC_PN N10.0 SEQ_AIH5 N3.0 GESTOR_CPF C11.0 GESTOR_DT C8.0 GESTOR_COD C2.0 CNES C7.0 COD_SEG C8.0
RDRR0509.dbc,2005-09,2013-10-31T13:08,72366,ef293e5cb2e917db1bb0ba11ae6dfcba546570ac111a74cb0810725b74a73212,1749,17,UF_ZI C2.0 ANO_CMPT C4.0 MES_CMPT C2.0 ESPEC C2.0 CGC_HOSP C14.0 N_AIH C10.0 IDENT C1.0 CEP C8.0 MUNIC_RES C6.0 NASC C8.0 SEXO C1.0 UTI_MES_IN N2.0 UTI_MES_AN N2.0 UTI_MES_AL N2.0 UTI_MES_TO N2.0 MARCA_UTI C2.0 UTI_INT_IN N2.0 UTI_INT_AN N2.0 UTI_INT_AL N2.0 UTI_INT_TO N2.0 DIAR_ACOM N2.0 PROC_REA C8.0 VAL_SH N13.2 VAL_SP N13.2 VAL_SADT N13.2 VAL_RN N13.2 VAL_ACOMP N13.2 VAL_ORTP N13.2 VAL_SANGUE N13.2 VAL_SADTSR N11.2 VAL_TRANSP N13.2 VAL_OBSANG N11.2 VAL_PED1AC N11.2 VAL_TOT N14.2 VAL_UTI N8.2 US_TOT N10.2 DT_INTER C8.0 DT_SAIDA C8.0 DIAG_PRINC C4.0 DIAG_SECUN C4.0 COBRANCA C2.0 NATUREZA C2.0 GESTAO C1.0 MUNIC_MOV C6.0 COD_IDADE C1.0 IDADE N2.0 DIAS_PERM N5.0 MORTE N1.0 COD_ARQ C1.0 CONT N7.0 NACIONAL C2.0 NUM_PROC C4.0 CAR_INT C2.0 TOT_PT_SP N6.0 CPF_AUT C11.0 HOMONIMO C1.0 NUM_FILHOS N2.0 INSTRU C1.0 CID_NOTIF C4.0 CONTRACEP1 C2.0 CONTRACEP2 C2.0 GESTRISCO C1.0 INSC_PN N10.0 SEQ_AIH5 N3.0 GESTOR_CPF C11.0 GESTOR_DT C8.0 GESTOR_COD C2.0 CNES C7.0 COD_SEG C8.0
RDRR0510.dbc,2005-10,2013-10-31T13:08,76145,859ef6403ae303e4a4bfac9f702a7fe5cba55c214259d9feda82c1875609059f,1966,17,UF_ZI C2.0 ANO_CMPT C4.0 MES_CMPT C2.0 ESPEC C2.0 CGC_HOSP C14.0 N_AIH C10.0 IDENT C1.0 CEP C8.0 MUNIC_RES C6.0 NASC C8.0 SEXO C1.0 UTI_MES_IN N2.0 UTI_MES_AN N2.0 UTI_MES_AL N2.0 UTI_MES_TO N2.0 MARCA_UTI C2.0 UTI_INT_IN N2.0 UTI_INT_AN N2.0 UTI_INT_AL N2.0 UTI_INT_TO N2.0 DIAR_ACOM N2.0 PROC_REA C8.0 VAL_SH N13.2 VAL_SP N13.2 VAL_SADT N13.2 VAL_RN N13.2 VAL_ACOMP N13.2 VAL_ORTP N13.2 VAL_SANGUE N13.2 VAL_SADTSR N11.2 VAL_TRANSP N13.2 VAL_OBSANG N11.2 VAL_PED1AC N11.2 VAL_TOT N14.2 VAL_UTI N8.2 US_TOT N10.2 DT_INTER C8.0 DT_SAIDA C8.0 DIAG_PRINC C4.0 DIAG_SECUN C4.0 COBRANCA C2.0 NATUREZA C2.0 GESTAO C1.0 MUNIC_MOV C6.0 COD_IDADE C1.0 IDADE N2.0 DIAS_PERM N5.0 MORTE N1.0 COD_ARQ C1.0 CONT N7.0 NACIONAL C2.0 NUM_PROC C4.0 CAR_INT C2.0 TOT_PT_SP N6.0 CPF_AUT C11.0 HOMONIMO C1.0 NUM_FILHOS N2.0 INSTRU C1.0 CID_NOTIF C4.0 CONTRACEP1 C2.0 CONTRACEP2 C2.0 GESTRISCO C1.0 INSC_PN N10.0 SEQ_AIH5 N3.0 GESTOR_CPF C11.0 GESTOR_DT C8.0 GESTOR_COD C2.0 CNES C7.0 COD_SEG C8.0
RDRR0511.dbc,2005-11,2013-10-31T13:08,66709,ceb345c0d566cf844a32e24e59c645205427e5e2416972c81ae57552944f12f3,1464,17,UF_ZI C2.0 ANO_CMPT C4.0 MES_CMPT C2.0 ESPEC C2.0 CGC_HOSP C14.0 N_AIH C10.0 IDENT C1.0 CEP C8.0 MUNIC_RES C6.0 NASC C8.0 SEXO C1.0 UTI_MES_IN N2.0 UTI_MES_AN N2.0 UTI_MES_AL N2.0 UTI_MES_TO N2.0 MARCA_UTI C2.0 UTI_INT_IN N2.0 UTI_INT_AN N2.0 UTI_INT_AL N2.0 UTI_INT_TO N2.0 DIAR_ACOM N2.0 PROC_REA C8.0 VAL_SH N13.2 VAL_SP N13.2 VAL_SADT N13.2 VAL_RN N13.2 VAL_ACOMP N13.2 VAL_ORTP N13.2 VAL_SANGUE N13.2 VAL_SADTSR N11.2 VAL_TRANSP N13.2 VAL_OBSANG N11.2 VAL_PED1AC N11.2 VAL_TOT N14.2 VAL_UTI N8.2 US_TOT N10.2 DT_INTER C8.0 DT_SAIDA C8.0 DIAG_PRINC C4.0 DIAG_SECUN C4.0 COBRANCA C2.0 NATUREZA C2.0 GESTAO C1.0 MUNIC_MOV C6.0 COD_IDADE C1.0 IDADE N2.0 DIAS_PERM N5.0 MORTE N1.0 COD_ARQ C1.0 CONT N7.0 NACIONAL C2.0 NUM_PROC C4.0 CAR_INT C2.0 TOT_PT_SP N6.0 CPF_AUT C11.0 HOMONIMO C1.0 NUM_FILHOS N2.0 INSTRU C1.0 CID_NOTIF C4.0 CONTRACEP1 C2.0 CONTRACEP2 C2.0 GESTRISCO C1.0 INSC_PN N10.0 SEQ_AIH5 N3.0 GESTOR_CPF C11.0 GESTOR_DT C8.0 GESTOR_COD C2.0 CNES C7.0 COD_SEG C8.0
RDMG0512.dbc,2005-12,2013-10-31T12:49,4932621,ba64f132dba30770762093ce695b92a46bcac1c53d2fc27e9ca9b4237d6f0d1f,98853,17,UF_ZI C2.0 ANO_CMPT C4.0 MES_CMPT C2.0 ESPEC C2.0 CGC_HOSP C14.0 N_AIH C10.0 IDENT C1.0 CEP C8.0 MUNIC_RES C6.0 NASC C8.0 SEXO C1.0 UTI_MES_IN N2.0 UTI_MES_AN N2.0 UTI_MES_AL N2.0 UTI_MES_TO N2.0 MARCA_UTI C2.0 UTI_INT_IN N2.0 UTI_INT_AN N2.0 UTI_INT_AL N2.0 UTI_INT_TO N2.0 DIAR_ACOM N2.0 PROC_REA C8.0 VAL_SH N13.2 VAL_SP N13.2 VAL_SADT N13.2 VAL_RN N13.2 VAL_ACOMP N13.2 VAL_ORTP N13.2 VAL_SANGUE N13.2 VAL_SADTSR N11.2 VAL_TRANSP N13.2 VAL_OBSANG N11.2 VAL_PED1AC N11.2 VAL_TOT N14.2 VAL_UTI N8.2 US_TOT N10.2 DT_INTER C8.0 DT_SAIDA C8.0 DIAG_PRINC C4.0 DIAG_SECUN C4.0 COBRANCA C2.0 NATUREZA C2.0 GESTAO C1.0 MUNIC_MOV C6.0 COD_IDADE C1.0 IDADE N2.0 DIAS_PERM N5.0 MORTE N1.0 COD_ARQ C1.0 CONT N7.0 NACIONAL C2.0 NUM_PROC C4.0 CAR_INT C2.0 TOT_PT_SP N6.0 CPF_AUT C11.0 HOMONIMO C1.0 NUM_FILHOS N2.0 INSTRU C1.0 CID_NOTIF C4.0 CONTRACEP1 C2.0 CONTRACEP2 C2.0 GESTRISCO C1.0 INSC_PN N10.0 SEQ_AIH5 N3.0 GESTOR_CPF C11.0 GESTOR_DT C8.0 GESTOR_COD C2.0 CNES C7.0 COD_SEG C8.0
RDRR0512.dbc,2005-12,2013-10-31T13:08,66610,222009f2c104223c86d80f06d0c1bd289451f308d9ac01c7f03467240aeff953,1542,17,UF_ZI C2.0 ANO_CMPT C4.0 MES_CMPT C2.0 ESPEC C2.0 CGC_HOSP C14.0 N_AIH C10.0 IDENT C1.0 CEP C8.0 MUNIC_RES C6.0 NASC C8.0 SEXO C1.0 UTI_MES_IN N2.0 UTI_MES_AN N2.0 UTI_MES_AL N2.0 UTI_MES_TO N2.0 MARCA_UTI C2.0 UTI_INT_IN N2.0 UTI_INT_AN N2.0 UTI_INT_AL N2.0 UTI_INT_TO N2.0 DIAR_ACOM N2.0 PROC_REA C8.0 VAL_SH N13.2 VAL_SP N13.2 VAL_SADT N13.2 VAL_RN N13.2 VAL_ACOMP N13.2 VAL_ORTP N13.2 VAL_SANGUE N13.2 VAL_SADTSR N11.2 VAL_TRANSP N13.2 VAL_OBSANG N11.2 VAL_PED1AC N11.2 VAL_TOT N14.2 VAL_UTI N8.2 US_TOT N10.2 DT_INTER C8.0 DT_SAIDA C8.0 DIAG_PRINC C4.0 DIAG_SECUN C4.0 COBRANCA C2.0 NATUREZA C2.0 GESTAO C1.0 MUNIC_MOV C6.0 COD_IDADE C1.0 IDADE N2.0 DIAS_PERM N5.0 MORTE N1.0 COD_ARQ C1.0 CONT N7.0 NACIONAL C2.0 NUM_PROC C4.0 CAR_INT C2.0 TOT_PT_SP N6.0 CPF_AUT C11.0 HOMONIMO C1.0 NUM_FILHOS N2.0 INSTRU C1.0 CID_NOTIF C4.0 CONTRACEP1 C2.0 CONTRACEP2 C2.0 GESTRISCO C1.0 INSC_PN N10.0 SEQ_AIH5 N3.0 GESTOR_CPF C11.0 GESTOR_DT C8.0 GESTOR_COD C2.0 CNES C7.0 COD_SEG C8.0
RDSP0512.dbc,2005-12,2013-10-31T13:16,9992444,9c37259424558d3e96641be3bf3ff42fe97c68080637332861123562622da173,207370,17,UF_ZI C2.0 ANO_CMPT C4.0 MES_CMPT C2.0 ESPEC C2.0 CGC_HOSP C14.0 N_AIH C10.0 IDENT C1.0 CEP C8.0 MUNIC_RES C6.0 NASC C8.0 SEXO C1.0 UTI_MES_IN N2.0 UTI_MES_AN N2.0 UTI_MES_AL N2.0 UTI_MES_TO N2.0 MARCA_UTI C2.0 UTI_INT_IN N2.0 UTI_INT_AN N2.0 UTI_INT_AL N2.0 UTI_INT_TO N2.0 DIAR_ACOM N2.0 PROC_REA C8.0 VAL_SH N13.2 VAL_SP N13.2 VAL_SADT N13.2 VAL_RN N13.2 VAL_ACOMP N13.2 VAL_ORTP N13.2 VAL_SANGUE N13.2 VAL_SADTSR N11.2 VAL_TRANSP N13.2 VAL_OBSANG N11.2 VAL_PED1AC N11.2 VAL_TOT N14.2 VAL_UTI N8.2 US_TOT N10.2 DT_INTER C8.0 DT_SAIDA C8.0 DIAG_PRINC C4.0 DIAG_SECUN C4.0 COBRANCA C2.0 NATUREZA C2.0 GESTAO C1.0 MUNIC_MOV C6.0 COD_IDADE C1.0 IDADE N2.0 DIAS_PERM N5.0 MORTE N1.0 COD_ARQ C1.0 CONT N7.0 NACIONAL C2.0 NUM_PROC C4.0 CAR_INT C2.0 TOT_PT_SP N6.0 CPF_AUT C11.0 HOMONIMO C1.0 NUM_FILHOS N2.0 INSTRU C1.0 CID_NOTIF C4.0 CONTRACEP1 C2.0 CONTRACEP2 C2.0 GESTRISCO C1.0 INSC_PN N10.0 SEQ_AIH5 N3.0 GESTOR_CPF C11.0 GESTOR_DT C8.0 GESTOR_COD C2.0 CNES C7.0 COD_SEG C8.0
RDMG0601.dbc,2006-01,2013-10-31T12:49,4738307,be0c8af653362a32e04e603ccad791f14a74eab29add8b26c48dd076a8aadbd6,96233,18,UF_ZI C2.0 ANO_CMPT C4.0 MES_CMPT C2.0 ESPEC C2.0 CGC_HOSP C14.0 N_AIH C13.0 IDENT C1.0 CEP C8.0 MUNIC_RES C6.0 NASC C8.0 SEXO C1.0 UTI_MES_IN N2.0 UTI_MES_AN N2.0 UTI_MES_AL N2.0 UTI_MES_TO N2.0 MARCA_UTI C2.0 UTI_INT_IN N2.0 UTI_INT_AN N2.0 UTI_INT_AL N2.0 UTI_INT_TO N2.0 DIAR_ACOM N2.0 PROC_REA C8.0 VAL_SH N13.2 VAL_SP N13.2 VAL_SADT N13.2 VAL_RN N13.2 VAL_ACOMP N13.2 VAL_ORTP N13.2 VAL_SANGUE N13.2 VAL_SADTSR N11.2 VAL_TRANSP N13.2 VAL_OBSANG N11.2 VAL_PED1AC N11.2 VAL_TOT N14.2 VAL_UTI N8.2 US_TOT N10.2 DT_INTER C8.0 DT_SAIDA C8.0 DIAG_PRINC C4.0 DIAG_SECUN C4.0 COBRANCA C2.0 NATUREZA C2.0 GESTAO C1.0 IND_VDRL C1.0 MUNIC_MOV C6.0 COD_IDADE C1.0 IDADE N2.0 DIAS_PERM N5.0 MORTE N1.0 COD_ARQ C1.0 CONT N7.0 NACIONAL C2.0 NUM_PROC C4.0 CAR_INT C2.0 TOT_PT_SP N6.0 CPF_AUT C11.0 HOMONIMO C1.0 NUM_FILHOS N2.0 INSTRU C1.0 CID_NOTIF C4.0 CONTRACEP1 C2.0 CONTRACEP2 C2.0 GESTRISCO C1.0 INSC_PN N10.0 SEQ_AIH5 N3.0 GESTOR_CPF C11.0 GESTOR_DT C8.0 GESTOR_COD C2.0 CNES C7.0 COD_SEG C8.0
RDRR0601.dbc,2006-01,2013-10-31T13:08,58284,8a2d386ef611bec916021a6702e8d64b7892197562915081cb4ab55fab39d9ae,1402,18,UF_ZI C2.0 ANO_CMPT C4.0 MES_CMPT C2.0 ESPEC C2.0 CGC_HOSP C14.0 N_AIH C13.0 IDENT C1.0 CEP C8.0 MUNIC_RES C6.0 NASC C8.0 SEXO C1.0 UTI_MES_IN N2.0 UTI_MES_AN N2.0 UTI_MES_AL N2.0 UTI_MES_TO N2.0 MARCA_UTI C2.0 UTI_INT_IN N2.0 UTI_INT_AN N2.0 UTI_INT_AL N2.0 UTI_INT_TO N2.0 DIAR_ACOM N2.0 PROC_REA C8.0 VAL_SH N13.2 VAL_SP N13.2 VAL_SADT N13.2 VAL_RN N13.2 VAL_ACOMP N13.2 VAL_ORTP N13.2 VAL_SANGUE N13.2 VAL_SADTSR N11.2 VAL_TRANSP N13.2 VAL_OBSANG N11.2 VAL_PED1AC N11.2 VAL_TOT N14.2 VAL_UTI N8.2 US_TOT N10.2 DT_INTER C8.0 DT_SAIDA C8.0 DIAG_PRINC C4.0 DIAG_SECUN C4.0 COBRANCA C2.0 NATUREZA C2.0 GESTAO C1.0 IND_VDRL C1.0 MUNIC_MOV C6.0 COD_IDADE C1.0 IDADE N2.0 DIAS_PERM N5.0 MORTE N1.0 COD_ARQ C1.0 CONT N7.0 NACIONAL C2.0 NUM_PROC C4.0 CAR_INT C2.0 TOT_PT_SP N6.0 CPF_AUT C11.0 HOMONIMO C1.0 NUM_FILHOS N2.0 INSTRU C1.0 CID_NOTIF C4.0 CONTRACEP1 C2.0 CONTRACEP2 C2.0 GESTRISCO C1.0 INSC_PN N10.0 SEQ_AIH5 N3.0 GESTOR_CPF C11.0 GESTOR_DT C8.0 GESTOR_COD C2.0 CNES C7.0 COD_SEG C8.0
RDSP0601.dbc,2006-01,2013-10-31T13:16,8899567,9c3195a0d2b347185d9119cc22b0b7c55c77a6473f5949cf5e03f170c3588652,186625,18,UF_ZI C2.0 ANO_CMPT C4.0 MES_CMPT C2.0 ESPEC C2.0 CGC_HOSP C14.0 N_AIH C13.0 IDENT C1.0 CEP C8.0 MUNIC_RES C6.0 NASC C8.0 SEXO C1.0 UTI_MES_IN N2.0 UTI_MES_AN N2.0 UTI_MES_AL N2.0 UTI_MES_TO N2.0 MARCA_UTI C2.0 UTI_INT_IN N2.0 UTI_INT_AN N2.0 UTI_INT_AL N2.0 UTI_INT_TO N2.0 DIAR_ACOM N2.0 PROC_REA C8.0 VAL_SH N13.2 VAL_SP N13.2 VAL_SADT N13.2 VAL_RN N13.2 VAL_ACOMP N13.2 VAL_ORTP N13.2 VAL_SANGUE N13.2 VAL_SADTSR N11.2 VAL_TRANSP N13.2 VAL_OBSANG N11.2 VAL_PED1AC N11.2 VAL_TOT N14.2 VAL_UTI N8.2 US_TOT N10.2 DT_INTER C8.0 DT_SAIDA C8.0 DIAG_PRINC C4.0 DIAG_SECUN C4.0 COBRANCA C2.0 NATUREZA C2.0 GESTAO C1.0 IND_VDRL C1.0 MUNIC_MOV C6.0 COD_IDADE C1.0 IDADE N2.0 DIAS_PERM N5.0 MORTE N1.0 COD_ARQ C1.0 CONT N7.0 NACIONAL C2.0 NUM_PROC C4.0 CAR_INT C2.0 TOT_PT_SP N6.0 CPF_AUT C11.0 HOMONIMO C1.0 NUM_FILHOS N2.0 INSTRU C1.0 CID_NOTIF C4.0 CONTRACEP1 C2.0 CONTRACEP2 C2.0 GESTRISCO C1.0 INSC_PN N10.0 SEQ_AIH5 N3.0 GESTOR_CPF C11.0 GESTOR_DT C8.0 GESTOR_COD C2.0 CNES C7.0 COD_SEG C8.0
RDRR0602.dbc,2006-02,2013-10-31T13:08,68848,58f6f1867b18b0425fe3f6871f82df9d4abc20108ca5ef30c32f4ea8345931e2,1604,18,UF_ZI C2.0 ANO_CMPT C4.0 MES_CMPT C2.0 ESPEC C2.0 CGC_HOSP C14.0 N_AIH C13.0 IDENT C1.0 CEP C8.0 MUNIC_RES C6.0 NASC C8.0 SEXO C1.0 UTI_MES_IN N2.0 UTI_MES_AN N2.0 UTI_MES_AL N2.0 UTI_MES_TO N2.0 MARCA_UTI C2.0 UTI_INT_IN N2.0 UTI_INT_AN N2.0 UTI_INT_AL N2.0 UTI_INT_TO N2.0 DIAR_ACOM N2.0 PROC_REA C8.0 VAL_SH N13.2 VAL_SP N13.2 VAL_SADT N13.2 VAL_RN N13.2 VAL_ACOMP N13.2 VAL_ORTP N13.2 VAL_SANGUE N13.2 VAL_SADTSR N11.2 VAL_TRANSP N13.2 VAL_OBSANG N11.2 VAL_PED1AC N11.2 VAL_TOT N14.2 VAL_UTI N8.2 US_TOT N10.2 DT_INTER C8.0 DT_SAIDA C8.0 DIAG_PRINC C4.0 DIAG_SECUN C4.0 COBRANCA C2.0 NATUREZA C2.0 GESTAO C1.0 IND_VDRL C1.0 MUNIC_MOV C6.0 COD_IDADE C1.0 IDADE N2.0 DIAS_PERM N5.0 MORTE N1.0 COD_ARQ C1.0 CONT N7.0 NACIONAL C2.0 NUM_PROC C4.0 CAR_INT C2.0 TOT_PT_SP N6.0 CPF_AUT C11.0 HOMONIMO C1.0 NUM_FILHOS N2.0 INSTRU C1.0 CID_NOTIF C4.0 CONTRACEP1 C2.0 CONTRACEP2 C2.0 GESTRISCO C1.0 INSC_PN N10.0 SEQ_AIH5 N3.0 GESTOR_CPF C11.0 GESTOR_DT C8.0 GESTOR_COD C2.0 CNES C7.0 COD_SEG C8.0
RDMG0603.dbc,2006-03,2013-10-31T12:49,5008703,40c7e75095950e36d87f657a2acea0663eaaff1de9603201264220a4d062b733,100423,18,UF_ZI C2.0 ANO_CMPT C4.0 MES_CMPT C2.0 ESPEC C2.0 CGC_HOSP C14.0 N_AIH C13.0 IDENT C1.0 CEP C8.0 MUNIC_RES C6.0 NASC C8.0 SEXO C1.0 UTI_MES_IN N2.0 UTI_MES_AN N2.0 UTI_MES_AL N2.0 UTI_MES_TO N2.0 MARCA_UTI C2.0 UTI_INT_IN N2.0 UTI_INT_AN N2.0 UTI_INT_AL N2.0 UTI_INT_TO N2.0 DIAR_ACOM N2.0 PROC_REA C8.0 VAL_SH N13.2 VAL_SP N13.2 VAL_SADT N13.2 VAL_RN N13.2 VAL_ACOMP N13.2 VAL_ORTP N13.2 VAL_SANGUE N13.2 VAL_SADTSR N11.2 VAL_TRANSP N13.2 VAL_OBSANG N11.2 VAL_PED1AC N11.2 VAL_TOT N14.2 VAL_UTI N8.2 US_TOT N10.2 DT_INTER C8.0 DT_SAIDA C8.0 DIAG_PRINC C4.0 DIAG_SECUN C4.0 COBRANCA C2.0 NATUREZA C2.0 GESTAO C1.0 IND_VDRL C1.0 MUNIC_MOV C6.0 COD_IDADE C1.0 IDADE N2.0 DIAS_PERM N5.0 MORTE N1.0 COD_ARQ C1.0 CONT N7.0 NACIONAL C2.0 NUM_PROC C4.0 CAR_INT C2.0 TOT_PT_SP N6.0 CPF_AUT C11.0 HOMONIMO C1.0 NUM_FILHOS N2.0 INSTRU C1.0 CID_NOTIF C4.0 CONTRACEP1 C2.0 CONTRACEP2 C2.0 GESTRISCO C1.0 INSC_PN N10.0 SEQ_AIH5 N3.0 GESTOR_CPF C11.0 GESTOR_DT C8.0 GESTOR_COD C2.0 CNES C7.0 COD_SEG C8.0
RDRR0603.dbc,2006-03,2013-10-31T13:08,67483,38fd6fc225ce4322e7af7c4721d3ae4f25638eb69a3a9340732e063a5825e15e,1558,18,UF_ZI C2.0 ANO_CMPT C4.0 MES_CMPT C2.0 ESPEC C2.0 CGC_HOSP C14.0 N_AIH C13.0 IDENT C1.0 CEP C8.0 MUNIC_RES C6.0 NASC C8.0 SEXO C1.0 UTI_MES_IN N2.0 UTI_MES_AN N2.0 UTI_MES_AL N2.0 UTI_MES_TO N2.0 MARCA_UTI C2.0 UTI_INT_IN N2.0 UTI_INT_AN N2.0 UTI_INT_AL N2.0 UTI_INT_TO N2.0 DIAR_ACOM N2.0 PROC_REA C8.0 VAL_SH N13.2 VAL_SP N13.2 VAL_SADT N13.2 VAL_RN N13.2 VAL_ACOMP N13.2 VAL_ORTP N13.2 VAL_SANGUE N13.2 VAL_SADTSR N11.2 VAL_TRANSP N13.2 VAL_OBSANG N11.2 VAL_PED1AC N11.2 VAL_TOT N14.2 VAL_UTI N8.2 US_TOT N10.2 DT_INTER C8.0 DT_SAIDA C8.0 DIAG_PRINC C4.0 DIAG_SECUN C4.0 COBRANCA C2.0 NATUREZA C2.0 GESTAO C1.0 IND_VDRL C1.0 MUNIC_MOV C6.0 COD_IDADE C1.0 IDADE N2.0 DIAS_PERM N5.0 MORTE N1.0 COD_ARQ C1.0 CONT N7.0 NACIONAL C2.0 NUM_PROC C4.0 CAR_INT C2.0 TOT_PT_SP N6.0 CPF_AUT C11.0 HOMONIMO C1.0 NUM_FILHOS N2.0 INSTRU C1.0 CID_NOTIF C4.0 CONTRACEP1 C2.0 CONTRACEP2 C2.0 GESTRISCO C1.0 INSC_PN N10.0 SEQ_AIH5 N3.0 GESTOR_CPF C11.0 GESTOR_DT C8.0 GESTOR_COD C2.0 CNES C7.0 COD_SEG C8.0
RDSP0603.dbc,2006-03,2013-10-31T13:16,9739256,6576058fb76157f5e18f4de54eb0e4cc08cc9726a46f7cb9ce305a6047737336,202886,18,UF_ZI C2.0 ANO_CMPT C4.0 MES_CMPT C2.0 ESPEC C2.0 CGC_HOSP C14.0 N_AIH C13.0 IDENT C1.0 CEP C8.0 MUNIC_RES C6.0 NASC C8.0 SEXO C1.0 UTI_MES_IN N2.0 UTI_MES_AN N2.0 UTI_MES_AL N2.0 UTI_MES_TO N2.0 MARCA_UTI C2.0 UTI_INT_IN N2.0 UTI_INT_AN N2.0 UTI_INT_AL N2.0 UTI_INT_TO N2.0 DIAR_ACOM N2.0 PROC_REA C8.0 VAL_SH N13.2 VAL_SP N13.2 VAL_SADT N13.2 VAL_RN N13.2 VAL_ACOMP N13.2 VAL_ORTP N13.2 VAL_SANGUE N13.2 VAL_SADTSR N11.2 VAL_TRANSP N13.2 VAL_OBSANG N11.2 VAL_PED1AC N11.2 VAL_TOT N14.2 VAL_UTI N8.2 US_TOT N10.2 DT_INTER C8.0 DT_SAIDA C8.0 DIAG_PRINC C4.0 DIAG_SECUN C4.0 COBRANCA C2.0 NATUREZA C2.0 GESTAO C1.0 IND_VDRL C1.0 MUNIC_MOV C6.0 COD_IDADE C1.0 IDADE N2.0 DIAS_PERM N5.0 MORTE N1.0 COD_ARQ C1.0 CONT N7.0 NACIONAL C2.0 NUM_PROC C4.0 CAR_INT C2.0 TOT_PT_SP N6.0 CPF_AUT C11.0 HOMONIMO C1.0 NUM_FILHOS N2.0 INSTRU C1.0 CID_NOTIF C4.0 CONTRACEP1 C2.0 CONTRACEP2 C2.0 GESTRISCO C1.0 INSC_PN N10.0 SEQ_AIH5 N3.0 GESTOR_CPF C11.0 GESTOR_DT C8.0 GESTOR_COD C2.0 CNES C7.0 COD_SEG C8.0
RDMG0604.dbc,2006-04,2013-10-31T12:49,6697386,f0dae58d56203cef53136f61a0575c10c1e8b05edf0d465796a40b13cf38a6eb,98611,19,UF_ZI C6.0 ANO_CMPT C4.0 MES_CMPT C2.0 ESPEC C2.0 CGC_HOSP C14.0 N_AIH C13.0 IDENT C1.0 CEP C8.0 MUNIC_RES C6.0 NASC C8.0 SEXO C1.0 UTI_MES_IN N2.0 UTI_MES_AN N2.0 UTI_MES_AL N2.0 UTI_MES_TO N2.0 MARCA_UTI C2.0 UTI_INT_IN N2.0 UTI_INT_AN N2.0 UTI_INT_AL N2.0 UTI_INT_TO N2.0 DIAR_ACOM N2.0 PROC_SOLIC C10.0 PROC_REA C10.0 VAL_SH N13.2 VAL_SP N13.2 VAL_SADT N13.2 VAL_RN N13.2 VAL_ACOMP N13.2 VAL_ORTP N13.2 VAL_SANGUE N13.2 VAL_SADTSR N11.2 VAL_TRANSP N13.2 VAL_OBSANG N11.2 VAL_PED1AC N11.2 VAL_TOT N14.2 VAL_UTI N8.2 US_TOT N10.2 DT_INTER C8.0 DT_SAIDA C8.0 DIAG_PRINC C4.0 DIAG_SECUN C4.0 COBRANCA C2.0 NATUREZA C2.0 GESTAO C1.0 RUBRICA N5.0 IND_VDRL C1.0 MUNIC_MOV C6.0 COD_IDADE C1.0 IDADE N2.0 DIAS_PERM N5.0 MORTE N1.0 NACIONAL C2.0 NUM_PROC C4.0 CAR_INT C2.0 TOT_PT_SP N6.0 CPF_AUT C11.0 HOMONIMO C1.0 NUM_FILHOS N2.0 INSTRU C1.0 CID_NOTIF C4.0 CONTRACEP1 C2.0 CONTRACEP2 C2.0 GESTRISCO C1.0 INSC_PN C10.0 SEQ_AIH5 C3.0 CBOR C3.0 CNAER C3.0 VINCPREV C1.0 GESTOR_COD C3.0 GESTOR_CPF C11.0 GESTOR_DT C8.0 CNES C7.0 INFEHOSP C1.0 CID_ASSO C4.0 CID_MORTE C4.0
RDRR0604.dbc,2006-04,2013-10-31T13:08,99701,2c70974f7d49566e804fb64620088d5fc1ada92e715d435a969776d836559c6a,1774,19,UF_ZI C6.0 ANO_CMPT C4.0 MES_CMPT C2.0 ESPEC C2.0 CGC_HOSP C14.0 N_AIH C13.0 IDENT C1.0 CEP C8.0 MUNIC_RES C6.0 NASC C8.0 SEXO C1.0 UTI_MES_IN N2.0 UTI_MES_AN N2.0 UTI_MES_AL N2.0 UTI_MES_TO N2.0 MARCA_UTI C2.0 UTI_INT_IN N2.0 UTI_INT_AN N2.0 UTI_INT_AL N2.0 UTI_INT_TO N2.0 DIAR_ACOM N2.0 PROC_SOLIC C10.0 PROC_REA C10.0 VAL_SH N13.2 VAL_SP N13.2 VAL_SADT N13.2 VAL_RN N13.2 VAL_ACOMP N13.2 VAL_ORTP N13.2 VAL_SANGUE N13.2 VAL_SADTSR N11.2 VAL_TRANSP N13.2 VAL_OBSANG N11.2 VAL_PED1AC N11.2 VAL_TOT N14.2 VAL_UTI N8.2 US_TOT N10.2 DT_INTER C8.0 DT_SAIDA C8.0 DIAG_PRINC C4.0 DIAG_SECUN C4.0 COBRANCA C2.0 NATUREZA C2.0 GESTAO C1.0 RUBRICA N5.0 IND_VDRL C1.0 MUNIC_MOV C6.0 COD_IDADE C1.0 IDADE N2.0 DIAS_PERM N5.0 MORTE N1.0 NACIONAL C2.0 NUM_PROC C4.0 CAR_INT C2.0 TOT_PT_SP N6.0 CPF_AUT C11.0 HOMONIMO C1.0 NUM_FILHOS N2.0 INSTRU C1.0 CID_NOTIF C4.0 CONTRACEP1 C2.0 CONTRACEP2 C2.0 GESTRISCO C1.0 INSC_PN C10.0 SEQ_AIH5 C3.0 CBOR C3.0 CNAER C3.0 VINCPREV C1.0 GESTOR_COD C3.0 GESTOR_CPF C11.0 GESTOR_DT C8.0 CNES C7.0 INFEHOSP C1.0 CID_ASSO C4.0 CID_MORTE C4.0
RDSP0604.dbc,2006-04,2013-10-31T13:16,13815133,bdfabc7b9e5a1e22a25d72f2fc77ab0f8687218b27e3eeac418e3733bac16287,203813,19,UF_ZI C6.0 ANO_CMPT C4.0 MES_CMPT C2.0 ESPEC C2.0 CGC_HOSP C14.0 N_AIH C13.0 IDENT C1.0 CEP C8.0 MUNIC_RES C6.0 NASC C8.0 SEXO C1.0 UTI_MES_IN N2.0 UTI_MES_AN N2.0 UTI_MES_AL N2.0 UTI_MES_TO N2.0 MARCA_UTI C2.0 UTI_INT_IN N2.0 UTI_INT_AN N2.0 UTI_INT_AL N2.0 UTI_INT_TO N2.0 DIAR_ACOM N2.0 PROC_SOLIC C10.0 PROC_REA C10.0 VAL_SH N13.2 VAL_SP N13.2 VAL_SADT N13.2 VAL_RN N13.2 VAL_ACOMP N13.2 VAL_ORTP N13.2 VAL_SANGUE N13.2 VAL_SADTSR N11.2 VAL_TRANSP N13.2 VAL_OBSANG N11.2 VAL_PED1AC N11.2 VAL_TOT N14.2 VAL_UTI N8.2 US_TOT N10.2 DT_INTER C8.0 DT_SAIDA C8.0 DIAG_PRINC C4.0 DIAG_SECUN C4.0 COBRANCA C2.0 NATUREZA C2.0 GESTAO C1.0 RUBRICA N5.0 IND_VDRL C1.0 MUNIC_MOV C6.0 COD_IDADE C1.0 IDADE N2.0 DIAS_PERM N5.0 MORTE N1.0 NACIONAL C2.0 NUM_PROC C4.0 CAR_INT C2.0 TOT_PT_SP N6.0 CPF_AUT C11.0 HOMONIMO C1.0 NUM_FILHOS N2.0 INSTRU C1.0 CID_NOTIF C4.0 CONTRACEP1 C2.0 CONTRACEP2 C2.0 GESTRISCO C1.0 INSC_PN C10.0 SEQ_AIH5 C3.0 CBOR C3.0 CNAER C3.0 VINCPREV C1.0 GESTOR_COD C3.0 GESTOR_CPF C11.0 GESTOR_DT C8.0 CNES C7.0 INFEHOSP C1.0 CID_ASSO C4.0 CID_MORTE C4.0
RDRR0605.dbc,2006-05,2013-10-31T13:08,103136,b8290d920c72d46a7f1ed99844617df7380010b255fae1d96a580a9fea098f98,1814,19,UF_ZI C6.0 ANO_CMPT C4.0 MES_CMPT C2.0 ESPEC C2.0 CGC_HOSP C14.0 N_AIH C13.0 IDENT C1.0 CEP C8.0 MUNIC_RES C6.0 NASC C8.0 SEXO C1.0 UTI_MES_IN N2.0 UTI_MES_AN N2.0 UTI_MES_AL N2.0 UTI_MES_TO N2.0 MARCA_UTI C2.0 UTI_INT_IN N2.0 UTI_INT_AN N2.0 UTI_INT_AL N2.0 UTI_INT_TO N2.0 DIAR_ACOM N2.0 PROC_SOLIC C10.0 PROC_REA C10.0 VAL_SH N13.2 VAL_SP N13.2 VAL_SADT N13.2 VAL_RN N13.2 VAL_ACOMP N13.2 VAL_ORTP N13.2 VAL_SANGUE N13.2 VAL_SADTSR N11.2 VAL_TRANSP N13.2 VAL_OBSANG N11.2 VAL_PED1AC N11.2 VAL_TOT N14.2 VAL_UTI N8.2 US_TOT N10.2 DT_INTER C8.0 DT_SAIDA C8.0 DIAG_PRINC C4.0 DIAG_SECUN C4.0 COBRANCA C2.0 NATUREZA C2.0 GESTAO C1.0 RUBRICA N5.0 IND_VDRL C1.0 MUNIC_MOV C6.0 COD_IDADE C1.0 IDADE N2.0 DIAS_PERM N5.0 MORTE N1.0 NACIONAL C2.0 NUM_PROC C4.0 CAR_INT C2.0 TOT_PT_SP N6.0 CPF_AUT C11.0 HOMONIMO C1.0 NUM_FILHOS N2.0 INSTRU C1.0 CID_NOTIF C4.0 CONTRACEP1 C2.0 CONTRACEP2 C2.0 GESTRISCO C1.0 INSC_PN C10.0 SEQ_AIH5 C3.0 CBOR C3.0 CNAER C3.0 VINCPREV C1.0 GESTOR_COD C3.0 GESTOR_CPF C11.0 GESTOR_DT C8.0 CNES C7.0 INFEHOSP C1.0 CID_ASSO C4.0 CID_MORTE C4.0
RDRR0606.dbc,2006-06,2013-10-31T13:08,98324,6bef7eb173da28aff61ede45dde27784a5da4bec1b85758a336d47210c3438c1,1768,19,UF_ZI C6.0 ANO_CMPT C4.0 MES_CMPT C2.0 ESPEC C2.0 CGC_HOSP C14.0 N_AIH C13.0 IDENT C1.0 CEP C8.0 MUNIC_RES C6.0 NASC C8.0 SEXO C1.0 UTI_MES_IN N2.0 UTI_MES_AN N2.0 UTI_MES_AL N2.0 UTI_MES_TO N2.0 MARCA_UTI C2.0 UTI_INT_IN N2.0 UTI_INT_AN N2.0 UTI_INT_AL N2.0 UTI_INT_TO N2.0 DIAR_ACOM N2.0 PROC_SOLIC C10.0 PROC_REA C10.0 VAL_SH N13.2 VAL_SP N13.2 VAL_SADT N13.2 VAL_RN N13.2 VAL_ACOMP N13.2 VAL_ORTP N13.2 VAL_SANGUE N13.2 VAL_SADTSR N11.2 VAL_TRANSP N13.2 VAL_OBSANG N11.2 VAL_PED1AC N11.2 VAL_TOT N14.2 VAL_UTI N8.2 US_TOT N10.2 DT_INTER C8.0 DT_SAIDA C8.0 DIAG_PRINC C4.0 DIAG_SECUN C4.0 COBRANCA C2.0 NATUREZA C2.0 GESTAO C1.0 RUBRICA N5.0 IND_VDRL C1.0 MUNIC_MOV C6.0 COD_IDADE C1.0 IDADE N2.0 DIAS_PERM N5.0 MORTE N1.0 NACIONAL C2.0 NUM_PROC C4.0 CAR_INT C2.0 TOT_PT_SP N6.0 CPF_AUT C11.0 HOMONIMO C1.0 NUM_FILHOS N2.0 INSTRU C1.0 CID_NOTIF C4.0 CONTRACEP1 C2.0 CONTRACEP2 C2.0 GESTRISCO C1.0 INSC_PN C10.0 SEQ_AIH5 C3.0 CBOR C3.0 CNAER C3.0 VINCPREV C1.0 GESTOR_COD C3.0 GESTOR_CPF C11.0 GESTOR_DT C8.0 CNES C7.0 INFEHOSP C1.0 CID_ASSO C4.0 CID_MORTE C4.0
RDRR0607.dbc,2006-07,2013-10-31T13:08,94674,01d231a19ae9606a8896e6b73fdf1e0b3292b0cd41d9222cdff34fc310acb01b,1695,19,UF_ZI C6.0 ANO_CMPT C4.0 MES_CMPT C2.0 ESPEC C2.0 CGC_HOSP C14.0 N_AIH C13.0 IDENT C1.0 CEP C8.0 MUNIC_RES C6.0 NASC C8.0 SEXO C1.0 UTI_MES_IN N2.0 UTI_MES_AN N2.0 UTI_MES_AL N2.0 UTI_MES_TO N2.0 MARCA_UTI C2.0 UTI_INT_IN N2.0 UTI_INT_AN N2.0 UTI_INT_AL N2.0 UTI_INT_TO N2.0 DIAR_ACOM N2.0 PROC_SOLIC C10.0 PROC_REA C10.0 VAL_SH N13.2 VAL_SP N13.2 VAL_SADT N13.2 VAL_RN N13.2 VAL_ACOMP N13.2 VAL_ORTP N13.2 VAL_SANGUE N13.2 VAL_SADTSR N11.2 VAL_TRANSP N13.2 VAL_OBSANG N11.2 VAL_PED1AC N11.2 VAL_TOT N14.2 VAL_UTI N8.2 US_TOT N10.2 DT_INTER C8.0 DT_SAIDA C8.0 DIAG_PRINC C4.0 DIAG_SECUN C4.0 COBRANCA C2.0 NATUREZA C2.0 GESTAO C1.0 RUBRICA N5.0 IND_VDRL C1.0 MUNIC_MOV C6.0 COD_IDADE C1.0 IDADE N2.0 DIAS_PERM N5.0 MORTE N1.0 NACIONAL C2.0 NUM_PROC C4.0 CAR_INT C2.0 TOT_PT_SP N6.0 CPF_AUT C11.0 HOMONIMO C1.0 NUM_FILHOS N2.0 INSTRU C1.0 CID_NOTIF C4.0 CONTRACEP1 C2.0 CONTRACEP2 C2.0 GESTRISCO C1.0 INSC_PN C10.0 SEQ_AIH5 C3.0 CBOR C3.0 CNAER C3.0 VINCPREV C1.0 GESTOR_COD C3.0 GESTOR_CPF C11.0 GESTOR_DT C8.0 CNES C7.0 INFEHOSP C1.0 CID_ASSO C4.0 CID_MORTE C4.0
RDRR0608.dbc,2006-08,2013-10-31T13:08,108826,d8d32cfd4df1556bcdf19a7cdf910c602f515425565f72ad0e692afa031a72f1,1820,19,UF_ZI C6.0 ANO_CMPT C4.0 MES_CMPT C2.0 ESPEC C2.0 CGC_HOSP C14.0 N_AIH C13.0 IDENT C1.0 CEP C8.0 MUNIC_RES C6.0 NASC C8.0 SEXO C1.0 UTI_MES_IN N2.0 UTI_MES_AN N2.0 UTI_MES_AL N2.0 UTI_MES_TO N2.0 MARCA_UTI C2.0 UTI_INT_IN N2.0 UTI_INT_AN N2.0 UTI_INT_AL N2.0 UTI_INT_TO N2.0 DIAR_ACOM N2.0 PROC_SOLIC C10.0 PROC_REA C10.0 VAL_SH N13.2 VAL_SP N13.2 VAL_SADT N13.2 VAL_RN N13.2 VAL_ACOMP N13.2 VAL_ORTP N13.2 VAL_SANGUE N13.2 VAL_SADTSR N11.2 VAL_TRANSP N13.2 VAL_OBSANG N11.2 VAL_PED1AC N11.2 VAL_TOT N14.2 VAL_UTI N8.2 US_TOT N10.2 DT_INTER C8.0 DT_SAIDA C8.0 DIAG_PRINC C4.0 DIAG_SECUN C4.0 COBRANCA C2.0 NATUREZA C2.0 GESTAO C1.0 RUBRICA N5.0 IND_VDRL C1.0 MUNIC_MOV C6.0 COD_IDADE C1.0 IDADE N2.0 DIAS_PERM N5.0 MORTE N1.0 NACIONAL C2.0 NUM_PROC C4.0 CAR_INT C2.0 TOT_PT_SP N6.0 CPF_AUT C11.0 HOMONIMO C1.0 NUM_FILHOS N2.0 INSTRU C1.0 CID_NOTIF C4.0 CONTRACEP1 C2.0 CONTRACEP2 C2.0 GESTRISCO C1.0 INSC_PN C10.0 SEQ_AIH5 C3.0 CBOR C3.0 CNAER C3.0 VINCPREV C1.0 GESTOR_COD C3.0 GESTOR_CPF C11.0 GESTOR_DT C8.0 CNES C7.0 INFEHOSP C1.0 CID_ASSO C4.0 CID_MORTE C4.0
RDRR0609.dbc,2006-09,2013-10-31T13:08,97873,eec32aad6999f7a96de86e87ac00ba4052007c2de3ed8de41f09159a38f3e0ad,1691,19,UF_ZI C6.0 ANO_CMPT C4.0 MES_CMPT C2.0 ESPEC C2.0 CGC_HOSP C14.0 N_AIH C13.0 IDENT C1.0 CEP C8.0 MUNIC_RES C6.0 NASC C8.0 SEXO C1.0 UTI_MES_IN N2.0 UTI_MES_AN N2.0 UTI_MES_AL N2.0 UTI_MES_TO N2.0 MARCA_UTI C2.0 UTI_INT_IN N2.0 UTI_INT_AN N2.0 UTI_INT_AL N2.0 UTI_INT_TO N2.0 DIAR_ACOM N2.0 PROC_SOLIC C10.0 PROC_REA C10.0 VAL_SH N13.2 VAL_SP N13.2 VAL_SADT N13.2 VAL_RN N13.2 VAL_ACOMP N13.2 VAL_ORTP N13.2 VAL_SANGUE N13.2 VAL_SADTSR N11.2 VAL_TRANSP N13.2 VAL_OBSANG N11.2 VAL_PED1AC N11.2 VAL_TOT N14.2 VAL_UTI N8.2 US_TOT N10.2 DT_INTER C8.0 DT_SAIDA C8.0 DIAG_PRINC C4.0 DIAG_SECUN C4.0 COBRANCA C2.0 NATUREZA C2.0 GESTAO C1.0 RUBRICA N5.0 IND_VDRL C1.0 MUNIC_MOV C6.0 COD_IDADE C1.0 IDADE N2.0 DIAS_PERM N5.0 MORTE N1.0 NACIONAL C2.0 NUM_PROC C4.0 CAR_INT C2.0 TOT_PT_SP N6.0 CPF_AUT C11.0 HOMONIMO C1.0 NUM_FILHOS N2.0 INSTRU C1.0 CID_NOTIF C4.0 CONTRACEP1 C2.0 CONTRACEP2 C2.0 GESTRISCO C1.0 INSC_PN C10.0 SEQ_AIH5 C3.0 CBOR C3.0 CNAER C3.0 VINCPREV C1.0 GESTOR_COD C3.0 GESTOR_CPF C11.0 GESTOR_DT C8.0 CNES C7.0 INFEHOSP C1.0 CID_ASSO C4.0 CID_MORTE C4.0
RDRR0610.dbc,2006-10,2013-10-31T13:08,108575,78bf9f850fb28453e518bc6517e4ed5b91b20457cfcd32cb2872f10a015a7a05,1984,19,UF_ZI C6.0 ANO_CMPT C4.0 MES_CMPT C2.0 ESPEC C2.0 CGC_HOSP C14.0 N_AIH C13.0 IDENT C1.0 CEP C8.0 MUNIC_RES C6.0 NASC C8.0 SEXO C1.0 UTI_MES_IN N2.0 UTI_MES_AN N2.0 UTI_MES_AL N2.0 UTI_MES_TO N2.0 MARCA_UTI C2.0 UTI_INT_IN N2.0 UTI_INT_AN N2.0 UTI_INT_AL N2.0 UTI_INT_TO N2.0 DIAR_ACOM N2.0 PROC_SOLIC C10.0 PROC_REA C10.0 VAL_SH N13.2 VAL_SP N13.2 VAL_SADT N13.2 VAL_RN N13.2 VAL_ACOMP N13.2 VAL_ORTP N13.2 VAL_SANGUE N13.2 VAL_SADTSR N11.2 VAL_TRANSP N13.2 VAL_OBSANG N11.2 VAL_PED1AC N11.2 VAL_TOT N14.2 VAL_UTI N8.2 US_TOT N10.2 DT_INTER C8.0 DT_SAIDA C8.0 DIAG_PRINC C4.0 DIAG_SECUN C4.0 COBRANCA C2.0 NATUREZA C2.0 GESTAO C1.0 RUBRICA N5.0 IND_VDRL C1.0 MUNIC_MOV C6.0 COD_IDADE C1.0 IDADE N2.0 DIAS_PERM N5.0 MORTE N1.0 NACIONAL C2.0 NUM_PROC C4.0 CAR_INT C2.0 TOT_PT_SP N6.0 CPF_AUT C11.0 HOMONIMO C1.0 NUM_FILHOS N2.0 INSTRU C1.0 CID_NOTIF C4.0 CONTRACEP1 C2.0 CONTRACEP2 C2.0 GESTRISCO C1.0 INSC_PN C10.0 SEQ_AIH5 C3.0 CBOR C3.0 CNAER C3.0 VINCPREV C1.0 GESTOR_COD C3.0 GESTOR_CPF C11.0 GESTOR_DT C8.0 CNES C7.0 INFEHOSP C1.0 CID_ASSO C4.0 CID_MORTE C4.0
RDRR0611.dbc,2006-11,2013-10-31T13:08,105101,05acea7751e678d7eaa0e7d3be8b7532dab476366d2a80be58c017ca8338b5ae,1808,19,UF_ZI C6.0 ANO_CMPT C4.0 MES_CMPT C2.0 ESPEC C2.0 CGC_HOSP C14.0 N_AIH C13.0 IDENT C1.0 CEP C8.0 MUNIC_RES C6.0 NASC C8.0 SEXO C1.0 UTI_MES_IN N2.0 UTI_MES_AN N2.0 UTI_MES_AL N2.0 UTI_MES_TO N2.0 MARCA_UTI C2.0 UTI_INT_IN N2.0 UTI_INT_AN N2.0 UTI_INT_AL N2.0 UTI_INT_TO N2.0 DIAR_ACOM N2.0 PROC_SOLIC C10.0 PROC_REA C10.0 VAL_SH N13.2 VAL_SP N13.2 VAL_SADT N13.2 VAL_RN N13.2 VAL_ACOMP N13.2 VAL_ORTP N13.2 VAL_SANGUE N13.2 VAL_SADTSR N11.2 VAL_TRANSP N13.2 VAL_OBSANG N11.2 VAL_PED1AC N11.2 VAL_TOT N14.2 VAL_UTI N8.2 US_TOT N10.2 DT_INTER C8.0 DT_SAIDA C8.0 DIAG_PRINC C4.0 DIAG_SECUN C4.0 COBRANCA C2.0 NATUREZA C2.0 GESTAO C1.0 RUBRICA N5.0 IND_VDRL C1.0 MUNIC_MOV C6.0 COD_IDADE C1.0 IDADE N2.0 DIAS_PERM N5.0 MORTE N1.0 NACIONAL C2.0 NUM_PROC C4.0 CAR_INT C2.0 TOT_PT_SP N6.0 CPF_AUT C11.0 HOMONIMO C1.0 NUM_FILHOS N2.0 INSTRU C1.0 CID_NOTIF C4.0 CONTRACEP1 C2.0 CONTRACEP2 C2.0 GESTRISCO C1.0 INSC_PN C10.0 SEQ_AIH5 C3.0 CBOR C3.0 CNAER C3.0 VINCPREV C1.0 GESTOR_COD C3.0 GESTOR_CPF C11.0 GESTOR_DT C8.0 CNES C7.0 INFEHOSP C1.0 CID_ASSO C4.0 CID_MORTE C4.0
RDRR0612.dbc,2006-12,2013-10-31T13:08,104865,36fb18481652a718194a02c2fc84d2f60bb15dd9eb4e272f09074c0ab97e0ecc,1812,19,UF_ZI C6.0 ANO_CMPT C4.0 MES_CMPT C2.0 ESPEC C2.0 CGC_HOSP C14.0 N_AIH C13.0 IDENT C1.0 CEP C8.0 MUNIC_RES C6.0 NASC C8.0 SEXO C1.0 UTI_MES_IN N2.0 UTI_MES_AN N2.0 UTI_MES_AL N2.0 UTI_MES_TO N2.0 MARCA_UTI C2.0 UTI_INT_IN N2.0 UTI_INT_AN N2.0 UTI_INT_AL N2.0 UTI_INT_TO N2.0 DIAR_ACOM N2.0 PROC_SOLIC C10.0 PROC_REA C10.0 VAL_SH N13.2 VAL_SP N13.2 VAL_SADT N13.2 VAL_RN N13.2 VAL_ACOMP N13.2 VAL_ORTP N13.2 VAL_SANGUE N13.2 VAL_SADTSR N11.2 VAL_TRANSP N13.2 VAL_OBSANG N11.2 VAL_PED1AC N11.2 VAL_TOT N14.2 VAL_UTI N8.2 US_TOT N10.2 DT_INTER C8.0 DT_SAIDA C8.0 DIAG_PRINC C4.0 DIAG_SECUN C4.0 COBRANCA C2.0 NATUREZA C2.0 GESTAO C1.0 RUBRICA N5.0 IND_VDRL C1.0 MUNIC_MOV C6.0 COD_IDADE C1.0 IDADE N2.0 DIAS_PERM N5.0 MORTE N1.0 NACIONAL C2.0 NUM_PROC C4.0 CAR_INT C2.0 TOT_PT_SP N6.0 CPF_AUT C11.0 HOMONIMO C1.0 NUM_FILHOS N2.0 INSTRU C1.0 CID_NOTIF C4.0 CONTRACEP1 C2.0 CONTRACEP2 C2.0 GESTRISCO C1.0 INSC_PN C10.0 SEQ_AIH5 C3.0 CBOR C3.0 CNAER C3.0 VINCPREV C1.0 GESTOR_COD C3.0 GESTOR_CPF C11.0 GESTOR_DT C8.0 CNES C7.0 INFEHOSP C1.0 CID_ASSO C4.0 CID_MORTE C4.0
RDRR0701.dbc,2007-01,2013-10-31T13:08,93165,bbbbf87a999743f76aba404c31adc6c29ecb339e9d7e44b1bad5b544bc2a5afd,1572,19,UF_ZI C6.0 ANO_CMPT C4.0 MES_CMPT C2.0 ESPEC C2.0 CGC_HOSP C14.0 N_AIH C13.0 IDENT C1.0 CEP C8.0 MUNIC_RES C6.0 NASC C8.0 SEXO C1.0 UTI_MES_IN N2.0 UTI_MES_AN N2.0 UTI_MES_AL N2.0 UTI_MES_TO N2.0 MARCA_UTI C2.0 UTI_INT_IN N2.0 UTI_INT_AN N2.0 UTI_INT_AL N2.0 UTI_INT_TO N2.0 DIAR_ACOM N2.0 PROC_SOLIC C10.0 PROC_REA C10.0 VAL_SH N13.2 VAL_SP N13.2 VAL_SADT N13.2 VAL_RN N13.2 VAL_ACOMP N13.2 VAL_ORTP N13.2 VAL_SANGUE N13.2 VAL_SADTSR N11.2 VAL_TRANSP N13.2 VAL_OBSANG N11.2 VAL_PED1AC N11.2 VAL_TOT N14.2 VAL_UTI N8.2 US_TOT N10.2 DT_INTER C8.0 DT_SAIDA C8.0 DIAG_PRINC C4.0 DIAG_SECUN C4.0 COBRANCA C2.0 NATUREZA C2.0 GESTAO C1.0 RUBRICA N5.0 IND_VDRL C1.0 MUNIC_MOV C6.0 COD_IDADE C1.0 IDADE N2.0 DIAS_PERM N5.0 MORTE N1.0 NACIONAL C2.0 NUM_PROC C4.0 CAR_INT C2.0 TOT_PT_SP N6.0 CPF_AUT C11.0 HOMONIMO C1.0 NUM_FILHOS N2.0 INSTRU C1.0 CID_NOTIF C4.0 CONTRACEP1 C2.0 CONTRACEP2 C2.0 GESTRISCO C1.0 INSC_PN C10.0 SEQ_AIH5 C3.0 CBOR C3.0 CNAER C3.0 VINCPREV C1.0 GESTOR_COD C3.0 GESTOR_CPF C11.0 GESTOR_DT C8.0 CNES C7.0 INFEHOSP C1.0 CID_ASSO C4.0 CID_MORTE C4.0
RDRR0702.dbc,2007-02,2013-10-31T13:08,99366,4e1d7bbb779fc8f88ef8861f2bc0d0e0a7f6d479d086bd384dfd109ea3901e95,1703,19,UF_ZI C6.0 ANO_CMPT C4.0 MES_CMPT C2.0 ESPEC C2.0 CGC_HOSP C14.0 N_AIH C13.0 IDENT C1.0 CEP C8.0 MUNIC_RES C6.0 NASC C8.0 SEXO C1.0 UTI_MES_IN N2.0 UTI_MES_AN N2.0 UTI_MES_AL N2.0 UTI_MES_TO N2.0 MARCA_UTI C2.0 UTI_INT_IN N2.0 UTI_INT_AN N2.0 UTI_INT_AL N2.0 UTI_INT_TO N2.0 DIAR_ACOM N2.0 PROC_SOLIC C10.0 PROC_REA C10.0 VAL_SH N13.2 VAL_SP N13.2 VAL_SADT N13.2 VAL_RN N13.2 VAL_ACOMP N13.2 VAL_ORTP N13.2 VAL_SANGUE N13.2 VAL_SADTSR N11.2 VAL_TRANSP N13.2 VAL_OBSANG N11.2 VAL_PED1AC N11.2 VAL_TOT N14.2 VAL_UTI N8.2 US_TOT N10.2 DT_INTER C8.0 DT_SAIDA C8.0 DIAG_PRINC C4.0 DIAG_SECUN C4.0 COBRANCA C2.0 NATUREZA C2.0 GESTAO C1.0 RUBRICA N5.0 IND_VDRL C1.0 MUNIC_MOV C6.0 COD_IDADE C1.0 IDADE N2.0 DIAS_PERM N5.0 MORTE N1.0 NACIONAL C2.0 NUM_PROC C4.0 CAR_INT C2.0 TOT_PT_SP N6.0 CPF_AUT C11.0 HOMONIMO C1.0 NUM_FILHOS N2.0 INSTRU C1.0 CID_NOTIF C4.0 CONTRACEP1 C2.0 CONTRACEP2 C2.0 GESTRISCO C1.0 INSC_PN C10.0 SEQ_AIH5 C3.0 CBOR C3.0 CNAER C3.0 VINCPREV C1.0 GESTOR_COD C3.0 GESTOR_CPF C11.0 GESTOR_DT C8.0 CNES C7.0 INFEHOSP C1.0 CID_ASSO C4.0 CID_MORTE C4.0
RDRR0703.dbc,2007-03,2013-10-31T13:08,95338,200f47d2f0d530653c2a27e3823ded69e0fee2c7e54934457810c4fbc2c86270,1730,19,UF_ZI C6.0 ANO_CMPT C4.0 MES_CMPT C2.0 ESPEC C2.0 CGC_HOSP C14.0 N_AIH C13.0 IDENT C1.0 CEP C8.0 MUNIC_RES C6.0 NASC C8.0 SEXO C1.0 UTI_MES_IN N2.0 UTI_MES_AN N2.0 UTI_MES_AL N2.0 UTI_MES_TO N2.0 MARCA_UTI C2.0 UTI_INT_IN N2.0 UTI_INT_AN N2.0 UTI_INT_AL N2.0 UTI_INT_TO N2.0 DIAR_ACOM N2.0 PROC_SOLIC C10.0 PROC_REA C10.0 VAL_SH N13.2 VAL_SP N13.2 VAL_SADT N13.2 VAL_RN N13.2 VAL_ACOMP N13.2 VAL_ORTP N13.2 VAL_SANGUE N13.2 VAL_SADTSR N11.2 VAL_TRANSP N13.2 VAL_OBSANG N11.2 VAL_PED1AC N11.2 VAL_TOT N14.2 VAL_UTI N8.2 US_TOT N10.2 DT_INTER C8.0 DT_SAIDA C8.0 DIAG_PRINC C4.0 DIAG_SECUN C4.0 COBRANCA C2.0 NATUREZA C2.0 GESTAO C1.0 RUBRICA N5.0 IND_VDRL C1.0 MUNIC_MOV C6.0 COD_IDADE C1.0 IDADE N2.0 DIAS_PERM N5.0 MORTE N1.0 NACIONAL C2.0 NUM_PROC C4.0 CAR_INT C2.0 TOT_PT_SP N6.0 CPF_AUT C11.0 HOMONIMO C1.0 NUM_FILHOS N2.0 INSTRU C1.0 CID_NOTIF C4.0 CONTRACEP1 C2.0 CONTRACEP2 C2.0 GESTRISCO C1.0 INSC_PN C10.0 SEQ_AIH5 C3.0 CBOR C3.0 CNAER C3.0 VINCPREV C1.0 GESTOR_COD C3.0 GESTOR_CPF C11.0 GESTOR_DT C8.0 CNES C7.0 INFEHOSP C1.0 CID_ASSO C4.0 CID_MORTE C4.0
RDRR0704.dbc,2007-04,2013-10-31T13:08,106194,e9ba3bf4ce528995e506bb15b93dc8c94fa955344f43ea11cbf878281e7556e0,1874,19,UF_ZI C6.0 ANO_CMPT C4.0 MES_CMPT C2.0 ESPEC C2.0 CGC_HOSP C14.0 N_AIH C13.0 IDENT C1.0 CEP C8.0 MUNIC_RES C6.0 NASC C8.0 SEXO C1.0 UTI_MES_IN N2.0 UTI_MES_AN N2.0 UTI_MES_AL N2.0 UTI_MES_TO N2.0 MARCA_UTI C2.0 UTI_INT_IN N2.0 UTI_INT_AN N2.0 UTI_INT_AL N2.0 UTI_INT_TO N2.0 DIAR_ACOM N2.0 PROC_SOLIC C10.0 PROC_REA C10.0 VAL_SH N13.2 VAL_SP N13.2 VAL_SADT N13.2 VAL_RN N13.2 VAL_ACOMP N13.2 VAL_ORTP N13.2 VAL_SANGUE N13.2 VAL_SADTSR N11.2 VAL_TRANSP N13.2 VAL_OBSANG N11.2 VAL_PED1AC N11.2 VAL_TOT N14.2 VAL_UTI N8.2 US_TOT N10.2 DT_INTER C8.0 DT_SAIDA C8.0 DIAG_PRINC C4.0 DIAG_SECUN C4.0 COBRANCA C2.0 NATUREZA C2.0 GESTAO C1.0 RUBRICA N5.0 IND_VDRL C1.0 MUNIC_MOV C6.0 COD_IDADE C1.0 IDADE N2.0 DIAS_PERM N5.0 MORTE N1.0 NACIONAL C2.0 NUM_PROC C4.0 CAR_INT C2.0 TOT_PT_SP N6.0 CPF_AUT C11.0 HOMONIMO C1.0 NUM_FILHOS N2.0 INSTRU C1.0 CID_NOTIF C4.0 CONTRACEP1 C2.0 CONTRACEP2 C2.0 GESTRISCO C1.0 INSC_PN C10.0 SEQ_AIH5 C3.0 CBOR C3.0 CNAER C3.0 VINCPREV C1.0 GESTOR_COD C3.0 GESTOR_CPF C11.0 GESTOR_DT C8.0 CNES C7.0 INFEHOSP C1.0 CID_ASSO C4.0 CID_MORTE C4.0
RDRR0705.dbc,2007-05,2013-10-31T13:08,106009,43443c457e24e006a6834c84840db2885c546c68de2562d91a2fe001372a36c3,1777,19,UF_ZI C6.0 ANO_CMPT C4.0 MES_CMPT C2.0 ESPEC C2.0 CGC_HOSP C14.0 N_AIH C13.0 IDENT C1.0 CEP C8.0 MUNIC_RES C6.0 NASC C8.0 SEXO C1.0 UTI_MES_IN N2.0 UTI_MES_AN N2.0 UTI_MES_AL N2.0 UTI_MES_TO N2.0 MARCA_UTI C2.0 UTI_INT_IN N2.0 UTI_INT_AN N2.0 UTI_INT_AL N2.0 UTI_INT_TO N2.0 DIAR_ACOM N2.0 PROC_SOLIC C10.0 PROC_REA C10.0 VAL_SH N13.2 VAL_SP N13.2 VAL_SADT N13.2 VAL_RN N13.2 VAL_ACOMP N13.2 VAL_ORTP N13.2 VAL_SANGUE N13.2 VAL_SADTSR N11.2 VAL_TRANSP N13.2 VAL_OBSANG N11.2 VAL_PED1AC N11.2 VAL_TOT N14.2 VAL_UTI N8.2 US_TOT N10.2 DT_INTER C8.0 DT_SAIDA C8.0 DIAG_PRINC C4.0 DIAG_SECUN C4.0 COBRANCA C2.0 NATUREZA C2.0 GESTAO C1.0 RUBRICA N5.0 IND_VDRL C1.0 MUNIC_MOV C6.0 COD_IDADE C1.0 IDADE N2.0 DIAS_PERM N5.0 MORTE N1.0 NACIONAL C2.0 NUM_PROC C4.0 CAR_INT C2.0 TOT_PT_SP N6.0 CPF_AUT C11.0 HOMONIMO C1.0 NUM_FILHOS N2.0 INSTRU C1.0 CID_NOTIF C4.0 CONTRACEP1 C2.0 CONTRACEP2 C2.0 GESTRISCO C1.0 INSC_PN C10.0 SEQ_AIH5 C3.0 CBOR C3.0 CNAER C3.0 VINCPREV C1.0 GESTOR_COD C3.0 GESTOR_CPF C11.0 GESTOR_DT C8.0 CNES C7.0 INFEHOSP C1.0 CID_ASSO C4.0 CID_MORTE C4.0
RDRR0706.dbc,2007-06,2013-10-31T13:08,104724,e605f5ff5bf513dc5ef254f93041be7dad4268719eb7a618e512088b0b880a2c,1936,19,UF_ZI C6.0 ANO_CMPT C4.0 MES_CMPT C2.0 ESPEC C2.0 CGC_HOSP C14.0 N_AIH C13.0 IDENT C1.0 CEP C8.0 MUNIC_RES C6.0 NASC C8.0 SEXO C1.0 UTI_MES_IN N2.0 UTI_MES_AN N2.0 UTI_MES_AL N2.0 UTI_MES_TO N2.0 MARCA_UTI C2.0 UTI_INT_IN N2.0 UTI_INT_AN N2.0 UTI_INT_AL N2.0 UTI_INT_TO N2.0 DIAR_ACOM N2.0 PROC_SOLIC C10.0 PROC_REA C10.0 VAL_SH N13.2 VAL_SP N13.2 VAL_SADT N13.2 VAL_RN N13.2 VAL_ACOMP N13.2 VAL_ORTP N13.2 VAL_SANGUE N13.2 VAL_SADTSR N11.2 VAL_TRANSP N13.2 VAL_OBSANG N11.2 VAL_PED1AC N11.2 VAL_TOT N14.2 VAL_UTI N8.2 US_TOT N10.2 DT_INTER C8.0 DT_SAIDA C8.0 DIAG_PRINC C4.0 DIAG_SECUN C4.0 COBRANCA C2.0 NATUREZA C2.0 GESTAO C1.0 RUBRICA N5.0 IND_VDRL C1.0 MUNIC_MOV C6.0 COD_IDADE C1.0 IDADE N2.0 DIAS_PERM N5.0 MORTE N1.0 NACIONAL C2.0 NUM_PROC C4.0 CAR_INT C2.0 TOT_PT_SP N6.0 CPF_AUT C11.0 HOMONIMO C1.0 NUM_FILHOS N2.0 INSTRU C1.0 CID_NOTIF C4.0 CONTRACEP1 C2.0 CONTRACEP2 C2.0 GESTRISCO C1.0 INSC_PN C10.0 SEQ_AIH5 C3.0 CBOR C3.0 CNAER C3.0 VINCPREV C1.0 GESTOR_COD C3.0 GESTOR_CPF C11.0 GESTOR_DT C8.0 CNES C7.0 INFEHOSP C1.0 CID_ASSO C4.0 CID_MORTE C4.0
RDRR0707.dbc,2007-07,2013-10-31T13:08,94574,847b56db28fe32a2b89ec3b969685cc32c047975f4a4d36d50d309755302ef54,1554,19,UF_ZI C6.0 ANO_CMPT C4.0 MES_CMPT C2.0 ESPEC C2.0 CGC_HOSP C14.0 N_AIH C13.0 IDENT C1.0 CEP C8.0 MUNIC_RES C6.0 NASC C8.0 SEXO C1.0 UTI_MES_IN N2.0 UTI_MES_AN N2.0 UTI_MES_AL N2.0 UTI_MES_TO N2.0 MARCA_UTI C2.0 UTI_INT_IN N2.0 UTI_INT_AN N2.0 UTI_INT_AL N2.0 UTI_INT_TO N2.0 DIAR_ACOM N2.0 PROC_SOLIC C10.0 PROC_REA C10.0 VAL_SH N13.2 VAL_SP N13.2 VAL_SADT N13.2 VAL_RN N13.2 VAL_ACOMP N13.2 VAL_ORTP N13.2 VAL_SANGUE N13.2 VAL_SADTSR N11.2 VAL_TRANSP N13.2 VAL_OBSANG N11.2 VAL_PED1AC N11.2 VAL_TOT N14.2 VAL_UTI N8.2 US_TOT N10.2 DT_INTER C8.0 DT_SAIDA C8.0 DIAG_PRINC C4.0 DIAG_SECUN C4.0 COBRANCA C2.0 NATUREZA C2.0 GESTAO C1.0 RUBRICA N5.0 IND_VDRL C1.0 MUNIC_MOV C6.0 COD_IDADE C1.0 IDADE N2.0 DIAS_PERM N5.0 MORTE N1.0 NACIONAL C2.0 NUM_PROC C4.0 CAR_INT C2.0 TOT_PT_SP N6.0 CPF_AUT C11.0 HOMONIMO C1.0 NUM_FILHOS N2.0 INSTRU C1.0 CID_NOTIF C4.0 CONTRACEP1 C2.0 CONTRACEP2 C2.0 GESTRISCO C1.0 INSC_PN C10.0 SEQ_AIH5 C3.0 CBOR C3.0 CNAER C3.0 VINCPREV C1.0 GESTOR_COD C3.0 GESTOR_CPF C11.0 GESTOR_DT C8.0 CNES C7.0 INFEHOSP C1.0 CID_ASSO C4.0 CID_MORTE C4.0
RDRR0708.dbc,2007-08,2013-10-31T13:08,88328,84c4c24edfc61496a64fc11c4adc2c941cf5793d8d0a1903ef75872957c31343,1500,19,UF_ZI C6.0 ANO_CMPT C4.0 MES_CMPT C2.0 ESPEC C2.0 CGC_HOSP C14.0 N_AIH C13.0 IDENT C1.0 CEP C8.0 MUNIC_RES C6.0 NASC C8.0 SEXO C1.0 UTI_MES_IN N2.0 UTI_MES_AN N2.0 UTI_MES_AL N2.0 UTI_MES_TO N2.0 MARCA_UTI C2.0 UTI_INT_IN N2.0 UTI_INT_AN N2.0 UTI_INT_AL N2.0 UTI_INT_TO N2.0 DIAR_ACOM N2.0 PROC_SOLIC C10.0 PROC_REA C10.0 VAL_SH N13.2 VAL_SP N13.2 VAL_SADT N13.2 VAL_RN N13.2 VAL_ACOMP N13.2 VAL_ORTP N13.2 VAL_SANGUE N13.2 VAL_SADTSR N11.2 VAL_TRANSP N13.2 VAL_OBSANG N11.2 VAL_PED1AC N11.2 VAL_TOT N14.2 VAL_UTI N8.2 US_TOT N10.2 DT_INTER C8.0 DT_SAIDA C8.0 DIAG_PRINC C4.0 DIAG_SECUN C4.0 COBRANCA C2.0 NATUREZA C2.0 GESTAO C1.0 RUBRICA N5.0 IND_VDRL C1.0 MUNIC_MOV C6.0 COD_IDADE C1.0 IDADE N2.0 DIAS_PERM N5.0 MORTE N1.0 NACIONAL C2.0 NUM_PROC C4.0 CAR_INT C2.0 TOT_PT_SP N6.0 CPF_AUT C11.0 HOMONIMO C1.0 NUM_FILHOS N2.0 INSTRU C1.0 CID_NOTIF C4.0 CONTRACEP1 C2.0 CONTRACEP2 C2.0 GESTRISCO C1.0 INSC_PN C10.0 SEQ_AIH5 C3.0 CBOR C3.0 CNAER C3.0 VINCPREV C1.0 GESTOR_COD C3.0 GESTOR_CPF C11.0 GESTOR_DT C8.0 CNES C7.0 INFEHOSP C1.0 CID_ASSO C4.0 CID_MORTE C4.0
RDRR0709.dbc,2007-09,2013-10-31T13:08,120721,c2be5de2ee0021db02be8d5be5c89605e33555b459f3ddbf2bf57b49fd503b81,2045,19,UF_ZI C6.0 ANO_CMPT C4.0 MES_CMPT C2.0 ESPEC C2.0 CGC_HOSP C14.0 N_AIH C13.0 IDENT C1.0 CEP C8.0 MUNIC_RES C6.0 NASC C8.0 SEXO C1.0 UTI_MES_IN N2.0 UTI_MES_AN N2.0 UTI_MES_AL N2.0 UTI_MES_TO N2.0 MARCA_UTI C2.0 UTI_INT_IN N2.0 UTI_INT_AN N2.0 UTI_INT_AL N2.0 UTI_INT_TO N2.0 DIAR_ACOM N2.0 PROC_SOLIC C10.0 PROC_REA C10.0 VAL_SH N13.2 VAL_SP N13.2 VAL_SADT N13.2 VAL_RN N13.2 VAL_ACOMP N13.2 VAL_ORTP N13.2 VAL_SANGUE N13.2 VAL_SADTSR N11.2 VAL_TRANSP N13.2 VAL_OBSANG N11.2 VAL_PED1AC N11.2 VAL_TOT N14.2 VAL_UTI N8.2 US_TOT N10.2 DT_INTER C8.0 DT_SAIDA C8.0 DIAG_PRINC C4.0 DIAG_SECUN C4.0 COBRANCA C2.0 NATUREZA C2.0 GESTAO C1.0 RUBRICA N5.0 IND_VDRL C1.0 MUNIC_MOV C6.0 COD_IDADE C1.0 IDADE N2.0 DIAS_PERM N5.0 MORTE N1.0 NACIONAL C2.0 NUM_PROC C4.0 CAR_INT C2.0 TOT_PT_SP N6.0 CPF_AUT C11.0 HOMONIMO C1.0 NUM_FILHOS N2.0 INSTRU C1.0 CID_NOTIF C4.0 CONTRACEP1 C2.0 CONTRACEP2 C2.0 GESTRISCO C1.0 INSC_PN C10.0 SEQ_AIH5 C3.0 CBOR C3.0 CNAER C3.0 VINCPREV C1.0 GESTOR_COD C3.0 GESTOR_CPF C11.0 GESTOR_DT C8.0 CNES C7.0 INFEHOSP C1.0 CID_ASSO C4.0 CID_MORTE C4.0
RDRR0710.dbc,2007-10,2013-10-31T13:08,100164,74899f86abb2f9a470566198ab1c578704e6bbe78391fe1a8473f9ee56da67ce,1737,19,UF_ZI C6.0 ANO_CMPT C4.0 MES_CMPT C2.0 ESPEC C2.0 CGC_HOSP C14.0 N_AIH C13.0 IDENT C1.0 CEP C8.0 MUNIC_RES C6.0 NASC C8.0 SEXO C1.0 UTI_MES_IN N2.0 UTI_MES_AN N2.0 UTI_MES_AL N2.0 UTI_MES_TO N2.0 MARCA_UTI C2.0 UTI_INT_IN N2.0 UTI_INT_AN N2.0 UTI_INT_AL N2.0 UTI_INT_TO N2.0 DIAR_ACOM N2.0 PROC_SOLIC C10.0 PROC_REA C10.0 VAL_SH N13.2 VAL_SP N13.2 VAL_SADT N13.2 VAL_RN N13.2 VAL_ACOMP N13.2 VAL_ORTP N13.2 VAL_SANGUE N13.2 VAL_SADTSR N11.2 VAL_TRANSP N13.2 VAL_OBSANG N11.2 VAL_PED1AC N11.2 VAL_TOT N14.2 VAL_UTI N8.2 US_TOT N10.2 DT_INTER C8.0 DT_SAIDA C8.0 DIAG_PRINC C4.0 DIAG_SECUN C4.0 COBRANCA C2.0 NATUREZA C2.0 GESTAO C1.0 RUBRICA N5.0 IND_VDRL C1.0 MUNIC_MOV C6.0 COD_IDADE C1.0 IDADE N2.0 DIAS_PERM N5.0 MORTE N1.0 NACIONAL C2.0 NUM_PROC C4.0 CAR_INT C2.0 TOT_PT_SP N6.0 CPF_AUT C11.0 HOMONIMO C1.0 NUM_FILHOS N2.0 INSTRU C1.0 CID_NOTIF C4.0 CONTRACEP1 C2.0 CONTRACEP2 C2.0 GESTRISCO C1.0 INSC_PN C10.0 SEQ_AIH5 C3.0 CBOR C3.0 CNAER C3.0 VINCPREV C1.0 GESTOR_COD C3.0 GESTOR_CPF C11.0 GESTOR_DT C8.0 CNES C7.0 INFEHOSP C1.0 CID_ASSO C4.0 CID_MORTE C4.0
RDRR0711.dbc,2007-11,2013-10-31T13:08,107251,555e1c80f887ac4010f5aabe2e1af9b8f10d6564c64490cf24197e861e2fedff,1893,19,UF_ZI C6.0 ANO_CMPT C4.0 MES_CMPT C2.0 ESPEC C2.0 CGC_HOSP C14.0 N_AIH C13.0 IDENT C1.0 CEP C8.0 MUNIC_RES C6.0 NASC C8.0 SEXO C1.0 UTI_MES_IN N2.0 UTI_MES_AN N2.0 UTI_MES_AL N2.0 UTI_MES_TO N2.0 MARCA_UTI C2.0 UTI_INT_IN N2.0 UTI_INT_AN N2.0 UTI_INT_AL N2.0 UTI_INT_TO N2.0 DIAR_ACOM N2.0 PROC_SOLIC C10.0 PROC_REA C10.0 VAL_SH N13.2 VAL_SP N13.2 VAL_SADT N13.2 VAL_RN N13.2 VAL_ACOMP N13.2 VAL_ORTP N13.2 VAL_SANGUE N13.2 VAL_SADTSR N11.2 VAL_TRANSP N13.2 VAL_OBSANG N11.2 VAL_PED1AC N11.2 VAL_TOT N14.2 VAL_UTI N8.2 US_TOT N10.2 DT_INTER C8.0 DT_SAIDA C8.0 DIAG_PRINC C4.0 DIAG_SECUN C4.0 COBRANCA C2.0 NATUREZA C2.0 GESTAO C1.0 RUBRICA N5.0 IND_VDRL C1.0 MUNIC_MOV C6.0 COD_IDADE C1.0 IDADE N2.0 DIAS_PERM N5.0 MORTE N1.0 NACIONAL C2.0 NUM_PROC C4.0 CAR_INT C2.0 TOT_PT_SP N6.0 CPF_AUT C11.0 HOMONIMO C1.0 NUM_FILHOS N2.0 INSTRU C1.0 CID_NOTIF C4.0 CONTRACEP1 C2.0 CONTRACEP2 C2.0 GESTRISCO C1.0 INSC_PN C10.0 SEQ_AIH5 C3.0 CBOR C3.0 CNAER C3.0 VINCPREV C1.0 GESTOR_COD C3.0 GESTOR_CPF C11.0 GESTOR_DT C8.0 CNES C7.0 INFEHOSP C1.0 CID_ASSO C4.0 CID_MORTE C4.0
RDRR0712.dbc,2007-12,2013-10-31T13:08,93077,d6c5838ec19f4cd595f44835cbc3468bf8691299fccdbdbde13ae4d9292d3371,1496,19,UF_ZI C6.0 ANO_CMPT C4.0 MES_CMPT C2.0 ESPEC C2.0 CGC_HOSP C14.0 N_AIH C13.0 IDENT C1.0 CEP C8.0 MUNIC_RES C6.0 NASC C8.0 SEXO C1.0 UTI_MES_IN N2.0 UTI_MES_AN N2.0 UTI_MES_AL N2.0 UTI_MES_TO N2.0 MARCA_UTI C2.0 UTI_INT_IN N2.0 UTI_INT_AN N2.0 UTI_INT_AL N2.0 UTI_INT_TO N2.0 DIAR_ACOM N2.0 PROC_SOLIC C10.0 PROC_REA C10.0 VAL_SH N13.2 VAL_SP N13.2 VAL_SADT N13.2 VAL_RN N13.2 VAL_ACOMP N13.2 VAL_ORTP N13.2 VAL_SANGUE N13.2 VAL_SADTSR N11.2 VAL_TRANSP N13.2 VAL_OBSANG N11.2 VAL_PED1AC N11.2 VAL_TOT N14.2 VAL_UTI N8.2 US_TOT N10.2 DT_INTER C8.0 DT_SAIDA C8.0 DIAG_PRINC C4.0 DIAG_SECUN C4.0 COBRANCA C2.0 NATUREZA C2.0 GESTAO C1.0 RUBRICA N5.0 IND_VDRL C1.0 MUNIC_MOV C6.0 COD_IDADE C1.0 IDADE N2.0 DIAS_PERM N5.0 MORTE N1.0 NACIONAL C2.0 NUM_PROC C4.0 CAR_INT C2.0 TOT_PT_SP N6.0 CPF_AUT C11.0 HOMONIMO C1.0 NUM_FILHOS N2.0 INSTRU C1.0 CID_NOTIF C4.0 CONTRACEP1 C2.0 CONTRACEP2 C2.0 GESTRISCO C1.0 INSC_PN C10.0 SEQ_AIH5 C3.0 CBOR C3.0 CNAER C3.0 VINCPREV C1.0 GESTOR_COD C3.0 GESTOR_CPF C11.0 GESTOR_DT C8.0 CNES C7.0 INFEHOSP C1.0 CID_ASSO C4.0 CID_MORTE C4.0
