file,server_modified,size_bytes,sha256,records,ano_differs,mes_differs,layout
ERAC1101.dbc,2013-11-01T11:26,5804,d578116e5fc03d4505ae798da5a527f534cb74ebcf5ab53777ae20e5b72b6e63,255,0,0,ANO C4 MES C2
ERAC1102.dbc,2013-11-01T11:26,4799,e2030662fb7d160d78950a3e97483cd540b57254b7d4350d15c2895a8c8875e5,204,0,0,ANO C4 MES C2
ERAC1103.dbc,2013-11-01T11:26,3903,2b32af5f40302bc0d03a7222e4f6b42a6c741786bdd6a1ef126fb5ae0c6ac2d6,163,0,0,ANO C4 MES C2
ERAC1104.dbc,2013-11-01T11:26,4547,b582153620913e7aea3aade4bcd9192f83d47e23b4fb59a91956bf8eb52d7072,192,0,0,ANO C4 MES C2
ERAC1105.dbc,2013-11-01T11:26,7164,22a388ff5da12b51be40d04105cecb889eed78b4d2f3ffa5c812c925a800056b,329,0,0,ANO C4 MES C2
ERAC1106.dbc,2013-11-01T11:26,7303,93689327143f73543370a25c5db482b7c30ccbb87aeb9b111e70c9c38a316719,331,0,0,ANO C4 MES C2
ERAC1107.dbc,2013-11-01T11:26,7216,e19e33dcef28ac77ee85a18e1bafb4c7ae2265ec0e8285e9767e5dfa7149a992,321,0,0,ANO C4 MES C2
ERAC1108.dbc,2013-11-01T11:26,8861,64453c4c351010aabd77fc7c6671bea9f0d8f7a148b2d7c0c58cf405031b4d7d,400,0,0,ANO C4 MES C2
ERAC1109.dbc,2013-11-01T11:26,5149,b46450aefe89f9b50a895f557d01bee2cd614dab3da3e9d3b983d5d00b5942c0,223,0,0,ANO C4 MES C2
ERAC1110.dbc,2013-11-01T11:26,7904,e3cc2d1dabc16f7aed9540fa1ade386e9edd81de1b6e83e826aee1cf387ca1ab,367,0,0,ANO C4 MES C2
ERAC1111.dbc,2013-11-01T11:26,4874,3ac3963ce3f95a8ac24fa7417eeb7786d801ae214bed777fc858a91c7209f972,208,0,0,ANO C4 MES C2
ERAC1112.dbc,2013-11-01T11:26,4675,1076f368815c37a3b5d06bc2aace8bd361d9ec707f0a6c35afe397eb3320dc6e,199,0,0,ANO C4 MES C2
ERAC1201.dbc,2013-11-01T11:26,5140,9f3b24b3263ce1888469f9f4a22d1c1662fcd82ace2e7826a98283c663fd6230,221,0,0,ANO C4 MES C2
ERAC1202.dbc,2013-11-01T11:26,9535,2f4ca72f074ff11b53c1860701909b7fff9026ee41b88c364dc2bf5726316663,437,0,0,ANO C4 MES C2
ERAC1203.dbc,2013-11-01T11:26,9151,a9c0e87cdc7d1dd305f11408703d49cfd3f60e5f4090fc2fadd0458c2232ccb3,412,0,0,ANO C4 MES C2
ERAC1204.dbc,2013-11-01T11:26,11594,44b0fd0462d482744bcfaa6fd64b968c80018cf64439b4c78f57d76aec5c5dd7,517,0,0,ANO C4 MES C2
ERAC1205.dbc,2013-11-01T11:26,11954,81d49a6d1d350ea87b4e9e78e02b2d2d57d14d7f4c373632616bed761ab53839,555,0,0,ANO C4 MES C2
ERAC1206.dbc,2013-11-01T11:26,5558,d265f13d41af019cdfe6c16f8e8c24aa9da7a7d09c8c5798a9d9a213fc2b1e0c,247,0,0,ANO C4 MES C2
ERAC1207.dbc,2013-11-01T11:26,8469,a7031ffe0b9de906bef8b73e72115d2b90919851eb1f43f49395e893961ab5cf,398,0,0,ANO C4 MES C2
ERAC1208.dbc,2013-11-01T11:26,4566,0c4c61a7a454247b632172a49179f440014856fb16add98a9167f84fce37f14c,199,0,0,ANO C4 MES C2
ERAC1209.dbc,2013-11-01T11:26,6020,ecd595185cfd4854996dc01ea08c3598b93ec9c5ec31de7414bdbae76df5fcff,277,0,0,ANO C4 MES C2
ERAC1210.dbc,2013-11-01T11:26,6338,b9dc12b032620a8fd58280ade38ab6ccefeee05badf02dbc1b7ff20d20e24750,280,0,0,ANO C4 MES C2
ERAC1211.dbc,2013-11-01T11:26,6029,32e052c09f6f5ccf0c7b67c10910c7c1f839c151dd4d6e7b1e3effa0457fec61,283,0,0,ANO C4 MES C2
ERAC1212.dbc,2013-11-01T11:26,3709,bcae66ee6d2ab6aa0a897372456a63abe889304c4facb4a80bbedfa807da576e,157,0,0,ANO C4 MES C2
ERAC1301.dbc,2014-09-25T11:18,5417,d86a0f084cbc9ad4d746588a8907a48b8dbc358ff6c5512326d8a2361ff35dc4,245,0,0,ANO C4 MES C2
ERAC1302.dbc,2014-09-25T11:18,5672,b9ddcda76d3045174209fa048540892b91236c82bfac25666ee79ca4779eb1de,252,0,0,ANO C4 MES C2
ERAC1303.dbc,2014-09-25T11:18,4398,2eb947b8e1da22a80fcd4844aa4dad2011f876c9e83b3dc48d89ea9f6c2392d1,194,0,0,ANO C4 MES C2
ERAC1304.dbc,2014-09-25T11:18,3695,a6f732af56807d295eacd592f50631922500f5291ae73e103b916eca801f0c26,156,0,0,ANO C4 MES C2
ERAC1305.dbc,2014-09-25T11:18,6421,41aacc5520ac9d4aa2057c8ce7b021aefb7f5a54c1822be16c750369ef6952c5,287,0,0,ANO C4 MES C2
ERAC1306.dbc,2014-09-25T11:18,8419,938f50d6249a5515ef0cd83b575eb3cf2f8f467a27f4c3f9889d78de991a2554,371,0,0,ANO C4 MES C2
ERAC1307.dbc,2014-09-25T11:18,4921,04f105a356a2f63de4baa1a7f5e9ce74d7d9dc545a878e6d5f8013dfdafad6ff,204,0,0,ANO C4 MES C2
ERAC1308.dbc,2014-09-25T11:18,4302,06b45264032bdcf3b220cc2187bc9e9e295da9ca678131c4af1804d7c1238dbd,178,0,0,ANO C4 MES C2
ERAC1309.dbc,2014-09-25T11:18,3044,3cfb1d7a06536e62fb0875806ebe77c42f2703bbcf4e8c39937399a2f9ac5ed6,119,0,0,ANO C4 MES C2
ERAC1310.dbc,2014-09-25T11:18,4176,9a161f3f13ddfa05917cb626a59f01bb825b46a30a7c2ee207d2e5a6ad0eb470,176,0,0,ANO C4 MES C2
ERAC1311.dbc,2014-09-25T11:18,5779,6df4e5c460d340a0e43adcfda76822606f8f4ac104ea34558f8a0fef49ea33bf,257,0,0,ANO C4 MES C2
ERAC1312.dbc,2014-09-25T11:18,8067,475494216a97448a1d4a4ba178b6ac19756e703d7da5e01b815d8b83db973ccc,355,0,0,ANO C4 MES C2
ERAC1401.dbc,2015-10-05T11:58,8309,9e6acdca361e44ea390b9194ed435e67335338caad2f92f4b512d484f1eb6384,352,0,0,ANO C4 MES C2
ERAC1402.dbc,2015-10-05T11:58,8053,b89638f0b29c908582f07965ce1b729a60d6be72144c5c91e1857dde8ce1fbbe,351,0,0,ANO C4 MES C2
ERAC1403.dbc,2015-10-05T11:58,4880,4877080484280ea69d59f7a9ac9fa82d9ea5231ff541b6a713db3fd61ed86121,198,0,0,ANO C4 MES C2
ERAC1404.dbc,2015-10-05T11:58,4456,474357548c7b5e3349b7acc7c53dc96f9efe06e98d5a0b13da157ab0c32de841,187,0,0,ANO C4 MES C2
ERAC1405.dbc,2015-10-05T11:58,5145,ec3cd30fa39db149f3b62af179a8c6443df9f1f00df76434a3c074b9761e3137,223,0,0,ANO C4 MES C2
ERAC1406.dbc,2015-10-05T11:58,4528,b3e2609bb28382195bf78bbae2113dca8f70c313ecd316ef7297781174bec862,184,0,0,ANO C4 MES C2
ERAC1407.dbc,2015-10-05T11:58,5744,a053987417bfc69a1c97d9595e3e3e0d189a8a249339223c63b436960fde1b18,260,0,0,ANO C4 MES C2
ERAC1408.dbc,2015-10-05T11:58,4969,b07e8cdb63ddc40e87fdb1b1494523c486d6d61b8794d97306c3907fed9bc5a8,222,0,0,ANO C4 MES C2
ERAC1409.dbc,2015-11-09T10:30,7739,000e028d2a5f8e9d457116862130d74ddd84536d9390581fed2dee6450191703,352,0,0,ANO C4 MES C2
ERAC1410.dbc,2015-12-07T08:58,4975,42513673cfdc497a07a307526838fcd1225de5908ba68863ab3461d023e784ff,217,0,0,ANO C4 MES C2
ERAC1411.dbc,2016-01-07T10:01,4624,0dcabdabbd0299dce7e71eb3449f9a664e418dd3e9dbb3124b4486ebbe6f5833,197,0,0,ANO C4 MES C2
ERAC1412.dbc,2016-02-05T09:09,7692,1dcce73e025cfad0a4a4e7eb4b53a878c48df09484c7a8947be38a18705a3038,346,0,0,ANO C4 MES C2
ERAC1501.dbc,2016-10-04T10:20,6395,259244d117d4fee73ea7cae7ef6b63cc30169aa10285ed86a22724b842904f29,298,0,0,ANO C4 MES C2
ERAC1502.dbc,2016-10-04T10:20,2821,6a8d9ffa78f97a23b346886c4d0fa3e31799e7d9d29acf2dc59dcbc01f4c18f3,110,0,0,ANO C4 MES C2
ERAC1503.dbc,2016-10-04T10:20,3084,73b2d85154fe520dc92e3a6f85c79d03167c7e00a84c3f4d0fb733578a204d9b,120,0,0,ANO C4 MES C2
ERAC1504.dbc,2016-10-04T10:20,4410,c740885aa6cd24357de093fb2c216e905f444a0875082e5473ecc473e48a3ba2,187,0,0,ANO C4 MES C2
ERAC1505.dbc,2016-10-04T10:20,3886,f61aab386aaa7700f0da26a8c9a30f382f1ffbe1e51c68711e1fae34026a650e,169,0,0,ANO C4 MES C2
ERAC1506.dbc,2016-10-04T10:20,2257,f77574911a873ddef86fb06f20a4e718d5e4a85e14ff14a5eba406aac698d4e1,84,0,0,ANO C4 MES C2
ERAC1507.dbc,2016-10-04T10:20,3647,a45ecfcb3b5c0e07c37526016b9ccec5f6fd324307944e6177469eb1753a0cb1,151,0,0,ANO C4 MES C2
ERAC1508.dbc,2016-10-04T10:20,3591,3edc67f56c31438f794a1394a90775406c16b3194720f370c791bee4fdedede0,148,0,0,ANO C4 MES C2
ERAC1509.dbc,2016-10-04T10:20,4373,c032b4961c42235ff3405f629fdb1382075b233826e4a479353dcd044df75d1c,188,0,0,ANO C4 MES C2
ERAC1510.dbc,2016-10-04T10:20,4709,0e6d7e919a78840899d510a10ebc79a3a4660c7d5eaf9f08fb52ef79f86052bf,206,0,0,ANO C4 MES C2
ERAC1511.dbc,2016-10-04T10:20,5566,b3db8dd2532e6b7b67bd41517d8f0957d534b3734b49973fb379ea3178d0a5ce,265,0,0,ANO C4 MES C2
ERAC1512.dbc,2016-10-04T10:20,4132,4269f270db908fad37782c15d90fa3c754a05c5907eaad3b1a02e92d4a7033f3,188,0,0,ANO C4 MES C2
ERAC1601.dbc,2017-04-10T10:09,4265,24d430ae259483593a7cb87334caef0167f671fb02570d8bb1e304573916e378,187,0,0,ANO C4 MES C2
ERAC1602.dbc,2017-04-10T10:09,4534,67e1e72c1063d2a00f5af0e84d5ffc34b07603aa702427b1561efdd127a3249a,200,0,0,ANO C4 MES C2
ERAC1603.dbc,2017-05-05T14:39,5033,a58e50e0612a27ee960bcafd5d6aab35c647fb4b1711b4cfa2bb6f193286d3b9,221,0,0,ANO C4 MES C2
ERAC1604.dbc,2017-06-05T10:00,5515,6516572dde4bdfa7eba9eb9c5ac40cc1a0ca390c92b21a06f49092a422980968,261,0,0,ANO C4 MES C2
ERAC1605.dbc,2018-01-08T15:26,4308,62e7fef5bd7209a0109fc342d12d338fbdf6e69de8b80816b0e2a3c0ba2f7c3e,197,0,0,ANO C4 MES C2
ERAC1606.dbc,2018-01-08T15:26,7857,2ca918c06aa15a5eddc744dc4d08eaa6668c6ce94d3b48af189fc7da47616de0,378,0,0,ANO C4 MES C2
ERAC1607.dbc,2018-01-08T15:26,7388,9c1b4523dba0377f00552f1f8666cffb3d20d5a54ce00474d64bf902f6b4219c,351,0,0,ANO C4 MES C2
ERAC1608.dbc,2018-01-08T15:26,8774,f3e7e61c8ec3277674ec3cb83f646f9b610301c6eef5e4b454f0df65f7b4410f,421,0,0,ANO C4 MES C2
ERAC1609.dbc,2018-01-08T15:26,5979,cad018c8a2be2c0b5d9d0bfe3cc7d12e6c5e4479a723f0796da3b914bd8027b8,293,0,0,ANO C4 MES C2
ERAC1610.dbc,2018-01-08T15:26,8975,48318914b3e55c58cc8620c5f314d5955e9c06cbcb841fde211bbfa7694eeaa9,444,0,0,ANO C4 MES C2
ERAC1611.dbc,2018-01-08T15:26,10528,047c59f2f7046da6497804be3daffd74521f39ebdf8f6aacb6f84ea0a191815b,514,0,0,ANO C4 MES C2
ERAC1612.dbc,2018-02-05T09:39,3943,85cdbbaaee33900ea54a083411da797e5beb479e35c9858bf0edfbdb32ffdd56,174,0,0,ANO C4 MES C2
ERAC1701.dbc,2019-04-10T16:28,3191,3c2d40773237de07ac221955a82383c21874c0c0b9983953265918d5be69bacd,142,0,0,ANO C4 MES C2
ERAC1702.dbc,2019-04-10T16:28,3344,7a079b172292090ab77485176160cba3cd5e2ad65feb2fa2f2581e8e6942659e,151,0,0,ANO C4 MES C2
ERAC1703.dbc,2019-04-10T16:28,4604,ee6613a02d22573b1540c3edc77c6fa6e3d11ae3569030f390a50d830f3b0cb9,211,0,0,ANO C4 MES C2
ERAC1704.dbc,2019-04-10T16:28,17441,e471a53571d446746dc79459677fc44fc610fd5c127e28e4ef1ada0d99f328fb,828,0,0,ANO C4 MES C2
ERAC1705.dbc,2019-04-10T16:28,14554,6fadc3adad63e77fb110e85ba9c14a816c5492370c4e716ebdc737ab4e054da1,692,0,0,ANO C4 MES C2
ERAC1706.dbc,2019-04-10T16:28,9963,e9ff67239ba2a0f33303d7686c6207d52cdc0ff7c7190a12e04fac2681c4c1a0,457,0,0,ANO C4 MES C2
ERAC1707.dbc,2019-04-10T16:28,7250,ed2b6e769f3a66801c4f4b6d76b44845245871c5a01b2408a5f8ce7082d60768,338,0,0,ANO C4 MES C2
ERAC1708.dbc,2019-04-10T16:28,6985,8354430d9a8bd6061e387efef5a653e79d721b9bf5d067a0ef58dabd8c69784a,308,0,0,ANO C4 MES C2
ERAC1709.dbc,2019-04-10T16:28,30888,2828055f156cf63b870aedb4ad2232b8708107e9e259aab8e153d0900014fc3b,1469,0,0,ANO C4 MES C2
ERAC1710.dbc,2019-04-10T16:28,10591,4aae0ce7886d868158de4f1d49c42db15a0dfb4bf94711a99d6153ac23170907,463,0,0,ANO C4 MES C2
ERAC1711.dbc,2019-04-10T16:28,10925,3d02bc58f3d68d72a4e775df7a72664047b17e48cf33d5d544884d58dc3786ea,477,0,0,ANO C4 MES C2
ERAC1712.dbc,2019-07-08T14:45,22573,bb25277197a5e553315577c7d1f4a5bf2a80f607ce3d863ce09195d3b2e42ac4,1095,0,0,ANO C4 MES C2
ERAC1801.dbc,2019-08-05T14:40,15856,78e1b49cb51c6b4f8c918846eb8cef635bbb80ad8305fa64f6068419a14c79cb,721,0,0,ANO C4 MES C2
ERAC1802.dbc,2019-08-05T14:40,12293,2fa1b3d1229a875634f0688cf5ca22c18ca0216b89efe6d797d06eaf87a10c76,577,0,0,ANO C4 MES C2
ERAC1803.dbc,2019-08-05T14:40,24011,57ef356e8cd9ea4e7b997277bd52cc61bfe58906d7e0ee5289830ae1aa33fdf9,1150,0,0,ANO C4 MES C2
ERAC1804.dbc,2019-08-05T14:40,26261,a12815b4b47e4746e35bb12a2327fecc64fad59f09798c7473d3cbff5ebc5da8,1242,0,0,ANO C4 MES C2
ERAC1805.dbc,2019-08-05T14:40,20096,fbe845ce14574e698972c48d049372416753668edbf6b63b0fe8e75a438da4f2,934,0,0,ANO C4 MES C2
ERAC1806.dbc,2020-01-09T16:48,22020,79d787288587c4094107ba20d6c06d865d7a1bb092c0cd19dbfd6c188e453285,1022,0,0,ANO C4 MES C2
ERAC1807.dbc,2020-01-09T16:48,15630,614ef084c8633c44db0982e235384ac787d098cb1a10789026547a4a65891237,700,0,0,ANO C4 MES C2
ERAC1808.dbc,2020-01-09T16:48,23510,8c5481436fcc793f12f19c86f765dbd49c898063ecb9e0408575c1bebbe718d7,1101,0,0,ANO C4 MES C2
ERAC1809.dbc,2020-01-09T16:48,31798,55757c99f7546f1e7d082d99594ac1956d829a2274e1784a54f379072478e913,1511,0,0,ANO C4 MES C2
ERAC1810.dbc,2020-01-09T16:48,29596,809aba749d6b950efb6fa2406d75d9f9f1ab6dbc21b82757fae17bcd90ee608b,1398,0,0,ANO C4 MES C2
ERAC1811.dbc,2020-01-09T16:48,31309,c0ab93116486336cd45576a41c6171020916695a8fff1210616319599de8aaa0,1479,0,0,ANO C4 MES C2
ERAC1812.dbc,2020-02-07T15:02,25487,69c03afbc5367e14563f83ad604c93e7918749102475c2da00c63bcf3fee5711,1205,0,0,ANO C4 MES C2
ERAC1901.dbc,2020-03-10T14:43,27931,0ae8e86fbd8d640b00c7020f075ff54282418800c3bf30a442d21df17e62e5a3,1305,0,0,ANO C4 MES C2
ERAC1902.dbc,2020-04-05T14:39,28336,1b2e65fcc8a338ddb456041e2d1debd749d8f14bb99e05a1ec8eada109a9c021,1337,0,0,ANO C4 MES C2
ERAC1903.dbc,2020-06-04T13:54,42280,7ac3b6b2fd78d1e3d64540c0759fc16d926a8df7ffad478272c3dc8f3e16e494,1967,0,0,ANO C4 MES C2
ERAC1904.dbc,2020-06-04T13:54,28161,859b42330c400c5a18e59ad23f6108703e3e1171e4a0e13dab6360ea361cb67c,1347,0,0,ANO C4 MES C2
ERAC1905.dbc,2020-07-04T11:39,46724,4e1d9b1fee743e536c6b9432d6dcef1b700a7fc13184ffd007d26e12ca21f9b5,2191,0,0,ANO C4 MES C2
ERAC1906.dbc,2020-08-04T10:41,28103,b70b8316f43a9540a942978b3babe2a06449f7ebf843a8e3b5a5df36bad86889,1341,0,0,ANO C4 MES C2
ERAC1907.dbc,2020-10-06T08:43,34492,b891111a6a85a4c23871a08d0d42290f2d44713e46e52b7f0140eb6ec4bb37b3,1594,0,0,ANO C4 MES C2
ERAC1908.dbc,2020-10-06T08:43,32897,01d042064f2bf5155a931174ae21c4314a1724f0ac2fc5460e170f4227a4d930,1554,0,0,ANO C4 MES C2
ERAC1909.dbc,2020-11-18T10:38,30031,79383018edf647d9ce4fa1fdc58e229b26588ac83581029dc9654b37826aca50,1424,0,0,ANO C4 MES C2
ERAC1910.dbc,2020-12-07T11:23,33718,7d77556660a5d28e7efeb9897b18eecd72ccf4933af2010fbdec3d77ca4678eb,1572,0,0,ANO C4 MES C2
ERAC1911.dbc,2021-01-14T08:10,28609,4fa2be35f007c63810af63675316155fe9f69c4227db69f0da91ab5ae91f4148,1351,0,0,ANO C4 MES C2
ERAC1912.dbc,2021-02-05T10:26,30025,fdb13dd2dae18097210257ec31e05696635b8dd3a37de2de55727878474dd3ad,1410,0,0,ANO C4 MES C2
ERAC2001.dbc,2021-04-05T13:24,34955,3b4ed77b049d74418312666a94cbc61a95058a714f5a543d62a90df57ab2c318,1632,0,0,ANO C4 MES C2
ERAC2002.dbc,2021-05-07T16:35,29754,a54e902dce5665da1d7e4535f373136cd34d8d11c966dd818261c322e11cda2d,1376,0,0,ANO C4 MES C2
ERAC2003.dbc,2021-05-07T16:35,24678,04a4964366ab46c5140879a67645467dc1fa66ea4ce0a4f448b4b850447dcf9a,1142,0,0,ANO C4 MES C2
ERAC2004.dbc,2022-01-10T14:22,24520,d636ea6ec3d4d7c2901dd1b208d5e00345a533bfb9dba38ce6ea9e1b37dea475,1141,0,0,ANO C4 MES C2
ERAC2005.dbc,2022-01-10T14:22,17413,9253600b6ec4c80a5ad221b2dc291710bfaa8c152c6f7cc34345fe772d046883,788,0,0,ANO C4 MES C2
ERAC2006.dbc,2022-01-10T14:22,20149,edab05d4b40b6ba2089b5ca9a483603fea63d6921eb65be1150bed23268f0b79,928,0,0,ANO C4 MES C2
ERAC2007.dbc,2022-01-10T14:22,18081,a020d996bb2a728a971ba33ded005aa79c979cd602859f19ee44d0beb995da77,827,0,0,ANO C4 MES C2
ERAC2008.dbc,2022-02-07T10:05,16847,35b90ec4f8a5fb808ac4c3885a9b54d8819956319c3da02c5bb0aa0f979888ed,750,0,0,ANO C4 MES C2
ERAC2009.dbc,2022-02-07T10:05,15201,6a6770f6efd89daa12a910fa2e50974b754d802f1afa0f53bcb2943c7436216b,684,0,0,ANO C4 MES C2
ERAC2010.dbc,2022-02-07T10:05,15957,21a6ca1f3fa856a256a2b26cf4f0c1526dbcaece588f233572f9aec1a5a4f550,716,0,0,ANO C4 MES C2
ERAC2011.dbc,2022-02-07T10:05,16613,432be5b9a4cfec9ab6af419015efee9434673902235a1aa4b922ae9dc3f7b49e,762,0,0,ANO C4 MES C2
ERAC2012.dbc,2022-03-07T13:13,19383,d7c3fbf9ed2af15454a2621a70eea9129b40550bb0fa4ed0dafbc9ee4ff03452,891,0,0,ANO C4 MES C2
ERAC2101.dbc,2022-03-07T13:13,16118,1a7b218bea5bef8125f493cf15dc1b358bf1d1d86f169344d6a4d1a63d1f2aca,733,0,0,ANO C4 MES C2
ERAC2102.dbc,2022-04-11T19:22,20681,5d466bb04eac4a3fe5b9a0777dc8d4d3b8c7ec63437ca6652dffacf2ac2109b6,976,0,0,ANO C4 MES C2
ERAC2103.dbc,2022-05-04T12:32,21107,ead715d03c6648b8a4447839874a67c879f0b71dfb398855cf7170945b0f35f7,979,0,0,ANO C4 MES C2
ERAC2104.dbc,2022-05-04T12:32,19613,463a38b9111b7c7e2df203441180f19bc70e5ccf42b5247af9e82b210c2b9a04,902,0,0,ANO C4 MES C2
ERAC2105.dbc,2022-06-03T13:03,20645,b60185ba5dfc7cb4fb821418c3d7bc3117af841b4a63382e7af66c0e69f22670,929,0,0,ANO C4 MES C2
ERAC2106.dbc,2022-07-06T13:11,18389,d68e06ff7a0d9a1335350886cef810713e7ac7e7401a402375e8259a23fde5a4,851,0,0,ANO C4 MES C2
ERAC2107.dbc,2022-08-04T15:39,23702,05ed7a1b89e077232fb7979be21f60c7228aa1e6d54626f0a2963d7d122a0d89,1088,0,0,ANO C4 MES C2
ERAC2108.dbc,2022-09-06T11:16,17558,eab56d6c423dd2209dafb449f660fff420b6c9069284e6a2c25a2159e57a1343,798,0,0,ANO C4 MES C2
ERAC2109.dbc,2022-10-05T14:25,15562,42f32b1d7beafb5aa4b348b11b0ed8f7defe899551f6418679c8562b716a4b99,706,0,0,ANO C4 MES C2
ERAC2110.dbc,2022-11-03T17:54,14144,5e1970f82d840baeee8e897381383dda481e13cdad2d7fcde1416a96cf3fe994,643,0,0,ANO C4 MES C2
ERAC2111.dbc,2022-12-06T16:21,11413,fdc84b52ad031ce5d973afc26e35c14b49f3cfd20ee9da06eeb28a3ed3e52c28,502,0,0,ANO C4 MES C2
ERAC2112.dbc,2023-01-04T12:45,18201,0f27fc49c62bd6cc86853bc76b6d381c369b9b47f7c560ecd18706aebd2796e0,833,0,0,ANO C4 MES C2
ERAC2201.dbc,2023-02-06T13:00,18091,30cfc0ffa6e59f3056bf1fb8fb2625d5ed1cebc438511fdd16398f6d5fc028d0,823,0,0,ANO C4 MES C2
ERAC2202.dbc,2023-03-09T16:42,16733,8954be2118fd84676bbe561152f1e4a912f51861389f2f014729c513290a14c4,747,0,0,ANO C4 MES C2
ERAC2203.dbc,2023-04-05T13:32,21130,b46aa67d50cc5f0c2811c6bf9c9d87b9c7b3cc200b7c20247f4b4d8af9b68079,972,0,0,ANO C4 MES C2
ERAC2204.dbc,2023-05-08T14:31,21883,a74d938c91a0506b45b8964831420280df7f9f9eb101dece0a1fe8ab294135de,1010,0,0,ANO C4 MES C2
ERAC2205.dbc,2023-06-05T11:31,22149,7f518c4d38da3ea02cdc4912834ca472265cf020e25df2ecd36fdc510af4364c,1041,0,0,ANO C4 MES C2
ERAC2206.dbc,2023-07-05T12:43,32446,33ce971c0a2849b78003130ef04bcf290d2775359e9050ea9d8b5dd17e1b4b2b,1607,0,0,ANO C4 MES C2
ERAC2207.dbc,2023-08-03T16:36,32294,5fc21f2066c326be9c767fb865969274c28449fd5ad34e6f66449ae1c0e49997,1566,0,0,ANO C4 MES C2
ERAC2208.dbc,2023-09-04T21:02,29400,fd11833e7333412bfed39168401be1e52ffb2348d3005d3bde351b0a5dd72fea,1395,0,0,ANO C4 MES C2
ERAC2209.dbc,2023-10-04T17:02,38978,3c7ee439ac18d5ba9f9636eee457a6aa482bd8f8df2d48a5fbd832abd5fdc5af,1893,0,0,ANO C4 MES C2
ERAC2210.dbc,2023-11-06T15:49,28918,2b6fdd1dcf9235ee5835157bff69d38bea394a593292d926f4939fdf5e33b821,1416,0,0,ANO C4 MES C2
ERAC2211.dbc,2023-12-05T14:58,29552,e3a32684ec076d606c283cf0e46dd15d5972560f26d5eeeb86fab629ad1389dc,1394,0,0,ANO C4 MES C2
ERAC2212.dbc,2024-01-05T17:49,26569,6ad786ffb6cdcfd0d2d2ee16a10ba98f33e36ebdcf10eb9faf015182e64f9178,1257,0,0,ANO C4 MES C2
ERAC2301.dbc,2024-02-05T22:52,34330,d80973b5392f2c57627cd7755239dffb82f5c3be53bb990238187fba9779e924,1638,0,0,ANO C4 MES C2
ERAC2302.dbc,2024-03-07T18:40,29533,dc40963d00e8ecbfe02fd899a9969dad941204107901fb46f70f6e78dece434d,1375,0,0,ANO C4 MES C2
ERAC2303.dbc,2024-04-09T14:24,25796,4f6546ceb2fa344474dc089a258b625aebe3345a72f8c59b466537f95db3d1f8,1191,0,0,ANO C4 MES C2
ERAC2304.dbc,2024-06-16T01:07,17483,b4cac5c56a6e7c2d289653d9840bb412faf5aecdfb0ce1576aae2e5a9f95bf54,793,0,0,ANO C4 MES C2
ERAC2305.dbc,2024-06-16T01:07,16709,81d47c548499befe46718a61f939a55a6b7824759c5cb708179381a15ed4c9b5,758,0,0,ANO C4 MES C2
ERAC2306.dbc,2024-08-05T14:44,19146,40e72a538be09765404a163eb4526a76c87073b81a74e560fb9747c4ae90728e,878,0,0,ANO C4 MES C2
ERAC2307.dbc,2024-08-05T14:44,23335,65923c955ac5f52e1d96bcf2f2e8960874a6f4f8a633ff291f7edb783b75399a,1114,0,0,ANO C4 MES C2
ERAC2308.dbc,2024-09-05T10:27,24113,9590fa274b471441c04679f1575d6a37e17b2290ba4901565ccb355bb319c6fb,1143,0,0,ANO C4 MES C2
ERAC2309.dbc,2024-10-08T12:05,28403,e1476253f881f8d282058201cf28bcbe5c72686a5ec3f2bad0b9b835b251480b,1369,0,0,ANO C4 MES C2
ERAC2310.dbc,2024-11-07T15:41,29053,eceb861a44aa9b874e6940bc556c89dc831e79b129964eb24525de21ddf6f7d8,1431,0,0,ANO C4 MES C2
ERAC2311.dbc,2025-01-05T18:55,13289,041ac8d791aa916a503d0603bca1c8d410b61a5d498180432befce7f35a93c0e,591,0,0,ANO C4 MES C2
ERAC2312.dbc,2025-01-05T18:55,19378,a95c54ace16b4e71ce5879a2b71b50a658e2c08b168b74d985e550bb057d0c56,926,0,0,ANO C4 MES C2
ERAC2401.dbc,2025-02-09T21:24,16584,643d191b2f6735c4089f7a6924ac5a5acf3af29f5629b6abb9a647f97da52156,772,0,0,ANO C4 MES C2
ERAC2402.dbc,2025-03-11T23:45,20186,61dd550eb8681e74fcec7e76f4dbada345a942423300ff48ecc62a5b2a3d35a4,964,0,0,ANO C4 MES C2
ERAC2403.dbc,2025-04-05T12:13,19309,91db69e90eec8f97612ff577bea77bfa01c1d45c4f5430d5361dd7bcdd55beea,913,0,0,ANO C4 MES C2
ERAC2404.dbc,2025-05-08T08:06,19442,cb5b6769c479e858b0e9860f8571047a185d4cebcc8e80c315f5cc284c051701,910,0,0,ANO C4 MES C2
ERAC2405.dbc,2025-06-06T10:44,22055,0e1dc3946587228a3840d0e276b74fc697d8e32b91e1f4a7c8459e74774dfd38,1027,0,0,ANO C4 MES C2
ERAC2406.dbc,2025-07-06T11:29,23329,4501bc686268b505f8776deb21b855a6f45ae98faa6cc53b9d653fc96ff27482,1086,0,0,ANO C4 MES C2
ERAC2407.dbc,2025-08-04T07:13,19764,2c4d7b36c87df96a7f3c2a2b7506c6df7259200317febfe4e5ca3c5fdb9f8078,905,0,0,ANO C4 MES C2
ERAC2408.dbc,2025-09-05T12:54,13983,69cab99aa8674d77c8d2674e8b400d9df32f8970840e47551dd1b88b25ec1a59,640,0,0,ANO C4 MES C2
ERAC2409.dbc,2025-10-06T17:05,24127,cd3e7d7507b1ef8a4e9ff3a3d26e2a942644c88aa1d0f9b5e04ee9f45651c350,1138,0,0,ANO C4 MES C2
ERAC2410.dbc,2025-11-06T16:20,11821,90b927c3e4bffa2129d2da1bccce36e03d42bc6f01c8826cec06b32466174421,522,0,0,ANO C4 MES C2
ERAC2411.dbc,2025-12-05T20:17,12204,9857bc4fc16579a8fce2b5c881556c85455efb56f3e47555950d0e110006e790,555,0,0,ANO C4 MES C2
ERAC2412.dbc,2026-01-07T19:03,15256,da4eecf00f94ba4f0f52eb1e4ca3b0c610db12de770e889d5a20d9e7ed226ba2,703,0,0,ANO C4 MES C2
ERAC2501.dbc,2026-02-08T14:13,14278,f1493372d75d155e04447df03c77b74a83f13df20a4bd88ddef0d03f6971b2f9,647,0,0,ANO C4 MES C2
ERAC2502.dbc,2026-03-06T22:13,19750,a94124f6a893d9872acf0aab8889452b5eb86e2d3c97e7823cd25c92c4f28d74,902,0,0,ANO C4 MES C2
ERAC2503.dbc,2026-04-07T07:24,14257,07163b380338ff108dd59116782bf0fc5b5f273cec90b924e68c512395a74d59,647,0,0,ANO C4 MES C2
ERAC2504.dbc,2026-05-06T19:00,18418,3d2219b1655aa4b9889be276b9d2054cd9c9f3eab3dff7b8cc55a80a039e99eb,865,0,0,ANO C4 MES C2
ERAC2505.dbc,2026-06-06T20:15,14135,5db61bae020f66380dcc1815dd9b40bc48d03bb8a2bcc50127070765ab115b34,651,0,0,ANO C4 MES C2
ERAC2506.dbc,2026-07-06T15:10,19972,aa565ceca07976ff9653852f7ebfd5c0d4f61dced3bd624cb3a4b010ea027756,933,0,0,ANO C4 MES C2
ERAC2507.dbc,2026-08-07T12:25,15370,5b125d5c68ed224c6b6cfd5fd9348acd35ac881a7e2f8754039c9c0227792f8f,717,0,0,ANO C4 MES C2
ERAC2508.dbc,2026-09-06T21:26,27591,0aef507d1af4440640420a113c604038c2e80c79bf68bcd85800a9be7c852a71,1302,0,0,ANO C4 MES C2
ERAC2509.dbc,2026-09-06T21:26,17101,ec7d18b611e22e67227f9642cbb7b7bbe571bf61a6d98761a460395af2d6c02e,778,0,0,ANO C4 MES C2
ERAC2510.dbc,2026-09-06T21:26,13454,5a0cd3f50e1a834bb7e6a28a49f86d6f7183c5b9033556dc8d62355a65d48266,618,0,0,ANO C4 MES C2
ERAC2511.dbc,2026-09-06T21:26,15989,ac0fca4bd226a2e9edd8e3923887a89fce5fc758ada51823ce041b81fd5acad3,728,0,0,ANO C4 MES C2
ERAC2512.dbc,2026-09-06T21:26,19317,d5e70eccc059aa3cc47b6226216f3d6f2dee3523d9999bd82174181755b080f7,907,0,0,ANO C4 MES C2
ERAC2601.dbc,2026-09-06T21:26,18644,41d6fe45b9935d793af8708bf0b8d410dc4c4fb37c132d5c4c3038016c62356c,860,0,0,ANO C4 MES C2
ERAC2602.dbc,2026-09-06T21:26,19642,e9955a98c6cf9a419b52f2902b464d3f68f72152af4208bb367e215e95ea56df,915,0,0,ANO C4 MES C2
ERAC2603.dbc,2026-09-06T21:26,19879,062726eb62c2551831777ec147cdda1a02b28ad29a97a1a9380ee285c2efce16,917,0,0,ANO C4 MES C2
ERAC2604.dbc,2026-09-06T21:26,18368,453b938b90b962daa602b31ae38929c21aa86f58885f565045f702638c4359c8,859,0,0,ANO C4 MES C2
ERAC2605.dbc,2026-09-06T21:26,23122,1677d31086361a9ba8f928945b204b572a4031f7fd3ff35bdf66f02fa0fceacd,1073,0,0,ANO C4 MES C2
ERAC2606.dbc,2026-09-06T21:26,24501,d272fcc381af6ed9009f1839cbd445514cb5b2659d97a70c219f2313dd9aa2a8,1173,0,0,ANO C4 MES C2
ERAL1101.dbc,2013-11-01T11:26,18075,6a4e1d839209c2aa7842042b58c53e1d95cbdb55d2436c1bad82274bd06481c5,784,0,0,ANO C4 MES C2
ERAL1102.dbc,2013-11-01T11:26,14736,6a2b2047fcf5a0d6b3ae125e09dfcc7a163b5468500203c0478fd84d22d1ef70,612,0,0,ANO C4 MES C2
ERAL1103.dbc,2013-11-01T11:26,32118,b655cb7f0d3572f4ae7e586935749a7e34196ef0fae7778c4050324ae1edbc8b,1496,0,0,ANO C4 MES C2
ERAL1104.dbc,2013-11-01T11:26,22822,1520c3765a41843bd148c9d8bf5b2494c47abeee9b240cc9f9f860ad487324e6,1022,0,0,ANO C4 MES C2
ERAL1105.dbc,2013-11-01T11:26,26617,6fc256172ba5be0620aa8c41b413f3fc6a21a3556eef53eb9a7a001c87c52210,1204,0,0,ANO C4 MES C2
ERAL1106.dbc,2013-11-01T11:26,25723,9c1e07cbbfb7f87c68b255883e7c819fd2e5683e2baaf6d493ba450fee7e7af3,1185,0,0,ANO C4 MES C2
ERAL1107.dbc,2013-11-01T11:26,28703,ff62da13ebf0575406942c0613f9a17493c6a74060a2dd8243220592c44a5096,1321,0,0,ANO C4 MES C2
ERAL1108.dbc,2013-11-01T11:26,30093,e9b7d737d51314d7401f038e1e3c1afb4f9531efd59871efdda835b326e52bb4,1369,0,0,ANO C4 MES C2
ERAL1109.dbc,2013-11-01T11:26,27199,98535f9c01830f77a0b70157cbf775314165018ce1921610e9d4bb282c37e7eb,1243,0,0,ANO C4 MES C2
ERAL1110.dbc,2013-11-01T11:26,30745,1f1c4528bb6024f9dabe9c140e32505b8e9f6c0bf657b94391b94ea0fc5df757,1429,0,0,ANO C4 MES C2
ERAL1111.dbc,2013-11-01T11:26,29684,15207b16a8cf7c28eb783a639b2da410f93a17bdc0deca811c6c97c81849dc18,1363,0,0,ANO C4 MES C2
ERAL1112.dbc,2013-11-01T11:26,19833,63f3952ca57941ee7e86f2da67633e214230fa2c7fc4e38bf7692e3f27fe2a98,862,0,0,ANO C4 MES C2
ERAL1201.dbc,2013-11-01T11:26,28523,74d5c6bdb3d67a093bacbaa30a6382c1c570f8895ace64812bee4f9f7f8fbf7e,1329,0,0,ANO C4 MES C2
ERAL1202.dbc,2013-11-01T11:26,20310,80761b0c2c4675e2bd8c02a93f51dd8825f226ca5304bc3c195b8d2aeb36f816,881,0,0,ANO C4 MES C2
ERAL1203.dbc,2013-11-01T11:26,24590,8a1e565ae010a8ba8341e44e48534f000025a8c0945bc7bf12996a63f782600a,1100,0,0,ANO C4 MES C2
ERAL1204.dbc,2013-11-01T11:26,24304,b095aada65e1e8828e659f1a368440d4691d29797f237fa9607e5def53ab9080,1101,0,0,ANO C4 MES C2
ERAL1205.dbc,2013-11-01T11:26,23814,dab77bd51edc351121fdcfb16f2676ec2b8521b0e1722b9b0d7e9ba11cf2e4d5,1064,0,0,ANO C4 MES C2
ERAL1206.dbc,2013-11-01T11:26,27247,8488370d2bc0cf90889b3c172048831baaf52aa7335586d457ce14cf0bb9eb62,1257,0,0,ANO C4 MES C2
ERAL1207.dbc,2013-11-01T11:26,29674,f3b10cb2f1af485447c031a3622186aaafc6d422144ab55e3731a9ebb1209391,1347,0,0,ANO C4 MES C2
ERAL1208.dbc,2013-11-01T11:26,28134,05b954d22b601988b6554fdd301415b544d90526457782392c58176ddebe1157,1279,0,0,ANO C4 MES C2
ERAL1209.dbc,2013-11-01T11:26,34552,dfcdc49a9d5696543a273d36adabfca534a2e933698f69674dbdabd71d1df92a,1685,0,0,ANO C4 MES C2
ERAL1210.dbc,2013-11-01T11:26,25895,77c4d25998225f2c57260f49db9f80ae8a47fb99c03b39c92118fb35d90e4aee,1141,0,0,ANO C4 MES C2
ERAL1211.dbc,2013-11-01T11:26,46418,b6840cd84d3d6ac0ad54e84bce5a87d42933f7d1b45845f24d3485de6957515b,2212,0,0,ANO C4 MES C2
ERAL1212.dbc,2013-11-01T11:26,21929,246dacb18734976f4bad204ca18f4f0be61a2b929f6f5639b104635746966270,945,0,0,ANO C4 MES C2
ERAL1301.dbc,2014-09-25T11:18,33769,45f47a5bb26a7dbbf1f701a3b73e9aca50df7f3b08a8f549cc9b5bb0abf0ef8f,1531,0,0,ANO C4 MES C2
ERAL1302.dbc,2014-09-25T11:18,20651,e94ebf50b33f2551198ce2f2802e2db215eae54a90428f294c9d07cd126ab554,897,0,0,ANO C4 MES C2
ERAL1303.dbc,2014-09-25T11:18,20589,f44d7bd65d71d408006ef0efd89a8a3af5b66876388bfde99269c33b2f36e75b,887,0,0,ANO C4 MES C2
ERAL1304.dbc,2014-09-25T11:18,23463,a1f95c112fa730d219d7e04915f7f60651938feaf092b88ed06f26987acae103,1048,0,0,ANO C4 MES C2
ERAL1305.dbc,2014-09-25T11:18,30613,009ad08a1a4ab0603d78276ef8781771aae39728c10ca46704df8c3590d916ae,1390,0,0,ANO C4 MES C2
ERAL1306.dbc,2014-09-25T11:18,28746,7b5552ef964b85f1a6fb1fa2b60045cd2d3fb3aec0801265d8237873d67c756e,1311,0,0,ANO C4 MES C2
ERAL1307.dbc,2014-09-25T11:18,27805,1c53fdf2e01c7f89821d10404c4662a2723ab8c22e0db6f8a88895ca3556763f,1281,0,0,ANO C4 MES C2
ERAL1308.dbc,2014-09-25T11:18,29869,e8833054a7ae38465e02738d0ba5da9521e04bb6532d8392e8af5c128f551a81,1411,0,0,ANO C4 MES C2
ERAL1309.dbc,2014-09-25T11:18,37973,8a34a8ba546b154e9c86d5685a3309698239ca4fd990393a40ca71326f1071b9,1867,0,0,ANO C4 MES C2
ERAL1310.dbc,2014-09-25T11:18,30049,15b960fdb15086ca01ab60d5fdbaf85414fe8c2ae4b61b2454c58843566c1906,1387,0,0,ANO C4 MES C2
ERAL1311.dbc,2014-09-25T11:18,29022,d02fde02f3d69517633bb97b30bcf6e0cc25ec754070e4190727ab2189021bb5,1325,0,0,ANO C4 MES C2
ERAL1312.dbc,2014-09-25T11:18,25297,457e566e2c5346859c3008918976eb426583806cde2c5f337db68b990cdd31e2,1169,0,0,ANO C4 MES C2
ERAL1401.dbc,2015-10-05T11:58,23449,0e0a292ad92c6a089b9d58f583f9643cb8a1798c732042924667a3d282639f6c,1077,0,0,ANO C4 MES C2
ERAL1402.dbc,2015-10-05T11:58,25434,3edd80798f2a755991648cb1f4592326aa6bf1b2abde78f6e312799e360b37ab,1176,0,0,ANO C4 MES C2
ERAL1403.dbc,2015-10-05T11:58,23460,52dd8f22a7b474c8ca9d4777cc7aa5898fbd8e45d83811576ca8a89c3c5ebaa1,1092,0,0,ANO C4 MES C2
ERAL1404.dbc,2015-10-05T11:58,27568,d070344f03894e1d4d086637310b2842caf050a70d56dcdd46c77b6a7307a262,1282,0,0,ANO C4 MES C2
ERAL1405.dbc,2015-10-05T11:58,30015,4ac8df281586a74d00e66a29176c7554d0930dbc05af1888c097e87e01301538,1385,0,0,ANO C4 MES C2
ERAL1406.dbc,2015-10-05T11:58,19371,613a1213d1ac9f4cb3ea2f87ca43c421a97caeab9eb61a953e48cc8d6491291e,845,0,0,ANO C4 MES C2
ERAL1407.dbc,2015-10-05T11:58,22802,735cf34e43c3ad6e974af427233d6dd4cfa913bc3f5defd6def34628ce32b0e9,1032,0,0,ANO C4 MES C2
ERAL1408.dbc,2015-10-05T11:58,26552,7e053145a247eb914324fef8bec990410e87bd8ad0e3517eb9d8f5971b514444,1186,0,0,ANO C4 MES C2
ERAL1409.dbc,2015-11-09T10:30,33042,1016272283ce21d3d49f9eae0067cb43bcdae7b58a285983fb778cfcd90e8f39,1548,0,0,ANO C4 MES C2
ERAL1410.dbc,2015-12-07T08:58,27548,0da4e7bcc99eea43dd1b7501959f0049110598c53bc56ae488e54ff3cad87c50,1262,0,0,ANO C4 MES C2
ERAL1411.dbc,2016-01-07T10:01,27503,e3d8fc7530138f241864832d0d610f5b0da2ea6bc560d8b2f707ac4c934f0eed,1255,0,0,ANO C4 MES C2
ERAL1412.dbc,2016-02-05T09:10,25546,3257c28eccc5a12ca1f771ce15b63b6b4a054bb024f2989f619d42789cea1f85,1126,0,0,ANO C4 MES C2
ERAL1501.dbc,2016-10-04T10:20,37378,b16df1b3399090a1103cfc0dec696fd23eb6446b64ac519d0bb488df1c2105d0,1773,0,0,ANO C4 MES C2
ERAL1502.dbc,2016-10-04T10:20,37212,43f53ae8c084679c30e92db8252e7606b256616af5cd4bdcfc0bbcd9ceadef7b,1772,0,0,ANO C4 MES C2
ERAL1503.dbc,2016-10-04T10:20,42820,57056d1ac6c66c116552aad27aa7c6fdc70f36d13210eef421f83dfda87b5d3b,2065,0,0,ANO C4 MES C2
ERAL1504.dbc,2016-10-04T10:20,31784,e6dc996842dcf668f9e97245bb432bed5a73d51d142fdd98f73654273c242d41,1495,0,0,ANO C4 MES C2
ERAL1505.dbc,2016-10-04T10:20,25103,4cfd0ff9d01a2f4511cf99991d4a798881f6de15c4a1fb49b3ab8d1cefce1dc0,1100,0,0,ANO C4 MES C2
ERAL1506.dbc,2016-10-04T10:20,21492,4d18aaefda5dec0b9d1e5626590ecb51076abbc2054c51135b809c75bc61eb07,912,0,0,ANO C4 MES C2
ERAL1507.dbc,2016-10-04T10:20,47685,1691a59b5a6a6559327f4cdb479d87bb7d7e7ed378523e7ede633f961c736589,2215,0,0,ANO C4 MES C2
ERAL1508.dbc,2016-10-04T10:20,39916,771a55fb887080aa33ff23863f7f18045263050d87cbd6e7c70bded8100490c0,1830,0,0,ANO C4 MES C2
ERAL1509.dbc,2016-10-04T10:20,40445,23057e91eb346febb124c1011407954d1f3c1c2da06eebc2931e2f48c053910f,1844,0,0,ANO C4 MES C2
ERAL1510.dbc,2016-10-04T10:20,54603,f0b7400a4611d62b35be8b4291bf422c04a46a1b229174f40d7172349b0d5918,2677,0,0,ANO C4 MES C2
ERAL1511.dbc,2016-10-04T10:20,35485,0fd3df1f476c506276fbfb5b65640a956e314544adb7c404cc29021f8fdda90c,1651,0,0,ANO C4 MES C2
ERAL1512.dbc,2016-10-04T10:21,37836,459faebe46d93d8a24a59ca08ea47f118e9742eb8d7a8ce043a882a7ca51cf62,1770,0,0,ANO C4 MES C2
ERAL1601.dbc,2017-04-10T10:09,33117,2651ee52cf51d502e9204f396853fa99a86f19235105a9a2676d39c3226f538b,1527,0,0,ANO C4 MES C2
ERAL1602.dbc,2017-04-10T10:09,27856,50737165bdbc981150cb9caa00eabec73e9128338bc190947b6805c63d9ec5c3,1274,0,0,ANO C4 MES C2
ERAL1603.dbc,2017-05-05T14:39,28466,69ad029ebe15f76c36332661fa59717ef5bb0337e07dee28c7e396a6a9053119,1324,0,0,ANO C4 MES C2
ERAL1604.dbc,2017-06-05T10:00,29584,5dcd788176d484d37f68e3bb4ac6410745e238e94214d4fe838e1f7818c00bf2,1403,0,0,ANO C4 MES C2
ERAL1605.dbc,2018-01-08T15:27,36184,ddebbc6db5e40cebf84a27648f0bb712f60a707cb90ab56b098337d4407ca1da,1769,0,0,ANO C4 MES C2
ERAL1606.dbc,2018-01-08T15:27,30562,ac6ae3cc1135dd3574aca608390a33ca8362ca6851c04427100f28331bdd0c1f,1414,0,0,ANO C4 MES C2
ERAL1607.dbc,2018-01-08T15:27,31198,5df36153c7b638acddd2945db56e42025ad1e698a0acecdbaeb2cd86147f6fa6,1476,0,0,ANO C4 MES C2
ERAL1608.dbc,2018-01-08T15:27,37356,8a5453c7544da37ff562377c0c13fc43232dc74c6fcd68d3ca2b1ec52846145b,1751,0,0,ANO C4 MES C2
ERAL1609.dbc,2018-01-08T15:27,37095,b1718ff09687225a863655ab262859e434d8c078067ff6370569da891796b6e4,1821,0,0,ANO C4 MES C2
ERAL1610.dbc,2018-01-08T15:27,40901,609a420670835a5e6c2df1e53c06e29d674e0f1fdf3cf2c14ad61ddcb786ae48,2006,0,0,ANO C4 MES C2
ERAL1611.dbc,2018-01-08T15:27,48277,19c23ab9c884682978bd2c181d001bf1c88207eda5526e9f57241d6a0a25f757,2434,0,0,ANO C4 MES C2
ERAL1612.dbc,2018-02-05T09:39,50200,877fcb93bd4eeebcaca453a34d064398ffe0887309270006bbb105cf4d9523c6,2538,0,0,ANO C4 MES C2
ERAL1701.dbc,2019-04-10T16:28,44394,4bd8e0350704e9849c6e5aa243a10a1bee77a663479edd8e42cd65f6c093f641,2207,0,0,ANO C4 MES C2
ERAL1702.dbc,2019-04-10T16:28,37163,dfbe7eee89562a9d2382064d35d98463df77352ee50cf072d8e1b6e444952416,1828,0,0,ANO C4 MES C2
ERAL1703.dbc,2019-04-10T16:28,37296,7ea07408fc4219513a089d19d9aeb440d252897b5f6b642c265317690474a587,1824,0,0,ANO C4 MES C2
ERAL1704.dbc,2019-04-10T16:28,35806,a57ab2cbc717243b2b3a5ac7c202433e9d53ae38cf38f89720bf18ba7b3c7d3e,1722,0,0,ANO C4 MES C2
ERAL1705.dbc,2019-04-10T16:28,42185,f423cce3fc29f39ebcd611c0a084b1aa8f3f6a17696a7a24c985e7004a9ac869,2050,0,0,ANO C4 MES C2
ERAL1706.dbc,2019-04-10T16:28,45853,3bbfc06c005138efc78966211d776172a47d8d21cfa9bad1f8fb7180ee0282c1,2184,0,0,ANO C4 MES C2
ERAL1707.dbc,2019-04-10T16:28,44923,438c29dd1d6b17abcfacadc1dd624496b13ccd3377bbbaa67e7e61e484b15581,2153,0,0,ANO C4 MES C2
ERAL1708.dbc,2019-04-10T16:28,44999,3974a761544d182eabea325777dbce5bbdad3b1010671bce62d517c74b4aae46,2139,0,0,ANO C4 MES C2
ERAL1709.dbc,2019-04-10T16:28,40250,566380e0fec68da4a06dbaf5b18742d08dae7f787e8bc27de75f1bce08532c38,1926,0,0,ANO C4 MES C2
ERAL1710.dbc,2019-04-10T16:28,36855,180d26c7bdbdba15017fd06dfb3341548f3b8e11d1dcc7d0e1eecaecc34eb684,1788,0,0,ANO C4 MES C2
ERAL1711.dbc,2019-04-10T16:28,41355,b80e65ce280d00365c1d5bee10e4e80e59ee55721e1acfe5f596b3bd2d733830,1938,0,0,ANO C4 MES C2
ERAL1712.dbc,2019-07-08T14:45,37509,ca3c1fcf21834a59386ce911dc486e9839511d0f2b45aae4712ec6133a909de3,1793,0,0,ANO C4 MES C2
ERAL1801.dbc,2019-08-05T14:40,41283,9674c75523f2b8146cedde2e1606e536f3f1f7bff70769c100bbfcb8b2c8738f,1980,0,0,ANO C4 MES C2
ERAL1802.dbc,2019-08-05T14:40,37013,9d4001e3d01745beb9196a5f2391b00949414e6993c7eb690734d8471729994e,1761,0,0,ANO C4 MES C2
ERAL1803.dbc,2019-08-05T14:40,42770,5fc92e417303be999228802b0016ad87fbab69d7dcba055b2a66a190f45788f6,2106,0,0,ANO C4 MES C2
ERAL1804.dbc,2019-08-05T14:40,47822,3d8f8c7a0aac975f79f2cd0d17df04ad1de5ad19f04d726459ebcb3f2359b092,2317,0,0,ANO C4 MES C2
ERAL1805.dbc,2019-08-05T14:40,42582,c14e39d0efd94036ec3f6320f2bcb2ed87d81ffe37dcd379e31139c94a298b4b,2052,0,0,ANO C4 MES C2
ERAL1806.dbc,2020-01-09T16:48,42295,35980f854ff204280fd3dab37b0f9bc0cc0e91db23f1629fa4f38be9d5848862,2055,0,0,ANO C4 MES C2
ERAL1807.dbc,2020-01-09T16:48,45435,b578fa1d9fa39e8c6a550a1947e4673e2e7297ea928a4abb212930c5763bc5e6,2189,0,0,ANO C4 MES C2
ERAL1808.dbc,2020-01-09T16:48,55052,95b53e4da1044ef6c76453cc17494f845b5732c96b0d057016e4a3cebbeca937,2589,0,0,ANO C4 MES C2
ERAL1809.dbc,2020-01-09T16:48,50153,710cde23493f7edf56115eba8cae0ad5210f8e89915ae7b1b5cb89fe8d21ee03,2358,0,0,ANO C4 MES C2
ERAL1810.dbc,2020-01-09T16:48,59164,67fe674d7f15823fd67605693f0ea65ed2ea86ca76a3b072a048f8fc9b1dcb0a,2846,0,0,ANO C4 MES C2
ERAL1811.dbc,2020-01-09T16:48,58201,9f793786d486eb609b207fa33e41d2353f400bea5bed50f311e5890a40934c84,2789,0,0,ANO C4 MES C2
ERAL1812.dbc,2020-02-07T15:02,56689,399db43a08fd4c1be6dabf60876d252e1684c1f5f53c1c3e5a826bdc96e7182e,2727,0,0,ANO C4 MES C2
ERAL1901.dbc,2020-03-10T14:43,58166,a7df62581b91b6eaa22a6a313a554e11e5d6628b8477afdfc8d076280f0ea548,2770,0,0,ANO C4 MES C2
ERAL1902.dbc,2020-04-05T14:39,54525,c662a83c7d10c1540a4b772ae505e922d7be3514cfaf60241591c2197280006c,2600,0,0,ANO C4 MES C2
ERAL1903.dbc,2020-06-04T13:54,52842,18814620d4f810c4a359bc2d253b542c028b001d7a64686af213d9fcf2085f03,2482,0,0,ANO C4 MES C2
ERAL1904.dbc,2020-06-04T13:54,48855,54b5eb1bef6aad1a2216e6fa84c467ad85db320be57b84ebf2724953dc1754bb,2275,0,0,ANO C4 MES C2
ERAL1905.dbc,2020-07-04T11:39,63390,a542c6e3e9df56a6099b654a79218d0b3cc5225f3d74b1721cd5e28012955176,3113,0,0,ANO C4 MES C2
ERAL1906.dbc,2020-08-04T10:41,47439,8ea0cca52ff5295f758c6b47e24b3ce9cc3d262fd4fc1c37573fabafa61cd42b,2196,0,0,ANO C4 MES C2
ERAL1907.dbc,2020-10-06T08:43,54069,9f87a311dddf6408874196ef6d3f1b93ac5f845105268b0b3acf39f1ea79377b,2546,0,0,ANO C4 MES C2
ERAL1908.dbc,2020-10-06T08:43,47056,357357f487df2579182bc59770499c7bdf3411ba8ff495ccc73fe03048ae1ecc,2205,0,0,ANO C4 MES C2
ERAL1909.dbc,2020-11-18T10:38,47968,4ec706cc4a33504c5b659604e3816499567065f57cd7ec0814fe72558fdf6083,2266,0,0,ANO C4 MES C2
ERAL1910.dbc,2020-12-07T11:23,48845,518421d9c5ab05e8659930b9e30c9fbc13a5d820073fbd4a6deeea15b8bc5990,2281,0,0,ANO C4 MES C2
ERAL1911.dbc,2021-01-14T08:10,51433,75c112b01857d815074f6d55c3e8899aaee91a8fffcaec8b70587b1e3e93311b,2469,0,0,ANO C4 MES C2
ERAL1912.dbc,2021-02-05T10:26,48013,6be1c5813091902cc985ae755c19933cba00a22fdc6135c45c68b59dd0e594d2,2307,0,0,ANO C4 MES C2
ERAL2001.dbc,2021-04-05T13:24,63023,667e47dd84cd74ef2138f421819cc59196dcf04ed487d3154f929f939fb93f1c,3070,0,0,ANO C4 MES C2
ERAL2002.dbc,2021-05-07T16:35,57003,965466abd4af902a001538a499d58d3a47c2916d835bdfccc4efbe2a0e6818c9,2774,0,0,ANO C4 MES C2
ERAL2003.dbc,2021-05-07T16:35,52276,99d67d1390d10d4efb076a446333a81f7cbd1ccee9e799b63de543f7ea13ba22,2574,0,0,ANO C4 MES C2
ERAL2004.dbc,2022-01-10T14:22,46158,d9ba933b6f3beff7ba30b77db56998c51f4f40ff552d406e5278b8f683740317,2255,0,0,ANO C4 MES C2
ERAL2005.dbc,2022-01-10T14:22,47101,6a673a6a186775ac2fa85ba5a81a065b75616405ac04cb23a03fea965f0632b6,2334,0,0,ANO C4 MES C2
ERAL2006.dbc,2022-01-10T14:22,61181,e1557933eb4f1428f22381ae426da1c1776d93792cee24a8831aa3149ba3445e,3140,0,0,ANO C4 MES C2
ERAL2007.dbc,2022-01-10T14:22,68775,524c39c6699db9abd06b02e8ead09caf33214c30b92105843a6ac37659f82d17,3549,0,0,ANO C4 MES C2
ERAL2008.dbc,2022-02-07T10:05,72509,9047a544b2bcdea95ffa403b21d3e0aa7c26203ef91f13284e2c252002d846e3,3825,0,0,ANO C4 MES C2
ERAL2009.dbc,2022-02-07T10:05,66139,a9b8070558693ccd24cb19dc5da887b594157d8b00f22fc0578037d5a7883c18,3352,0,0,ANO C4 MES C2
ERAL2010.dbc,2022-02-07T10:05,50740,c3c3bf8cb7946def59c84d5225e9755a0cce3febd301c55996d0f116c4220ce5,2418,0,0,ANO C4 MES C2
ERAL2011.dbc,2022-02-07T10:04,44718,bf4d4cab5df8633586592b172e4f2a5e235ae57bf561582bc8c44006269a1213,2137,0,0,ANO C4 MES C2
ERAL2012.dbc,2022-03-07T13:13,42348,ba5efd8da807c6951a4795967b3c737da96d968e3693d9e599b1e4791d68d544,1977,0,0,ANO C4 MES C2
ERAL2101.dbc,2022-03-07T13:13,43302,093a14686753b38b327bd45c56c94d5e9e0f0e7efe9fec42a9ad82ee86f74ceb,1997,0,0,ANO C4 MES C2
ERAL2102.dbc,2022-04-11T19:22,40800,1f160750852b1fdf87da5b170039bd615f019dde6fc29ba8d8d40194e6cc134f,1929,0,0,ANO C4 MES C2
ERAL2103.dbc,2022-05-04T12:32,42127,6b8a63fe5c02c109b9d4da404cd10f6ceea4268d71ab75c6fe4136098593eb52,2015,0,0,ANO C4 MES C2
ERAL2104.dbc,2022-05-04T12:32,47869,bf547d2ead9bc9854347fea52ef820563a6b1a8806a0ad7646208351a0b4a8b4,2280,0,0,ANO C4 MES C2
ERAL2105.dbc,2022-06-03T13:03,38060,3a7fcd142f20e6fe1e4874157f3e352d0c1545b5c39ce215aafac79121a619b0,1733,0,0,ANO C4 MES C2
ERAL2106.dbc,2022-07-06T13:11,43774,f08904945e9eaeb5eef346e02c4b2b7e6e7e5d730a319d8b953a4253e527f26a,2045,0,0,ANO C4 MES C2
ERAL2107.dbc,2022-08-04T15:39,42241,4a1501272c9602b9a32d5a1c5ead93d0fc6e7a225a1d3d8e0ac050f1fd848bb1,2011,0,0,ANO C4 MES C2
ERAL2108.dbc,2022-09-06T11:16,51166,2c02eb16dc81f91baacb71c36358f5824b8014cb2eb8e385f0c05e87cfdfb9a4,2474,0,0,ANO C4 MES C2
ERAL2109.dbc,2022-10-05T14:25,47342,f893096041b077c701864884d0ad8ce2240601fd6c181ce7b4050199cba73086,2261,0,0,ANO C4 MES C2
ERAL2110.dbc,2022-11-03T17:54,47927,ca465ac7eefd4d5e04fab33c8674c3a67451d5ecaf3ac04933f8e5635bd0bf09,2306,0,0,ANO C4 MES C2
ERAL2111.dbc,2022-12-06T16:21,48177,24ff07b80f5e50630e931a4dc92ec5df64eac18da9c752431330e081fb03ebee,2324,0,0,ANO C4 MES C2
ERAL2112.dbc,2023-01-04T12:45,58621,8d8753fb75931886661b93f10e4604a27b5816b5fbb80302b6a3cc58bb21a43e,2750,0,0,ANO C4 MES C2
ERAL2201.dbc,2023-02-06T13:00,52411,fce9e5e3bae142c973a761dfe7ffd4a399a4cdc459df1f5ef48f5643844c4cf9,2484,0,0,ANO C4 MES C2
ERAL2202.dbc,2023-03-09T16:42,43010,64ba0708e92c2350471483f3e272735290f31721c252262d3045e406211caadb,2060,0,0,ANO C4 MES C2
ERAL2203.dbc,2023-04-05T13:31,45935,a885e76192e53503aa37c6294c5d1eb3116911bf15349dbb76cf7c2097ecf5c8,2212,0,0,ANO C4 MES C2
ERAL2204.dbc,2023-05-08T14:31,46332,1dd096d4f85267c99e85609d75f78fe512b07164e108f208dc1e1511a39ecd59,2301,0,0,ANO C4 MES C2
ERAL2205.dbc,2023-06-05T11:31,86241,c8b5f9837a34785cddf077a7cde4a3a2d5720e57767d755cd4a27169e7e60f78,4424,0,0,ANO C4 MES C2
ERAL2206.dbc,2023-07-05T12:43,76875,35ab9c0443f6004bff1731ca1e9352b2f93b4091a721cff39515e2824397f64e,3820,0,0,ANO C4 MES C2
ERAL2207.dbc,2023-08-03T16:36,69828,047752a0af67d835a895e4a76d034019acbed56ebe7788d321262a9e12ab715e,3377,0,0,ANO C4 MES C2
ERAL2208.dbc,2023-09-04T21:02,73208,a6865b2da2bfe72346cecaf260efc69d4d1e24225e3803d4034dbb88b859be9b,3569,0,0,ANO C4 MES C2
ERAL2209.dbc,2023-10-04T17:02,70312,f7416eeca524f6f033cef9cee696f231cf86d58b4bbd5f590773ffbec79d12f1,3315,0,0,ANO C4 MES C2
ERAL2210.dbc,2023-11-06T15:49,64976,8e9b8aa5924729ddc58d9783f702ac419c0ab6272308a7d574ce3e75e41f47a3,3114,0,0,ANO C4 MES C2
ERAL2211.dbc,2023-12-05T14:58,60810,5be6abc8a80de7205f51a2e85d0d4866e503a734d6a5a3b08f7310127988b32a,2858,0,0,ANO C4 MES C2
ERAL2212.dbc,2024-01-05T17:49,61414,f0392f444c236811fec2ff31bd5a78ad5e03250955a34c7ac17bb220639f01d8,2952,0,0,ANO C4 MES C2
ERAL2301.dbc,2024-02-05T22:52,46120,3d67b01a84e0c34b82320d721ad184819228f945b4b28c528f6717e9ee0ca1e3,2203,0,0,ANO C4 MES C2
ERAL2302.dbc,2024-03-07T18:40,46370,2de15bde7e1d6ca00915fe11cf0862e8fbc935a1b4b2166e6ed5d1d35d40d129,2197,0,0,ANO C4 MES C2
ERAL2303.dbc,2024-04-09T14:24,54756,da07d861d0cf5a8fc4fd35c4075d7ab768167720703a82e18d04d51d0574c7f4,2610,0,0,ANO C4 MES C2
ERAL2304.dbc,2024-06-16T01:07,63592,c15524010d59a1e1e04b8a0a56fa1d5b972d61c744aab2e6e3d7c8c3a9912135,3120,0,0,ANO C4 MES C2
ERAL2305.dbc,2024-06-16T01:07,55762,936961291d4c94c50763aa3014cedb3b0dec34edc6d545645733f35347dcc825,2674,0,0,ANO C4 MES C2
ERAL2306.dbc,2024-08-05T14:44,49704,f9b33fcc184d4f28252b273c866d69da03aacfcfcc397991132ba5cb85d09e53,2357,0,0,ANO C4 MES C2
ERAL2307.dbc,2024-08-05T14:44,47841,32cdcf8247457be0596543d9294d789e948bd30025112c9164779f824edc1097,2234,0,0,ANO C4 MES C2
ERAL2308.dbc,2024-09-05T10:27,46739,f0f55327538a6d603fc128e8a760dd2a6f81ccef491c6e4d9444160559bc873e,2199,0,0,ANO C4 MES C2
ERAL2309.dbc,2024-10-08T12:05,51884,5c9222cde0f93ff3990ede189d11f0575828559b30ee05baa417f465f5bfdfdb,2433,0,0,ANO C4 MES C2
ERAL2310.dbc,2024-11-07T15:41,48021,5e544323be2660964b4e1924be7f436508734dcccbce58a9649672f0f9e843a4,2245,0,0,ANO C4 MES C2
ERAL2311.dbc,2025-01-05T18:55,42845,a1b1a0ab46196a2ffaa28daea83f0c91c7bb62094699e71e16adc66c4e38a87d,2019,0,0,ANO C4 MES C2
ERAL2312.dbc,2025-01-05T18:55,47259,8e460787eaf6af4771430f25d4c1c590611276b9485d9c0dd8b4331452fbb434,2236,0,0,ANO C4 MES C2
ERAL2401.dbc,2025-02-09T21:24,57276,1b647287691b7682d1b82933c14b50a7e64986eb896ef499bc379f057e6cb716,2750,0,0,ANO C4 MES C2
ERAL2402.dbc,2025-03-11T23:45,48988,357c0b6ad0345d42581e7174a4bd0df6bd1496b737cc1b97d8e9b281942f9920,2315,0,0,ANO C4 MES C2
ERAL2403.dbc,2025-04-05T12:13,53957,959deb100385e8a85c53156d122178010f51a5714bc4504504856ad7550306dd,2594,0,0,ANO C4 MES C2
ERAL2404.dbc,2025-05-08T08:06,56982,bfc8a1f86b2fac213125d546173b363a1aebfc05ec9f5b780a503bdf82a23414,2676,0,0,ANO C4 MES C2
ERAL2405.dbc,2025-06-06T10:44,53741,a80fbeee5725b7cd4a8bb80e2722d5335ebbef0dbec05585b35ca4b011b0b201,2572,0,0,ANO C4 MES C2
ERAL2406.dbc,2025-07-06T11:29,50136,415f27c6156731bf7e0a85b6c1ffd1d43c3271bd8defe93ae415559bc69aaf5b,2337,0,0,ANO C4 MES C2
ERAL2407.dbc,2025-08-04T07:13,46463,e2d04b4668be2d1dbc7ff7515af63c72f9af2f8c0bbee3a19ad8a2e5d76dfb4c,2168,0,0,ANO C4 MES C2
ERAL2408.dbc,2025-09-05T12:54,45059,4cc83ea0030aecaf8e84a188b33de8b6279118cd193436ee226fbbd0212dcf64,2123,0,0,ANO C4 MES C2
ERAL2409.dbc,2025-10-06T17:05,62064,00ab8f074a3caa4a20a6fb6c80450c3030e873eadc0097a544c95dca98646b01,3040,0,0,ANO C4 MES C2
ERAL2410.dbc,2025-11-06T16:21,55145,51b3ec1ff52f4ff3955a60497b1abdb30b97287234639a47fcfd3122f7d964fd,2664,0,0,ANO C4 MES C2
ERAL2411.dbc,2025-12-05T20:17,56397,ae79d3b85377559e549ae90541ed6b68ce7f6abfdb27795f44579890042fed15,2717,0,0,ANO C4 MES C2
ERAL2412.dbc,2026-01-07T19:03,62314,2e83e3d9781fbffc795259c71310d39ccc05e67cf15e68ee2437fa3a276d77db,3016,0,0,ANO C4 MES C2
ERAL2501.dbc,2026-02-08T14:13,70007,9f19fc3feca3e35507bdb45e958a060c74aeeaaae48f6d86de4b4c8c2e571371,3375,0,0,ANO C4 MES C2
ERAL2502.dbc,2026-03-06T22:13,69331,269cf0fda39b92209b496eb1130ef4db753cb8de29f890d5f45b619b365e24e9,3347,0,0,ANO C4 MES C2
ERAL2503.dbc,2026-04-07T07:24,76974,63e4e85e9c903e6a39102ef560546e69aefc196a2916a43bb56273305c176ede,3735,0,0,ANO C4 MES C2
ERAL2504.dbc,2026-05-06T19:00,76985,f4f378e18aa88d1e1da02f1ee54291c1200fafb1209c75e31d830d802c63e847,3835,0,0,ANO C4 MES C2
ERAL2505.dbc,2026-06-06T20:15,80043,5bce7c2725bc957f8ac66ff2f011757ac5553130c0f2d0482111e17e8c31b31d,3873,0,0,ANO C4 MES C2
ERAL2506.dbc,2026-07-06T15:10,88637,b5958a6a2b3bc763468cdc4d93aa451c00e23558dc3b9dfb62a2dcd95d39014a,4399,0,0,ANO C4 MES C2
ERAL2507.dbc,2026-08-07T12:25,90078,f93dd5633becc7fd7f70d618aaef40a8239eea1049db5fa14b988415d620c8de,4415,0,0,ANO C4 MES C2
ERAL2508.dbc,2026-09-06T21:26,86104,50eea1b75efa5dc8dacf0797f6cbe1ad187a0e2abbbe2908cb2ac55d94aac9da,4165,0,0,ANO C4 MES C2
ERAL2509.dbc,2026-09-06T21:26,80428,035d70d10b90b2ac7ffc266f866bbcb6c492bbfd80384b05e58d8be9c8f2d840,3920,0,0,ANO C4 MES C2
ERAL2510.dbc,2026-09-06T21:26,69230,52adbef128b6a640c6e6dc4d9a2a6708b59d04db35805af7743805ee211badd2,3319,0,0,ANO C4 MES C2
ERAL2511.dbc,2026-09-06T21:26,75256,a5fcf19c5645787275860dd47610999c023066734113a883cace7c88ff5bdf29,3670,0,0,ANO C4 MES C2
ERAL2512.dbc,2026-09-06T21:27,70451,d70f0d70ecfd3fdaeac58b42e6d3b79665619d82573171846cbae7129cd7e908,3411,0,0,ANO C4 MES C2
ERAL2601.dbc,2026-09-06T21:27,80569,9d06a58603c44ec95dfd153d8b9a6f8a079fa85f8cb90e3e420719c88d63a848,3885,0,0,ANO C4 MES C2
ERAL2602.dbc,2026-09-06T21:27,100509,d0214dbe9407cdb815fe7a096f9001cfc15026a38fbd0878fb5bb375bdd3bb48,5070,0,0,ANO C4 MES C2
ERAL2603.dbc,2026-09-06T21:27,81553,c0046370106491f0985add922fe52c1b361529250e92c9b0979339bd63a5b31c,3921,0,0,ANO C4 MES C2
ERAL2604.dbc,2026-09-06T21:27,82846,05ed67b6b2d77fcc832a293d2dc7d4e6ef8bc404b89412fa49bf6c1af17a8334,3958,0,0,ANO C4 MES C2
ERAL2605.dbc,2026-09-06T21:27,75165,8c067052e552294aa6a9559b24479fdb10c0584a7dd3a88c75c976e556970723,3660,0,0,ANO C4 MES C2
ERAL2606.dbc,2026-09-06T21:27,78944,0e843b0a9f4cd52a4fb316a72b17e3fb79b97a36cf5b98c39b8c295825d0270d,3913,0,0,ANO C4 MES C2
ERAL2607.dbc,2026-09-06T21:27,83889,f1776abb9bad9930a41f4f8cda719982ebfb7f7fcdf0e2c781f50035f17cb43e,4139,0,0,ANO C4 MES C2
ERAM1101.dbc,2013-11-01T11:26,27157,f145f7886b9c6573da5754f5a45aaa7b25b5b9d9ce85572aedb96a94f8a7e096,1286,0,0,ANO C4 MES C2
ERAM1102.dbc,2013-11-01T11:26,41792,993993613beed91cfaef003fe6e258107ffb8cbf94c92877f70cf6f43f71ed23,2125,0,0,ANO C4 MES C2
ERAM1103.dbc,2013-11-01T11:26,48031,96866f53cbf5fc6af27890f38d5fe6d72ed87d22b7b8e50357a427f0b361586f,2480,0,0,ANO C4 MES C2
ERAM1104.dbc,2013-11-01T11:26,46815,7ebf16c3399825266f9f25ce11fbcb7689ad3d7fd4d7043e535e062b7c4563cb,2377,0,0,ANO C4 MES C2
ERAM1105.dbc,2013-11-01T11:26,56998,9ca8d25bc89af19aabbd8b81ef4c11da861d635143641e7f83e38f3ce6a38812,2919,0,0,ANO C4 MES C2
ERAM1106.dbc,2013-11-01T11:26,55798,d5ea67f76f254bf2f43443eceb671cdaa0041bd973f0b024df18c530520163c0,2913,0,0,ANO C4 MES C2
ERAM1107.dbc,2013-11-01T11:27,57785,d0ca6669ce4e91e84751a8524b91383ebf0e44965c6418d2da6d73d3d501e70c,3102,0,0,ANO C4 MES C2
ERAM1108.dbc,2013-11-01T11:27,73405,28ae907e02f6aad55ebc4455273dfc40976208a8f2fa79783238b4abc2627a0a,4004,0,0,ANO C4 MES C2
ERAM1109.dbc,2013-11-01T11:27,55989,12fd7eb35c73741bd9340b39d88679731d591a0a7bae07c598193e20bf7fcc4f,2854,0,0,ANO C4 MES C2
ERAM1110.dbc,2013-11-01T11:27,41453,fb74a7f4ca7521c788fa1b79cda13a67c1fb6ff529f50452a8950ffb3cf93e35,2045,0,0,ANO C4 MES C2
ERAM1111.dbc,2013-11-01T11:27,42859,df4a1e0560e4dc74a4d103b8f69ee989b965169b02b8e8736b95fa1a60c596fc,2213,0,0,ANO C4 MES C2
ERAM1112.dbc,2013-11-01T11:27,47890,0f27182a78884bc2379b95c640a9bc4ae2e096efb89dc52b098be59f99f5e91e,2348,0,0,ANO C4 MES C2
ERAM1201.dbc,2013-11-01T11:27,53916,ee70ddb5302d11c973f0a123273f3a015082a21a238fb100de7b6f2bdd6df23c,2713,0,0,ANO C4 MES C2
ERAM1202.dbc,2013-11-01T11:27,53708,396a9769ff849f09f3af39a32514874822dcc733f56c6e1a5687bfdb1e653081,2715,0,0,ANO C4 MES C2
ERAM1203.dbc,2013-11-01T11:27,32037,d25ae05a6dc60f1e11b4a17d862001ca04d28113f66932f04457e287a95caec3,1516,0,0,ANO C4 MES C2
ERAM1204.dbc,2013-11-01T11:27,64415,4ba04e72024944184af6a8512b3f65d925bbab341c147877a85ad3a3a552fb61,3359,0,0,ANO C4 MES C2
ERAM1205.dbc,2013-11-01T11:27,56133,48d829c844c517389974eb6ef396994114c34d25809395f9fe2f2977094697a1,2856,0,0,ANO C4 MES C2
ERAM1206.dbc,2013-11-01T11:27,62036,08cb8d8d665ba08e704a41dee54c0dfe456609cf72ffc642f444c4774a94f90b,3224,0,0,ANO C4 MES C2
ERAM1207.dbc,2013-11-01T11:27,43674,2f947298d267e9f3b10b3c26d6a010bd284e48195eb23d12b4f2518ecafe1ca4,2155,0,0,ANO C4 MES C2
ERAM1208.dbc,2013-11-01T11:27,39916,0596b429f45656eec52252d3f37b1c031f393ce35ce94d199e31509cfdd1155c,1947,0,0,ANO C4 MES C2
ERAM1209.dbc,2013-11-01T11:27,47428,181accbd0d4fcc03caae4fd538d8824bb86e557533ff311b3f26e2797d3c7476,2372,0,0,ANO C4 MES C2
ERAM1210.dbc,2013-11-01T11:27,44621,79a3950930f63ba54c1ccefb731541f3ec1580bad216531b007849e2dba8bfaf,2241,0,0,ANO C4 MES C2
ERAM1211.dbc,2013-11-01T11:27,43245,6cb96c6d94e7636dc07893b6d1e5137451943fe5c2ba2ac6cfe591e006937b4f,2137,0,0,ANO C4 MES C2
ERAM1212.dbc,2013-11-01T11:27,41573,44d7fbb86a31edfff4861c87fa4838b33afd5ed3a07f0c32c6f41e34733b6c30,2063,0,0,ANO C4 MES C2
ERAM1301.dbc,2014-09-25T11:18,38767,9254be744ef5faebd6254ea9ae0a01d22609025938bbc8e8da237e5271692f40,1902,0,0,ANO C4 MES C2
ERAM1302.dbc,2014-09-25T11:18,43920,1707f8d6c58de19b4b5da32a6a899b5c7b09ba76662a6bddb1835d53b9d505c6,2200,0,0,ANO C4 MES C2
ERAM1303.dbc,2014-09-25T11:18,42586,b6b7b313577c2ef84c4a2e738da69deb220a4abe0a2316518c3814ab7a68e757,2153,0,0,ANO C4 MES C2
ERAM1304.dbc,2014-09-25T11:18,57175,bbfbb8d9bc815438e53641b5e2a1a3a60feaa41ff77a581eca353080cb9d14dc,2918,0,0,ANO C4 MES C2
ERAM1305.dbc,2014-09-25T11:18,62201,fe8d8e735dbd92dc356dc56ca6dbdb4ca21453472f7890ccd21e5ba7e0220ccc,3266,0,0,ANO C4 MES C2
ERAM1306.dbc,2014-09-25T11:18,45931,9cc97f7a407c0501e052d3314375b6f73b16470895180901d64ee76e2fae4e55,2342,0,0,ANO C4 MES C2
ERAM1307.dbc,2014-09-25T11:18,45650,58b5c944f1de9db7313ebb0dc12bf541874b4e512b3279f09b0edef847c8883c,2297,0,0,ANO C4 MES C2
ERAM1308.dbc,2014-09-25T11:18,38183,3c4fb4fdba1aea129f0af2d87478c8d27ad978dead85ba3294958d50bd325047,1904,0,0,ANO C4 MES C2
ERAM1309.dbc,2014-09-25T11:18,46963,1ffc3d231af365aad738a3f0964c25091304d46ecfbd04c94299e95c0ef00eda,2397,0,0,ANO C4 MES C2
ERAM1310.dbc,2014-09-25T11:18,41046,ef94e8b1ef392255a60304241d2068f117445d07f1db0246025b5b0118f476ce,2071,0,0,ANO C4 MES C2
ERAM1311.dbc,2014-09-25T11:18,36893,6b51fa1244c8b0336412b012194047e3b6b57e08a757aba6e97bec5195d66c96,1868,0,0,ANO C4 MES C2
ERAM1312.dbc,2014-09-25T11:18,35002,9c52cd76755cbf403ec10737dc2e00151954f7f6bdb2c609cdf581db77f3f626,1672,0,0,ANO C4 MES C2
ERAM1401.dbc,2015-10-05T11:58,46120,ff7afb36e92fb4119b0937571b21daff21eea25f113b5aede1b3415dfbaefd94,2297,0,0,ANO C4 MES C2
ERAM1402.dbc,2015-10-05T11:58,34126,7d5ae1470648320624cb7949f7afcebea6c1cfbb8b18791da637a9ca444613fb,1642,0,0,ANO C4 MES C2
ERAM1403.dbc,2015-10-05T11:58,28523,f6c0ee0cbd016e0ace4b20003d15394e3e72ed7f01c9264b9f99682b1661d74a,1395,0,0,ANO C4 MES C2
ERAM1404.dbc,2015-10-05T11:58,36061,29748da76e6d7d8fb07a4759076b3e5c4b7f71aa3e9597ec8d2a722dc12ac1d1,1804,0,0,ANO C4 MES C2
ERAM1405.dbc,2015-10-05T11:58,40812,3879ac53d8da0bcb80a38643525ec58501e628bea3adddaf02eb61c72fff121c,2037,0,0,ANO C4 MES C2
ERAM1406.dbc,2015-10-05T11:58,43957,a130c0787af3d32661d89a003459f9ae15e45bd7865bbc09d5c391692e20658b,2168,0,0,ANO C4 MES C2
ERAM1407.dbc,2015-10-05T11:58,39496,b2d0c369af49fa0c9ad437fc3b9d91220eb8eb387f681d0a57ce111033ccd8e8,1942,0,0,ANO C4 MES C2
ERAM1408.dbc,2015-10-05T11:58,39454,ba97817b9f78ae8470570996a8e1ac4ffb3f1008d3e835a94bc382c8da9359e5,1941,0,0,ANO C4 MES C2
ERAM1409.dbc,2015-11-09T10:30,50208,471270fddc0dba49c8a0f07ba94c8360810cd4258f620ec842e5cbbc11b069de,2534,0,0,ANO C4 MES C2
ERAM1410.dbc,2015-12-07T08:58,44129,2bf17a8020288eaa2e07349fd3de492e81c84defddf696aeaf7dd94b6a4f6196,2224,0,0,ANO C4 MES C2
ERAM1411.dbc,2016-01-07T10:01,39663,c2ebc4de8268da723ba8ad33ba06eeff255ac90275641deae59d94b061e5ec2b,1965,0,0,ANO C4 MES C2
ERAM1412.dbc,2016-02-05T09:10,44320,80809e65de4fb72f334717791a2d1025242d0d9e8d543046e83d8f8b5f698081,2128,0,0,ANO C4 MES C2
ERAM1501.dbc,2016-10-04T10:21,41208,18dd9036b3ea822435a43248f4a46001872c96a2d90f4f6e4231796b87b5275c,2065,0,0,ANO C4 MES C2
ERAM1502.dbc,2016-10-04T10:21,36277,3cd1bdfbe35f2caced87b96ca067f92ebb9255b71781723ca40cf5ccf96e4437,1741,0,0,ANO C4 MES C2
ERAM1503.dbc,2016-10-04T10:21,33856,630dd92ccfa7fd48db426cbb086a0dac116d4d6fa106ac8268328da1fb948391,1664,0,0,ANO C4 MES C2
ERAM1504.dbc,2016-10-04T10:21,43718,a428bc0bd4d63ebded367c4965fb1a917ee6077ce7f7c58cb4fd2f4245b093ed,2192,0,0,ANO C4 MES C2
ERAM1505.dbc,2016-10-04T10:21,31420,c9222458272d6ce70afc9f96f1cba52a8d1b64fb3b46726f9f9d8bfa94fcb880,1553,0,0,ANO C4 MES C2
ERAM1506.dbc,2016-10-04T10:21,41353,4bf15488f5b76837ece7733da982efdfbebe68ffc5b6be6c87ca229318828bb7,2062,0,0,ANO C4 MES C2
ERAM1507.dbc,2016-10-04T10:21,34349,c79399a8de6b61049ffccedba1d6f1cdf4d01608de431ff24d6ec0c5ca6f9b32,1608,0,0,ANO C4 MES C2
ERAM1508.dbc,2016-10-04T10:21,26840,63c063415cfa10f02a83826bff28bb90088452eb5e48328c3cf04134e052600c,1259,0,0,ANO C4 MES C2
ERAM1509.dbc,2016-10-04T10:21,31890,a379c131a1c216af599b229d99f03872b85fa355b79e1b54a0010d90840a0fa8,1498,0,0,ANO C4 MES C2
ERAM1510.dbc,2016-10-04T10:21,31555,55a16fe15477a6c3f6548de834186813d352698543d6f0306c2ef88aa593906f,1552,0,0,ANO C4 MES C2
ERAM1511.dbc,2016-10-04T10:21,23677,e73aa72cce1576cdeb488f11e2b52b877be7d17516d891c8d747efc220127e5a,1072,0,0,ANO C4 MES C2
ERAM1512.dbc,2016-10-04T10:21,24437,8e3a3f96fcb91c71a3b8a21cb81e420635a9d945162f12006883da91b1057cd3,1193,0,0,ANO C4 MES C2
ERAM1601.dbc,2017-04-10T10:09,26973,b3c7c06e1458397cec8f2050f483d696b66d94b42ff6263550371b2bfcb97196,1274,0,0,ANO C4 MES C2
ERAM1602.dbc,2017-04-10T10:09,28193,bd2083ea01c7fe9c8209b3cc9070f581afbbf83dbb406cc9bec3391fe2d27ef7,1331,0,0,ANO C4 MES C2
ERAM1603.dbc,2017-05-05T14:39,17730,b860ceadbc8335e26d0a72da5cc88b04bfa9ce48eb7ff91c43a093822454e1e1,801,0,0,ANO C4 MES C2
ERAM1604.dbc,2017-06-05T10:00,20328,1375531a1a2da6884c82fb3244cb351934d1fe6c6260278d6af3c2aa9d1c12b5,948,0,0,ANO C4 MES C2
ERAM1605.dbc,2018-01-08T15:27,20845,0ecf12dac4be11c4f3a679cae889f46bb52b8f607845172860c7b5c86a2ae826,959,0,0,ANO C4 MES C2
ERAM1606.dbc,2018-01-08T15:27,26415,69d297ad76ea86f83c51083503d9aa4a844741a2b88ed7f3754c9f1252d25e47,1233,0,0,ANO C4 MES C2
ERAM1607.dbc,2018-01-08T15:27,20332,833d35ca938719a3e9736f660ccf1fd51074cd7d6715ffb31a0c83e3cf95e560,924,0,0,ANO C4 MES C2
ERAM1608.dbc,2018-01-08T15:27,18311,7912efec01334bca560ad4cf5ad33b7b5edcc2623a210d590f32d015c83e4822,831,0,0,ANO C4 MES C2
ERAM1609.dbc,2018-01-08T15:27,27587,b295d322852198acfe094b2a2271bdbea8e3b988f86fd20ba5afefc60d043fe8,1264,0,0,ANO C4 MES C2
ERAM1610.dbc,2018-01-08T15:27,28249,301748a77dda97682e1679721d60382142587a7d8203ffe42c45b81194a18e1d,1427,0,0,ANO C4 MES C2
ERAM1611.dbc,2018-01-08T15:27,24552,309d75d25936c13f7211b2569a7aa77a8203a8401feb898ec04aaf0a31e6a004,1164,0,0,ANO C4 MES C2
ERAM1612.dbc,2018-02-05T09:39,33386,53e054fa65cd2de5273338e3a34dd4057f06d907609c7c47c572e8c3cbcc359f,1594,0,0,ANO C4 MES C2
ERAM1701.dbc,2019-04-10T16:28,29233,7f435e29f0b1cb41decdc5dd53f83c83c682765995a634a890c7ec59dc4a473f,1450,0,0,ANO C4 MES C2
ERAM1702.dbc,2019-04-10T16:28,25790,6c53a3eb76a018db5c5f54e61933876c6254114ea9ca7d2f6b00ad3f3c1a942e,1254,0,0,ANO C4 MES C2
ERAM1703.dbc,2019-04-10T16:28,28011,954456f8e11b3ba278271b5a31392f0eaa3433e728b7521a016a13bd29336590,1351,0,0,ANO C4 MES C2
ERAM1704.dbc,2019-04-10T16:28,32555,23cff249f2250eeb45007f905319ab34a6e23e72322625cb002cdbfedeb10ef7,1545,0,0,ANO C4 MES C2
ERAM1705.dbc,2019-04-10T16:28,40656,421b94e8829204437a6843ad21a0a535d80f1381183bc27f2c7591c411ac3cd7,1908,0,0,ANO C4 MES C2
ERAM1706.dbc,2019-04-10T16:28,43546,897cdf00c8b9bed85516b68ca0c543d5b990cbc62f466fdc2221990cbf08d860,2126,0,0,ANO C4 MES C2
ERAM1707.dbc,2019-04-10T16:28,30290,b809c20327ed6795491e471846e7b1f0d3d43324bdd1d5a600f2a84e0c15bea7,1444,0,0,ANO C4 MES C2
ERAM1708.dbc,2019-04-10T16:28,28926,eaf5c4158b7186faa97b87c9e8e919b3a8f6d78bca5d43a6ba40055ff3dbdbf6,1356,0,0,ANO C4 MES C2
ERAM1709.dbc,2019-04-10T16:28,25726,383e3a57c447d962956ec8a58372875bf68a8692a9d9c6e164f7a9b4bf4fb97b,1186,0,0,ANO C4 MES C2
ERAM1710.dbc,2019-04-10T16:28,22607,0350f1e215a60a8dcadb9455cecc81f2bf1ce5507507ba0896b5e651224a6ff4,1024,0,0,ANO C4 MES C2
ERAM1711.dbc,2019-04-10T16:28,24998,6590d025dd31171a3c6a2760ea45ff6976ec5cb187a3d6225669e30c361cf1ac,1161,0,0,ANO C4 MES C2
ERAM1712.dbc,2019-07-08T14:45,37581,7f342144183c88d7fcae013e4df156efd0ad29f75ecc105428f5a0443aba6a87,1868,0,0,ANO C4 MES C2
ERAM1801.dbc,2019-08-05T14:40,22026,8cec15c30942b1a159c4edbb11feebd4543361de7abba81074baa12e46a1e424,992,0,0,ANO C4 MES C2
ERAM1802.dbc,2019-08-05T14:40,21194,0286ba126a13959ac03b8a0027248957e2529b42938ae6aa23508bd530c74653,922,0,0,ANO C4 MES C2
ERAM1803.dbc,2019-08-05T14:40,26484,baec17c813d6fb986ff03e36f0d9b77d93d13e5a638e0586f0728048053ee89d,1198,0,0,ANO C4 MES C2
ERAM1804.dbc,2019-08-05T14:40,25716,0b5b59916936c0786c6490d7c141a064d82156670e6a6dbdc62694ee17cdeb80,1179,0,0,ANO C4 MES C2
ERAM1805.dbc,2019-08-05T14:40,28884,ff2aeb378245590fba271512a2c2307c9fc06a3aad02e4b605d5e3cd8374b32f,1359,0,0,ANO C4 MES C2
ERAM1806.dbc,2020-01-09T16:48,26284,957a618f82fc534a73b99e272a7a40fe8c16ccb4fa9da110c3da089ccab5b78b,1196,0,0,ANO C4 MES C2
ERAM1807.dbc,2020-01-09T16:48,46331,f056738305261be33ab077a7d1c2c21137d4eab4aea5420670d40662d540119f,2190,0,0,ANO C4 MES C2
ERAM1808.dbc,2020-01-09T16:48,35715,d5c5e07f0f2be205fb1d98c32603b6aea55c742507f84357bc933e12d22f4727,1617,0,0,ANO C4 MES C2
ERAM1809.dbc,2020-01-09T16:48,29084,772cacbdb27e98eb299531d8ec80f84f44af3975f1df5b62d9a6dc51f2b5c3d0,1380,0,0,ANO C4 MES C2
ERAM1810.dbc,2020-01-09T16:48,29797,be827cfcfa936c1671abc85f2550733062b4688710fcb9b3490c3bdbc42a3cc7,1373,0,0,ANO C4 MES C2
ERAM1811.dbc,2020-01-09T16:48,25848,5644a78b17189e61c91ee648d33385e64602d0c68c6676a26022fcbc1eb07db8,1150,0,0,ANO C4 MES C2
ERAM1812.dbc,2020-02-07T15:02,29442,d016f64ae1461ecae21901cebe4f0cdd8a4815b8eb091bf65df7195c75071314,1331,0,0,ANO C4 MES C2
ERAM1901.dbc,2020-03-10T14:43,26108,a05fc672658bcf9ad745ed6b68cce6e39450b4bc7ab11388c246c5abad7e6c67,1165,0,0,ANO C4 MES C2
ERAM1902.dbc,2020-04-05T14:39,30604,097c13b31e573d0cce510939c715352c49ff6c9ea6b00b5f68b01ae2cf5f32dd,1414,0,0,ANO C4 MES C2
ERAM1903.dbc,2020-06-04T13:54,22427,ea871e322c6c88880626cc0b93274e893dc274a474f55420e445ac6b06a8753e,1006,0,0,ANO C4 MES C2
ERAM1904.dbc,2020-06-04T13:54,30665,f0a74e87d03ca4d7cb3acbe6c158b1bb8371b109384b391fbb4e58391ac5d791,1424,0,0,ANO C4 MES C2
ERAM1905.dbc,2020-07-04T11:39,34697,1b2ffe99eb7b86a003d54b0b46d37e53bf98e3324363c5dd6507492a9be3b2d1,1639,0,0,ANO C4 MES C2
ERAM1906.dbc,2020-08-04T10:41,30508,8453bbe8b8593e08644cd91ee15c8b1faba4453af66de9de2ac95b68eb7ced77,1402,0,0,ANO C4 MES C2
ERAM1907.dbc,2020-10-06T08:42,27397,5f659a740d27a6a16ba7af106f70909b5c791ae076ad80c56c6b1716c4766d90,1254,0,0,ANO C4 MES C2
ERAM1908.dbc,2020-10-06T08:42,33289,579bc9230c57b9a94495d9e0a36da90a989684424e627350bdd84a50a7e4d0c1,1613,0,0,ANO C4 MES C2
ERAM1909.dbc,2020-11-18T10:38,33709,e5b7dafb33ff88c67c2b383f7cddad15811cd63930ed71deac35c6dd91f81506,1550,0,0,ANO C4 MES C2
ERAM1910.dbc,2020-12-07T11:23,38914,50a28c859ddf75ccf184a2b57c979f5c4ce215c978dcf44d956f887335dae0d2,1864,0,0,ANO C4 MES C2
ERAM1911.dbc,2021-01-14T08:10,33217,c86efe3ef9929ef3b938a0c87e7bc74409e1b52751406aa2f447b7d9fbc131df,1535,0,0,ANO C4 MES C2
ERAM1912.dbc,2021-02-05T10:26,32907,1f6c873b451f24e1c4334e852a2d230cff2d2661bcf797e6883f7a7620f8d1df,1497,0,0,ANO C4 MES C2
ERAM2001.dbc,2021-04-05T13:24,42304,bd9880e35d43856c0e4bf4f26292ac8ba5017fb85fde3845bf0073371e6bb97d,2057,0,0,ANO C4 MES C2
ERAM2002.dbc,2021-05-07T16:35,29512,b4159e3cc3af2f1cc79d4bc987f278fbebc0891913ee54267c678c5b2f7c0259,1368,0,0,ANO C4 MES C2
ERAM2003.dbc,2021-05-07T16:35,34990,7d59673d10657995acc7fbcad1d338c84fdacf47c9a22c1434780f9ceec1e4c8,1654,0,0,ANO C4 MES C2
ERAM2004.dbc,2022-01-10T14:22,35818,db25c4e0a71c579214712e78e84f9bcfb31742141dc401b771ae8ea29bf68f72,1702,0,0,ANO C4 MES C2
ERAM2005.dbc,2022-01-10T14:22,27699,bbcc2121d48c72e8680abddbbaf0b8c0053dd2598e6c522013c883e5786788c5,1295,0,0,ANO C4 MES C2
ERAM2006.dbc,2022-01-10T14:22,23838,8c8bb193ed0933a8dacfc7222e9bda253422c210af485df310a4f1598bb957c4,1091,0,0,ANO C4 MES C2
ERAM2007.dbc,2022-01-10T14:22,28508,704a78b1a631c908114ed7000a0e37d66962689f78dab254d0adc65f6369e85e,1385,0,0,ANO C4 MES C2
ERAM2008.dbc,2022-02-07T10:04,26955,465b1dd5db2e076ab0dcb2d35520357cab06214094f532e1ab81c413763b8296,1300,0,0,ANO C4 MES C2
ERAM2009.dbc,2022-02-07T10:04,34770,d8b13ddecfdca52da4fd57f1729edd0367dfe8f46ac37ecd8b78396ba96099ff,1655,0,0,ANO C4 MES C2
ERAM2010.dbc,2022-02-07T10:04,25630,3c072978a9a2762faee752c9457e7caa24b6d10c1e0d658229fe9c43319ee18e,1201,0,0,ANO C4 MES C2
ERAM2011.dbc,2022-02-07T10:04,42312,ca5ca5dc8ba2e79badcf20a64dda1de97a7590ae77669c78e9176d0b1a3bca4f,2080,0,0,ANO C4 MES C2
ERAM2012.dbc,2022-03-07T13:13,46253,ad8eca501acdaa17d20732092b246c60c6a3e7aa190b4fd6864c3c7588d28fbb,2297,0,0,ANO C4 MES C2
ERAM2101.dbc,2022-03-07T13:13,22418,e826483dce3f897c74f56d69853d1ff81379dde8a92e120ebc98310b177361b0,1040,0,0,ANO C4 MES C2
ERAM2102.dbc,2022-04-11T19:22,31427,e6ecda71545e1fcf17170b350e01144b00d3b6968d1ab373b775f13d816299ae,1470,0,0,ANO C4 MES C2
ERAM2103.dbc,2022-05-04T12:32,37843,714301d078f1b7466ff9e333279a0745ffbb15c76446b398153e5a8b1dd468f3,1862,0,0,ANO C4 MES C2
ERAM2104.dbc,2022-05-04T12:32,43474,5640f00dd21b6bbf780e25aabbcb4dd4ba577969ed9604472f380f15c264f98f,2196,0,0,ANO C4 MES C2
ERAM2105.dbc,2022-06-03T13:03,28430,11b082c75b639267d8842539e3bce9d0d1c860b1dac896becb85807642b27444,1360,0,0,ANO C4 MES C2
ERAM2106.dbc,2022-07-06T13:10,21573,2507d2cdec63ff38617cc803e1429dc86bcbfa6a3cbce7b0a627a68647ea97db,1017,0,0,ANO C4 MES C2
ERAM2107.dbc,2022-08-04T15:39,29844,893b681e3fb70fc3a224deda2e17fe1e62b4246999c8994cade7952761d23cf6,1529,0,0,ANO C4 MES C2
ERAM2108.dbc,2022-09-06T11:16,25828,04e2879f30b3e1dd6553b006ac7a3465d385d6cf13a813156dc91f46b6c761ff,1190,0,0,ANO C4 MES C2
ERAM2109.dbc,2022-10-05T14:25,26175,379d79ddd5020d2984b9e8d9be1cf4177a5b4eba566e3d4bf874461b82fc9aef,1220,0,0,ANO C4 MES C2
ERAM2110.dbc,2022-11-03T17:54,24936,ad6f3889c32be292cbc3ccd209fb254664a013f27aa3a075b48d5439a6128a05,1207,0,0,ANO C4 MES C2
ERAM2111.dbc,2022-12-06T16:21,28360,9e5ffa41289d8c0e2235ef0898d029a06ff3665f18c1243446ee62b7b09ee32a,1348,0,0,ANO C4 MES C2
ERAM2112.dbc,2023-01-04T12:45,27413,c7a031c95e3893588a24989bba2049f0cbfd313ded6c5bc3e828d50d976ee368,1285,0,0,ANO C4 MES C2
ERAM2201.dbc,2023-02-06T13:00,24640,9581cbfac91238758ced7eb5692c74a1ac7b8acd8360d51a24dd29476b8a1231,1148,0,0,ANO C4 MES C2
ERAM2202.dbc,2023-03-09T16:42,28498,8da0068a1c4e470d440cd2991573d95571ce9f447c83356066faa25545d88920,1348,0,0,ANO C4 MES C2
ERAM2203.dbc,2023-04-05T13:31,25361,8fe47057c111e8289d8f7b312c1bf00acd738d8a96775150c3f09f923ac94c28,1162,0,0,ANO C4 MES C2
ERAM2204.dbc,2023-05-08T14:31,25610,9b3c15bd9dea576cd680d42d80391fcaebd05a41f11e56a7694ddb228a1608f4,1179,0,0,ANO C4 MES C2
ERAM2205.dbc,2023-06-05T11:31,35271,df2d32bb06aac49b88e9a03c90947c48af4b3dac44940bea13689590e2daf004,1784,0,0,ANO C4 MES C2
ERAM2206.dbc,2023-07-05T12:43,79216,9a676da75d42d76caf82c43bb6298ae923cf55cf5bc7d5c079467a49fd211b91,4105,0,0,ANO C4 MES C2
ERAM2207.dbc,2023-08-03T16:36,61979,582501577e4856bd15fd5500f0b36d1a977e3a62547f73a7e4fa516d46982336,3225,0,0,ANO C4 MES C2
ERAM2208.dbc,2023-09-04T21:02,67871,212c973cd7893cf42376139a50f62fe378c2566caf997117d444342ace21ebae,3475,0,0,ANO C4 MES C2
ERAM2209.dbc,2023-10-04T17:02,31345,840d49cf9a3eb4aec6c91ebb47809527db37733ae960aa2a9ac7d9efc2b3a1e4,1474,0,0,ANO C4 MES C2
ERAM2210.dbc,2023-11-06T15:49,33429,70406c7014d792e8be9c00844c7a06cc77aa77bbedeb4e07b984be01aae93e5c,1634,0,0,ANO C4 MES C2
ERAM2211.dbc,2023-12-05T14:58,27587,ebe0bcf17052801e131cd5023b63c4a5701cb4e815f698df9bd397d66b194e02,1335,0,0,ANO C4 MES C2
ERAM2212.dbc,2024-01-05T17:49,29723,595e86f60382f0847dd40e56dffe1f130a0f133f6c4b8fd299c8e6ce44ea91d7,1442,0,0,ANO C4 MES C2
ERAM2301.dbc,2024-02-05T22:52,36892,1d4b51dcaaf9f764e0e90e96fd236f0ba2ff78dd78c7397b268f39e77f68af0a,1767,0,0,ANO C4 MES C2
ERAM2302.dbc,2024-03-07T18:40,24604,e7a9d892e191ad45165109692eedbfe7023bb1a870c764ebc04dd0674f35e3e8,1166,0,0,ANO C4 MES C2
ERAM2303.dbc,2024-04-09T14:24,33454,9b6b973f5028b8af7f8209ca6c9e0f2388a7474cfb6bd2a133da0f90a08e7dff,1596,0,0,ANO C4 MES C2
ERAM2304.dbc,2024-06-16T01:07,23532,a06bd345030afeda04b2d8b255616ef1e77c0ed214e3b49ed29a0756e689644c,1133,0,0,ANO C4 MES C2
ERAM2305.dbc,2024-06-16T01:07,40633,153c8ea5b5699476d898af659ccbc5693dec0c75ac16f0bbf86b788d291b5e9d,2049,0,0,ANO C4 MES C2
ERAM2306.dbc,2024-08-05T14:44,37928,b36d89661d6d39fe519b9d2bc29fde9cdbf8fa5f4a2ba423689c60cae5f4dfc3,1895,0,0,ANO C4 MES C2
ERAM2307.dbc,2024-08-05T14:44,31577,33ead0b2b1083a579b29e191e3a867324ac89e587619edbd739f8c8b4802afb3,1489,0,0,ANO C4 MES C2
ERAM2308.dbc,2024-09-05T10:27,37309,d8dba11321b324a87f4811c6d91032b27a3a29fe2869e528c15c0c5e67d6ee9f,1808,0,0,ANO C4 MES C2
ERAM2309.dbc,2024-10-08T12:05,27898,c04abcde20b4459c3ebc71069ee60cd64688ece152b942e32393620c9d2a822f,1373,0,0,ANO C4 MES C2
ERAM2310.dbc,2024-11-07T15:41,16787,839cb808ca05a10f1c681e50a706e5306960c564401081e1b70503ee58b4827a,761,0,0,ANO C4 MES C2
ERAM2311.dbc,2025-01-05T18:55,14609,4696b11cdfab946172331793877999914e8f73467aca7d495fe5ad78e8c23b28,647,0,0,ANO C4 MES C2
ERAM2312.dbc,2025-01-05T18:55,17341,3624a515562c9d7c24728b33f1eee92c64a9f54e1e4a63de9d40e87f65679aa1,837,0,0,ANO C4 MES C2
ERAM2401.dbc,2025-02-09T21:24,14151,e5810ae3435354f022da09aa579fe15b4260e7c964c9609ea6f3b784be1c9082,633,0,0,ANO C4 MES C2
ERAM2402.dbc,2025-03-11T23:45,17281,0f23ae8954630d2febee4cd76c7d49839ddb309dc286b29bf77ad9fa4356b16a,792,0,0,ANO C4 MES C2
ERAM2403.dbc,2025-04-05T12:13,17223,01a7203bdd2c5476938e4a2a8f02f7c61d41acc3fdc79d08937963e62ae490e4,776,0,0,ANO C4 MES C2
ERAM2404.dbc,2025-05-08T08:06,17168,07fd5fa7102f06445824e1c779d4e48c56ef5aba0dc8f2bed49045d242461e55,753,0,0,ANO C4 MES C2
ERAM2405.dbc,2025-06-06T10:44,24206,934b1648e4734fa1ff84287405156dc3cce372e99f5aa20a049c758add3f9a8a,1146,0,0,ANO C4 MES C2
ERAM2406.dbc,2025-07-06T11:29,17896,4cf524d4a917b6d33596219c33a60e68c90c16f820bfb3d4299b3aeb3c266e9f,824,0,0,ANO C4 MES C2
ERAM2407.dbc,2025-08-04T07:13,30703,7295aefc78482e8982cfeae63273006b7494a7f4158830252487b26dc5b2e480,1550,0,0,ANO C4 MES C2
ERAM2408.dbc,2025-09-05T12:54,17339,75dac479b81e4a9a25f70a69a582cd46c6c489c5872ccfb71319469ae22563d5,813,0,0,ANO C4 MES C2
ERAM2409.dbc,2025-10-06T17:05,13266,95fa6dc1dc8d8bea01cd32c6fec633b677002492a2f6d8f3cdc4154d8ba6a4f8,588,0,0,ANO C4 MES C2
ERAM2410.dbc,2025-11-06T16:21,19745,b49b81f2dc3511c491defcb3b8e4f7f471a813a032888e50df6ad55d0b5fe077,918,0,0,ANO C4 MES C2
ERAM2411.dbc,2025-12-05T20:17,18682,fdf1caec47e76a3ac3589ca70b6f9e923b6fd8d9dda35c3bcd8d18f0de6427db,889,0,0,ANO C4 MES C2
ERAM2412.dbc,2026-01-07T19:03,14671,845a8e8c1c5db4de78deffa7b998672050d0c4fdd2d62970339b2983442af0ec,687,0,0,ANO C4 MES C2
ERAM2501.dbc,2026-02-08T14:13,18365,051910f5408b854150fa5f4ecc69ce1a44dffa3033722738144617181a5f75c4,888,0,0,ANO C4 MES C2
ERAM2502.dbc,2026-03-06T22:13,21163,1815afcab3e6402de1c913a6377740c5d74efde8060202ac322cae7a7083dcee,1072,0,0,ANO C4 MES C2
ERAM2503.dbc,2026-04-07T07:24,20504,8c6e314975900bdb7e2be43e4966f722aca3d9561f637e346777fa36e5a99e11,968,0,0,ANO C4 MES C2
ERAM2504.dbc,2026-05-06T19:00,28152,99f007fc6c952d4e933850b871a8074c8aaac5b3a7c0e297e0286bcf01127efb,1423,0,0,ANO C4 MES C2
ERAM2505.dbc,2026-06-06T20:15,30243,59b8d451727a528f4fc650896d635d6bb88ecb09af99035b1b5e8880b48bf3a8,1483,0,0,ANO C4 MES C2
ERAM2506.dbc,2026-07-06T15:10,24938,621023b14f56c1c15cff500a7bce10eecf13a0845f1daf055cf7aa2627425247,1210,0,0,ANO C4 MES C2
ERAM2507.dbc,2026-08-07T12:25,18848,46146ad9ec0adfc6cb3a1b4712558ec07a6540a45998e45daffc151d63c02b31,882,0,0,ANO C4 MES C2
ERAM2508.dbc,2026-09-06T21:27,36240,0336b595c519efa9b0f7d36364c6a52bf9f1275bf74237d74c7ec81eede12ba8,1793,0,0,ANO C4 MES C2
ERAM2509.dbc,2026-09-06T21:27,47071,9440c48cd5cf3fb8edf12af4173525732023e6f1c7151018b9fdbd29256869d3,2314,0,0,ANO C4 MES C2
ERAM2510.dbc,2026-09-06T21:27,36467,2d7f14677d1e4519b5612243c864b9d7ce0736e304ef25292b9168854cf441ed,1795,0,0,ANO C4 MES C2
ERAM2511.dbc,2026-09-06T21:27,30419,670cbb226ad396d6fece441eeed7983260051fbee80d82636fe0c1b10fb475e5,1430,0,0,ANO C4 MES C2
ERAM2512.dbc,2026-09-06T21:27,23321,fc20c412643692ddff8e90eeee532fb31fe8e621edfb1dc88b3de24a26d8b9ec,1107,0,0,ANO C4 MES C2
ERAM2601.dbc,2026-09-06T21:27,27384,8d88172dfc452b9d512fc301d0a2020cbb0c44ef62ab752bdd4cbf7dab93386d,1330,0,0,ANO C4 MES C2
ERAM2602.dbc,2026-09-06T21:27,21203,c4ed916a5fc2c71707ff69eb56ad8910600945a7e773ce4bdce39eb065398de3,1012,0,0,ANO C4 MES C2
ERAM2603.dbc,2026-09-06T21:27,23865,311af055b5dedcad3b838c0d03305307816d76796c7935dea82838b46114a4a1,1103,0,0,ANO C4 MES C2
ERAM2604.dbc,2026-09-06T21:27,27463,af7b9282a662f54953f2cd84535b6a2ed63daf0f7bfb16f8f4e27b9aa12a1528,1287,0,0,ANO C4 MES C2
ERAM2605.dbc,2026-09-06T21:27,22877,a0295aa0382162c1d350c2959b6d3ae39a774e79e237d5ba5b7a1c61896062d1,1089,0,0,ANO C4 MES C2
ERAM2606.dbc,2026-09-06T21:27,28276,bb4a9fc2e466ce32d69530cf5809c87ac8fc7de0c52b164d4f2b2407270de57d,1371,0,0,ANO C4 MES C2
ERAM2607.dbc,2026-09-06T21:27,23354,8f44da1b8a32a00faadc46f667e94363f77578fc23c074f4917ea3b2c6cca6fa,1145,0,0,ANO C4 MES C2
ERAP1101.dbc,2013-11-01T11:27,3461,67b21c304108782cce008190b017b341396aea620f1d09b77423c96bb245840e,255,0,0,ANO C4 MES C2
ERAP1102.dbc,2013-11-01T11:27,2844,08dc25bca9fd10a24a3b4b60c8cbbad0fde6979a589477274894d2bcfd704439,204,0,0,ANO C4 MES C2
ERAP1103.dbc,2013-11-01T11:27,2317,071b76a62ae69f3e2f627ba2c314f024db3801b7bf3c686b302fd1f90c136fa6,163,0,0,ANO C4 MES C2
ERAP1104.dbc,2013-11-01T11:27,2677,3d6920f107296f5a76465f7bb6b68e9c654ab24b90c484aa4b0586a673295067,192,0,0,ANO C4 MES C2
ERAP1105.dbc,2013-11-01T11:27,4227,12973cd8d3f4adf9d6a9058b16d75ac762cee90e56f206db5a58a023318b5b07,329,0,0,ANO C4 MES C2
ERAP1106.dbc,2013-11-01T11:27,4289,2d64b7740fcf85cca8d831a6eaa3690d3d22e1fbe22c15161b220cbf10ac2e77,331,0,0,ANO C4 MES C2
ERAP1107.dbc,2013-11-01T11:27,4202,20244b7a661104b7bd9989d28e8a3df5942f696677b70f1e9680a3f8ec9d69d7,321,0,0,ANO C4 MES C2
ERAP1108.dbc,2013-11-01T11:27,5013,bca30d2eb2adf41b72115b37621308130f3b0764fc9ab7be0f3dbcec0aa5ed86,400,0,0,ANO C4 MES C2
ERAP1109.dbc,2013-11-01T11:27,3048,0dfb0e1b3a6b1748a58b575e28663666d8bb1d7feed1704b5365acf5b765efdc,223,0,0,ANO C4 MES C2
ERAP1110.dbc,2013-11-01T11:27,4608,d14054777674be913862101ca4ef999a2d5b887e0b4c626d1f0dc7182d414406,367,0,0,ANO C4 MES C2
ERAP1111.dbc,2013-11-01T11:27,2837,35efb5de090840d01c7ea70fe3879403203ec35dd5246e815709adffd23ec4f0,208,0,0,ANO C4 MES C2
ERAP1112.dbc,2013-11-01T11:27,2843,808b616847ed87f2c8a4b820d258ed3936a3c622a867337788cc8ab09dbf2071,199,0,0,ANO C4 MES C2
ERAP1202.dbc,2013-11-01T11:27,521,e3d597e44352bcef13f6a042c2b122269c648291abf1785f83b9e508c98bd100,1,0,0,ANO C4 MES C2
ERAP1206.dbc,2013-11-01T11:27,525,04e44aced4e46b586ec231a5073bf5f3565c84e99b2d909a99dd21e37e8a5e4e,1,0,0,ANO C4 MES C2
ERAP1307.dbc,2014-09-25T11:18,585,680c10f479c520baf59352d2c2a66754309348f465c44b329a31be098c58df83,7,0,0,ANO C4 MES C2
ERAP1309.dbc,2014-09-25T11:18,523,d22a0ce8b8d4d2f65d6147db08972feb649e06acd272345f008f07fa68d6dcb3,1,0,0,ANO C4 MES C2
ERAP1404.dbc,2015-10-05T11:58,525,c03392af0c02b14d30687209c066a7da4b56ec7faef9c8530af0c6a8192e8ad8,1,0,0,ANO C4 MES C2
ERAP1412.dbc,2016-02-05T09:10,521,1688db344db1a49c16cc19c6bc7fd3d4bc6d84dcb0833a3faa6a0bf9249b1a5d,1,0,0,ANO C4 MES C2
ERAP1609.dbc,2018-01-08T15:27,533,2ad5ecca75e63ab18fc993ce191782f99d1fe360ac62e099e356aa4e9bb72196,2,0,0,ANO C4 MES C2
ERAP2010.dbc,2022-02-07T10:04,525,8a0bcc67c912fe1118f85793ea1de834e88bd09b8a204a26796746fc6ded4baa,1,0,0,ANO C4 MES C2
ERAP2101.dbc,2022-03-07T13:13,541,c2c3fdf0e25c30f98f67c0e2f0119c9359a55fa4bc0aeeb1931a0b03d0ee015f,2,0,0,ANO C4 MES C2
ERAP2102.dbc,2022-04-11T19:22,523,d7be3de8be66fcfcccf0fd29f646c29f45b663524c81dd0402e0ee792bafe24c,1,0,0,ANO C4 MES C2
ERAP2103.dbc,2022-05-04T12:32,523,8b32396adca3e072da24a13759677a3b3cbaef715adda27754b6dbeda369851a,1,0,0,ANO C4 MES C2
ERAP2208.dbc,2023-09-04T21:02,523,cdc270dc93173453b6a96c3df5d3c6c46886364acb61df49b72ef06e35e25c82,1,0,0,ANO C4 MES C2
ERAP2209.dbc,2023-10-04T17:02,881,227813925cfaf20bf3672e4f6e6007112c5bc42b2a9a9430824976d36cfb07ed,39,0,0,ANO C4 MES C2
ERAP2210.dbc,2023-11-06T15:49,1763,315c04fe190aae97ea739eba36f51ff237ed6af1fd186a72de76a322c6121513,103,0,0,ANO C4 MES C2
ERAP2211.dbc,2023-12-05T14:58,525,a34d931dcd1dcdf2454bb5829642995287129fc7cfb0eb89c01dacd41ce9bb44,1,0,0,ANO C4 MES C2
ERAP2212.dbc,2024-01-05T17:49,2449,52aac3074c149286768c75deb2c408a182513a5c2e6fe1287a6af0c7e68d1f50,146,0,0,ANO C4 MES C2
ERAP2301.dbc,2024-02-05T22:51,1104,c1db6bbd40bb7055761715a6094ff67d43d208222c9e16982893309f02db4d7e,50,0,0,ANO C4 MES C2
ERAP2302.dbc,2024-03-07T18:40,988,fc0b6afd7e0cb66acd60f3d0d59f6dfe09e5091d55aa1d0c8d7e36f0c5bec59c,34,0,0,ANO C4 MES C2
ERAP2303.dbc,2024-04-09T14:24,1902,e827fa2e31f9f749c437935a7d1c6f24b29bde71da9ed9613784fc69f3802070,100,0,0,ANO C4 MES C2
ERAP2304.dbc,2024-06-16T01:07,1570,e0761c7cf745e4bf3c162ea8475e02a290fa0baad9e661b4c3351cd5a2ade2c2,81,0,0,ANO C4 MES C2
ERAP2305.dbc,2024-06-16T01:07,3404,15cc62436c753791fa3959970fa410cbb920eea0a1aadb3aad7a49d2b1260c26,200,0,0,ANO C4 MES C2
ERAP2306.dbc,2024-08-05T14:44,1728,117be0b28a766ee8e7fbbcf83bc3abbcd6a0d4e2bffe3827baa3b29cb5984eff,92,0,0,ANO C4 MES C2
ERAP2307.dbc,2024-08-05T14:44,3036,59ee6b79bcdf0ba2991ccfceb7219de6ab73ae1218d9b5b0ed2c9b05bf9019bd,163,0,0,ANO C4 MES C2
ERAP2308.dbc,2024-09-05T10:27,3631,e1c03690c8292912749bbcab5559acae26b868a5a3b76b7ccc8ed0d9e8913979,194,0,0,ANO C4 MES C2
ERAP2309.dbc,2024-10-08T12:05,1874,6c4c0db7965fd61668f090984d165effccabc94a8540f1d2899625ed4fb965d1,95,0,0,ANO C4 MES C2
ERAP2310.dbc,2024-11-07T15:41,1694,90acf00b592def6c5fbc7d9d26428d8758d3a4aec91e1c0b20a1e8d7808a0251,87,0,0,ANO C4 MES C2
ERAP2311.dbc,2025-01-05T18:55,2666,f817ba8c462c0e41b18bff434e3b99fa86dfd6dccf0c1ea95f0c8e7cfaad626c,143,0,0,ANO C4 MES C2
ERAP2312.dbc,2025-01-05T18:55,3797,aa6b786b0b46a6334495348849583490bd000a105039843f3b599e3089483381,211,0,0,ANO C4 MES C2
ERAP2401.dbc,2025-02-09T21:24,2427,cf1d0196c2ffcda59ddee20ab041905dce74d55abd229a8fc49e61745cc5a06a,126,0,0,ANO C4 MES C2
ERAP2402.dbc,2025-03-11T23:45,3318,a8399fa1c2b3bbedf7b390d05829736117424005cdeaf02cd44c64514ebb80c1,165,0,0,ANO C4 MES C2
ERAP2403.dbc,2025-04-05T12:13,2685,e08ef94a1aa86f34bd09925b13cddf27d02aae1bb9e8888d5e4cc5ba808dcef2,130,0,0,ANO C4 MES C2
ERAP2404.dbc,2025-05-08T08:06,2597,2c55e539532e93bda0a13fbe857fb6a423a077e6068136221c20a0e739ba3a99,135,0,0,ANO C4 MES C2
ERAP2405.dbc,2025-06-06T10:44,2762,f579308ecd24289c29547e0dd766624dd4e692f762c11dad8f05ad1c43cba23c,148,0,0,ANO C4 MES C2
ERAP2406.dbc,2025-07-06T11:29,2994,829a03322259bdbd6288444df558e0365eb66fe45d3454d344c13ac203afede0,157,0,0,ANO C4 MES C2
ERAP2407.dbc,2025-08-04T07:13,3520,f4fa15e188f4a40e0c21bc37ab59d3a0f62b9cc078400fdc9c972f7a9aac634a,184,0,0,ANO C4 MES C2
ERAP2408.dbc,2025-09-05T12:54,3471,8ce849eab07f1c75e46b3c381a53ffa61b570459d91a4958fd512d2f8e756fc6,181,0,0,ANO C4 MES C2
ERAP2409.dbc,2025-10-06T17:05,3362,c88089c1182ea7010ba75c315afe14f29b1ffa74ddea38eea4b5ff03317122d9,178,0,0,ANO C4 MES C2
ERAP2410.dbc,2025-11-06T16:21,3777,7b66a2c3d65a5b8d101df27d9da6100f30e6f4a20fcda4632c089e09ed3298e5,202,0,0,ANO C4 MES C2
ERAP2411.dbc,2025-12-05T20:17,3524,18f83b63119da06636c80e2cf4e1a4fe60d3a0b53b502c39eb9bc29e96fc456a,183,0,0,ANO C4 MES C2
ERAP2412.dbc,2026-01-07T19:03,2501,16748d72d31992d1fed40b5335d69d6b50c3bb3d3532ac2e24889ac9e9b2db7a,133,0,0,ANO C4 MES C2
ERAP2501.dbc,2026-02-08T14:13,3732,a90c602123eb97f940dcd95d0b5d5ff1ab5312624d427c834a3ee10a1f508309,194,0,0,ANO C4 MES C2
ERAP2502.dbc,2026-03-06T22:13,2493,c7b45c46fbd3ee8afb046fbc8f74f7441bb884fc3497d19bb10bf01a3b93faf2,125,0,0,ANO C4 MES C2
ERAP2503.dbc,2026-04-07T07:24,3079,d96cf95d6ec23b7417fbadd509d15c423a5788634c2fea0d8278b3f627fcd70f,166,0,0,ANO C4 MES C2
ERAP2504.dbc,2026-05-06T19:00,3311,dea52ff3bd41f8f16bc7884e073870e7ae74c97780cc239e84a4a9d87b6ba560,173,0,0,ANO C4 MES C2
ERAP2505.dbc,2026-06-06T20:15,7452,b6f77bda4e857075561bc5996e9fd61b68647b9ce6c97fc6566376dd0e88e0b9,387,0,0,ANO C4 MES C2
ERAP2506.dbc,2026-07-06T15:10,4615,862dc8eb95cdc3e102cc40ab7aba4000ee4416d88882c583b7784d1d604c12a6,252,0,0,ANO C4 MES C2
ERAP2507.dbc,2026-08-07T12:25,3174,4ea0f0a0784915189a2e238664a2cc452f59d30f8f8645b02d44d832928c90b2,169,0,0,ANO C4 MES C2
ERAP2508.dbc,2026-09-06T21:27,3009,58eefdd9255e565624a7850690504b276ecce7f2ab650ed2e0e6cfcf5d61a44c,154,0,0,ANO C4 MES C2
ERAP2509.dbc,2026-09-06T21:27,3732,28ac8b82dde2f16c78caee0b7755ca8dbc1db6cc66c8f5f8b643599eecb3de93,184,0,0,ANO C4 MES C2
ERAP2510.dbc,2026-09-06T21:27,8556,1f39a4914718bf32b4b60e22cb73d529fe9e7e8bcaa3e9f32d3dc27486ebf4b0,446,0,0,ANO C4 MES C2
ERAP2511.dbc,2026-09-06T21:27,5047,227c595e75822b9e57c3f1daf38798a02940acde2a27eb26c05e1e30897ba811,268,0,0,ANO C4 MES C2
ERAP2512.dbc,2026-09-06T21:27,6776,37394b917c325c434432882fc51c506a10f53d7d4db95c997f62d56e7ad5aac1,345,0,0,ANO C4 MES C2
ERAP2601.dbc,2026-09-06T21:27,4975,c87d51e4da388cb21ab8f1d883e0357e91d853ccebeaf2c10b54ecf941b08ccb,255,0,0,ANO C4 MES C2
ERAP2602.dbc,2026-09-06T21:27,6999,43b13f2639eee9e1183a4b2168c4b5d34f638b2d10bd7080305533b762ae09a7,376,0,0,ANO C4 MES C2
ERAP2603.dbc,2026-09-06T21:27,5155,ef831afc564feca2c063224268d62e1e84dc35562399145bccfe7c809578471d,273,0,0,ANO C4 MES C2
ERAP2604.dbc,2026-09-06T21:27,3629,0ac8c8230b61731e8a16532742bc4509e1d4dabc1da90fe313eeede64f6a5460,181,0,0,ANO C4 MES C2
ERAP2605.dbc,2026-09-06T21:27,4016,1085f4f2d723e5adec62ffe0d9bab3b2440cf146ad57e95313ad7bfc19518b75,215,0,0,ANO C4 MES C2
ERAP2606.dbc,2026-09-06T21:27,3646,13402b2b0a80c07063e2122f3fd704a535c03af3b9cde8f3d5a0a85f57dd3072,196,0,0,ANO C4 MES C2
ERAP2607.dbc,2026-09-06T21:27,5438,bb607ce5d25364e277403c0eeaad929ef1d5ac8f9ae8660b8aef82f2e5a65661,277,0,0,ANO C4 MES C2
ERBA1101.dbc,2013-11-01T11:27,104668,04a7062ca32dd277809dc02f35aca955c118da21a6bd3004d04e438f9d111a6c,4502,0,0,ANO C4 MES C2
ERBA1102.dbc,2013-11-01T11:27,111279,1f056d4394367c911436c6a215243fc23644fd5c9468ea297437cc74758544c9,4871,0,0,ANO C4 MES C2
ERBA1103.dbc,2013-11-01T11:27,122818,f3523e7cbbf1b07496af6734ff4d84b12cef4c2d42c3d539459c07004d58c44f,5376,0,0,ANO C4 MES C2
ERBA1104.dbc,2013-11-01T11:27,112874,f900779c8f37296f2bce312760c632d95b34281707acdb115a834d9638168028,4921,0,0,ANO C4 MES C2
ERBA1105.dbc,2013-11-01T11:27,338076,d4acba5ca3503572441e9c98a34e7d393345172084351dcc105a3dfc188b857f,16415,0,0,ANO C4 MES C2
ERBA1106.dbc,2013-11-01T11:27,302154,0eae0448b47a8494ee473cb5c5fc904d19fba8e891e35775b5a1d77b3956b3b1,14347,0,0,ANO C4 MES C2
ERBA1107.dbc,2013-11-01T11:27,261365,05a2def69fc81222e9337256b6169ebb0396dc36398300329967958b21645237,11667,0,0,ANO C4 MES C2
ERBA1108.dbc,2013-11-01T11:27,305482,7638d055bd25f8df9c8e3c2bc6b4f7e1d96b40005af4bb5e692ed6b919150f67,13921,0,0,ANO C4 MES C2
ERBA1109.dbc,2013-11-01T11:27,268748,7b7b693cee046e96291371ae280e3a97a50de49529629cc8b1e0f830c5371050,11964,0,0,ANO C4 MES C2
ERBA1110.dbc,2013-11-01T11:27,235104,fe4b561144666356bb64f2b587c7638685ddb2bd92b13e9acdf83540b1581922,10506,0,0,ANO C4 MES C2
ERBA1111.dbc,2013-11-01T11:27,214326,b1b81f6cb9a1ce84e506667a853b9b667e282149d6a13ebf877ca97de267b884,9618,0,0,ANO C4 MES C2
ERBA1112.dbc,2013-11-01T11:27,268338,ad80218ffc2533ec5494e658c86c89a716ba3b314b10aedd17cc6d558f84f954,12471,0,0,ANO C4 MES C2
ERBA1201.dbc,2013-11-01T11:27,267180,cd29132f90ff4975963421f827c61412b9db2c0d18e4fea06cbe2b8a78eeb752,11909,0,0,ANO C4 MES C2
ERBA1202.dbc,2013-11-01T11:27,297602,d53fe9f0350f0e2b5a0da7c7c320f82ed33dc97bf28574730ea32a8a612c0bc5,13132,0,0,ANO C4 MES C2
ERBA1203.dbc,2013-11-01T11:27,271713,a410e9c69535d3f12e708f644498254d7eda425d0fdf5d9d689c2ef2f6957eab,13040,0,0,ANO C4 MES C2
ERBA1204.dbc,2013-11-01T11:27,212191,7c1b72573b2eea9b6ea81d7f9f2b6eab0197052dfbe1eed6d0e238552c0d25be,9699,0,0,ANO C4 MES C2
ERBA1205.dbc,2013-11-01T11:27,243516,ee66a0ba74762a3bca3d8fa4899ab204c6be23cd270ea73cfc3eef01a6acb801,10825,0,0,ANO C4 MES C2
ERBA1206.dbc,2013-11-01T11:27,235605,02adefd03827912ae6ac208c439d80126f7735820d09ac7fe1681a181d39e764,10680,0,0,ANO C4 MES C2
ERBA1207.dbc,2013-11-01T11:27,227497,8f915bcb34a8a62e15ea808aa770fa016a16576e5fff8eb3a8373d000cfc2477,9950,0,0,ANO C4 MES C2
ERBA1208.dbc,2013-11-01T11:27,237171,5d92bfae9c502a54d5b2dc1e374f810a15d098c7c64cbaf2af337ff5191797fc,10937,0,0,ANO C4 MES C2
ERBA1209.dbc,2013-11-01T11:27,219369,05c6c59f16de3a0d4bd6f40d57ba0fc70c02ac107cf493a0997ccd1c0babf09d,9691,0,0,ANO C4 MES C2
ERBA1210.dbc,2013-11-01T11:27,220495,7457af6f7a6284717d74054b97116a973545fc2e4d3bfa94a5412d89b3fe2e82,9399,0,0,ANO C4 MES C2
ERBA1211.dbc,2013-11-01T11:27,222174,795b76f63dd4622af70fb2b92c65652a89159a4648075788132143d30da8278a,9550,0,0,ANO C4 MES C2
ERBA1212.dbc,2013-11-01T11:27,191948,78be53ca3d056b69abdde3bfe4b74d78cde9bc5bcba43fe0b4d8d52e5d48d8ff,8497,0,0,ANO C4 MES C2
ERBA1301.dbc,2014-09-25T11:18,255657,7566474edc1db2006963ac9bf843a104aba32c36bd2d5880585995483ee246be,11974,0,0,ANO C4 MES C2
ERBA1302.dbc,2014-09-25T11:18,283154,3e638dc6b4db923f2993d65fb22073af5820e4ab0cdcdd2a7b578cd574615385,13068,0,0,ANO C4 MES C2
ERBA1303.dbc,2014-09-25T11:18,338364,96059d2632952726b725269c580fbc2268626cdaa69f0cd8c67d82ace7e438e2,15876,0,0,ANO C4 MES C2
ERBA1304.dbc,2014-09-25T11:18,362949,ac2c5e9bf5b0d737551190e58d43ebc4b3962a083a32e3e49e40c5a2ae7e843a,17118,0,0,ANO C4 MES C2
ERBA1305.dbc,2014-09-25T11:18,243178,8eff00615f77daaf642b6099e6655d18dbadebaa030dc62109eca73bcb1eeb65,11098,0,0,ANO C4 MES C2
ERBA1306.dbc,2014-09-25T11:18,253119,34c543e6954ad6a3b8464a6ee06d230430a540014e8ee64b7d5b3abb7839f13e,11630,0,0,ANO C4 MES C2
ERBA1307.dbc,2014-09-25T11:18,229360,5f5967d792b46a6d41c78b5036e9828f47e9bfa49a26d26d111e6ecbc7234a55,10105,0,0,ANO C4 MES C2
ERBA1308.dbc,2014-09-25T11:18,200464,9fad4a92ca86db06655bdb3c46b1b219c90787aae50b2fbf1c5eb0d40d17cf47,8842,0,0,ANO C4 MES C2
ERBA1309.dbc,2014-09-25T11:18,210390,9a3e1b724e44e8391b3ca6ffb6c686e1ae432b1f3aa7f857a5e5f8d4432840e7,9405,0,0,ANO C4 MES C2
ERBA1310.dbc,2014-09-25T11:18,149799,ed67860a93db6a7f63ef178b125bf6cd1f31ffcb9ff5daf639c949412e5aaa05,6725,0,0,ANO C4 MES C2
ERBA1311.dbc,2014-09-25T11:18,214714,47470db4cf4ea43890c05eac7f73bdb5796efb8b04e42265c9bfcc070824a35e,9617,0,0,ANO C4 MES C2
ERBA1312.dbc,2014-09-25T11:18,200692,93a15376fde68184ed5887e89e597d313de68c55b13ede5cbc5c7f545ae2bc7b,9118,0,0,ANO C4 MES C2
ERBA1401.dbc,2015-10-05T11:58,195070,2cd6f96d5f2b3b5a168a3993c839c3b749002c7e36308082848707bb759eb54b,8590,0,0,ANO C4 MES C2
ERBA1402.dbc,2015-10-05T11:58,182886,9fc8a65bab33d654af116df692dc2d8734e662e6db9e0c6f5adb4f645500ca52,7829,0,0,ANO C4 MES C2
ERBA1403.dbc,2015-10-05T11:58,186176,e3672a18c8ff2d5a28a087b7d6c8b9c0b9f0ebf73ee1ca9f216f001decf55b11,7996,0,0,ANO C4 MES C2
ERBA1404.dbc,2015-10-05T11:58,209685,0e07d96366a242f63b6c31980f179c2ef9d77093f3b86bf45e23bcd693ce64fa,9018,0,0,ANO C4 MES C2
ERBA1405.dbc,2015-10-05T11:58,203988,e77b135e324b56d2e0e738a3aba4eb7c613f630db7d1b437233aba76a41b3923,8651,0,0,ANO C4 MES C2
ERBA1406.dbc,2015-10-05T11:58,188055,bd8eceb711a69328578ae97462bd5c37e6c846b3e35ddeaece358ad1303d9bd6,8121,0,0,ANO C4 MES C2
ERBA1407.dbc,2015-10-05T11:58,179342,f4919bc0012c1450fa9d05ea3b55cc4fc08eba9a8d6c048994b4b049fc1cf8c0,7906,0,0,ANO C4 MES C2
ERBA1408.dbc,2015-10-05T11:58,182436,18bf462a8a9d64cc7f26fb353ee0fae83b7fcafb5a550f54576d59471374ca9a,7687,0,0,ANO C4 MES C2
ERBA1409.dbc,2015-11-09T10:30,179290,7d586b90b43f823efb986f33f221d61e1d7f28988dd8ef5555ac047cee2ff2eb,7576,0,0,ANO C4 MES C2
ERBA1410.dbc,2015-12-07T08:58,209520,9ce04dfd265732921d3fa387dadbac80b1bd4f886796b28204ee998f7dedf10e,8938,0,0,ANO C4 MES C2
ERBA1411.dbc,2016-01-07T10:01,185658,90eb483c3a486e4350c29e584f98f3fe078b31e5c32dd5259ddc030eb3ec8651,7942,0,0,ANO C4 MES C2
ERBA1412.dbc,2016-02-05T09:10,241866,51d023d054794c00a82d424bebf69028eafc8078261d489c273ddb8c883407fc,10433,0,0,ANO C4 MES C2
ERBA1501.dbc,2016-10-04T10:20,189240,1bb375a22a06a9819cea4fcd2a15ce0ad265f8e0ac38505478e05c6c5f285d5d,8195,0,0,ANO C4 MES C2
ERBA1502.dbc,2016-10-04T10:20,192493,ddac065ea5850a647c6623daf00717a503150293d0c12445153953f18490e93c,8270,0,0,ANO C4 MES C2
ERBA1503.dbc,2016-10-04T10:20,208443,54d598a76102dfc3c4f77cadd89731a5406c32be96f55b2b4b887a7fd0ee6599,8879,0,0,ANO C4 MES C2
ERBA1504.dbc,2016-10-04T10:20,209789,ba0df0ddb7e2238999d4e16c8ff70be3c64dfbb9e3c54ffcab521448bf11248d,8925,0,0,ANO C4 MES C2
ERBA1505.dbc,2016-10-04T10:20,188119,75e5ec22123b3103f54b62ed44068b1afca229d99e4873b235bec30955a7c651,8079,0,0,ANO C4 MES C2
ERBA1506.dbc,2016-10-04T10:20,171007,065b80e6a3b5f2dba84d718407a109892dda118ba86f0b82080cd71c27bc91eb,7100,0,0,ANO C4 MES C2
ERBA1507.dbc,2016-10-04T10:20,198718,c8732d3a253153716f7473528590e87f9401e832e28d62f8176892bce0a4f44a,8334,0,0,ANO C4 MES C2
ERBA1508.dbc,2016-10-04T10:20,236972,b86d4bdcdf9e5e4977aba96a75d236e1a72b0abec874dcb7e86b5db3f02b6da7,10070,0,0,ANO C4 MES C2
ERBA1509.dbc,2016-10-04T10:20,183439,24ef0425aa2bd97ac03cedc21ada2b0b4310ddb600fde603feec6691252c0a5f,7556,0,0,ANO C4 MES C2
ERBA1510.dbc,2016-10-04T10:20,180269,8260b2d2bdfd393abd4acc4bfc8894db834e9ea295f3c374883f9d2595a02b54,7480,0,0,ANO C4 MES C2
ERBA1511.dbc,2016-10-04T10:20,177404,d868a10f561ea4863984cd50132011ec71168b70ee2407280e16896a5c65449a,7392,0,0,ANO C4 MES C2
ERBA1512.dbc,2016-10-04T10:20,199259,a13475c5174b2ff2c25ac0bd4fcd510c2a786c8897a28e50948667dee014c6a6,8600,0,0,ANO C4 MES C2
ERBA1601.dbc,2017-04-10T10:09,203398,932cce8987d17dfe29d98cf3a5e5fa846d803ed81b743b046f0a0e4b4bdb2616,8669,0,0,ANO C4 MES C2
ERBA1602.dbc,2017-04-10T10:09,200144,d1421553f63e25047631d8cfed2f62117ceb3a3dbea0c43222d1c04ca0cbbc18,8371,0,0,ANO C4 MES C2
ERBA1603.dbc,2017-05-05T14:39,223644,701516c520233d64b6a338d80c0221a006445eb3efac6c805ccf7ff782b1dd8c,9573,0,0,ANO C4 MES C2
ERBA1604.dbc,2017-06-05T10:00,231659,97a0b52715c6e315469b5ff405ea54dcdf3026ce405a4635ffb6e0b97d3a3552,9948,0,0,ANO C4 MES C2
ERBA1605.dbc,2018-01-08T15:27,322581,6c0e690917951282efd6bdbd8e59c1d6d795730aa417eb5b35710cdc9eac4436,13812,0,0,ANO C4 MES C2
ERBA1606.dbc,2018-01-08T15:27,396237,1d8b81d1f903315fade47cc178ead1129942d43afabb8331cc1d4ab7e94c7ff4,17318,0,0,ANO C4 MES C2
ERBA1607.dbc,2018-01-08T15:27,396139,1c117c27512e2e3c59459c0980d4665a544c12049b68158fb1748740626484d3,17487,0,0,ANO C4 MES C2
ERBA1608.dbc,2018-01-08T15:27,434293,04caf393915394e0a5428beb373656a67bb40f9fd2ce28f018340cfbc615b142,19342,0,0,ANO C4 MES C2
ERBA1609.dbc,2018-01-08T15:27,402164,f5cde463197b200217d1c67dca56386de3a3c62b8c9ee1ba18b23b0c364ca4c9,17929,0,0,ANO C4 MES C2
ERBA1610.dbc,2018-01-08T15:27,353123,d6d414779076ade6774da00c456d7744f34f79d82627e89a41a7e7be1f0adcce,15777,0,0,ANO C4 MES C2
ERBA1611.dbc,2018-01-08T15:27,306653,88afff8c96884968d5f97ebebbd8abf5c78e3301f6931b1b1c74397571962ef5,13500,0,0,ANO C4 MES C2
ERBA1612.dbc,2018-02-05T09:39,265416,c0cd20457c66dac11d0ee9693d2073b73231e0a8c3d48c4225d708e4e222689e,11666,0,0,ANO C4 MES C2
ERBA1701.dbc,2019-04-10T16:28,286063,d995afa67d0e02ba50f763378545aa4614bec51135f96b98dd094d470ed83da4,12282,0,0,ANO C4 MES C2
ERBA1702.dbc,2019-04-10T16:28,259250,d28ec320a7c8374cc6830d65e6642d36b3e018ca45fb5b6b979ff940bce5ab6f,11176,0,0,ANO C4 MES C2
ERBA1703.dbc,2019-04-10T16:28,240310,724e9a1abbd28e566c9211bcec9e40d4c2327a61973d178154f6f66ed367fe59,10433,0,0,ANO C4 MES C2
ERBA1704.dbc,2019-04-10T16:28,233506,98f2fe1bc97b8bfe283ea3a817af37769e4e479d2ff40eca75354678a8461683,10087,0,0,ANO C4 MES C2
ERBA1705.dbc,2019-04-10T16:28,235915,73f1e42d442867b0a73f0660bd77f6873f405b4806f66307ad6b11cb0977c952,10315,0,0,ANO C4 MES C2
ERBA1706.dbc,2019-04-10T16:28,246472,556fb60cb5977bc928a9122dd42411aa2fedee145e6a750f144ee86a50604c36,10681,0,0,ANO C4 MES C2
ERBA1707.dbc,2019-04-10T16:28,353252,184ca57657901a84873a1f30189ee5a7909aee4b89028dafb63ce52fa0328daf,15851,0,0,ANO C4 MES C2
ERBA1708.dbc,2019-04-10T16:28,429252,a7de5023907709af297ec0c7c31fd11b20cdd35db95eb0030b529b93996530c7,19057,0,0,ANO C4 MES C2
ERBA1709.dbc,2019-04-10T16:28,361021,a7e5ab777daeaf21f7512e11469227ec8d89c716cfa2f6139bff5e6f8c5289ce,15953,0,0,ANO C4 MES C2
ERBA1710.dbc,2019-04-10T16:28,265429,1395e7ef54958cf7670ead96f91ae57faf587baee719f8210115c3edde22d42f,11450,0,0,ANO C4 MES C2
ERBA1711.dbc,2019-04-10T16:28,247784,a88f8579abe11a58c9d4d8ca739d36dad448fd31082a73451f220869adaadb01,10656,0,0,ANO C4 MES C2
ERBA1712.dbc,2019-07-08T14:45,278852,a01e2fce16e03e54ecb7d7e874af0b168a1e45afe4d3cfd2b3d73f1e98e38d97,12442,0,0,ANO C4 MES C2
ERBA1801.dbc,2019-08-05T14:40,294781,9389160b96a0fd120a031a853ce7e5a294db4d613acc9651987a59510c4c49c1,12926,0,0,ANO C4 MES C2
ERBA1802.dbc,2019-08-05T14:40,244651,0755d0af27a543af87908a4de0e22c6a25072defc158492d7716112f78c193f0,10634,0,0,ANO C4 MES C2
ERBA1803.dbc,2019-08-05T14:40,280788,bf9e020a082b2d9fbfd06b20b81ec7603fee8f8c377cecc7d63c381cbb9cde46,12265,0,0,ANO C4 MES C2
ERBA1804.dbc,2019-08-05T14:40,255342,a00c0764f36f4f67e5252c6cd5d88a08a919503d24922b3b89c9f9e5c741f242,11043,0,0,ANO C4 MES C2
ERBA1805.dbc,2019-08-05T14:40,245500,51f32c31c71dfd87af3d40dcc24eeffb6a53914ef42f715b347b95c24cf5392d,10675,0,0,ANO C4 MES C2
ERBA1806.dbc,2020-01-09T16:48,248478,f43649a55601fae184f2e8ab5a703eb08f144ed37a8a449db2bbf39719756a47,10839,0,0,ANO C4 MES C2
ERBA1807.dbc,2020-01-09T16:48,285694,45adc4a34f69cb87215f607cfcb48d9a51594eeaf7d004229cc2314bebb16f24,12962,0,0,ANO C4 MES C2
ERBA1808.dbc,2020-01-09T16:48,324320,ca52ff386907a498a5f5c905ac64cffed43db304897239965c0b1b3d434b25c5,14408,0,0,ANO C4 MES C2
ERBA1809.dbc,2020-01-09T16:48,330433,28eb29da1314ef47b2f7b6305e68244bb87fcd5bee833c60a04a285448c6e2c1,14518,0,0,ANO C4 MES C2
ERBA1810.dbc,2020-01-09T16:48,333336,b127af9f0343e5591c4fe306a06f1b71fcc666d7eca3ebffa87554d3abe47c60,14646,0,0,ANO C4 MES C2
ERBA1811.dbc,2020-01-09T16:48,324951,13c819bf6e053438a50c78f794ebeb5e3dcd12aa8de2015965423bccf7c0308c,14304,0,0,ANO C4 MES C2
ERBA1812.dbc,2020-02-07T15:02,300650,a6f4d840323d3957f64f46aeb6efd870c5541319185ea577a7748cd4a3876f1a,13013,0,0,ANO C4 MES C2
ERBA1901.dbc,2020-03-10T14:43,300541,767b4408c0f39074095bca5a433f623901777bfec64add8b40d1f096a460e19a,13139,0,0,ANO C4 MES C2
ERBA1902.dbc,2020-04-05T14:39,334256,bb42102a5727ecba7490b4e09f05e4afc00efbbe3677028961287f0451c241e9,14600,0,0,ANO C4 MES C2
ERBA1903.dbc,2020-06-04T13:54,322918,0e5a8ea33bf05d66680405bf967d3fa3d47b93d90899c78cbe74a04817fa61f9,14115,0,0,ANO C4 MES C2
ERBA1904.dbc,2020-06-04T13:54,337042,eb8adbfa4f7eb724e74d05875de836123d95e164a424ea2a9ed63d364417ab92,14713,0,0,ANO C4 MES C2
ERBA1905.dbc,2020-07-04T11:39,347142,be14892db1aaba6d4b06133f9fa29c50cee910966fbd2b7a1ae35ac7089f4b1e,15200,0,0,ANO C4 MES C2
ERBA1906.dbc,2020-08-04T10:41,314984,78dab682ff5f318c422549e428d2c84d8c1397ee3314c4c3d92a801dc7d41ada,13881,0,0,ANO C4 MES C2
ERBA1907.dbc,2020-10-06T08:42,325729,4e1190a6a9adbb95d733e6665e600f4c0a07497365eb82165a0aa5bd8a378a8a,14459,0,0,ANO C4 MES C2
ERBA1908.dbc,2020-10-06T08:42,318231,456b684d88cf836d04ddaf9943a40032702f9a265b237868fa28f06101c6aa82,14041,0,0,ANO C4 MES C2
ERBA1909.dbc,2020-11-18T10:38,317758,dfc8a9c9905c4f674982501bd058ff6cd6f0f75a7052bae9ebd326015117ca98,13872,0,0,ANO C4 MES C2
ERBA1910.dbc,2020-12-07T11:23,320390,2092bf1328cfc963eaa63f297aa66f1f490e51fbe29b1a7c37e32ce4c1924cce,14016,0,0,ANO C4 MES C2
ERBA1911.dbc,2021-01-14T08:10,296050,5205644fddfeccfb04ad0f6ba8cdd4421839796fff0e98e7cd652ed08a385f58,12859,0,0,ANO C4 MES C2
ERBA1912.dbc,2021-02-05T10:26,292522,f1165ce27186afa82b4be68f8c48162ec31b7fcebabd451bbef13f7bae7203fd,12737,0,0,ANO C4 MES C2
ERBA2001.dbc,2021-04-05T13:24,382582,5b736c070e95a15dac39b990e1ec3907dfbdcfe69378ca335b11761d2f37ffcb,17308,0,0,ANO C4 MES C2
ERBA2002.dbc,2021-05-07T16:35,298944,6b0984549075fa97dba57e592f8f1571544fe302cf953d6f337699de4c6b5b24,13005,0,0,ANO C4 MES C2
ERBA2003.dbc,2021-05-07T16:35,281177,172c729c0aaaf345e7b7f84c12b3cf03c76e856f827b6b7759b6ffdafa88c47f,12403,0,0,ANO C4 MES C2
ERBA2004.dbc,2022-01-10T14:22,279775,10d9ad21a700cce26133f2a6eff28e527c319afc91e299c3ffe00cdc9946ea70,12233,0,0,ANO C4 MES C2
ERBA2005.dbc,2022-01-10T14:22,264999,6879b8470337d95b242f4fe5c8a3f037f9d3d53c2a0a855840113b692e86dd04,11521,0,0,ANO C4 MES C2
ERBA2006.dbc,2022-01-10T14:22,276795,84822060600299c13ba80505e9a6bfe3b4566e3c0ec944bedbcae91e728e2e92,12255,0,0,ANO C4 MES C2
ERBA2007.dbc,2022-01-10T14:22,272030,6a75cd7ca334303b0afc7b3658350320f0b80af51e7b34ca382d8d1013b0c86e,12086,0,0,ANO C4 MES C2
ERBA2008.dbc,2022-02-07T10:04,279321,02c6ff96e3112567c86a96e535eadb78e7a5bb57cee86534cdce49d44a0a7b37,12231,0,0,ANO C4 MES C2
ERBA2009.dbc,2022-02-07T10:04,310505,10ac56518e4dc6f2072ee8b319ac1d8c9c4a29bd85ebab434c8e36dbd45cbabe,13984,0,0,ANO C4 MES C2
ERBA2010.dbc,2022-02-07T10:04,339439,7a11bf97157ff89292f0a192ae0be7dfead61618c67c11b16d45790deea5ffb7,14977,0,0,ANO C4 MES C2
ERBA2011.dbc,2022-02-07T10:04,310693,316e4984b98c41a6d006e2a4e2c5551fb36af9aebba4a986bd1dc65ddbbb7f30,13616,0,0,ANO C4 MES C2
ERBA2012.dbc,2022-03-07T13:13,277806,36a857e3c05fc2e8d7df80926a7bcdb3ff8436831ffdeb2da106a5ffdb47bcb8,12201,0,0,ANO C4 MES C2
ERBA2101.dbc,2022-03-07T13:13,313637,6aca4c24c685b6efa5012c029fae7708feee3c84fd49c307b3e89a66ea5c95f5,13947,0,0,ANO C4 MES C2
ERBA2102.dbc,2022-04-11T19:22,343594,736b0764703f99fbd4e5cf676a2ac4c19fdde77df9d22b91cfd89fe6dc25b4bb,14976,0,0,ANO C4 MES C2
ERBA2103.dbc,2022-05-04T12:32,322087,9c7dbe12d7e4d7dd80fc539b4fa7767bec8779183a671dbc84fa911c2cecbbcf,14753,0,0,ANO C4 MES C2
ERBA2104.dbc,2022-05-04T12:32,343639,7f8e18ad40dbd145f7a4ee2ff2dc51d5c960ad96d36123a8faf5eaece86d849e,15571,0,0,ANO C4 MES C2
ERBA2105.dbc,2022-06-03T13:03,335057,2595f10346c30426d0872e5fae0019a145c34ef917de44bba6127354135c6400,15278,0,0,ANO C4 MES C2
ERBA2106.dbc,2022-07-06T13:10,330758,83e1188f0feaf15a1da67119d4a36a751f8ee16b4d78538f4cbcd53aa0dd59b7,15043,0,0,ANO C4 MES C2
ERBA2107.dbc,2022-08-04T15:39,298962,c6d075a2b4bc6a678c5769b9bfef197937159f2b092363f958e4bec23bc68f1d,13028,0,0,ANO C4 MES C2
ERBA2108.dbc,2022-09-06T11:16,307017,39bbbf1187cbe48a42dfced4e58ac97e44b0332a70266958ae0429f3703aea24,13863,0,0,ANO C4 MES C2
ERBA2109.dbc,2022-10-05T14:25,261928,41b98175bc41068512bdfae829a054b43fc9645c8feace18b69f271ebe8c0227,11250,0,0,ANO C4 MES C2
ERBA2110.dbc,2022-11-03T17:54,233606,c5aaa9723c7b37d0079ed9d8ff208d440f68aac0cb654e003586ae562cfe41a1,10083,0,0,ANO C4 MES C2
ERBA2111.dbc,2022-12-06T16:21,243618,c907b21f49e275956690779159cfb3a1eb2ce495cd8f660f19130ac97749ef8d,10513,0,0,ANO C4 MES C2
ERBA2112.dbc,2023-01-04T12:45,272957,9cb93258e52925012206252a46a325bf46d0b4cb5d9dfbc69ae5e4beab78f630,11815,0,0,ANO C4 MES C2
ERBA2201.dbc,2023-02-06T13:00,278290,c16230f3d5a632c6eafc761bbd4c450a7f7eb13b39d036e3e422eab074eecbd9,11984,0,0,ANO C4 MES C2
ERBA2202.dbc,2023-03-09T16:42,281002,64a58fdb61b088075078eb565d90a8edfa76939589c5adb737dff9d1825cc189,12139,0,0,ANO C4 MES C2
ERBA2203.dbc,2023-04-05T13:31,287784,511b90578038fd611f7a6f7052319a091129cb6e3dd31f701f7a373cf41bbbaa,12468,0,0,ANO C4 MES C2
ERBA2204.dbc,2023-05-08T14:31,291023,b34192f6334fc5920af87950b68cfed853c590e7f35bc236a6f4bd88b69bf88e,12674,0,0,ANO C4 MES C2
ERBA2205.dbc,2023-06-05T11:31,436943,30158bd2eedb7ffc7f6aee3f1f4cc59e0bd09042340cc4d74131654f1d8884a6,19546,0,0,ANO C4 MES C2
ERBA2206.dbc,2023-07-05T12:43,456451,ea4f2b7f1f6d0fac5cf49154d777b1fbdc84b7dc839e224e9b9dad48f19097c2,20448,0,0,ANO C4 MES C2
ERBA2207.dbc,2023-08-03T16:36,453491,4a4c55c49b2097b2fad233992a383f387d4df1a987b012d91d89bbcb20e46984,20434,0,0,ANO C4 MES C2
ERBA2208.dbc,2023-09-04T21:02,460182,343dfe1de8086856a81eae7f1bdd9c2b61831b48e355dde0c5a514f3ed8e33aa,21223,0,0,ANO C4 MES C2
ERBA2209.dbc,2023-10-04T17:02,368450,bb1204845718c3804f6f8dc28c76be027c24d7196d6dee5fb50ebcf5a639d1d1,16296,0,0,ANO C4 MES C2
ERBA2210.dbc,2023-11-06T15:49,335393,1f35ed449b3e42fba7a483c280d93e4bda7ceb84677882d8221009eee93be849,14631,0,0,ANO C4 MES C2
ERBA2211.dbc,2023-12-05T14:58,338634,542372bc4cdd67865ea10e5ff2d81bbc28ce87f76218b33e944756b918c19079,15432,0,0,ANO C4 MES C2
ERBA2212.dbc,2024-01-05T17:49,330391,72dddd5ff87df749f174a6cc96c8c8d5063bcc819ae4b6be85f110b869693be3,14481,0,0,ANO C4 MES C2
ERBA2301.dbc,2024-02-05T22:51,339001,92cecd812583de33f18fab0247a7637f44de7eb7e3f13061cda0ddb593d5d50a,14832,0,0,ANO C4 MES C2
ERBA2302.dbc,2024-03-07T18:40,326138,085d3e6d21a87c6f65a9c77f3303c8c2b46c1752e7bfefe9f605c23edf469ddb,14247,0,0,ANO C4 MES C2
ERBA2303.dbc,2024-04-09T14:24,340361,880e2ffe5cfb10a6c7f66f293c843f1372b83096ce847fddd4456e2a85572f8b,14812,0,0,ANO C4 MES C2
ERBA2304.dbc,2024-06-16T01:07,368178,083e9d0bd1f674283c788b1cd1c77dd32541d06b90dd600fdfe1db2d759822bb,16078,0,0,ANO C4 MES C2
ERBA2305.dbc,2024-06-16T01:07,360921,bb51f8e7ee31323851f5c627d991700546dd2111b7e6a45073c88fa033a4fb51,15854,0,0,ANO C4 MES C2
ERBA2306.dbc,2024-08-05T14:44,362099,320452e79621265e7b7f6a7ee92c5a333edcea3ba16b44a04dd8cedea9d59e67,15871,0,0,ANO C4 MES C2
ERBA2307.dbc,2024-08-05T14:44,355236,0f04207c0818733d2a81de1ce592bc334ca3be8c38ea92cbdac3071bbb2e59dc,15502,0,0,ANO C4 MES C2
ERBA2308.dbc,2024-09-05T10:27,361779,de86b7eb37ad2b337e74b8d03297b03ebfaa75e8b0a452b63f97117676ad70fc,15756,0,0,ANO C4 MES C2
ERBA2309.dbc,2024-10-08T12:05,374226,69e9b4fff02618293d255967274db0017be2ca764ad99fa12ccbff528627f514,16519,0,0,ANO C4 MES C2
ERBA2310.dbc,2024-11-07T15:41,346440,3cad2cb0a609165e50331ec345b748d66d60a11d3a6d811949631ed111538a91,15488,0,0,ANO C4 MES C2
ERBA2311.dbc,2025-01-05T18:55,344092,4e726e8b3548cfd7d8299cab405c6e3f4e020c22bb6d546b15a3e8a82b5b051e,14944,0,0,ANO C4 MES C2
ERBA2312.dbc,2025-01-05T18:55,315100,c2ffbad3b5fafc38c2904b674201da0e8b6fdb062d574f77d74d668faa032403,13856,0,0,ANO C4 MES C2
ERBA2401.dbc,2025-02-09T21:24,333095,6dcc5e24a975c08140a03348a1b15809ecf8fc3f41b4b0fd868e7599053653c6,14865,0,0,ANO C4 MES C2
ERBA2402.dbc,2025-03-11T23:45,311990,e510d24fe3dd37729dff58a28082fa1b6a32d06120aed35a042fd502f90dc53c,13511,0,0,ANO C4 MES C2
ERBA2403.dbc,2025-04-05T12:13,319998,814faefb9f3c84fdbc0332bdac5da3385873f0cccb878f40cd0108cf832f7494,13931,0,0,ANO C4 MES C2
ERBA2404.dbc,2025-05-08T08:06,321211,25fcfdc350b69dec4de65c9f1824d5619074c5e0a3eced7a0cbd4eb4acc9dc46,13850,0,0,ANO C4 MES C2
ERBA2405.dbc,2025-06-06T10:44,348819,a3ea2204a9961db80a0864736970743387def886e6da83a1d404641938382d08,15053,0,0,ANO C4 MES C2
ERBA2406.dbc,2025-07-06T11:29,356974,b3a15869c013b5237fd2cc2d01c879fa255c896a2737dc15b82799ecc2e1646f,15352,0,0,ANO C4 MES C2
ERBA2407.dbc,2025-08-04T07:13,374418,f8148302d811e283c663e89b0fdb818996253a3dd05d7de407017cfd0e368967,16353,0,0,ANO C4 MES C2
ERBA2408.dbc,2025-09-05T12:54,394922,75ce0a6a89ce1d7840d60b2c10130ffccf34839134bda9d70a7e12d79f5972bf,17533,0,0,ANO C4 MES C2
ERBA2409.dbc,2025-10-06T17:05,452134,62a769eaa1a474e436988c2e6ef9f51e3207fb293497fc766febdbc45577c0bc,20269,0,0,ANO C4 MES C2
ERBA2410.dbc,2025-11-06T16:21,418006,77da3bc498552ec77f257c8a886c46c9ef437f1478ce9a539205610f76ec9209,18276,0,0,ANO C4 MES C2
ERBA2411.dbc,2025-12-05T20:17,422682,5e0cd06338dc83c7ecb56f115c23961becc52cb7bbcc00fc2d0d8c0230ee2175,18595,0,0,ANO C4 MES C2
ERBA2412.dbc,2026-01-07T19:03,391478,b090253f0a04ff1f4cce08800ec5b8549a80facabb37852b8aa81ec5dde1478e,17274,0,0,ANO C4 MES C2
ERBA2501.dbc,2026-02-08T14:13,449825,391d3599536680bee42d5bc591be397de67bbb9f81be7e9d19f6ee79d95ae763,19787,0,0,ANO C4 MES C2
ERBA2502.dbc,2026-03-06T22:13,400411,a8c369b730437b9aa40ba08bf3e9ddb49e355791ca5d5a148b7a259c488070a2,17500,0,0,ANO C4 MES C2
ERBA2503.dbc,2026-04-07T07:24,447826,6102655a17affa33b65d8cdbfeb214372148606b64b9531b4d46f45183a87f3e,19907,0,0,ANO C4 MES C2
ERBA2504.dbc,2026-05-06T19:00,453347,8a1d5bb973f683676ece1df35c68c11ac731550ce23c9750dc354786084643b2,20017,0,0,ANO C4 MES C2
ERBA2505.dbc,2026-06-06T20:15,453805,0f2c09f43b3e3e35630c8704d4034da49cede881e6cb6926fa524cff34486106,19951,0,0,ANO C4 MES C2
ERBA2506.dbc,2026-07-06T15:10,434496,c20ac9545ba1c88fb2fc7aa62621fc9ea781c9f7f692ddd0735467c2337d03f5,19119,0,0,ANO C4 MES C2
ERBA2507.dbc,2026-08-07T12:25,443769,ba1b8390a8ba5dedb2f71289fe0f3c4cfe697318f4406c50f43be73cccdc0e52,19527,0,0,ANO C4 MES C2
ERBA2508.dbc,2026-09-06T21:27,446248,33d3ab964eb6c12cbe68bcdc434f11f14096ebec52858e57be9874e1094f001b,19543,0,0,ANO C4 MES C2
ERBA2509.dbc,2026-09-06T21:27,411671,8198534ca866cc15ae88d71270aae70bab80021d35a08222c33c7ebd895214b7,17833,0,0,ANO C4 MES C2
ERBA2510.dbc,2026-09-06T21:27,425433,b505e917f90debd2d3ec4710455a53ec46074ae7e6f89675321614be46e98f70,18970,0,0,ANO C4 MES C2
ERBA2511.dbc,2026-09-06T21:27,434654,56cf4278381e24a2e57f30b65d8760c508f3cd487c5d4729757fc7dd105d1210,19207,0,0,ANO C4 MES C2
ERBA2512.dbc,2026-09-06T21:27,437509,582fedb458b31f0d346941589b0622e2fc0f9c26f751da29a5b20fe005922ca0,19126,0,0,ANO C4 MES C2
ERBA2601.dbc,2026-09-06T21:27,433029,f090d660aefa5dd4584131c1484d66928d8c6ab013f0265fb3deec658e00a104,18943,0,0,ANO C4 MES C2
ERBA2602.dbc,2026-09-06T21:27,354075,1f950646aabcb3189b336f00ddbe6bc128e1a7c86e06cfa1776eab1931f683d2,15247,0,0,ANO C4 MES C2
ERBA2603.dbc,2026-09-06T21:27,356081,964f167317976f146cc2222fca15d0dad166d333db55d8ee60f7d67df768ba6b,15842,0,0,ANO C4 MES C2
ERBA2604.dbc,2026-09-06T21:27,386189,db3e5256af84e29070eaacdaea9861ffdf0d8e1e90a6b13b774b561ab5de9c0b,17006,0,0,ANO C4 MES C2
ERBA2605.dbc,2026-09-06T21:27,421399,caa554a9ac4b50f7eb925f7ef9a492a5c8ea647206d463d6a6ff0c7d704dd49e,18379,0,0,ANO C4 MES C2
ERBA2606.dbc,2026-09-06T21:27,372579,b312fd4b98107ff9898b51f9fb03e3c00288dc2f29a405c2a31537910427ede5,16136,0,0,ANO C4 MES C2
ERBA2607.dbc,2026-09-06T21:27,488630,5055dd11b683738773e080336a2e7d34fe2c835bceb58c904c6a67f81000704d,21209,0,0,ANO C4 MES C2
ERCE1101.dbc,2013-11-01T11:27,48496,1c5660d64a665a8adf2851f88349fc2ac2a09c458dd15093e392cbb38b0df0cd,2235,0,0,ANO C4 MES C2
ERCE1102.dbc,2013-11-01T11:27,48985,eb847a262ca648a50874054eee58e10c0af9f0a7900e52487d38504fbe37a36f,2194,0,0,ANO C4 MES C2
ERCE1103.dbc,2013-11-01T11:27,37496,14a134093aa46a5c0c67ba0a607e5e6a04bc298d75a8626d72a140dd4be7ac18,1631,0,0,ANO C4 MES C2
ERCE1104.dbc,2013-11-01T11:27,42969,d086dad58936546a977b0dbcf59b9a8a3e47848dc33e3d9c5f1bfc08a8c79880,1881,0,0,ANO C4 MES C2
ERCE1105.dbc,2013-11-01T11:27,101693,ddd092f0bb9944dafd4226c49cefe6d0cac096d6105202c5adaf2e99b89cecc4,5202,0,0,ANO C4 MES C2
ERCE1106.dbc,2013-11-01T11:27,102905,ddcea9195543a3dd9cfbd31dbb1400f8f4eb274fdf16c74c0b2db8b38d502e4b,5172,0,0,ANO C4 MES C2
ERCE1107.dbc,2013-11-01T11:27,87742,5aaa8616f71d41d9d3a049a9b470d9f7174393bc60e28a8ada6e1637e32ab77a,4235,0,0,ANO C4 MES C2
ERCE1108.dbc,2013-11-01T11:27,91060,a4f136057af2ae72ba01f014c1bfdea62b60bc2093b7db66dd4feff399a7f3aa,4560,0,0,ANO C4 MES C2
ERCE1109.dbc,2013-11-01T11:27,81547,aa5b1c6446f01b542b1b0ed41b2c0a28f43325bf7841d2176999a8cd807e004d,3847,0,0,ANO C4 MES C2
ERCE1110.dbc,2013-11-01T11:27,71772,544626bed9856422c52a72b665ca3bca95e85e60e60faf906951400e98eec495,3309,0,0,ANO C4 MES C2
ERCE1111.dbc,2013-11-01T11:27,63249,4350481ecd3c670682dccd1b49ab674b57215e6ed27d703fbbf561c6c53a5cff,2812,0,0,ANO C4 MES C2
ERCE1112.dbc,2013-11-01T11:27,71787,e256d00d3a17eb06736984ae7e9248f5fdd99922e16048f1b57e82f1c4a516d1,3271,0,0,ANO C4 MES C2
ERCE1201.dbc,2013-11-01T11:27,76758,3a85cf72a0cb96ef843de1c71dc064cd34efbb4ceb16d9e0237ef6a28bb9c44c,3605,0,0,ANO C4 MES C2
ERCE1202.dbc,2013-11-01T11:27,78145,4cf3ce184a9a6f9628b48f2698ceb293d78db1d7aae1fb4074c2e2a2b27e66af,3703,0,0,ANO C4 MES C2
ERCE1203.dbc,2013-11-01T11:27,82719,ebcb5cbe46d570dd6693048c288edb24a5999b478608fb52d5d2b54df2b491e9,3998,0,0,ANO C4 MES C2
ERCE1204.dbc,2013-11-01T11:27,73523,907489d11c832011bd193b6b1732f4a3a203cf28dc243989314e6f4b8e4ca33c,3462,0,0,ANO C4 MES C2
ERCE1205.dbc,2013-11-01T11:27,73690,94a89e56916277f578ca18b8dde3a289d6fa9ac279ca05504fed89b61e675fc0,3523,0,0,ANO C4 MES C2
ERCE1206.dbc,2013-11-01T11:27,71852,a46804c7793a4ee0dc980966ed91be6fcca72e849e82cc916c63a6825d14f94d,3324,0,0,ANO C4 MES C2
ERCE1207.dbc,2013-11-01T11:27,81301,016961a764f09fb0b133b64234f96464f7e42c0007078712f3620aeec1460f79,3943,0,0,ANO C4 MES C2
ERCE1208.dbc,2013-11-01T11:27,75708,611fbbfd668423e2b5d0a95b10757ca40b3ae2788f6c88bcedfa7a3155ab32e8,3566,0,0,ANO C4 MES C2
ERCE1209.dbc,2013-11-01T11:27,81813,f42d39ccc2a99a787fc99d8aae70c5c77088e90bec38728c74d0bea4e0ed3675,3802,0,0,ANO C4 MES C2
ERCE1210.dbc,2013-11-01T11:27,81550,c47cf0c507870d1a5351a42e06c94ed7ddec95fc4274aa167d7b46db5283db43,3882,0,0,ANO C4 MES C2
ERCE1211.dbc,2013-11-01T11:27,93800,3f5c8cb99c0bad30e23ae6fc73d3d54813e76aaa6696fdeeee77cb3dfe5dbafc,4468,0,0,ANO C4 MES C2
ERCE1212.dbc,2013-11-01T11:27,92517,61e468c6a87492295acb977c8ed64856841c2c95880a598e5fb6de5b32fd301f,4522,0,0,ANO C4 MES C2
ERCE1301.dbc,2014-09-25T11:18,105248,338abb60f97e7e1903148f268de5864bd92fee4a2f479691ee4c247e40e75d34,5168,0,0,ANO C4 MES C2
ERCE1302.dbc,2014-09-25T11:18,102839,b9fc117099f5702a12ad0477a9fbf95c7805d07556d5fcb6b06351660e66bf4b,5034,0,0,ANO C4 MES C2
ERCE1303.dbc,2014-09-25T11:18,93783,1871964b24f952ae9b83c07469e041e9587afe761502d13a5dc0621fb6a0446d,4503,0,0,ANO C4 MES C2
ERCE1304.dbc,2014-09-25T11:18,116929,75b2c306c9b96fc0dcc306d1ccf6990fb023678572c846ca17ec843c31df13fa,5750,0,0,ANO C4 MES C2
ERCE1305.dbc,2014-09-25T11:18,115781,3184d16bdfac6a60ddc04828bddef8cc3677c5cc4cefd7ff3e9aae4c05d52646,5673,0,0,ANO C4 MES C2
ERCE1306.dbc,2014-09-25T11:18,131393,113ec51f36421730745bb890969ff14628155007dfe37002c457205d794929b2,6394,0,0,ANO C4 MES C2
ERCE1307.dbc,2014-09-25T11:18,134340,bf9a8e5d93e052a140c536b9aced6360da7a4ac3d5d76b5f34d99709028bc8e5,6632,0,0,ANO C4 MES C2
ERCE1308.dbc,2014-09-25T11:18,126928,3f862ef43b0646d27a4086f983f9ae9a8e734c56b08e36e74aa4e9694e889a9c,6147,0,0,ANO C4 MES C2
ERCE1309.dbc,2014-09-25T11:18,128782,87409e21bf95b30e1481da2ff7d3e0fa512d2b3f71008ac94d3d7d79bea389a5,6288,0,0,ANO C4 MES C2
ERCE1310.dbc,2014-09-25T11:18,98228,189a2686b2869d213aa4ca889e4e1c7c55bf6afac2ca34a7f33635611d2ffedc,4773,0,0,ANO C4 MES C2
ERCE1311.dbc,2014-09-25T11:18,131814,3793a835a7b5aa8f7bf4c457243b6d59e5c79190f3d42d44ca89d36c289e0208,6731,0,0,ANO C4 MES C2
ERCE1312.dbc,2014-09-25T11:18,117945,cf3fe4b3491a6201abfb7cc08229822f6566d15051b45c71e4d7840fca198b6e,5871,0,0,ANO C4 MES C2
ERCE1401.dbc,2015-10-05T11:58,113093,36bdcdba7ed267c2ed5fc40400d4c22ce50215036a7e3d60d7da049fb0b5c16b,5632,0,0,ANO C4 MES C2
ERCE1402.dbc,2015-10-05T11:58,89981,7184191dd920ecba9d5bdc69c94273d055ca34efc56fe4ede1f42cac7172f6f9,4242,0,0,ANO C4 MES C2
ERCE1403.dbc,2015-10-05T11:58,84202,9259d744dc7c8667067a7730d874acfbf0a86346d09d8dbd2516f9d6ad83bc7d,3869,0,0,ANO C4 MES C2
ERCE1404.dbc,2015-10-05T11:58,68174,28c1ed2c204f93c9cbf630262fc135bca94e616110eaf09a71db0905cd40932a,3062,0,0,ANO C4 MES C2
ERCE1405.dbc,2015-10-05T11:58,73431,886ba6c1ad8e52b9767cf16ee5536db65b79c6d3d298bcdcc6abb34e2a16cc2e,3334,0,0,ANO C4 MES C2
ERCE1406.dbc,2015-10-05T11:58,79486,b9027f9bf5f98b3c7e0986f2b7eca36fa3a3922ca4a2977391557097e6174fb7,3729,0,0,ANO C4 MES C2
ERCE1407.dbc,2015-10-05T11:58,81180,babe5a1f0c546bae5918f8dbebd3f84c56c1addb7d8ee0fb34121f987d22aef2,3853,0,0,ANO C4 MES C2
ERCE1408.dbc,2015-10-05T11:58,81462,c7120152feb482b16ae462bdab27522f9333f489cf11a156e75591b5caae0919,3781,0,0,ANO C4 MES C2
ERCE1409.dbc,2015-11-09T10:30,73743,49723592de914a503db83c8e029a90443942ff76c4fafe792adeff953719a36e,3404,0,0,ANO C4 MES C2
ERCE1410.dbc,2015-12-07T08:58,86423,f055b3b13c44d7d0cd30c2ccf6317fa950744fb5c6f718106f53fb15efa1728f,4136,0,0,ANO C4 MES C2
ERCE1411.dbc,2016-01-07T10:01,95105,15f360ba2bc2031c9cf06a1bb464703fa60b0b3028fa9500124ba7b7033e2744,4549,0,0,ANO C4 MES C2
ERCE1412.dbc,2016-02-05T09:10,66985,f0d216548e0462e0272adbe49c8716ba257a90fbb39b647dd87d4438607e83a9,3095,0,0,ANO C4 MES C2
ERCE1501.dbc,2016-10-04T10:20,77933,10b2748dc41fc420c0c1ebd6210397d2d90761b7a21db78ff30fa449859d5be0,3636,0,0,ANO C4 MES C2
ERCE1502.dbc,2016-10-04T10:20,64020,8d4db3bbdb371f28fb6da957a745d366602fd16e7674ccf8d5595ce1325296ef,2943,0,0,ANO C4 MES C2
ERCE1503.dbc,2016-10-04T10:20,72156,c9cf34359e22f991a116bda26223c052edbf3162ebbfb1c2f27e328722ad311f,3326,0,0,ANO C4 MES C2
ERCE1504.dbc,2016-10-04T10:20,74099,0429144be8e8413ffb4c20f36170664e3e434e95112ef9a8f06ca284fe1b0e8c,3471,0,0,ANO C4 MES C2
ERCE1505.dbc,2016-10-04T10:20,84508,9432e9952972f5f24edee852f677434adc909dee50bc51f8fdb398c44160b608,3963,0,0,ANO C4 MES C2
ERCE1506.dbc,2016-10-04T10:20,98999,834a8ee226ae2f45bea4900807c7b534fec87aa2dbe7baf5026ff6efc541dc9b,4716,0,0,ANO C4 MES C2
ERCE1507.dbc,2016-10-04T10:20,87033,5cf91747307e15f8043daf507b3ad84c8c203728f46648439be06a5d461681f7,3983,0,0,ANO C4 MES C2
ERCE1508.dbc,2016-10-04T10:20,85188,c42fe2f097201aaf36923978ab1c7ca9c59a9acabb366bc8740d044407c1d47b,3772,0,0,ANO C4 MES C2
ERCE1509.dbc,2016-10-04T10:20,93662,40259188f6413548b2af23f8d7a64c2e58f437392e88dc4a655cfdf9b2bdeb6b,4267,0,0,ANO C4 MES C2
ERCE1510.dbc,2016-10-04T10:20,95274,dd4527bf2970fa5387e3b8400ba1334a33811379a8dfa79c7d518bc539571f66,4379,0,0,ANO C4 MES C2
ERCE1511.dbc,2016-10-04T10:20,74045,080b8a34b16a33eae0a3ff57b8b7e3cd8b45a8c12e1c32e702c9fcc9dc8566a4,3313,0,0,ANO C4 MES C2
ERCE1512.dbc,2016-10-04T10:20,66775,9ad18f6f12d770ad8d22592854ac86717b8638f9dbeba5e0c09bc98e02897f62,3031,0,0,ANO C4 MES C2
ERCE1601.dbc,2017-04-10T10:09,71041,1b02193169f9251015b934ba6c34c0481ad15daffecc1e1ab5d4e4a8b69ef67e,3179,0,0,ANO C4 MES C2
ERCE1602.dbc,2017-04-10T10:09,87335,25fab825036ee8a71236cfc22ef2564d9ec2da927b50a418a126dfe6dc7b7166,4060,0,0,ANO C4 MES C2
ERCE1603.dbc,2017-05-05T14:39,73047,b0d7093ddfb193962ae7a4bb91a5c43d9877563623e4814b51ea8b1636c64604,3242,0,0,ANO C4 MES C2
ERCE1604.dbc,2017-06-05T10:00,66429,00c1a355f79e861a01be7ccc6b6a511901fa4569586c0dbec96d91eff64cf04f,2941,0,0,ANO C4 MES C2
ERCE1605.dbc,2018-01-08T15:27,91957,c476e648b80b70ccd563d27d3a1015702378100357d5e8679fd1ba98dad04aa8,4202,0,0,ANO C4 MES C2
ERCE1606.dbc,2018-01-08T15:27,78628,1ad2f594792460128f197e37fea76ad7ac6d806938828219b02730ede00a0786,3500,0,0,ANO C4 MES C2
ERCE1607.dbc,2018-01-08T15:27,66725,a3997bb69aca885c622c5b852d661b53980efde79ce1d6928630af42bdd0d4ca,2995,0,0,ANO C4 MES C2
ERCE1608.dbc,2018-01-08T15:27,78282,4376cdee99111500f92aec55683538f78c7d84dc2588fc1d535d98e48c90e355,3533,0,0,ANO C4 MES C2
ERCE1609.dbc,2018-01-08T15:27,74726,10c571e468b457fe13c6c9e0299dae558ee7a623a58be1a2991e8e0e86beb8fe,3400,0,0,ANO C4 MES C2
ERCE1610.dbc,2018-01-08T15:27,80013,e3f39b29655ab15d5f3b1be674993d2729d4e6fa62e46a0daa81672ec4522281,3705,0,0,ANO C4 MES C2
ERCE1611.dbc,2018-01-08T15:27,75717,a76e2462c11c0819b4831422a002e546a64854376dbde7dfea722e02f2cafa2e,3453,0,0,ANO C4 MES C2
ERCE1612.dbc,2018-02-05T09:38,75529,3273cb20393762cef826caf324de001b573b5fdfeabdb83825705c4ac03a4978,3468,0,0,ANO C4 MES C2
ERCE1701.dbc,2019-04-10T16:28,89702,5e979ecf4012adc04ec1646b975409736ce182800352c7a13248ffff45cdb32e,4193,0,0,ANO C4 MES C2
ERCE1702.dbc,2019-04-10T16:28,71631,8104940205280c1423a5eb9893e0bddca1266ad858b5dc41cad97a2264ec6492,3231,0,0,ANO C4 MES C2
ERCE1703.dbc,2019-04-10T16:28,87704,c2a2d0181a5ef310ec0678e34d8fc1b6141777d548b4fd49fe2f7b32bfd11d14,4088,0,0,ANO C4 MES C2
ERCE1704.dbc,2019-04-10T16:28,89282,f9c08e08f5b8907d07957540cbed34e601a9e8339d2c29af14fbda5cfb94bbda,4193,0,0,ANO C4 MES C2
ERCE1705.dbc,2019-04-10T16:28,90863,cd8d6742efe03d22876ba1d0cdea88d9362386a76b388fde4d21d339125abac0,4201,0,0,ANO C4 MES C2
ERCE1706.dbc,2019-04-10T16:28,68993,db3f629396bf1d9bd5c2cb3e0c041a3c42b506f365478520d134522110b85e8b,3080,0,0,ANO C4 MES C2
ERCE1707.dbc,2019-04-10T16:28,85170,e8d9bb9beaebce27cfcfe86d8c72aa35c8c6f8f1a442eb65db8e4e61d5fc9fcc,3901,0,0,ANO C4 MES C2
ERCE1708.dbc,2019-04-10T16:28,74385,839d14a6db7ca48b1e00ab44aa599b26002afce29285149dc3e154a423612797,3325,0,0,ANO C4 MES C2
ERCE1709.dbc,2019-04-10T16:28,82392,5add7ddf437e6b74848e6872509c36a3910f756cb62fc762b4b3596e566fffac,3745,0,0,ANO C4 MES C2
ERCE1710.dbc,2019-04-10T16:28,67554,004de7e0ec38bc4f68306d689d016c15dfbdb7f5f587fcb74044007d2a31a865,3077,0,0,ANO C4 MES C2
ERCE1711.dbc,2019-04-10T16:28,74138,5ab8ed003dd4110c0e152e1a56bb2062a1a495f233bc5ff67241bb71832c160a,3283,0,0,ANO C4 MES C2
ERCE1712.dbc,2019-07-08T14:45,73933,d57bccaa021ca99d5bdcfc49ae7b40bd5e2484817487176112ad622bc546fee8,3350,0,0,ANO C4 MES C2
ERCE1801.dbc,2019-08-05T14:40,68173,4f56eee0629403a13cac51b0c55b8e265ae3dc7b5650a37a66fd633536ab4bfe,3026,0,0,ANO C4 MES C2
ERCE1802.dbc,2019-08-05T14:40,71581,0ca4050f5e41a433bba7d17973e792b2ec964c3af3ce2d735d56046d6906768a,3229,0,0,ANO C4 MES C2
ERCE1803.dbc,2019-08-05T14:40,69373,7dd3205b06f5afaea401bef4a92597776da46f2f1b71c54dea72e1031e80a768,3051,0,0,ANO C4 MES C2
ERCE1804.dbc,2019-08-05T14:40,62951,4cf07dc0ae6950153fcfd755e889f8ab220e01442aa60efedff20cc5c0220d2b,2807,0,0,ANO C4 MES C2
ERCE1805.dbc,2019-08-05T14:40,79422,d7ed6d8af4d46faabe94fa20d881c0f8b05f2a106392686579f975a600beb966,3649,0,0,ANO C4 MES C2
ERCE1806.dbc,2020-01-09T16:49,77731,796a099756715c5cbd9e377b85818e7c46e12e6d3791df31c5a5ce60e54fc921,3579,0,0,ANO C4 MES C2
ERCE1807.dbc,2020-01-09T16:49,81602,e7a1d48f46cc2ade3a45c693a8bc4d921b7de5ad7a6d41d4a9fc587478bcab2e,3739,0,0,ANO C4 MES C2
ERCE1808.dbc,2020-01-09T16:49,79868,50e9aa36556bc7b81bff072e22a482662c7ee46f031120078d2fd8930df5642f,3620,0,0,ANO C4 MES C2
ERCE1809.dbc,2020-01-09T16:49,84973,7f1faf0061e3f427e48b1cdfa5a512400c9759277a024cfcad47a4e828fb9a82,3859,0,0,ANO C4 MES C2
ERCE1810.dbc,2020-01-09T16:49,85902,3e744fe3b8a57ba91c2a61b87a32a62e6b32c5f247d34a974a4cd9fc4e859596,3825,0,0,ANO C4 MES C2
ERCE1811.dbc,2020-01-09T16:49,81709,750e110809da99875669d688129f295ea8bdc060b73fb2f185038908f3f9789d,3685,0,0,ANO C4 MES C2
ERCE1812.dbc,2020-02-07T15:02,96603,dedfd2456d78954ff5f407c4c551327ebee1967fec1aa5ffd9ba40a08f350524,4342,0,0,ANO C4 MES C2
ERCE1901.dbc,2020-03-10T14:43,90840,224ec12041d8df885cf7f6ae2793f199d69397d6b218e2fc9db21e4d9c62e264,4078,0,0,ANO C4 MES C2
ERCE1902.dbc,2020-04-05T14:39,85868,c4d1340efdf46dd6fec5ef16ff5c4de5edddbed314fbd7acdfde14b4253908cb,3785,0,0,ANO C4 MES C2
ERCE1903.dbc,2020-06-04T13:54,78728,21ff07a40479cc98c33c0ccb48e632ac306d8ed9cddf25257005e74b6a707d32,3462,0,0,ANO C4 MES C2
ERCE1904.dbc,2020-06-04T13:54,96953,fc0a70bd96dd7380e2dfb4ada0af03182081deb85d2e2611bb8b50af6d7827d3,4412,0,0,ANO C4 MES C2
ERCE1905.dbc,2020-07-04T11:39,110727,0f034ce6cc5a7f019b43b8114b27f9d4182cff4473ade7cd6abf6cfc00f229e2,5065,0,0,ANO C4 MES C2
ERCE1906.dbc,2020-08-04T10:41,96831,15e50d9a1757afacea4d2d9461fc97ec82e9bf064341b0421a9b7d11f524315a,4542,0,0,ANO C4 MES C2
ERCE1907.dbc,2020-10-06T08:42,94476,1c539763a1c559442a866b884fe0693609d361aa3776c36990ff926b3e42be8e,4421,0,0,ANO C4 MES C2
ERCE1908.dbc,2020-10-06T08:42,101681,99fad4a2c54036fba6ab01984f36fd20fe9759f7bb16dbb88c2875aa01cbcb9e,4796,0,0,ANO C4 MES C2
ERCE1909.dbc,2020-11-18T10:38,96932,bfeb7be6bd4d5ecda97708a0cdbd3d4970871fed166ad5108453ddbe18a2efd6,4643,0,0,ANO C4 MES C2
ERCE1910.dbc,2020-12-07T11:23,115764,0e8e173233ae212df7d64d919b0b5e8769415fb6a442edb099be718d73dc1f8e,5640,0,0,ANO C4 MES C2
ERCE1911.dbc,2021-01-14T08:10,105794,330d1422e7c327380cd5c0c80ec09ae2bcf90af7cca76a67f621643d34a595e2,5102,0,0,ANO C4 MES C2
ERCE1912.dbc,2021-02-05T10:26,108116,413052889395b81dcef26d5b491317d2654b87d56f3ab838471e2b7b78d81a5a,5098,0,0,ANO C4 MES C2
ERCE2001.dbc,2021-04-05T13:24,128749,f2170c8075d574a9bf13a9a977122b38e08c79da957ab16c139f320bc9395f36,6228,0,0,ANO C4 MES C2
ERCE2002.dbc,2021-05-07T16:35,130191,211b840de615e420731d64360b4afa518556f1250be60f6d884ac51a16b23109,6363,0,0,ANO C4 MES C2
ERCE2003.dbc,2021-05-07T16:35,128876,ecbe1fef8f6fb85490734264c77324c1b6eea7d4644022a5a25c75db5ad5d41c,6269,0,0,ANO C4 MES C2
ERCE2004.dbc,2022-01-10T14:22,92028,0d849eeb5577f647adeaf647bdfc3228cd6c8c1336806a77dc02f908411f1ed0,4420,0,0,ANO C4 MES C2
ERCE2005.dbc,2022-01-10T14:22,108963,9a8a1d6c9c468f8613b7421e71f143ab2dfbd106c888a2b061992bd65650c93e,5355,0,0,ANO C4 MES C2
ERCE2006.dbc,2022-01-10T14:22,115406,ef854e54e8e0408c4afd49ef26564025d6937e3b68d2f3021fc07583569d846c,5801,0,0,ANO C4 MES C2
ERCE2007.dbc,2022-01-10T14:22,111158,36f2e53394b8744e494522171971eb50acb417049ee8e3c6e1f2185c3fe78e8e,5473,0,0,ANO C4 MES C2
ERCE2008.dbc,2022-02-07T10:04,100683,158a7cf05cf71abb402835d8850fdb14c82ee6a939f394c206c950be16f12aeb,4800,0,0,ANO C4 MES C2
ERCE2009.dbc,2022-02-07T10:04,100993,3f993530bb8bdc3ec03993a144ba7ec0b509eaf970fdcdc9e77c40393fdfea12,4830,0,0,ANO C4 MES C2
ERCE2010.dbc,2022-02-07T10:04,92350,d7281c1790fc808be1c1827aa820d11c58e402fc3b5ebfde6f6bd3968041baf3,4322,0,0,ANO C4 MES C2
ERCE2011.dbc,2022-02-07T10:04,103892,63b9f27e925d4e4dbc9dc1d6872795a151de9e901685ebe7effd4d524f3f187c,4993,0,0,ANO C4 MES C2
ERCE2012.dbc,2022-03-07T13:12,102261,c1f66a21503dbebb5ff0b4301e98c709e0a69cb9bd3a75323e398679e60ce8c4,4869,0,0,ANO C4 MES C2
ERCE2101.dbc,2022-03-07T13:12,109639,0478403365fa29ed1bf9a4849e5928c77a1d3636576516c6a9c61e91d39df903,5155,0,0,ANO C4 MES C2
ERCE2102.dbc,2022-04-11T19:22,113519,9c1a4562054af45db8c1b5e71b9886f8195fc55a53374654182b93d273cba5c0,5290,0,0,ANO C4 MES C2
ERCE2103.dbc,2022-05-04T12:32,140535,1cbac3d353c4a92c6023a3e619690be721f68ef7f43de1241f9fb9d0bd634551,6749,0,0,ANO C4 MES C2
ERCE2104.dbc,2022-05-04T12:32,151186,328e2d915be947aefac358463cce670cfd939999ceb71bf24cd28217a7407c24,7446,0,0,ANO C4 MES C2
ERCE2105.dbc,2022-06-03T13:03,128849,4e929ecdb604bc79bd281a5aa4447625fdba96f0509937e56cc8cc7d5a58adfe,6198,0,0,ANO C4 MES C2
ERCE2106.dbc,2022-07-06T13:10,54165,622ce2011f8865d9a1a1ea85dfe3857f0c8ed0f9a197d9fd298d74e137ed28b3,2428,0,0,ANO C4 MES C2
ERCE2107.dbc,2022-08-04T15:39,52927,be890aa62b9a370cdec9a213cbe73dd2eaf2557e9e7b93ee29b1b19ecfe4b397,2397,0,0,ANO C4 MES C2
ERCE2108.dbc,2022-09-06T11:16,58014,eaac4ef90b4dadb11087702bc7c6aa2ca029fe061cbb9d2ec2762e9e2ea07ff9,2690,0,0,ANO C4 MES C2
ERCE2109.dbc,2022-10-05T14:25,54466,a9dd62696314b00b0886242b0dec013253dddee7791c63af010c11468ba461fa,2484,0,0,ANO C4 MES C2
ERCE2110.dbc,2022-11-03T17:54,44906,a1f1f15844f036ba3630bd2b4a7177ad0ab207d439011ffece5884a2a71c4984,2040,0,0,ANO C4 MES C2
ERCE2111.dbc,2022-12-06T16:21,40581,086ffe8b1f62b37dc051f9254b86429e8c72f15b8da4af33d511b15e4eb82566,1813,0,0,ANO C4 MES C2
ERCE2112.dbc,2023-01-04T12:45,45277,8b2f9f915d75958715f103d26fc5d174b7064f31a0e587cfbf39327da29dbb84,2011,0,0,ANO C4 MES C2
ERCE2201.dbc,2023-02-06T13:00,39617,2fe065d1be381e345943cb208d47fda3520a975b25780a27b111dab243d452f5,1742,0,0,ANO C4 MES C2
ERCE2202.dbc,2023-03-09T16:42,49385,d5c6233cc50b97a188338df38939c2a1f2576595b7d8914699f980bf5dfe3b6e,2230,0,0,ANO C4 MES C2
ERCE2203.dbc,2023-04-05T13:31,52728,63dc2f3c71381f1ed915c12310bc2819fd0b6d84830f2b03821c595c6ef145df,2402,0,0,ANO C4 MES C2
ERCE2204.dbc,2023-05-08T14:31,50921,be6bc59f46395fd92aadb0c6d9a51aa7a2370bce46fbb9af3386e9c95c7cfc2e,2293,0,0,ANO C4 MES C2
ERCE2205.dbc,2023-06-05T11:31,99053,5542282d66ff3163780b55b0b729fb8d10d4921e9b9a5fc6195a4f98430ab15e,4802,0,0,ANO C4 MES C2
ERCE2206.dbc,2023-07-05T12:43,93734,444a364c7d1ab2ee43c33c871be35d502464764437a3c6c4f234f9a5eb0cd9ad,4489,0,0,ANO C4 MES C2
ERCE2207.dbc,2023-08-03T16:36,75337,2e2a4e20b3aa7a57e7a941c70f23b3aa86f91d55b668b29485889d645530f38f,3570,0,0,ANO C4 MES C2
ERCE2208.dbc,2023-09-04T21:02,58954,41825f796f7244aed0eb3b27a5912757f5e52d4f6315283dd6294200583a86b4,2708,0,0,ANO C4 MES C2
ERCE2209.dbc,2023-10-04T17:02,48362,9220e27b08ba16bf014c487a8fca071573712dda0d34eea0ed5f5f79b5992cc1,2160,0,0,ANO C4 MES C2
ERCE2210.dbc,2023-11-06T15:49,43444,98e09285bc98b05a1887d72d2f34b34318736442942cdf2b1630d2adca980273,1936,0,0,ANO C4 MES C2
ERCE2211.dbc,2023-12-05T14:58,50625,cd5dc6f9f96ef935b2d5a96995c93a14144a3216468cb20b04057bf029a79b9e,2362,0,0,ANO C4 MES C2
ERCE2212.dbc,2024-01-05T17:49,43022,64a05cc55c8aeec126ff6a9117a4c54e72bec09e3bfe3a369f5d2a13b90d05ca,1932,0,0,ANO C4 MES C2
ERCE2301.dbc,2024-02-05T22:51,48861,a267618462f31a8a775f8a3759cd29e176063694993b200fb3f01abfc15544fd,2191,0,0,ANO C4 MES C2
ERCE2302.dbc,2024-03-07T18:40,42773,1633eab2a6541bd34a6cb7ff8d91677ffefcaafa2784f5f6d4158e77dc0a341a,1887,0,0,ANO C4 MES C2
ERCE2303.dbc,2024-04-09T14:24,42594,012c3684ab0f1f1f6fc3510537b42410dc8581c2e592614a778fbce94ec40279,1916,0,0,ANO C4 MES C2
ERCE2304.dbc,2024-06-16T01:07,47812,bbd01382646f7aadbaf24f57245f60cd0b032913490e55b74ac500ab0bb627b7,2199,0,0,ANO C4 MES C2
ERCE2305.dbc,2024-06-16T01:07,50348,87b9167a3827bae30c53f41bb39d0863b4e124711b9ccc7c0b374ca684f9f431,2294,0,0,ANO C4 MES C2
ERCE2306.dbc,2024-08-05T14:44,57911,846406cad88ab6d5b8ef34fa805eea05379ec2ac0a598b575e33d82040f3f8a1,2709,0,0,ANO C4 MES C2
ERCE2307.dbc,2024-08-05T14:44,54901,4761e6b2d83fd1058c90041476928d1a20658e78a032c03e75d8e0ff45a21ffa,2485,0,0,ANO C4 MES C2
ERCE2308.dbc,2024-09-05T10:27,63990,7a57caec097b72cfa1ec29b3d2e098fca9a35ed50bb0383e49bb989f43dee01e,2931,0,0,ANO C4 MES C2
ERCE2309.dbc,2024-10-08T12:05,107731,7a4b9a2ecd3b0811ad2b588dc946bd3b010ec4b9bd88930406f80b303c65a8be,5401,0,0,ANO C4 MES C2
ERCE2310.dbc,2024-11-07T15:41,54488,bbf5f4015656bd634929e5f76306173f99d92332d6e4b642f2580b7b8da0de6c,2477,0,0,ANO C4 MES C2
ERCE2311.dbc,2025-01-05T18:55,53561,77a57b0cc9f919327885862a7f7d33c5cb50554d7648042103736fab5f8b5aa9,2384,0,0,ANO C4 MES C2
ERCE2312.dbc,2025-01-05T18:55,59996,0f2e2553acc76b7a6186ce1ae66906bda18aa7448d73c14dab0baed0cc01543f,2769,0,0,ANO C4 MES C2
ERCE2401.dbc,2025-02-09T21:24,68018,1d5559bbe741d95c171f320fd0a2d7be89c52dff933ef10d870ee54fd6380029,3137,0,0,ANO C4 MES C2
ERCE2402.dbc,2025-03-11T23:45,54745,691403794ac4749bcf764835017c858c57f56b334572df1a78b22c602f599080,2496,0,0,ANO C4 MES C2
ERCE2403.dbc,2025-04-05T12:13,54238,40bae5385d9f9754be76a1bb8673664d27b931b0aef2c666251b31089ff03e10,2443,0,0,ANO C4 MES C2
ERCE2404.dbc,2025-05-08T08:06,68229,27fad5a5b40ba5949c6e78584e0bbc1da8e95840211e5f4ccf3317e59a90f8ea,3091,0,0,ANO C4 MES C2
ERCE2405.dbc,2025-06-06T10:44,61066,0a877796414de045614227fc090cf5257b1bef4ac856d79e072444d87c9a339e,2771,0,0,ANO C4 MES C2
ERCE2406.dbc,2025-07-06T11:29,57961,8e537750d8e35232b327b0e4154bc8ce361d3cbd580031d81b8d2fdd08773fb6,2647,0,0,ANO C4 MES C2
ERCE2407.dbc,2025-08-04T07:13,68438,a0ca3400168e5fb155689452346b0f003d65d25656570b4f88752c78a23fc845,3177,0,0,ANO C4 MES C2
ERCE2408.dbc,2025-09-05T12:54,68278,a754d7d9e61354e5e8acfc59b985343b497f60116f2f655e1b578af43fbe9621,3103,0,0,ANO C4 MES C2
ERCE2409.dbc,2025-10-06T17:05,65911,0ce4f217e67792b7d8172fe7c21f22de777cc0c9dd15d48af607b2a821a31250,2981,0,0,ANO C4 MES C2
ERCE2410.dbc,2025-11-06T16:21,82605,4b6e3bc2e69085479d4e9c7e20a1fe84b54fce8a3fecf13123dbc8be498ab7be,3881,0,0,ANO C4 MES C2
ERCE2411.dbc,2025-12-05T20:17,63325,5589b2231804d6257407cd617c21a92e5fbe7c5ef09815fd63bfa43b3df0a245,2921,0,0,ANO C4 MES C2
ERCE2412.dbc,2026-01-07T19:03,69442,066e161d2d211a83929ac04185a26cafa087b9f95c8fa1107f080e0db8242716,3221,0,0,ANO C4 MES C2
ERCE2501.dbc,2026-02-08T14:13,62042,0b024a0ac4c0a9d25ea313d12dbdd24328e1a1ae3a1522ace8c57b905c7c9efd,2854,0,0,ANO C4 MES C2
ERCE2502.dbc,2026-03-06T22:13,60821,73c094d0ed42de4a3b2f5e5d6ad5663eeca1bae4622abe2d6772187675f7ad20,2730,0,0,ANO C4 MES C2
ERCE2503.dbc,2026-04-07T07:24,56673,9c447f3a21bfd192266b856a6ea086023d0b0bb92e7422856cd10115cea23640,2550,0,0,ANO C4 MES C2
ERCE2504.dbc,2026-05-06T19:00,78339,df0e607ee5b9c8d57c9d723a593fc1f9cf3add83351e43fed0a7ba21200bebbe,3698,0,0,ANO C4 MES C2
ERCE2505.dbc,2026-06-06T20:15,67163,3cc270be41983def0c54a1152fab479a00111117e6b659cf0be8853960df78b5,3023,0,0,ANO C4 MES C2
ERCE2506.dbc,2026-07-06T15:10,100137,ba72da645ed1269277e0081bf07616fba129313a4b2044b6c670e513f8cd2ed3,4724,0,0,ANO C4 MES C2
ERCE2507.dbc,2026-08-07T12:25,78449,2c756ee945e916c7ed166719e49ea1e6b98b7cce81718c854fd5971d422c6c17,3605,0,0,ANO C4 MES C2
ERCE2508.dbc,2026-09-06T21:27,85152,c1bdcdc1874e0b8c38d115c286c236250de48fbbb8f64efd59561c907180d9aa,3942,0,0,ANO C4 MES C2
ERCE2509.dbc,2026-09-06T21:27,87858,f096c0cb2275252e732660cb5919e96ac7375dba71f34685fece46d9712a0b13,4118,0,0,ANO C4 MES C2
ERCE2510.dbc,2026-09-06T21:27,75594,a937f8e737e38fb2f80130826b66b37b087506a2a12618675024551dd9849ba1,3477,0,0,ANO C4 MES C2
ERCE2511.dbc,2026-09-06T21:27,65854,c8df827f73919301cb26b3c93376417e06caea6b510979c338a22fffc0dfe5ba,3056,0,0,ANO C4 MES C2
ERCE2512.dbc,2026-09-06T21:27,68634,59ae39edf87ac2d0e67ca558423b119cc298be89324230f2a36e0ee503e0decb,3182,0,0,ANO C4 MES C2
ERCE2601.dbc,2026-09-06T21:27,76459,4104eb05409fdde35ed385888455ffca21c08c57439290aae7a067244afff1b2,3519,0,0,ANO C4 MES C2
ERCE2602.dbc,2026-09-06T21:27,83143,0764798d08788343c6b5db71c63faf11502cb725e563375357b5c8f9967543f2,3898,0,0,ANO C4 MES C2
ERCE2603.dbc,2026-09-06T21:27,108912,e57afa7266405475df8d8ab1c6b8d31d02ff7f8443ea7a0a4b331256935b00d2,5164,0,0,ANO C4 MES C2
ERCE2604.dbc,2026-09-06T21:27,99932,f59c451c923d0b3f2636d3e559200ec0a07d88b1074e6dd310f37ca6618a3f5a,4776,0,0,ANO C4 MES C2
ERCE2605.dbc,2026-09-06T21:27,97009,29841362720391696ed97d9743b9d50be1ab765d14eba6806fbe4aaa5f810a59,4549,0,0,ANO C4 MES C2
ERCE2606.dbc,2026-09-06T21:27,89713,317f115352d66c1937712e987d74622e01314b1256c30c4ec2a28e1c72515a09,4301,0,0,ANO C4 MES C2
ERCE2607.dbc,2026-09-06T21:27,81440,deb3fa77e38933fa13ee8db3ee2bf43985a21d8bbb5f761924146bd892fe8f53,3802,0,0,ANO C4 MES C2
ERDF1101.dbc,2013-11-01T11:27,6579,4731a8397cf6c6bfa03406824f5ae3b798b87700d73891576c31a2e2a8d50b10,334,0,0,ANO C4 MES C2
ERDF1102.dbc,2013-11-01T11:27,4901,aba5197a1ded2586e062274b374fce3b5b9243604aba3c079692386bf42a8711,261,0,0,ANO C4 MES C2
ERDF1103.dbc,2013-11-01T11:27,4888,ea7a0651aed88ad0a5b033cec75374929f0b26af0058cc6d4aa8fd133c01b96d,259,0,0,ANO C4 MES C2
ERDF1104.dbc,2013-11-01T11:27,6652,84f1f247eb0e060a8527c3ee47358f21db3c5d5e3929f56d63e6aec81ca09bc1,350,0,0,ANO C4 MES C2
ERDF1105.dbc,2013-11-01T11:27,5522,0e2ea752bc18363bceeb2a72f8141bf3650571dfc8b25caac10ccefca66173a2,291,0,0,ANO C4 MES C2
ERDF1106.dbc,2013-11-01T11:27,4120,e531a854c68dd2b2b04071224ee694f68491f9644099ea012055dbcb9a4eb445,224,0,0,ANO C4 MES C2
ERDF1107.dbc,2013-11-01T11:27,4409,79bd95eb313f240e032fb5b941a0dc3cc187b0dc3399f261490be73061a329f8,234,0,0,ANO C4 MES C2
ERDF1108.dbc,2013-11-01T11:27,2015,337229d7e2d842ee930abf5c5dbbf27668231dc1f7c378a62af2a20b1f4ee56b,100,0,0,ANO C4 MES C2
ERDF1109.dbc,2013-11-01T11:27,1936,47eecfaf583a55463e1dea18bd4b606d49aaa972f4892a8a38476d452c5feb07,76,0,0,ANO C4 MES C2
ERDF1110.dbc,2013-11-01T11:27,4165,faeab33d946f3a77a882e1d42df9132c2a166585ed9341de059fb6b64920490d,226,0,0,ANO C4 MES C2
ERDF1111.dbc,2013-11-01T11:27,8511,787da44e58f050e24f79b01bbe8f6042ef22613e3f380a374d57b513a66d3f1d,436,0,0,ANO C4 MES C2
ERDF1112.dbc,2013-11-01T11:27,4429,837e218698fea8557994db8cf4bc7a0ffac800a48502d4b6faaf5235579fd217,232,0,0,ANO C4 MES C2
ERDF1201.dbc,2013-11-01T11:27,3277,144f8f645b8b24e5f25f9d5997df9c87ac4d643f63699ed376060c1299daea35,155,0,0,ANO C4 MES C2
ERDF1202.dbc,2013-11-01T11:27,4939,486207f8fc933745337329c84f80c050751580f7ed12d76944068b1c417a27d7,227,0,0,ANO C4 MES C2
ERDF1203.dbc,2013-11-01T11:27,4271,6faae35e9b85d94f758bd361be0d40333216b73fcfba3454ed68cdaded1f1ce9,193,0,0,ANO C4 MES C2
ERDF1204.dbc,2013-11-01T11:27,3164,0d4c77e3ae7882f5eb2e5eb5572e9e9adc3f89ab43ca21338123559769659cec,144,0,0,ANO C4 MES C2
ERDF1205.dbc,2013-11-01T11:27,4295,72d9f2697f7c48c0c2c25926496a37f3e4265f7ae438da0cad9467dc1c5f626e,196,0,0,ANO C4 MES C2
ERDF1206.dbc,2013-11-01T11:27,8224,fdc3080914c0952abc2038d3bf7ce0644db4dbce2e286d057d7fd0d063820272,393,0,0,ANO C4 MES C2
ERDF1207.dbc,2013-11-01T11:27,4857,19410e5b493d3071be15bc199a2fd455da5c51a7411ff62627cfefdba87c4e0a,216,0,0,ANO C4 MES C2
ERDF1208.dbc,2013-11-01T11:27,8618,21684b76263aba142b73a3d7b1b831de816a8a2cf43175bd17745a94ec75b090,404,0,0,ANO C4 MES C2
ERDF1209.dbc,2013-11-01T11:27,19977,a168cf7866a6bfa07bfac5ada635b82713f024c2a0b665decd79ce3307f767a0,1010,0,0,ANO C4 MES C2
ERDF1210.dbc,2013-11-01T11:27,9446,4adbc2c1fdabe3accb8af24dc85b5ed871fbd71968b77908a82fa07e768ca814,453,0,0,ANO C4 MES C2
ERDF1211.dbc,2013-11-01T11:27,8380,3f27cdd94f5fced758e7b63fd393d66763a82142380115fa1031a5bef1b0c14e,386,0,0,ANO C4 MES C2
ERDF1212.dbc,2013-11-01T11:27,7536,fb44be58c4e4ab935366bedd410ca2dfc0defa92229f5df718ae9f9c188f8246,353,0,0,ANO C4 MES C2
ERDF1301.dbc,2014-09-25T11:18,11538,68b3a097cc54fd0594551f1257f181ac04aef4ba85dccd32c086cd73fa939961,558,0,0,ANO C4 MES C2
ERDF1302.dbc,2014-09-25T11:18,8859,736e9af656ac8e2047d8aa058e00ba6ae4201e3378b99b426442e2df3a452dbe,417,0,0,ANO C4 MES C2
ERDF1303.dbc,2014-09-25T11:18,7402,f7afb7da7aeaae3645b4edc5cc5c1a3dc8350f21017f94b6c750c7ec785f1f71,335,0,0,ANO C4 MES C2
ERDF1304.dbc,2014-09-25T11:18,18137,1db4e2869ba35cda859bdafd265719cb5053123216c5c97c240a0cb3c1619535,948,0,0,ANO C4 MES C2
ERDF1305.dbc,2014-09-25T11:18,6697,3bb9ac4d35c5f306560f91e0862f6429e4569f617e5c53b9fe9b7965b2788ae5,321,0,0,ANO C4 MES C2
ERDF1306.dbc,2014-09-25T11:18,8996,6936b4e357d693f257036eb4eb23ea69931a0ff681081fdf5bfbded7575e4cc0,396,0,0,ANO C4 MES C2
ERDF1307.dbc,2014-09-25T11:18,4863,c0f2a31b787e36f1b23307191d631028326d086d69c45708e652a4b4948c498a,220,0,0,ANO C4 MES C2
ERDF1308.dbc,2014-09-25T11:18,5631,7b46ea045e5e925b4ae1a4b10d906380149118773d93ae2c4b66c6088bc0cad2,255,0,0,ANO C4 MES C2
ERDF1309.dbc,2014-09-25T11:18,8265,0aa9429b86d065acea7fbb08afa09c98a3798e961bc5e81ca9c16ec2f1e2e37f,374,0,0,ANO C4 MES C2
ERDF1310.dbc,2014-09-25T11:18,8906,d5df5864cc0d5188210180bb47404f788d91eb5ddbf139efa67cbecbc67f4123,399,0,0,ANO C4 MES C2
ERDF1311.dbc,2014-09-25T11:18,6943,1345f59aec0ffbaa494df4f66c0a3df21082f1fb124ec66bd588b0a4a71b172d,307,0,0,ANO C4 MES C2
ERDF1312.dbc,2014-09-25T11:18,6480,676a23d21599e1fd2224bb7f83eaa8cbf2708a2c48fe6bbfbd7f3a755b40f931,302,0,0,ANO C4 MES C2
ERDF1401.dbc,2015-10-05T11:58,5861,ef04aded9ef95aa2923afb61380ba589aa5990ea8e940aff48e4a940ac952a21,276,0,0,ANO C4 MES C2
ERDF1402.dbc,2015-10-05T11:58,4676,d31eadcc526dd2f431a6401af80545dcca19d780d32e541c99f47f7669605a9c,211,0,0,ANO C4 MES C2
ERDF1403.dbc,2015-10-05T11:58,7210,5677d5af602586daa76827c1eb1df73396b9f6e5c25a0be989dda89c1b3070e0,319,0,0,ANO C4 MES C2
ERDF1404.dbc,2015-10-05T11:58,7925,2d282aefc86f3ed485ea9b55f1bf85a511b61cd6830f6f80b2d7a141c2d7bd7f,362,0,0,ANO C4 MES C2
ERDF1405.dbc,2015-10-05T11:58,8836,3a02cfef7ae7f384524aa73c153c0cdd60b259676dadf2291b2e83c0945cdc29,396,0,0,ANO C4 MES C2
ERDF1406.dbc,2015-10-05T11:58,4798,e8b1b91d5525dfc750271cf8106b840a447543a584f8848562e9d3d421c45a67,223,0,0,ANO C4 MES C2
ERDF1407.dbc,2015-10-05T11:58,5674,6ddcb8c5633f0b904226f9ac895caa61879af65fa18bf195573bf72da6d19231,253,0,0,ANO C4 MES C2
ERDF1408.dbc,2015-10-05T11:58,6701,6450a846a0307215154668af34b01afee4267d5008af1d19531cd3b2e6957412,313,0,0,ANO C4 MES C2
ERDF1409.dbc,2015-11-09T10:30,4920,1685e40774fa14e2a4df3df51ee455c006211d3237ed27cb76d84c00e8d6522f,219,0,0,ANO C4 MES C2
ERDF1410.dbc,2015-12-07T08:58,6397,32c5e6023819b0f3a54871eae1f6d3ffaa4784fb96e0db70ebc19ef8ffdb7238,295,0,0,ANO C4 MES C2
ERDF1411.dbc,2016-01-07T10:02,5473,cbdc48c4be3b82f4f94edc44a1469f73251dbbd6899e3f48e1ff45643a168b50,251,0,0,ANO C4 MES C2
ERDF1412.dbc,2016-02-05T09:10,6592,a6fb2fd9053a16bc6f9037e490394203315500c643fb9612c732a7bb3b1177ee,298,0,0,ANO C4 MES C2
ERDF1501.dbc,2016-10-04T10:20,4332,49600e09df355371532884f6b499cc786a10fa6aa88fb9dceb7ce3169e052631,193,0,0,ANO C4 MES C2
ERDF1502.dbc,2016-10-04T10:20,8616,6fccd55caec61acc80e883d726b7bfc3737069a32769c155f0630054ca14e2db,420,0,0,ANO C4 MES C2
ERDF1503.dbc,2016-10-04T10:20,4829,b0524c71dccf8008850be8eb55c265ea4bc73d7b1ba33e2f6322c79bd83aaac8,206,0,0,ANO C4 MES C2
ERDF1504.dbc,2016-10-04T10:20,5496,43f8931312c48292d6521fbab922763870e1b00c08bb759870693e16db1a597d,239,0,0,ANO C4 MES C2
ERDF1505.dbc,2016-10-04T10:20,5550,a704d338365facef16be2280e3c9842bd1d2e8c86f39ea90ed1bf7bfd932f222,253,0,0,ANO C4 MES C2
ERDF1506.dbc,2016-10-04T10:20,5466,1101974ecf651316353770ffbf40d783b807ddda66a9459c0811c6a4251f6560,251,0,0,ANO C4 MES C2
ERDF1507.dbc,2016-10-04T10:20,6509,a69ddc4907ea97a5d24a90aff9cec3b542324e9e3f515fbf4203acb3e8ea0c68,284,0,0,ANO C4 MES C2
ERDF1508.dbc,2016-10-04T10:20,5764,ac36e37f28ad4bcd35fc6be6eb4e8f2db58d3a029454d22546e432efecee070d,259,0,0,ANO C4 MES C2
ERDF1509.dbc,2016-10-04T10:20,6361,c0832d6cfccb25997d5023f2ff20a7596622520ca07e2b114a7fa057bd050b03,290,0,0,ANO C4 MES C2
ERDF1510.dbc,2016-10-04T10:20,7507,e2823c9bfd8a53c3fb2bf370727ee22cc0220082bf3337e6d68856e0b6e0247e,329,0,0,ANO C4 MES C2
ERDF1511.dbc,2016-10-04T10:20,4719,9dd24e93b9f8e318833d3eecd18d08279e87a350c00adeb6c054a9edf6386bbf,209,0,0,ANO C4 MES C2
ERDF1512.dbc,2016-10-04T10:20,6093,e189f38a977ce3f7394f11536fd241c6513e12704f55645ab3dd1508a549a616,285,0,0,ANO C4 MES C2
ERDF1601.dbc,2017-04-10T10:09,7573,1e1dc866615fc3cee88e10e3b23a798a32b20ba794b09d3a45bb43cf41784f9b,330,0,0,ANO C4 MES C2
ERDF1602.dbc,2017-04-10T10:09,3866,122183c0ff2786037b0707f05a1cf7155cdfa411ef7995be79ca4e39e915f8f4,167,0,0,ANO C4 MES C2
ERDF1603.dbc,2017-05-05T14:39,7407,d5df583880abafc249ac84817796d50fcd46adb0d22609588ca889b8dc12d38f,332,0,0,ANO C4 MES C2
ERDF1604.dbc,2017-06-05T10:00,7810,3a41de1b0493ba3b598236db1bfbcae74c86207a517ff15e4efc6eacef2765e1,345,0,0,ANO C4 MES C2
ERDF1605.dbc,2018-01-08T15:27,11110,cfa4752f0a9e2c60c7715db01db324f796d027b9c9779b82b81e9da96d30889c,494,0,0,ANO C4 MES C2
ERDF1606.dbc,2018-01-08T15:27,6782,bb1b20a69d6200383db918827f4a41258248e048d6ce2c5da55d5bf532703656,291,0,0,ANO C4 MES C2
ERDF1607.dbc,2018-01-08T15:27,4721,55fdd39229eca8c49410ca1e62796ec0d5c63b0fc5ecb1ad0c5a36287c3d1adc,209,0,0,ANO C4 MES C2
ERDF1608.dbc,2018-01-08T15:27,5781,5827366740e98617a660cab7bdf7e00dd7052a9984757edecd457d45a712bb7c,266,0,0,ANO C4 MES C2
ERDF1609.dbc,2018-01-08T15:27,11823,524c0c1958af1978da4f35cdadd8d8e1faf3894cd344ed51153d911301894bbf,529,0,0,ANO C4 MES C2
ERDF1610.dbc,2018-01-08T15:27,6013,8cb626461cdd58129f1135182a71d94ffda144e8cff1ac87e3d72935ba0a8585,272,0,0,ANO C4 MES C2
ERDF1611.dbc,2018-01-08T15:27,5392,92f085dd648a07fd7279c5176e7641516d8300434bd1217b0233f4ef3196dc06,236,0,0,ANO C4 MES C2
ERDF1612.dbc,2018-02-05T09:39,6024,20a8750d76ac51098ac58b29ccca53be3e016d7a18f58828f13e6e86f5c5a1ad,272,0,0,ANO C4 MES C2
ERDF1701.dbc,2019-04-10T16:27,5841,02530fc70e487e367a37b92e0d594fe943c1f0c3c17f8233776de20eb4a72020,268,0,0,ANO C4 MES C2
ERDF1702.dbc,2019-04-10T16:27,5431,b20c5b984c07d69bf1b814bec3bec5ce57eaf17e52eed38459f8f679b93e0f5c,238,0,0,ANO C4 MES C2
ERDF1703.dbc,2019-04-10T16:27,6571,680709288a137c74006324490fef39fe602dea6ae01ce8debfb76e6b393d68d3,282,0,0,ANO C4 MES C2
ERDF1704.dbc,2019-04-10T16:27,9718,9ed195460a45a10838190c2a81a217069471c36f29bff9fa2841fe6b836ae285,421,0,0,ANO C4 MES C2
ERDF1705.dbc,2019-04-10T16:27,9601,e3b36c3112caec28bfd0353f58764de43839e4c547432bb906abc21670aec7e7,406,0,0,ANO C4 MES C2
ERDF1706.dbc,2019-04-10T16:27,10050,78001fc034ce4b8677ccea451ea16b0312425d9743761bed11df663adc5b1785,469,0,0,ANO C4 MES C2
ERDF1707.dbc,2019-04-10T16:27,9061,06c98caa213b9f2abb3e50aad8d1eb41482693b0bcfec027200664d3ed4e8f74,420,0,0,ANO C4 MES C2
ERDF1708.dbc,2019-04-10T16:27,10943,38462dc9077b26fec74c785df176ed8d9d4c6097b04ff25dac17f947b5056253,486,0,0,ANO C4 MES C2
ERDF1709.dbc,2019-04-10T16:27,8538,1d8e38cb73e7486b285c3a896970cfb6dc9cb4810aed60e58004ccf9e15d9274,379,0,0,ANO C4 MES C2
ERDF1710.dbc,2019-04-10T16:27,4497,d19d59afecf4aefe89eeab47750c446c3cf78b967f0b84f6105990d053681f68,194,0,0,ANO C4 MES C2
ERDF1711.dbc,2019-04-10T16:27,11448,193a615391678d287ce8fec95727be05cafa2f4296bb1236f5f7b63db3f0867f,511,0,0,ANO C4 MES C2
ERDF1712.dbc,2019-07-08T14:45,4789,5f9993e3f3d6177fada033102895320d745cd73d246e2038700b3dedfb4e13b8,222,0,0,ANO C4 MES C2
ERDF1801.dbc,2019-08-05T14:40,2908,197824b8f14687d119210f637a9886c7f900aef6864081e90637cb0ac19d3bf9,127,0,0,ANO C4 MES C2
ERDF1802.dbc,2019-08-05T14:40,2684,413aeba3efce156823770a20484050e1c185cca071a4158d27f503aa948dfc17,110,0,0,ANO C4 MES C2
ERDF1803.dbc,2019-08-05T14:40,4637,053de893433b9bbd9fad3807532d3ef39d2a30da0ce94367b83757cdf7577918,219,0,0,ANO C4 MES C2
ERDF1804.dbc,2019-08-05T14:40,4487,90e50cc56bdf2793fca1c67b4a1afef9f0560ddaad78cba574fa8337e4f0ac18,213,0,0,ANO C4 MES C2
ERDF1805.dbc,2019-08-05T14:40,4315,9bd32431f8aa1f5f63cff0e21f65169190625ef5138607cea81244a59241b41b,199,0,0,ANO C4 MES C2
ERDF1806.dbc,2020-01-09T16:49,5224,bc52d6e8c952bb3e32ae3047d526ce8fc56fd41ea8dbcee76cd931e10073c9ec,247,0,0,ANO C4 MES C2
ERDF1807.dbc,2020-01-09T16:49,7420,c0e849986b2b9873c4dfd3fe9c27e394f53b9366ac6556ccb5aa5f6b3803e159,343,0,0,ANO C4 MES C2
ERDF1808.dbc,2020-01-09T16:49,11375,c1ca9201375f4205fbd423ffbb6c232b378c883c1fe7d24873cd1d9c6e7d01f6,563,0,0,ANO C4 MES C2
ERDF1809.dbc,2020-01-09T16:49,13059,0923759fef579f4cd56ae5949224da97c870d3703e26188b450065ad0bc5f1f8,665,0,0,ANO C4 MES C2
ERDF1810.dbc,2020-01-09T16:49,5781,4e3cceb0fb65b82d413285573ff2545f1974543d4796d5bd0079ad69cc4fb4a8,273,0,0,ANO C4 MES C2
ERDF1811.dbc,2020-01-09T16:49,7874,20f01e8c819ee75dd26ff6b8b0582d3fd433bec7050ffce4ea563d3f85cc70b7,366,0,0,ANO C4 MES C2
ERDF1812.dbc,2020-02-07T15:02,8703,f4743a5a05f9cd2aa036114f1dbbb47b23e7072f82ccb2a5777f81499edac1c9,402,0,0,ANO C4 MES C2
ERDF1901.dbc,2020-03-10T14:43,13094,61f62d7e7f2eea84bf0292f03080f1970e913e2b16180ecbe0d7b8a12f0004d6,599,0,0,ANO C4 MES C2
ERDF1902.dbc,2020-04-05T14:39,23630,224251436acc0c1a34a2189c2d7958945e2e4990d4ff24997115ff8ac51562df,1252,0,0,ANO C4 MES C2
ERDF1903.dbc,2020-06-04T13:54,18006,42f7a06ef8193d838605b0da19c9fcf57b8c7fe0c10df1ade39e071ae95d6c64,947,0,0,ANO C4 MES C2
ERDF1904.dbc,2020-06-04T13:54,14986,90e739f58f1b8fedad52973be7fbb4cda3893506525f985a4f49964b37b5058a,766,0,0,ANO C4 MES C2
ERDF1905.dbc,2020-07-04T11:39,15069,1448c82acb40659d071484883e59556ed738c33d806dbc13c554bbe5a17a0fda,747,0,0,ANO C4 MES C2
ERDF1906.dbc,2020-08-04T10:41,15532,91330cf44cd3b8df04b8b1755f315c9676d51d4817b0760ba3ebc68e0e73ef01,746,0,0,ANO C4 MES C2
ERDF1907.dbc,2020-10-06T08:42,10669,e10f059dcfb87562e9bfc4477735b9cb4293b13cc7c48b719fae3d7e2a98ae8a,527,0,0,ANO C4 MES C2
ERDF1908.dbc,2020-10-06T08:42,10053,0e2c2cd372640f676ef24b852b1701c3fb7b09cc17b4a37f6e5add2491b645f0,487,0,0,ANO C4 MES C2
ERDF1909.dbc,2020-11-18T10:38,9864,cb41e9cdff9a51d708c033f40de74bb498c18a9bca14d7df3705732bc9bc2c43,463,0,0,ANO C4 MES C2
ERDF1910.dbc,2020-12-07T11:23,10351,1a40108b5529d86ceb9ee4897387b7e0811d7bdab1bb4b718f46b36ed68fd3d0,499,0,0,ANO C4 MES C2
ERDF1911.dbc,2021-01-14T08:10,10221,a4f28ef1a2fe9462fa32702454b373a90738d168f14aca99b0b2fee603553cd9,482,0,0,ANO C4 MES C2
ERDF1912.dbc,2021-02-05T10:26,12811,cd3c9a8354f73d32fa7e9e328a27efdca279274d8a7470582ce941a33eae2046,608,0,0,ANO C4 MES C2
ERDF2001.dbc,2021-04-05T13:24,23731,311ab93cb96c2e4300c922a6d8d9668412d18df18f91a5326c7c6b02a07870f3,1166,0,0,ANO C4 MES C2
ERDF2002.dbc,2021-05-07T16:35,12517,303b5429525fbd03a4f170be73e6dd137cf1d2846f18a4f98449aec9722bf711,588,0,0,ANO C4 MES C2
ERDF2003.dbc,2021-05-07T16:35,22380,f838f1dbe9c3600c550d8af723c3e9c483fcc13802efbe0e9aa74078561bef80,1100,0,0,ANO C4 MES C2
ERDF2004.dbc,2022-01-10T14:22,35000,9e9caa1c7ca844c3de130abcf7e691a64ff509468fba678829b99f7e991ce7ff,1800,0,0,ANO C4 MES C2
ERDF2005.dbc,2022-01-10T14:22,31394,69b4587d297a6b090c4b54a87d0310a3637af1efba3a53f99aa1227107cb8049,1598,0,0,ANO C4 MES C2
ERDF2006.dbc,2022-01-10T14:22,22765,0f6c2371720a93816e0c747a996612cbb72705b4d66c644d8d0bf4b37996de75,1139,0,0,ANO C4 MES C2
ERDF2007.dbc,2022-01-10T14:22,36164,4ea337520066062ac277e5f64838f72742820c196bf5233de79f9ca7b722693b,2008,0,0,ANO C4 MES C2
ERDF2008.dbc,2022-02-07T10:04,22714,50f6810496e48d92fb17e5cd6f0e3ae0c811f9d2e8bfc456a98869bca986ccc2,1183,0,0,ANO C4 MES C2
ERDF2009.dbc,2022-02-07T10:04,24821,cb9a58923b21f50999bef6459c9150f991d85cb089b9fec7c1cc9850b3a215ec,1328,0,0,ANO C4 MES C2
ERDF2010.dbc,2022-02-07T10:04,20795,7c3112d12cbe584b9f76471cc134f6f450c3e95fe0fddecf8911b37e586e5f42,1126,0,0,ANO C4 MES C2
ERDF2011.dbc,2022-02-07T10:04,14669,d03d328ff2c7993b50b47918821cf05d44b56499f4d0d445e9edab2d7d032da6,758,0,0,ANO C4 MES C2
ERDF2012.dbc,2022-03-07T13:12,19884,f72f1ad2f3ed0c8f0c0eebed246797c7c8144d1291196caae0ac3cd19e4fddd5,1045,0,0,ANO C4 MES C2
ERDF2101.dbc,2022-03-07T13:12,21845,95766e35a585fb77212534890ecda87ff4a6b221ec4dac5c7802dc209890e913,1127,0,0,ANO C4 MES C2
ERDF2102.dbc,2022-04-11T19:22,15990,d5209ad2fd64cb4f0843027b636e5cf0bee50334ad8359fdb1a4ae5f41458a77,824,0,0,ANO C4 MES C2
ERDF2103.dbc,2022-05-04T12:32,20010,002e1c5348075c6975815a4998d1d0c12912d80f78f16ef6d1e9ab731955faf6,1059,0,0,ANO C4 MES C2
ERDF2104.dbc,2022-05-04T12:32,12948,3f48d70a997ff0de6342a340d8dc8e6df79f5adb8dae2107c458b10116f21ba3,627,0,0,ANO C4 MES C2
ERDF2105.dbc,2022-06-03T13:03,17382,44b25eec044985f45a82380ce1aadd2032f322777e89061195f65462e79efc61,858,0,0,ANO C4 MES C2
ERDF2106.dbc,2022-07-06T13:10,10886,f8facd62ebd523736f6f57652cb9fa53bb5313bf887c15d884919fa2f300dcaf,509,0,0,ANO C4 MES C2
ERDF2107.dbc,2022-08-04T15:39,17876,1e9b382d662aad9b7eee1129518e81bebed71a14404a4e7de4884eb869d48d16,1016,0,0,ANO C4 MES C2
ERDF2108.dbc,2022-09-06T11:16,31979,b64c0de4e4d9dd921d63dbbc18f89301afd54cb75545df2324f1b744426abda4,1741,0,0,ANO C4 MES C2
ERDF2109.dbc,2022-10-05T14:25,7485,eb90da3d9f30ed7a2bb1d28cfc011e1bb316402cbc768735cdda7f21f255ffbb,343,0,0,ANO C4 MES C2
ERDF2110.dbc,2022-11-03T17:54,7851,47d0bcd0c8c10ae86876231db65ac7d2ce20998815a5de39e848d828279fd731,369,0,0,ANO C4 MES C2
ERDF2111.dbc,2022-12-06T16:21,5964,e0e0d0935ceca0ecf396faee0e0d4c5045b4f79e960c264efc82f609ed7d9ab0,289,0,0,ANO C4 MES C2
ERDF2112.dbc,2023-01-04T12:45,6409,aac0a225f1599688d0aa9a08a5974d4aae2c3d414ad6c385604d67aa305e4251,303,0,0,ANO C4 MES C2
ERDF2201.dbc,2023-02-06T13:00,9984,feb86b17a06f6b1cfca6a9a822b01d1d3effc52b81baf64e001a17efc0a4529f,461,0,0,ANO C4 MES C2
ERDF2202.dbc,2023-03-09T16:42,9338,3a36c9a6215f028ee7f47910e35a92bffbffc122557d19ca9ce0dcbbf6bb522e,440,0,0,ANO C4 MES C2
ERDF2203.dbc,2023-04-05T13:31,18472,37596deca83565996750fe54545dae8c02c95150f0ed0931e139bbbf4a6f02a4,912,0,0,ANO C4 MES C2
ERDF2204.dbc,2023-05-08T14:31,19076,964cec49d7cdcb5425681ee4fc932a0622f2dc582a035db2a48b237d81c68f62,938,0,0,ANO C4 MES C2
ERDF2205.dbc,2023-06-05T11:31,17331,bf1ec7c3c7f798f5c88a3a0d1a4768948b2be57e65287a2f2f554980d480b381,827,0,0,ANO C4 MES C2
ERDF2206.dbc,2023-07-05T12:43,22654,647dd3248fb1355b3fb97a51d79afcc0f14cfc1ca91e3d1256fee96f19942df2,1122,0,0,ANO C4 MES C2
ERDF2207.dbc,2023-08-03T16:36,15491,9b2a3e6d5c55f12b37908bc390b3168b4c80e7f727f4db5d4303e400f59e2446,723,0,0,ANO C4 MES C2
ERDF2208.dbc,2023-09-04T21:02,17499,3d5e4b02e0964581f2be94a1480e065b12f3343eaca4a7248f4ccffc91fde441,866,0,0,ANO C4 MES C2
ERDF2209.dbc,2023-10-04T17:02,14826,868992753b6038cee468a21723b1c8d5281206cdbc937560b47c2c8eea1b04a6,697,0,0,ANO C4 MES C2
ERDF2210.dbc,2023-11-06T15:49,15411,5d522a0f77de724be641037bac0f164e16e9a9abf695ee5915454e4d422fa029,740,0,0,ANO C4 MES C2
ERDF2211.dbc,2023-12-05T14:58,10584,a945bca9f19fd067b29928eaa399d78c6e9c2f629fd3b75b9836c3db552a0ca1,494,0,0,ANO C4 MES C2
ERDF2212.dbc,2024-01-05T17:49,10515,e183004d6486a09d5945d8c9f10b2f55f58c7ddeb82744173a55ba5d81708ae9,504,0,0,ANO C4 MES C2
ERDF2301.dbc,2024-02-05T22:51,16217,dd6439f6d530b4c8fbeb569b569a3b3b5c9d2751e9c560b191c69031e7a09d04,812,0,0,ANO C4 MES C2
ERDF2302.dbc,2024-03-07T18:40,11748,ac7096a92b961364952d1362ef03ae8c665988727d2cf52978978e0e80a870fe,576,0,0,ANO C4 MES C2
ERDF2303.dbc,2024-04-09T14:24,12860,b10e8f5dec83e30d34fc7f1e7291325acdfde814defd5cc3437d58932c89dfa4,643,0,0,ANO C4 MES C2
ERDF2304.dbc,2024-06-16T01:07,28270,a14c49a67270e29203db944b4614b1204eb20cbf4b78c890545f2788987571b2,1513,0,0,ANO C4 MES C2
ERDF2305.dbc,2024-06-16T01:07,28715,b8c1c0c2bfdb0c12e9db88469f326409186838522a8431a89cc0bce94274d0c7,1497,0,0,ANO C4 MES C2
ERDF2306.dbc,2024-08-05T14:44,17656,616997218f2f80f9cbbfec1da73d04336be15de08175623512a32267586e770d,848,0,0,ANO C4 MES C2
ERDF2307.dbc,2024-08-05T14:44,13333,8e80d6683646c0132a8b50e057b46a422dc4def7a18f87203b4257b4afe07873,614,0,0,ANO C4 MES C2
ERDF2308.dbc,2024-09-05T10:27,13027,a86638db4ace033783d904edd2e6face4c6066036328fe8875cea20eb4a8ebe5,606,0,0,ANO C4 MES C2
ERDF2309.dbc,2024-10-08T12:05,10968,35ed286d05a491452ac0e3b282056e3219ecf7866be3d270a95782fdb66360bc,496,0,0,ANO C4 MES C2
ERDF2310.dbc,2024-11-07T15:41,12800,b9aa78ee9cf9902a7bbc969c7b2a59b6071177e796203a8258e9725729332367,603,0,0,ANO C4 MES C2
ERDF2311.dbc,2025-01-05T18:55,10238,388154323e6db73e8c541a55cd008b9de673ff0c4fbfce3b18e1206e5814cb52,480,0,0,ANO C4 MES C2
ERDF2312.dbc,2025-01-05T18:55,11851,197d954fb26175bd4b321eb9dbf056319e1312cc43e09b67979b48cc64ca0656,566,0,0,ANO C4 MES C2
ERDF2401.dbc,2025-02-09T21:24,8931,0e5c2be790470a5f1a3e70e37ec3fac7ea83b90e89996057aff2ff681084a917,394,0,0,ANO C4 MES C2
ERDF2402.dbc,2025-03-11T23:45,11108,7e31cf89915f2b0979118587ad1f5e0067529fe94dd15787b277fa93ca16e000,541,0,0,ANO C4 MES C2
ERDF2403.dbc,2025-04-05T12:13,8348,9d5a1dd84f6089be0fcfb478177f5d4f95e03dc7d424baeff53a4f4b45326f71,381,0,0,ANO C4 MES C2
ERDF2404.dbc,2025-05-08T08:06,16061,b0a418bc53ebcae64667f24346dcd9cc9c7f4a9b154d506fa277f90d42b52980,834,0,0,ANO C4 MES C2
ERDF2405.dbc,2025-06-06T10:44,10455,4e851cf5b979427a43462fe7b46b231a3e8c0d1fd32772ec7444c207608f1743,489,0,0,ANO C4 MES C2
ERDF2406.dbc,2025-07-06T11:29,17310,764b53846de2e1f673dc0daa8ff0b1a1b3d18f8adf9795b92c993660a4fd42b7,877,0,0,ANO C4 MES C2
ERDF2407.dbc,2025-08-04T07:13,13894,d49d92399e5b2af22e1a9000682909df8e6f4212f7a2d4611a1a726ca80efac7,654,0,0,ANO C4 MES C2
ERDF2408.dbc,2025-09-05T12:54,11252,6c0fd5a2d09776c3310d9afdb0ec1b8b2c3f14b215cdb7af585db3826b270e7a,519,0,0,ANO C4 MES C2
ERDF2409.dbc,2025-10-06T17:05,12567,78701d5d0b50526b627b4e519a33ef79dd988ba0357c7e8b932670ffef9b526c,591,0,0,ANO C4 MES C2
ERDF2410.dbc,2025-11-06T16:21,8166,b802c9c3cb3ab2c82a64c2cb7c6ea6fcd54bfac0f029e5f749c883f6bca2c08b,377,0,0,ANO C4 MES C2
ERDF2411.dbc,2025-12-05T20:17,5991,31056e2ef135345ee3f9a3fdcccf4c69874f317bd015563b82b3adf3b477d317,289,0,0,ANO C4 MES C2
ERDF2412.dbc,2026-01-07T19:03,8292,a1ddabfc8f39e3176fcee9ca971fea8f9cf3dda977370869cb4ae3db81b74729,391,0,0,ANO C4 MES C2
ERDF2501.dbc,2026-02-08T14:13,7075,4bfbde2cbbd5491107723c354a716406018ab52c7346e0185cde0ba99951bda4,337,0,0,ANO C4 MES C2
ERDF2502.dbc,2026-03-06T22:13,11238,9d4e565037dec774bebbdf60ec2decd59959e268bce5105415512fc7bc4a6638,535,0,0,ANO C4 MES C2
ERDF2503.dbc,2026-04-07T07:24,13913,4b0e4a7f8e5bf0209364beccef9f5ac79ed72e60ee9d684847c0704bcac3f35b,700,0,0,ANO C4 MES C2
ERDF2504.dbc,2026-05-06T19:00,9916,b1c4711325122ec711b3ccc9c28b202d250602a6f19953540e6b1c84b1b7b24e,463,0,0,ANO C4 MES C2
ERDF2505.dbc,2026-06-06T20:15,19396,7b84decab6a255a2df413dc9f9716e0dfaa1ed765966aaf225caa63109088de6,984,0,0,ANO C4 MES C2
ERDF2506.dbc,2026-07-06T15:10,16593,b55698b0f7530bebc0faf0d26388e60c8e324ef580617dd813b4f5b8e2b81cf8,788,0,0,ANO C4 MES C2
ERDF2507.dbc,2026-08-07T12:25,13828,e352949a69c24312d11a54562c04a67e59a39949422b4705f5ceeda7e93a3784,641,0,0,ANO C4 MES C2
ERDF2508.dbc,2026-09-06T21:27,12708,281e1d25ee228fbd80485600048dbb6c2b6dffd5142d75882ec12f5a903e0882,587,0,0,ANO C4 MES C2
ERDF2509.dbc,2026-09-06T21:27,8344,c2e188ad26a2f18b0c24cf07e5d017d7b758762e1a649e467105cdfdf3376611,373,0,0,ANO C4 MES C2
ERDF2510.dbc,2026-09-06T21:27,11286,e5b97f97ffd61496ae600d6c3347591e655ca1167f34de493cd19b0ee703def1,519,0,0,ANO C4 MES C2
ERDF2511.dbc,2026-09-06T21:27,8534,96d1113e56b37761f11d62e35b524da85dfbfb7c6748d690d3f785f0d45c443d,397,0,0,ANO C4 MES C2
ERDF2512.dbc,2026-09-06T21:27,8212,77f9bb43ad7e0212a7d63b4342e9f5f7f800891c0946a74511c56c8921f50c85,368,0,0,ANO C4 MES C2
ERDF2601.dbc,2026-09-06T21:27,9100,b1997ee3d1209ff416270571c5b1cc437eadbe972a8d7bf4004a058499b8cc21,406,0,0,ANO C4 MES C2
ERDF2602.dbc,2026-09-06T21:27,9583,db1195f4e270480478da99d16828f4735154bd47a2f152d7503c778b00647eaf,428,0,0,ANO C4 MES C2
ERDF2603.dbc,2026-09-06T21:27,14417,e2d8c6eae8eeb672d1e68fa9577e4ee9666d8f0d155d7c1ad256c7b7eae3c305,706,0,0,ANO C4 MES C2
ERDF2604.dbc,2026-09-06T21:27,10119,2c40ee2c2fe3e43be2802fa99ee5b1e856ccd5267428b879ea46e087f645b2f6,454,0,0,ANO C4 MES C2
ERDF2605.dbc,2026-09-06T21:27,13021,7db194244fc1db34154c4f9de4b923a4b1a6cb3408d705f560519f9b843b7057,615,0,0,ANO C4 MES C2
ERDF2606.dbc,2026-09-06T21:27,16433,9d792db5fcfb36c2fd98ae4f2011dd110d996ca596f263a9abcba6346c40167a,783,0,0,ANO C4 MES C2
ERDF2607.dbc,2026-09-06T21:27,17512,3d9488288a88f32b8ae39c7a999eee0b59dbb60448345a663c27b1e8f788be8c,840,0,0,ANO C4 MES C2
ERES1101.dbc,2013-11-01T11:27,25802,cd6c5dc931408f2b0dada591627b0ed2b81100cafa871f444792e153732bdd72,1153,0,0,ANO C4 MES C2
ERES1102.dbc,2013-11-01T11:27,23416,44b1a48a92eba514140b00e08267aec01d045feba16729521c9c5f42cbe9b081,1030,0,0,ANO C4 MES C2
ERES1103.dbc,2013-11-01T11:28,25116,fd39d7555bb0cc2546524a58f344843f1fdf212cb1bef08159adf8886d06ae3f,1152,0,0,ANO C4 MES C2
ERES1104.dbc,2013-11-01T11:28,19591,3ac54076384b99bd467c413bea5c1db85e6c923d8256bd06394a12958813a2d0,864,0,0,ANO C4 MES C2
ERES1105.dbc,2013-11-01T11:28,34201,88c0b7b358d45a60df9f977280115e3b600d24f125a9a81e89a52ab1247d567b,1629,0,0,ANO C4 MES C2
ERES1106.dbc,2013-11-01T11:28,33522,189c96d2a305e36da908de066dda5a8128d8f8d5d1916888854a48dd75f0d139,1658,0,0,ANO C4 MES C2
ERES1107.dbc,2013-11-01T11:28,33733,41c5ff8c7b5cf56fa60f4c7ff6df83208454180504c678aec9062c3515779c0e,1717,0,0,ANO C4 MES C2
ERES1108.dbc,2013-11-01T11:28,32033,965400dba5f05b9f840f82493bc10050b3a5adf0cf62933765f01ca49401aafc,1529,0,0,ANO C4 MES C2
ERES1109.dbc,2013-11-01T11:28,27533,7fca828c0bd829326d4b40fed92f110c713cb5c04969aefdccbc12dd23f6ff9d,1305,0,0,ANO C4 MES C2
ERES1110.dbc,2013-11-01T11:28,24888,d64b47d7904db866bfda09583ba18a487c637cef81934b70ba00174fc48ebf27,1121,0,0,ANO C4 MES C2
ERES1111.dbc,2013-11-01T11:28,27628,4aaa9bcc695531bcce31d9ad4412fb69b9db71e69cea1c81ae54f9f48016c37a,1305,0,0,ANO C4 MES C2
ERES1112.dbc,2013-11-01T11:28,27774,5e6edf61c17377d2d2740b1b65c5ac2251dc98e0156fb233f2b61787f8f3bceb,1298,0,0,ANO C4 MES C2
ERES1201.dbc,2013-11-01T11:28,24365,8fef21cabfff9ac7235fcbc9edb77d5349387fde938fa97e7c43ea23679dc52f,1117,0,0,ANO C4 MES C2
ERES1202.dbc,2013-11-01T11:28,27682,cb05403648eba3cc0e9f531ddfbe3607195307b896a65bdd1e42ef73890aaf90,1304,0,0,ANO C4 MES C2
ERES1203.dbc,2013-11-01T11:28,30037,2815a9387f96798b5f4b22434753f65211d28171e34a688ffc40e41adbdd0012,1491,0,0,ANO C4 MES C2
ERES1204.dbc,2013-11-01T11:28,35768,b0676c81531842a414d49dbfc14d2d70114b2f5b81de65010cf35d072ef4d866,1759,0,0,ANO C4 MES C2
ERES1205.dbc,2013-11-01T11:28,38381,0091b63381cddb9b5d7a25ca87b5b1ddcc2eb940609a767230c2bd9758f30d42,1847,0,0,ANO C4 MES C2
ERES1206.dbc,2013-11-01T11:28,33103,584afae5a30af7c3ac09ee204b4a85be30015e656a81f6a36c3ed8af757854c7,1563,0,0,ANO C4 MES C2
ERES1207.dbc,2013-11-01T11:28,29325,083582bc3db4b208e5d00ec157951f0565c8711dc1b94182389a81625f4edea4,1429,0,0,ANO C4 MES C2
ERES1208.dbc,2013-11-01T11:28,31329,2d1f4d88c75dcf9516bc4c6a1250da9a9ebee35324145ad4f10896b3f162675b,1462,0,0,ANO C4 MES C2
ERES1209.dbc,2013-11-01T11:28,35180,223284caae200b9c385efaff50fcf4fea9b175b221e9e3e7a1bac98d03da8e03,1747,0,0,ANO C4 MES C2
ERES1210.dbc,2013-11-01T11:28,34298,fae78356fe826253f670ca72b36b824080dd4e4b72222fa291e59d7f664fe5e9,1788,0,0,ANO C4 MES C2
ERES1211.dbc,2013-11-01T11:28,41301,ded83abaebeddf0a5f509e1cb73904704b0b2bc6bcc8d9a6fc8f579be2f595d5,2102,0,0,ANO C4 MES C2
ERES1212.dbc,2013-11-01T11:28,31027,5eaa46b7ac04bce656109799d1627c61239deb0a05db46ea337cd2752d17bafb,1514,0,0,ANO C4 MES C2
ERES1301.dbc,2014-09-25T11:18,20489,1c9b61071794a8f9885333c7a12ac314fd3bd00918cf10aa0b239e8c3d2921fa,937,0,0,ANO C4 MES C2
ERES1302.dbc,2014-09-25T11:18,23262,bcd1cdc037f811e5cceb42bfbbba12471cc7fa75636317451b8657a5e0538295,1069,0,0,ANO C4 MES C2
ERES1303.dbc,2014-09-25T11:18,26079,3034f213c9db9b8c4b022f67ca4b26090b51fe8b6aacdefd4dc4539628c07252,1245,0,0,ANO C4 MES C2
ERES1304.dbc,2014-09-25T11:18,28606,7b635807dd54e1146d4daa13e2075c9a8679f9c6e26e84e301ce835356e12f7e,1346,0,0,ANO C4 MES C2
ERES1305.dbc,2014-09-25T11:18,27834,930f52ea098567dd18ff37793b9199e6038e3a2546063b31eb969969572f53f3,1381,0,0,ANO C4 MES C2
ERES1306.dbc,2014-09-25T11:18,21819,c8d0a8a44326eb5eec817bf81d150059ed84b569c468dd383e1f41ccb52953b3,997,0,0,ANO C4 MES C2
ERES1307.dbc,2014-09-25T11:18,25646,0a9bfc2118febc5e8084af85247499e5f4b7430953efa26131791e9ffa07ff7e,1256,0,0,ANO C4 MES C2
ERES1308.dbc,2014-09-25T11:18,19692,7466a42e9f3264c3fa8677ffb82a055065c5cee5e70d7289c94045f11aa13bf7,938,0,0,ANO C4 MES C2
ERES1309.dbc,2014-09-25T11:18,63375,d75e8c7ed9adb368db798513761618c489c8970a7d911c3ec9f2d871b54e42e1,3437,0,0,ANO C4 MES C2
ERES1310.dbc,2014-09-25T11:18,27476,c463a701bb95f7a77fbf6deba675cd3d5182c6ac5e5216da027c3088473a86e2,1356,0,0,ANO C4 MES C2
ERES1311.dbc,2014-09-25T11:18,22199,c619381faf6efa36c2b7b75ae8a895b869ca9d9b3ab920fe061736f5c21d10c5,1091,0,0,ANO C4 MES C2
ERES1312.dbc,2014-09-25T11:18,22538,d4df84cbae3051d322e5ccc28ec799307e8ee805c468b2b586d9d2c4f407174c,1073,0,0,ANO C4 MES C2
ERES1401.dbc,2015-10-05T11:58,16274,4712d619221a0f42b5b1a9b726daa70bd947fe8f46245ffbb2c76f9e3031199d,739,0,0,ANO C4 MES C2
ERES1402.dbc,2015-10-05T11:58,14897,f06e92755d0121dc80ba9f069269b4d80306399af8f019a2a334fb873247f030,684,0,0,ANO C4 MES C2
ERES1403.dbc,2015-10-05T11:58,20720,24febf4e661319ef794e2c3219fadcb63f0ae61b330384c20422b01a912d967f,995,0,0,ANO C4 MES C2
ERES1404.dbc,2015-10-05T11:58,22494,549638c19f1464ca70e53fa98daea70b88efd6c4e1618ff74f5cfc95e34a08c6,1052,0,0,ANO C4 MES C2
ERES1405.dbc,2015-10-05T11:58,27949,7e098fedc86bc40a14a7eced8ef29543791e93a54e1b7d2e879d3cfa2a3dd0d0,1366,0,0,ANO C4 MES C2
ERES1406.dbc,2015-10-05T11:58,22152,dff320e3f94e31f53aec05a214aec8c2f5499d7908af2d7bd1f432b57fd902a8,1074,0,0,ANO C4 MES C2
ERES1407.dbc,2015-10-05T11:58,21854,add0bc26237b3473382071153c0b6d4d543cad67d1c302837398d046e6c18267,1085,0,0,ANO C4 MES C2
ERES1408.dbc,2015-10-05T11:58,21412,566e08ab2bddc62abb7775eb03764cf6b535976c48e2d2022538b04db7be48bb,1039,0,0,ANO C4 MES C2
ERES1409.dbc,2015-11-09T10:30,20676,acd72d7c68023d5ee07d59d11e74b4131543821a51589dac2211015c821694e1,1014,0,0,ANO C4 MES C2
ERES1410.dbc,2015-12-07T08:58,15986,1599a0fc36b342e46bee9947cf836884dab77db3c6b7980f0d8e025c98fdd19d,762,0,0,ANO C4 MES C2
ERES1411.dbc,2016-01-07T10:02,20903,7caf82f8934e9555cd8b54915f0687852445a853608c30af4928a790aedded24,1067,0,0,ANO C4 MES C2
ERES1412.dbc,2016-02-05T09:10,18426,07d49b560726d40cdb39d068a5b75a8bd72aafc93f6e0f9473aeeba777714047,870,0,0,ANO C4 MES C2
ERES1501.dbc,2016-10-04T10:20,21817,cd243bfa253dfcbd251672be3c7f1656f13741ff146a423e7ae0031ee1edefc1,1029,0,0,ANO C4 MES C2
ERES1502.dbc,2016-10-04T10:20,17090,d8bb60fda403f7d2004c6ca4bf9348818cfca934a527838a6119f6fa945a4dcd,830,0,0,ANO C4 MES C2
ERES1503.dbc,2016-10-04T10:20,11257,9028068093324ebba5ccdb67cfefda29fedefb1cf4aeb9ced115d9405e66f1b4,526,0,0,ANO C4 MES C2
ERES1504.dbc,2016-10-04T10:20,26674,406fa7e2f73ef0e99ea1fd685fb38e5958d941948b01ccb71c3bcc4179729bf7,1329,0,0,ANO C4 MES C2
ERES1505.dbc,2016-10-04T10:20,36254,7ef5322f675f989bc45d8fa6109a4d8e835277f45b4602ccaba6b51513657f43,1841,0,0,ANO C4 MES C2
ERES1506.dbc,2016-10-04T10:20,24106,d6683a4e2ade4e0ec8df524ba9a889215b428a4ac5e6d07e5b9e120068fd26a3,1230,0,0,ANO C4 MES C2
ERES1507.dbc,2016-10-04T10:20,34333,d1b6ccf7d1024896676bd3161b314a7761553b30f94d45c55fc3c0aeeb525350,1654,0,0,ANO C4 MES C2
ERES1508.dbc,2016-10-04T10:20,26158,73d2a7faf92fa82e782ef1c534d47c42313b608da15e160ec1bbc068d29ff654,1271,0,0,ANO C4 MES C2
ERES1509.dbc,2016-10-04T10:20,34187,ff0b98b7c80d9c9509078c03950a220f9e0f907e10644211c3cbafccbbc91394,1783,0,0,ANO C4 MES C2
ERES1510.dbc,2016-10-04T10:22,26790,3c4924c8d3f55ee0baaf5d6191ffcda4e4263e4121e5bd784515424cc9570114,1296,0,0,ANO C4 MES C2
ERES1511.dbc,2016-10-04T10:22,20975,82a657a16e5fb68c15fb41b2448d9652dd1e5acc0a4e3d3794517a1a4abd1ef1,1056,0,0,ANO C4 MES C2
ERES1512.dbc,2016-10-04T10:22,30806,8cdd3bcfc94315990ecf11f3a6058d85212eedc7124d1042e668048de8f63acc,1544,0,0,ANO C4 MES C2
ERES1601.dbc,2017-04-10T10:09,42240,9c7943d89e5ceab2cf3f51f01b60de519bc12918486ac56bed44f651911337c8,2110,0,0,ANO C4 MES C2
ERES1602.dbc,2017-04-10T10:09,34491,2c558647391ca1894c9bc713c5a998977e63fa7c15fd557090e16d2e1af4cf23,1709,0,0,ANO C4 MES C2
ERES1603.dbc,2017-05-05T14:39,32632,1332eabd7f7b8ba1e88bef96125226eb3f6d7e36e346d535d5a3d9507a50e892,1585,0,0,ANO C4 MES C2
ERES1604.dbc,2017-06-05T10:00,31375,fe158d7591eb984c27cb4f8130cea10bcedb62abc0bb465e6b7e202ae98673f6,1550,0,0,ANO C4 MES C2
ERES1605.dbc,2018-01-08T15:27,39339,0ab4eec60c81cd89d1513a5838255564968a73eda8bc22eb7d5dc0858a4bf8d6,1899,0,0,ANO C4 MES C2
ERES1606.dbc,2018-01-08T15:27,43928,808463b5479724872c83efbc12dfdc9b0f196f0b116c45335b8bea4639d1158d,2159,0,0,ANO C4 MES C2
ERES1607.dbc,2018-01-08T15:27,30002,11e6ccdcf92c0f963051cbee42112524b4e8d7f663f2a944e85bb50420208d9e,1506,0,0,ANO C4 MES C2
ERES1608.dbc,2018-01-08T15:27,30680,32cf4824d377ff212e4b516753900cfdaa7844b042a5059370788b03d8b89c83,1520,0,0,ANO C4 MES C2
ERES1609.dbc,2018-01-08T15:27,33368,fae3158c50dc0e434de6e8cabf49d97899a53b5ad71ed92cf5bd2c4961496de4,1635,0,0,ANO C4 MES C2
ERES1610.dbc,2018-01-08T15:27,31892,a24d523aefb4951f977d777aa347349fa839fe4e73aba1867d4276aec97514b5,1569,0,0,ANO C4 MES C2
ERES1611.dbc,2018-01-08T15:27,30290,7a082a7d40d265b2d3ef841122d4a5276199e0c9a8fc39ec99d00b147feca183,1482,0,0,ANO C4 MES C2
ERES1612.dbc,2018-02-05T09:39,27449,6dd1cf54e3437d32eb66c59c6c0df06b6fae525f05be8e63c6749ddfcb1cccad,1328,0,0,ANO C4 MES C2
ERES1701.dbc,2019-04-10T16:27,29968,c55a38f6093688c11e0da71142f57d1b7cdc01eb285ff2ec8f84251077f773da,1473,0,0,ANO C4 MES C2
ERES1702.dbc,2019-04-10T16:27,30702,7386b8ccf74ebcbb444e0e7f5a8d3f1bcdebff38071fd3db9e7ebb67c2dbacc4,1504,0,0,ANO C4 MES C2
ERES1703.dbc,2019-04-10T16:27,33952,e228fd5e71cffe22813fd907a6db2c8df41e62250624ecd1ccb4d240cc7a81a1,1622,0,0,ANO C4 MES C2
ERES1704.dbc,2019-04-10T16:27,32239,cbb88104fd0baa7c5c6340aff84336427ab26ea49b3c9b3e187f783676d3db28,1586,0,0,ANO C4 MES C2
ERES1705.dbc,2019-04-10T16:27,32046,26a30b060bd8fa7a90df6e2850f111f402930bb83a0f496e24c508ff815e45ed,1584,0,0,ANO C4 MES C2
ERES1706.dbc,2019-04-10T16:27,27416,88c898decb949b3cbac984d7d3a5c1a160a3ea067f0b0d573348634536c788d5,1310,0,0,ANO C4 MES C2
ERES1707.dbc,2019-04-10T16:27,28521,a4ace5f4c721b5c9a072fa463a8a061ba998b2559555bcdfa400515e4c21c01d,1379,0,0,ANO C4 MES C2
ERES1708.dbc,2019-04-10T16:27,25043,0bf4cc159f3c9a6d4640a970e20d027d98565a3c0ec3cd2a886cb66bceddd79d,1196,0,0,ANO C4 MES C2
ERES1709.dbc,2019-04-10T16:27,27456,51ce8625096dec1db0a379ca8b9ef44f9141efba5f3d5014d4280dedd004eb49,1316,0,0,ANO C4 MES C2
ERES1710.dbc,2019-04-10T16:27,32776,49776f1e604ecde4f2585ccb73d81481f68653f3a84b2f27d03e5dc14d4be194,1583,0,0,ANO C4 MES C2
ERES1711.dbc,2019-04-10T16:27,25039,5f220fff2439baa93903f36adc4283eaea12cdbfbb21e8ab1e58dddb76014d33,1210,0,0,ANO C4 MES C2
ERES1712.dbc,2019-07-08T14:45,33811,f206f07e4605fcbd7744d7b1b906313c5b69105bb701fa7e5a9afd7cef7f1916,1644,0,0,ANO C4 MES C2
ERES1801.dbc,2019-08-05T14:40,28333,b4cf93f6bc890d1b8d9394c70b46d3f3f8e1e889fa37cf1552379a6726aaf414,1403,0,0,ANO C4 MES C2
ERES1802.dbc,2019-08-05T14:40,27153,8b40af98c54ff071bf7f60cfc858536646ff3a41c58c8c92740b18dc01234623,1314,0,0,ANO C4 MES C2
ERES1803.dbc,2019-08-05T14:40,27422,d10d35f36ca223894b36001d7e89512b7fed435f99f4f9dd51dbe144fe8e8e17,1326,0,0,ANO C4 MES C2
ERES1804.dbc,2019-08-05T14:40,39154,407d431c37a091a66dd49690e99a19377fbdd716733282e1162fec02f2897cfc,1941,0,0,ANO C4 MES C2
ERES1805.dbc,2019-08-05T14:40,45044,6bb1bf806fc5288647a620bde968a47d31a3b110fd1cb9ebee33f004c96dcb8a,2291,0,0,ANO C4 MES C2
ERES1806.dbc,2020-01-09T16:49,51376,5e114d7c063479a11a369e1d88b4f01c995093ce1495cc7066782f8e08736692,2555,0,0,ANO C4 MES C2
ERES1807.dbc,2020-01-09T16:49,57892,0b81ddde648f21029874354a30c3e2f64ffa9f1cd3bfe403bf4d89d46330ae7b,2866,0,0,ANO C4 MES C2
ERES1808.dbc,2020-01-09T16:49,65140,3bc100e0ee49db3d8b66e11d50b750c3f00bd7ba4b1c2d8e8f547db260029b91,3263,0,0,ANO C4 MES C2
ERES1809.dbc,2020-01-09T16:49,61834,231ad44f3bf066a3fed4c5c9b0da9ec2550d2d47ed155b3919f3010f909c2dad,3138,0,0,ANO C4 MES C2
ERES1810.dbc,2020-01-09T16:49,46742,44b61581758430f700db1af0cec0319696135369116d04dadbd751f2d43da007,2308,0,0,ANO C4 MES C2
ERES1811.dbc,2020-01-09T16:49,42097,a7a877b569c22c59a20c01b415622f34f32bc37c07b7fafaf4ec485cb5853ae6,2067,0,0,ANO C4 MES C2
ERES1812.dbc,2020-02-07T15:02,29981,647cfd6cf8fd5a48724697268eba449e96668f5d64d47cb90554b600d17bf3be,1394,0,0,ANO C4 MES C2
ERES1901.dbc,2020-03-10T14:43,41553,71c35524d4e1b37a5156110b41022d05ef4078901614a98be339bcb87206f1ac,2058,0,0,ANO C4 MES C2
ERES1902.dbc,2020-04-05T14:39,22663,677fbc15c6bb9ea9a81eba321a23ea13bdb0bc1f4121fbec17982ca33de7cdc8,1042,0,0,ANO C4 MES C2
ERES1903.dbc,2020-06-04T13:54,27563,d412ef3ba870db3b4963ca9941eca387a4dc3f36b1722187163c0bb9163d4d45,1351,0,0,ANO C4 MES C2
ERES1904.dbc,2020-06-04T13:54,31484,aae0b3bc260ef3d47b6f0316af73fcdb3ce1e8a6b37435f40147990b032f4a60,1496,0,0,ANO C4 MES C2
ERES1905.dbc,2020-07-04T11:39,29105,1e8dccea6fbc20a7121c534f0b40496646880c6e8771900a2331b3fb039a7eec,1378,0,0,ANO C4 MES C2
ERES1906.dbc,2020-08-04T10:41,37870,cd7c5eb2f7190c76d5b5aaf46b53c4670b130ace2d7d1b928eebb32375586962,1853,0,0,ANO C4 MES C2
ERES1907.dbc,2020-10-06T08:42,39520,1fc14d0a3070e813421940fa7c70279171afbbad880499099ef84efcf317f1d9,1949,0,0,ANO C4 MES C2
ERES1908.dbc,2020-10-06T08:42,33619,525474f3608c466a6fde030500f68b71ec818135e583c1bddf866fbbd44dd12a,1656,0,0,ANO C4 MES C2
ERES1909.dbc,2020-11-18T10:38,25127,2e1d12cebe54a5bfc446bccb47ecab4ab618fe26a032b3412f3851ebc49b86e0,1209,0,0,ANO C4 MES C2
ERES1910.dbc,2020-12-07T11:23,28435,61e82ad8c9fd6f53a5c34e9284c17e98a9f57d9ccfe3d0f3aee6228b5261f18a,1365,0,0,ANO C4 MES C2
ERES1911.dbc,2021-01-14T08:10,33615,b5eb5098649da6d46154f46ac1ee2567ed358d1a7312eb634865453997f4a311,1672,0,0,ANO C4 MES C2
ERES1912.dbc,2021-02-05T10:26,27062,6741bc9078c72cdc05f7a1771a135a3d26e461fa65314e86b6817f2cd0997481,1309,0,0,ANO C4 MES C2
ERES2001.dbc,2021-04-05T13:24,39759,8f1c655978ed6adde7161d63b7b37893f7d57ecc196b9d21dd6353ee4eff261c,1928,0,0,ANO C4 MES C2
ERES2002.dbc,2021-05-07T16:35,30614,1809fd48785b717ba150c41affbbb8ccac6e1966adb818abdd1c8abd89e02ded,1460,0,0,ANO C4 MES C2
ERES2003.dbc,2021-05-07T16:35,30115,c5704e80aafe4888b2311c05666837f62f9edb45450ba399f40277f625cf0e61,1434,0,0,ANO C4 MES C2
ERES2004.dbc,2022-01-10T14:22,27038,4f002907e789d37d75ee4474f5548aa3e9d38e16d47c44f79b1a833588768832,1296,0,0,ANO C4 MES C2
ERES2005.dbc,2022-01-10T14:22,30891,aa363c8e6fea13123a790b83a1e24c94867318db00c5910b298c7ba3d232b8d2,1476,0,0,ANO C4 MES C2
ERES2006.dbc,2022-01-10T14:22,33220,2472947c31a9fc82a142185352968b5233603488cc1a7e6b3a655bf1c7d4a15e,1589,0,0,ANO C4 MES C2
ERES2007.dbc,2022-01-10T14:22,52051,0c18107606c64f02d91bd4d5e683c06107eb2fd62fbd5050288ad94cf8393886,2578,0,0,ANO C4 MES C2
ERES2008.dbc,2022-02-07T10:04,62602,a17158f064ef3f32048cbc2c36cc82fe35dd6f981c7e2f2704b7af0292c6b7be,3130,0,0,ANO C4 MES C2
ERES2009.dbc,2022-02-07T10:04,45790,df5b27d25f904509f6a3db169650548a61163e5c5220603390d2543d62fac7db,2141,0,0,ANO C4 MES C2
ERES2010.dbc,2022-02-07T10:04,55651,18d599cd0ddb6e506abe3ffda06268e3ef9815c730ba24b598ae902f202fff9d,2517,0,0,ANO C4 MES C2
ERES2011.dbc,2022-02-07T10:04,45514,285baf3a41ac4c7cc060837ee8f8912b531313ab25c71867f33719a27f5cf627,2140,0,0,ANO C4 MES C2
ERES2012.dbc,2022-03-07T13:12,31852,bc9a8e334b338b5c94e962c9d9efeec52bf0bbbbd511fa511f061c6b3be0a69b,1462,0,0,ANO C4 MES C2
ERES2101.dbc,2022-03-07T13:12,28057,aaf6bffae8e2a9d34374c7d6c3a02322ecb572f2dedf1befac9e6484fa158112,1271,0,0,ANO C4 MES C2
ERES2102.dbc,2022-04-11T19:22,22520,21350535c2fceb68293388703c45ab7903a9b8452aab16467c72c4ebbdddc321,1047,0,0,ANO C4 MES C2
ERES2103.dbc,2022-05-04T12:32,31092,3f43875c52b65af68d5becc00d6148ac46252b4f1d7594e6b539a61704a51fa5,1471,0,0,ANO C4 MES C2
ERES2104.dbc,2022-05-04T12:32,24866,9eb15645179b22884f0485eed3dbc3b6322e6db5601d046f412c8c079ddb03da,1085,0,0,ANO C4 MES C2
ERES2105.dbc,2022-06-03T13:03,37309,b312b59480cf0d3d52b0e3ec48baa7aab97ad6d081423002bdff88cffc17a230,1717,0,0,ANO C4 MES C2
ERES2106.dbc,2022-07-06T13:10,30260,18a530bf2c8074c5468d9a703a0905432ebc8f8afccfe3ef318dd6b847d33695,1403,0,0,ANO C4 MES C2
ERES2107.dbc,2022-08-04T15:38,39289,f1cd6682d95b367d7c19a591e9caab6b1c00565fe2ab3f6b30378f8eac629c7f,1870,0,0,ANO C4 MES C2
ERES2108.dbc,2022-09-06T11:16,28311,15e0305e23adc3facdadacbbd1c7c3415f202ef86b7e46a85067756b15e3f0be,1290,0,0,ANO C4 MES C2
ERES2109.dbc,2022-10-05T14:25,27351,7f03fd2d5da4e62bdb3456db4b13b3181bd3386099843d3a8636b234f57f8d3d,1230,0,0,ANO C4 MES C2
ERES2110.dbc,2022-11-03T17:54,32922,bbb39bb71b1ee2b1e128e30715dfd5ffcfcb57b1de10448031254bb577f8a19a,1502,0,0,ANO C4 MES C2
ERES2111.dbc,2022-12-06T16:21,34365,0c9b81d5399258069652b414526f44113e81ebc635570202129b0b4da0a265e2,1619,0,0,ANO C4 MES C2
ERES2112.dbc,2023-01-04T12:45,45798,f7040354de26883b08c4c4a3a01af5d82965c3850fee67e90d1727e49405d684,2257,0,0,ANO C4 MES C2
ERES2201.dbc,2023-02-06T13:00,32453,bdad875fe64d4eddf64b32a4cb83c6554f5a24d4a7276169319a26af8ce67a4d,1458,0,0,ANO C4 MES C2
ERES2202.dbc,2023-03-09T16:42,19699,7f44f9b82b50b8e95b4eb037cfd0616a844b039f8d3a3f0c25c0924e67c848e2,873,0,0,ANO C4 MES C2
ERES2203.dbc,2023-04-05T13:31,18361,e2d7573166c084a9cba1a8efc6998a977336ff9c6a52711174b61bfce9138c76,806,0,0,ANO C4 MES C2
ERES2204.dbc,2023-05-08T14:31,16872,42934cf8d0fb12569343024a6fcb3901715b6059d9c5e3ca7964f755a532304f,748,0,0,ANO C4 MES C2
ERES2205.dbc,2023-06-05T11:31,100258,f244a69bfbc47cc220d4d5f468d49038ed8dea3229eaa3b2a8eb259857b05205,5042,0,0,ANO C4 MES C2
ERES2206.dbc,2023-07-05T12:43,59180,d012a5e29518a664595758963c58867eec6a936846accf2aa44e738baf07e26d,2887,0,0,ANO C4 MES C2
ERES2207.dbc,2023-08-03T16:36,43927,262953944261151b1178b17866f1d4da447e2a417fe131ed87d5718c107ba84f,2018,0,0,ANO C4 MES C2
ERES2208.dbc,2023-09-04T21:02,23657,4d0a3cb33bbe67942b60d97331876475f10af5359dbf7f3e87f654df250abcb1,1062,0,0,ANO C4 MES C2
ERES2209.dbc,2023-10-04T17:02,21977,e8cb79b5258b6798f0e8891ec9408cec211d8a2e13c607973422abc8d48d4794,997,0,0,ANO C4 MES C2
ERES2210.dbc,2023-11-06T15:49,35767,aa91f95bafbf1664897e9d048a3d753bd280e0fc0254dea13275d548774bd1f8,1789,0,0,ANO C4 MES C2
ERES2211.dbc,2023-12-05T14:58,16611,74130cee629b1c4cee7178b8877dfd6ba594df83c91db7fc9331f2d935dc9a14,724,0,0,ANO C4 MES C2
ERES2212.dbc,2024-01-05T17:49,18732,5c6be241017eb37c6a597621279605f76c596c0e82c9a85cc53b0dac087b8f79,830,0,0,ANO C4 MES C2
ERES2301.dbc,2024-02-05T22:51,17543,96f16e779c2997e75aea62add6d8d10ce2303c3b44802524d62cdb3abc76dc29,774,0,0,ANO C4 MES C2
ERES2302.dbc,2024-03-07T18:40,25762,a6e33c1034a549d28f7ba0898e00123047cc45a926722417c70815da1cd53cdb,1218,0,0,ANO C4 MES C2
ERES2303.dbc,2024-04-09T14:24,23761,be3f00c8def15981db5bfb26c42a51696ceefd985f9f66ecae114d43c4ffd7d1,1125,0,0,ANO C4 MES C2
ERES2304.dbc,2024-06-16T01:07,16692,5221b7e8f8b726090a69146f269bd1e670107135393a9036874611c63f48a1ee,741,0,0,ANO C4 MES C2
ERES2305.dbc,2024-06-16T01:07,18816,4970f986dc0b6141b46ad31c84baac50325ef274158459ae7c26221c84ba77ed,884,0,0,ANO C4 MES C2
ERES2306.dbc,2024-08-05T14:44,20677,d32fbab66fa6fb1845d1bb435c1048f3cdb69c2102ea76046a7e1ed08311a376,941,0,0,ANO C4 MES C2
ERES2307.dbc,2024-08-05T14:44,18057,ecf98d34c5fb6905b1d88b93ca86789c00f40e30f56cf77e62f41973d3d2cd83,829,0,0,ANO C4 MES C2
ERES2308.dbc,2024-09-05T10:27,29806,5fbf15ba60189728ed2ee5a868981c1b5f7e21a0d714cd082f58f6ae52beade7,1424,0,0,ANO C4 MES C2
ERES2309.dbc,2024-10-08T12:05,39532,ac0d40463893ba58c2076d3625faae0fc4672bebfbf795ddd92f219c4d07cdd9,1994,0,0,ANO C4 MES C2
ERES2310.dbc,2024-11-07T15:41,20154,de0ff6378db185930be02f23db9387576e9c391bbad5ec22381a577c6583172a,896,0,0,ANO C4 MES C2
ERES2311.dbc,2025-01-05T18:55,20962,8bd30a0b5877445e5f869e10f0ac9712c33797cdd7099a887ff2d13b095302a9,942,0,0,ANO C4 MES C2
ERES2312.dbc,2025-01-05T18:55,23248,7188fed41941611c350d079c7df1b780df09e4505dce864113b80559f8b9107b,1070,0,0,ANO C4 MES C2
ERES2401.dbc,2025-02-09T21:24,19496,b2d8eb1bcf8bfa52f5609f845e070f8c593055f249aa6ab33b3047beb46965a2,923,0,0,ANO C4 MES C2
ERES2402.dbc,2025-03-11T23:45,17289,72e7500e16d559d4f8c1a8d6f96f1d7bed2f62d770cb2dd95237b85d90b9d189,812,0,0,ANO C4 MES C2
ERES2403.dbc,2025-04-05T12:13,14922,99756b6ed1ff14cd23ee5047a4e2c2275e4ab8e6d76d3f2b877437d30f6b3d78,680,0,0,ANO C4 MES C2
ERES2404.dbc,2025-05-08T08:06,20937,b7c6cb6011d3d2d3fe6cb612c9366fbea86bf5833915fda70c51324ecf6ddf76,979,0,0,ANO C4 MES C2
ERES2405.dbc,2025-06-06T10:44,20640,9a926f8029640a69bed6d70a9038a724f874c585841508c6b5095ab29ddd38c6,943,0,0,ANO C4 MES C2
ERES2406.dbc,2025-07-06T11:29,20807,dba2246027f1ef6317700158a661e97985a2ec8c51a9d3002fb7dd06b3759541,938,0,0,ANO C4 MES C2
ERES2407.dbc,2025-08-04T07:13,26696,9be75f7bcc993447d8dcf91eeb4a52c72d42bcdd2d8ae52e94dc2f7de01ee71d,1221,0,0,ANO C4 MES C2
ERES2408.dbc,2025-09-05T12:54,20717,c0738a2be73eb5fa8adeb4f70217b0c34cfdb3626216e5802a31fa25d36b27cb,929,0,0,ANO C4 MES C2
ERES2409.dbc,2025-10-06T17:05,25078,44602cedda53c53b987b86964b8f5beb3de0bd1342c5ad21dc8959067962bf1b,1228,0,0,ANO C4 MES C2
ERES2410.dbc,2025-11-06T16:21,29652,5fb51263afdea596cdc2205d5b082b08ed00d6fb9e4d855910abdbc59d0c070f,1416,0,0,ANO C4 MES C2
ERES2411.dbc,2025-12-05T20:17,23374,fee50bf1f010bf21b84f777e3c6d1e03812bd382e8aab5142ccc9d97fa83468d,1106,0,0,ANO C4 MES C2
ERES2412.dbc,2026-01-07T19:03,20835,ebaa83e83b7ee79208c633aac52a45c58773fe0e1500ec47c8938917da00e37e,934,0,0,ANO C4 MES C2
ERES2501.dbc,2026-02-08T14:13,35158,4c7f8fa397b5b7fd966cbca5595e36f5b6b9f9dfe4b3fa86b858a6801b7d95ba,1751,0,0,ANO C4 MES C2
ERES2502.dbc,2026-03-06T22:13,25998,50188ffdc0d54a39834b93d770b9e7bd3747eee4a2b6c1a29c69a1353c2dd6a8,1256,0,0,ANO C4 MES C2
ERES2503.dbc,2026-04-07T07:24,25969,b6eaa2bf5599ad26a9e2da0ff5aaf898dd7e022f96a5516c598ed09c53620a44,1220,0,0,ANO C4 MES C2
ERES2504.dbc,2026-05-06T19:00,18325,06af6e3af92557dd161963b91054ea70745e430ec248861a582dff511ee8ef62,861,0,0,ANO C4 MES C2
ERES2505.dbc,2026-06-06T20:15,28180,41326b4d1b67e44347a010e2c3b801eb41648210ae85b60261b2eee9d79f514b,1368,0,0,ANO C4 MES C2
ERES2506.dbc,2026-07-06T15:10,32399,f0d6481234af2d64a26170cd59b020978e76f1b66f38c4e5f16353ed545a465f,1580,0,0,ANO C4 MES C2
ERES2507.dbc,2026-08-07T12:25,26832,639a9c1ca7e60d645d5734aa33f831beabe227e183345771791960916ff219e2,1219,0,0,ANO C4 MES C2
ERES2508.dbc,2026-09-06T21:27,25534,c895fb88f9d3dda85987d5fd57a65aa723c3cfb45880d66992bc05ba1358340c,1223,0,0,ANO C4 MES C2
ERES2509.dbc,2026-09-06T21:27,23275,d949dea2171b9683dd90e74a314028dbf67fda338a174cb1196e0321cc23678d,1128,0,0,ANO C4 MES C2
ERES2510.dbc,2026-09-06T21:27,43590,215a5e1c0b9755b7553bc4fdf90deb34a391ba4df5030abe66a245f1bc5f52ab,2085,0,0,ANO C4 MES C2
ERES2511.dbc,2026-09-06T21:27,22956,eb5fda41c2e3204ea81d9b7632fd3ecb90fc802733c5833394c3400e7ec537bf,1071,0,0,ANO C4 MES C2
ERES2512.dbc,2026-09-06T21:27,23407,0f88e7ba1e6b93bbcdadd43ae879797b1bcf602c1edeefdb98de2c8981fd75ea,1097,0,0,ANO C4 MES C2
ERES2601.dbc,2026-09-06T21:27,18956,43239580f33092532d925e731e8e9817a548e65d0fd160d76ef0b999a164800b,846,0,0,ANO C4 MES C2
ERES2602.dbc,2026-09-06T21:27,17083,33079a57a36986df34eafd0f41bf41037def8fbd6a4e2cbc014787adca211841,747,0,0,ANO C4 MES C2
ERES2603.dbc,2026-09-06T21:27,21839,b82a8f9bc10f2287928447396500bb10efb7b9328913b87eb11faa3513c3b177,993,0,0,ANO C4 MES C2
ERES2604.dbc,2026-09-06T21:27,23848,24d58f462d18ff3677b615284c28d9c1132e908885ff27cfea4f1622b3bff056,1130,0,0,ANO C4 MES C2
ERES2605.dbc,2026-09-06T21:27,19970,55d14aaf5fd028912dbfd0fe82954255d6cf793e62d576d7b4c83e7bb258bc3f,909,0,0,ANO C4 MES C2
ERES2606.dbc,2026-09-06T21:27,20051,a6a92d58cf06a8fed405504278c6764fce081785fd859afbfb10ad3520c791b9,919,0,0,ANO C4 MES C2
ERES2607.dbc,2026-09-06T21:27,19507,b97fa0551102be83287bb2ab19f69f5ea414c5ef603a570d3db33b2b2f847604,888,0,0,ANO C4 MES C2
ERGO1101.dbc,2013-11-01T11:28,35495,cfa4814d6b4b299a9a8a9349d10eaae4cb199b5ef5c4cb6b26008e3f33f747cb,1513,0,0,ANO C4 MES C2
ERGO1102.dbc,2013-11-01T11:28,33601,d3bfb27840d479ee0a8da3106d6a2b344c37840b99b63c6da7833f7b18451a37,1440,0,0,ANO C4 MES C2
ERGO1103.dbc,2013-11-01T11:28,35759,12201e7fd4831ac7e366fa1ef4680327aabe2a9270ac2042285637e1499f365e,1567,0,0,ANO C4 MES C2
ERGO1104.dbc,2013-11-01T11:28,34038,bcb8367e15e66d2b1537d7af57585afd4ad2346c472a353f82a1ad9c0918a407,1499,0,0,ANO C4 MES C2
ERGO1105.dbc,2013-11-01T11:28,45579,bc8503c7e19d13e3d54672e3f309088e7183802d339eaafb5f5f544f68c680e8,2032,0,0,ANO C4 MES C2
ERGO1106.dbc,2013-11-01T11:28,61053,6f70289dcf9e84fb07279f534dde7e610ea2d640eb7db1500fc3425fbe9e70a1,3012,0,0,ANO C4 MES C2
ERGO1107.dbc,2013-11-01T11:28,53471,1f3af7a0214402ae9c916aee6d30b924e7e6d2c32d95f433de9bdb29b7a5c14e,2577,0,0,ANO C4 MES C2
ERGO1108.dbc,2013-11-01T11:28,69460,258c188900eb375aae3ac7a1d697a4d6aeeefa7f5ca1d003e0fd95531521ce5f,3445,0,0,ANO C4 MES C2
ERGO1109.dbc,2013-11-01T11:28,45461,7e0e141793f8ad04c292ee71b80b7cd436bfcefdb4b7e8acfd82b04951fbed9e,2121,0,0,ANO C4 MES C2
ERGO1110.dbc,2013-11-01T11:28,44774,fa69ab643470f7488a7c5f489ecc5ada71643403db75f2f0c15eea823a06af24,2049,0,0,ANO C4 MES C2
ERGO1111.dbc,2013-11-01T11:28,64474,81d98642e962b538e41570f3a19f9e72b7cef0508afd51251ac8fd601a23c0f7,3289,0,0,ANO C4 MES C2
ERGO1112.dbc,2013-11-01T11:28,53984,5167607372c3af1c7df74d7c938aa3b79ad9a64547e675a37aa890c9569b5e2e,2739,0,0,ANO C4 MES C2
ERGO1201.dbc,2013-11-01T11:28,49315,95c9a24845b749786a08e57ef16ae861d243f98545ea02faf28a7886815c1dff,2280,0,0,ANO C4 MES C2
ERGO1202.dbc,2013-11-01T11:28,41598,126c826348effcf3eadbe3001b4ba945748c0d50dc2269e70f55b45db3af632b,1923,0,0,ANO C4 MES C2
ERGO1203.dbc,2013-11-01T11:28,61221,6d30a1a2134fdbee9b6e1b6d55a22036b48db08f76dbc99dc10f63af838c4d8f,2956,0,0,ANO C4 MES C2
ERGO1204.dbc,2013-11-01T11:28,55103,6c05e04eab50c4ba7a3d3342f232f4e0767108c85c7520f76bcae8e94a271b64,2603,0,0,ANO C4 MES C2
ERGO1205.dbc,2013-11-01T11:28,53880,113c5c91fa8d8d7b47937277b21ea7cd002c6c10a20988bb424a13ac176ab90f,2611,0,0,ANO C4 MES C2
ERGO1206.dbc,2013-11-01T11:28,48182,8850020ba32729aa9ed35e17126f018c327b8726ade2058e37026a8b4604d9da,2259,0,0,ANO C4 MES C2
ERGO1207.dbc,2013-11-01T11:28,48050,7fd348588c03c1affcaa8fcefc8d437a702ff5429d54c73481708349e0d01ab3,2159,0,0,ANO C4 MES C2
ERGO1208.dbc,2013-11-01T11:28,65385,85afb145d11d69c7cd64fdccf8dc872b3cb4ae73b57e2051936411aa0f917283,3141,0,0,ANO C4 MES C2
ERGO1209.dbc,2013-11-01T11:28,50363,d585d992c7b1e415efdcddd10f65439b169c2301c5d8804b35bfb4eb1dc05395,2305,0,0,ANO C4 MES C2
ERGO1210.dbc,2013-11-01T11:28,66723,6b0541849c0a3fd1e26d37e85c0eb5802cc1b3c8a488e0443fcfc878b1876103,3140,0,0,ANO C4 MES C2
ERGO1211.dbc,2013-11-01T11:28,59159,9dec1578ff5e0af7f46684a0d1b1e09cabfa1f887370ddd18b267169d35bb592,2794,0,0,ANO C4 MES C2
ERGO1212.dbc,2013-11-01T11:28,42527,2903276635f659bcd388af1ab49545c02b847a100beb3ae1b488f6ac840364c8,1940,0,0,ANO C4 MES C2
ERGO1301.dbc,2014-09-25T11:18,59480,0bec063a20e68a3afe0ff0b3c2c4c3f5471b4c9a813ada0e9252a93933be2981,2769,0,0,ANO C4 MES C2
ERGO1302.dbc,2014-09-25T11:18,57577,62c00ba8274544738bb3f70f2279de221f087ca9133f5ce6c7cbf610123af099,2655,0,0,ANO C4 MES C2
ERGO1303.dbc,2014-09-25T11:18,69770,6443b9e421281883ea3fd0d82b33d36e4e4403a2c7c4078d3b0e66abdbacac48,3350,0,0,ANO C4 MES C2
ERGO1304.dbc,2014-09-25T11:18,63047,b4e7db273af1171cacc4437185564f4e6637b3039f66e7186b764c85dd008914,2937,0,0,ANO C4 MES C2
ERGO1305.dbc,2014-09-25T11:18,44469,6139192778f2a84e13bfe6a9e0461de9311d93fb15351805d998ea5a51740bab,2059,0,0,ANO C4 MES C2
ERGO1306.dbc,2014-09-25T11:18,43423,9a1ed684dff75def87f7189035df9f0b563dda7a5811846edee309859a3eb92e,1894,0,0,ANO C4 MES C2
ERGO1307.dbc,2014-09-25T11:18,42968,6172e2c994b1d75f64643fa41bd3fba951a7226294f1f3ed3ae0c96cf70742bc,1889,0,0,ANO C4 MES C2
ERGO1308.dbc,2014-09-25T11:18,51538,9bb7349402b20c85746ca4463ac4cbe42e529404bef074ac31a1851c693d15f1,2393,0,0,ANO C4 MES C2
ERGO1309.dbc,2014-09-25T11:18,53154,db1d0d8e5718939c379836b5c28879216a20e075e538b255a4b09459dcf34228,2453,0,0,ANO C4 MES C2
ERGO1310.dbc,2014-09-25T11:18,55137,2a7d8ee94ec4cb4f8732336bdca21f516aedf913425a0a5823b1ea68691fa68d,2592,0,0,ANO C4 MES C2
ERGO1311.dbc,2014-09-25T11:18,48837,01f1ebcc89e4bd229b80971020435ce6ce070a544d5e698e3909c2711b6fdc8f,2221,0,0,ANO C4 MES C2
ERGO1312.dbc,2014-09-25T11:18,44053,6792a03e3dba282a225a40c64aef40d9a3c25b125bc396db90891022c80751c3,1976,0,0,ANO C4 MES C2
ERGO1401.dbc,2015-10-05T11:58,44855,058f9438227912497ca1fb154d31919d413ea7e16c61b961610735630275b66d,2008,0,0,ANO C4 MES C2
ERGO1402.dbc,2015-10-05T11:58,43212,314174aace9355f83ad77275e95a591b2f4b17758b7589ca7c2a335b472e76e6,1910,0,0,ANO C4 MES C2
ERGO1403.dbc,2015-10-05T11:58,45854,86af46ff85d1832c8e1a681b18f13d22221d71cc67f06a2bef43cbf526d688c2,2072,0,0,ANO C4 MES C2
ERGO1404.dbc,2015-10-05T11:58,45255,7ec56167850c8c53afaaae1de6c707d0eaa29194ea230c56d4c78ab0a1f366fd,2037,0,0,ANO C4 MES C2
ERGO1405.dbc,2015-10-05T11:58,46587,8326bfd22fc83d13da398f38ae0eef66c760cdf947d4c82da7a2163ac5b8a025,2091,0,0,ANO C4 MES C2
ERGO1406.dbc,2015-10-05T11:58,49642,d73e797b477e5accc2dba5b02823c6c9f1d627334437974bdc6e112d9746c8a8,2279,0,0,ANO C4 MES C2
ERGO1407.dbc,2015-10-05T11:58,47565,d1e10f134be0f6b2440934f2c2cb49a354a3d8e6e8faf1f78fe8a5cde1487eba,2141,0,0,ANO C4 MES C2
ERGO1408.dbc,2015-10-05T11:58,44612,149b3975e4d65632fe0286aabec86883bb372bbe2d4e7d532ca01abe5f649e22,1988,0,0,ANO C4 MES C2
ERGO1409.dbc,2015-11-09T10:30,36438,88fd17d4f906700ea55a90ad6aab30d9256e16929ea235fe0e2980db9eb005e9,1550,0,0,ANO C4 MES C2
ERGO1410.dbc,2015-12-07T08:58,35071,9311d22474d2abe1233698dc487d4ddb8167242494cd67350cc8c98f2495db97,1533,0,0,ANO C4 MES C2
ERGO1411.dbc,2016-01-07T10:01,36009,20558fd88a43953040d7920bf9152c43ddb7b88677c420ba05ec1ecb7cc6fa14,1599,0,0,ANO C4 MES C2
ERGO1412.dbc,2016-02-05T09:10,41920,99a3f71ca5fcdce7351d1a111a8daeac04f573639c50b68beb1869e041aa6b53,1865,0,0,ANO C4 MES C2
ERGO1501.dbc,2016-10-04T10:22,38480,1c74454bdfaf76e14d9ff20323c0ffd4e7bef1c441f3423c3a57ead0b3c619af,1705,0,0,ANO C4 MES C2
ERGO1502.dbc,2016-10-04T10:22,44389,9cef4e0e85e269a3584d165da75450f0083444fbb4628a81385c458faf4454da,2019,0,0,ANO C4 MES C2
ERGO1503.dbc,2016-10-04T10:22,41526,ece625259de816583facd1effd7755fa28809f714a984d049807fa9ed10bb9ef,1882,0,0,ANO C4 MES C2
ERGO1504.dbc,2016-10-04T10:22,39777,6b3903722a66cf66c2e824e3f12fd9ab39524f577eaf369404ab8ff39adeb540,1834,0,0,ANO C4 MES C2
ERGO1505.dbc,2016-10-04T10:22,34887,796d438518a6af9a71c168fc8d688a2f400d6bc4345853393bf37352d8ca3276,1549,0,0,ANO C4 MES C2
ERGO1506.dbc,2016-10-04T10:22,38383,f656060200ed9ca543c9f5fa0ad653456de7435746873ce9f81f1fadf78f1d03,1674,0,0,ANO C4 MES C2
ERGO1507.dbc,2016-10-04T10:22,44113,24b5eb0a3d3e9dc9e95bb0faf67eda569835382dd6ce13d88ffca07e2fb8b8bb,1954,0,0,ANO C4 MES C2
ERGO1508.dbc,2016-10-04T10:22,45349,762d814e1ed166ccf282e0f39b32cbfa47c6ac4b41e0cf4aed6b505a358e88e3,2039,0,0,ANO C4 MES C2
ERGO1509.dbc,2016-10-04T10:22,51190,22bc59773bab5a26a4acb0bfc46db80aa3f4ef10c54c38bcf94b850fc241dfdc,2352,0,0,ANO C4 MES C2
ERGO1510.dbc,2016-10-04T10:22,41755,3d7f2e5fb92e3a547fb6cdcc10b9a59af2d6c24acced5a6e087d3c267e4d3dc5,1856,0,0,ANO C4 MES C2
ERGO1511.dbc,2016-10-04T10:22,48026,cd522cc36fe901a56fa7f8b4348a49e6252d5b753a7eff53334dfecc44b69983,2115,0,0,ANO C4 MES C2
ERGO1512.dbc,2016-10-04T10:22,45205,4aad0b09a8ca4e96713f32596c25980950aefec844e726151de760e9725b81bb,2041,0,0,ANO C4 MES C2
ERGO1601.dbc,2017-04-10T10:09,46832,d1cf23badc6cf259677ac68e9256c8d424548da04716964a6ce656ea703ea97e,2096,0,0,ANO C4 MES C2
ERGO1602.dbc,2017-04-10T10:09,42403,6c36a8f0a5e3bd71a782c346ebbd98121892b1955645472f680f831295728b7f,1826,0,0,ANO C4 MES C2
ERGO1603.dbc,2017-05-05T14:39,48212,30507e556f0813f7d76e58dd207395ee609b75174693239103a14d14135e5da8,2180,0,0,ANO C4 MES C2
ERGO1604.dbc,2017-06-05T10:00,47891,53695328be73d42785d995766877555a2d20afb9bd5009782e9bf836bdf86163,2171,0,0,ANO C4 MES C2
ERGO1605.dbc,2018-01-08T15:27,49637,65e10f22a6fc4bdefb1ccc0ba1e956f13232f9efccb1f6eb77f83f6209c21c2c,2239,0,0,ANO C4 MES C2
ERGO1606.dbc,2018-01-08T15:27,44749,c609c91ddb38a49ec59046f3430db457fdce72b12b1b714cc53ec86a6e323397,2054,0,0,ANO C4 MES C2
ERGO1607.dbc,2018-01-08T15:27,46566,867b908bf24d1b2181467ac1040a463dabf1ccfcd5a0abab8abe6ec4bb821124,2110,0,0,ANO C4 MES C2
ERGO1608.dbc,2018-01-08T15:27,49685,3111876437eba5e183287c39c4b33ca0f8be1abf1f730f71465aec72aaea9b74,2266,0,0,ANO C4 MES C2
ERGO1609.dbc,2018-01-08T15:27,48850,62b2d2e7811f026b0df46120349cd9ba67eeeec30d21e90069da655e1d3066ab,2217,0,0,ANO C4 MES C2
ERGO1610.dbc,2018-01-08T15:27,45840,1780fb49dd32523bf9f678f042de1b2b1ebb243bb79e0f090f29807528de1f3b,2163,0,0,ANO C4 MES C2
ERGO1611.dbc,2018-01-08T15:27,52884,b5f2d68e7e9ae6c722304ab2fe100abffb25ce259bd54dd8ca50b19d5692deb4,2474,0,0,ANO C4 MES C2
ERGO1612.dbc,2018-02-05T09:38,51559,7124fa40a54b2ff38a26e294383de20c55d4cffe502dba4c7190dfc5b60c89c9,2416,0,0,ANO C4 MES C2
ERGO1701.dbc,2019-04-10T16:27,43478,3bdb45921aac2fecd27b24a1467c93d8ff62407078543ba21cac90cd11a6698d,1984,0,0,ANO C4 MES C2
ERGO1702.dbc,2019-04-10T16:27,44993,754bbfb676f3dfa707da0eb1008d06dfff6d34ac4d98925de422deae371852d8,2053,0,0,ANO C4 MES C2
ERGO1703.dbc,2019-04-10T16:27,58358,b5dea8b1fb72c31ddcfc0aa6f82618227da11a024914a35ffd38178f333fd904,2695,0,0,ANO C4 MES C2
ERGO1704.dbc,2019-04-10T16:27,50009,ea5e4aab182585a2c40a2c8b8e07eb2504637ffa64f8b9b69aba6a3b183d222b,2313,0,0,ANO C4 MES C2
ERGO1705.dbc,2019-04-10T16:27,54383,5e7c92a659fcbbbeca9d800b20c187edd378070cdcf383883adea1cc95cb8651,2553,0,0,ANO C4 MES C2
ERGO1706.dbc,2019-04-10T16:27,54868,c45eb0b73da5e2427fc8061479111af01836d0a31019e39377d16a675239bc8a,2568,0,0,ANO C4 MES C2
ERGO1707.dbc,2019-04-10T16:27,55645,501a06763b21ebf35debad1a4e1e2de52fbf890ed35b191e1bbabdff3489bdcf,2651,0,0,ANO C4 MES C2
ERGO1708.dbc,2019-04-10T16:27,61319,dca6dee36a52c6e7b93cf86eb6bef75d08438dad993bfda5a365c08d25591d7a,2877,0,0,ANO C4 MES C2
ERGO1709.dbc,2019-04-10T16:27,51707,08b6e25ec9ce1eabe1c257549cc902a071115945c82e0ccc7ef85245d3a01785,2367,0,0,ANO C4 MES C2
ERGO1710.dbc,2019-04-10T16:27,56850,0a20003cf2be4d792c69477b6aac01a6699485aa9f3add7dff3cfce87e55fbc4,2635,0,0,ANO C4 MES C2
ERGO1711.dbc,2019-04-10T16:27,53585,4195f951bbbd3ee8fd049833a8ed607aac8116819ba1ce223e42c10323377935,2466,0,0,ANO C4 MES C2
ERGO1712.dbc,2019-07-08T14:45,54352,17a9c58606cfc3debd85950b95ebc5f96db6c117e05f9631fddb1dba59fdfd46,2510,0,0,ANO C4 MES C2
ERGO1801.dbc,2019-08-05T14:40,53475,a70fb344ec0463109bd0679565fd0211041efaa182271a7eb515124cbd5a1626,2468,0,0,ANO C4 MES C2
ERGO1802.dbc,2019-08-05T14:40,57791,4363ea704c56f127a74d142326505dfd848262e8ea397a37336fe8fdde4cf2bb,2680,0,0,ANO C4 MES C2
ERGO1803.dbc,2019-08-05T14:40,54264,992aa58ef945f89125c9110873dde861efee30390e74c59a96c2123e8f217f82,2486,0,0,ANO C4 MES C2
ERGO1804.dbc,2019-08-05T14:40,63853,393b0b73aa1b5891e9d06ac8ff0146db2a357d1add9d004ab1179a3292cdec17,3015,0,0,ANO C4 MES C2
ERGO1805.dbc,2019-08-05T14:40,43185,dc17058fd7f2369d5516f4ff0899969742f831bb8ea2a9533d4507937dd0daa5,1964,0,0,ANO C4 MES C2
ERGO1806.dbc,2020-01-09T16:49,55768,754d427fcd4321ec83d737865ed6f54a05e696fa83645f045e546380ff7bbfc9,2584,0,0,ANO C4 MES C2
ERGO1807.dbc,2020-01-09T16:49,42472,71195d36b54b029b00838f0bfa643012b76156303330019686143987eba2af21,1952,0,0,ANO C4 MES C2
ERGO1808.dbc,2020-01-09T16:49,52689,d520e6f0e4550f88dda6fb0e94db6e55732df046a21fd4324a131f649951591c,2426,0,0,ANO C4 MES C2
ERGO1809.dbc,2020-01-09T16:49,49973,e8d4801e694a0edbb21beefe04234240a2978f6ffc9783b0f9f5865e0ab574b2,2318,0,0,ANO C4 MES C2
ERGO1810.dbc,2020-01-09T16:49,54855,6e3cd582ce1ae1109e459feb825d8203e9c37e9e07fe7ae65b6518b665e585bf,2561,0,0,ANO C4 MES C2
ERGO1811.dbc,2020-01-09T16:49,54236,00bb779a7ab4cac1a5e9400d0f013f7aacb501bde2caa3ed7bc3582296b5b97c,2484,0,0,ANO C4 MES C2
ERGO1812.dbc,2020-02-07T15:02,53367,e8576ee0df4c3f5a3f00a4717ea8c5acd5b874a0fae125c3ad53b5eea47db755,2443,0,0,ANO C4 MES C2
ERGO1901.dbc,2020-03-10T14:43,52384,fd28b5bd54197aab392878c1cc8967cad274d82af8abcfb09bea85671d6907b2,2338,0,0,ANO C4 MES C2
ERGO1902.dbc,2020-04-05T14:39,49781,4b44a55f37274d1609f67eca3657258d17360bc72902dfbc4422b6fce9104e9c,2234,0,0,ANO C4 MES C2
ERGO1903.dbc,2020-06-04T13:54,52858,9c0d5c2d6f8d1e072b3f04727a033fb1e738f3c56636a27a8de013e83343f3b0,2427,0,0,ANO C4 MES C2
ERGO1904.dbc,2020-06-04T13:54,51484,88306c572c8146185b22642c6660e3785cfc44d9812a757e28836684159cee1a,2340,0,0,ANO C4 MES C2
ERGO1905.dbc,2020-07-04T11:39,59737,7cca1dc780a551af03ccbdb0167cc274b54630c64044c6a82092b9812f2cf306,2727,0,0,ANO C4 MES C2
ERGO1906.dbc,2020-08-04T10:41,62598,bd5a6bc3589ae9a843f8fe4f199d6271138aea2e5f27d2e50c45602712300964,2931,0,0,ANO C4 MES C2
ERGO1907.dbc,2020-10-06T08:42,54507,ad6d82781bc59b400d776186324b7326d7843a7ace38557d73555bc455d69395,2536,0,0,ANO C4 MES C2
ERGO1908.dbc,2020-10-06T08:42,58021,36c1d29c522382deec71da6fc45ba4d641922588b56f1c30654f49df451a1993,2677,0,0,ANO C4 MES C2
ERGO1909.dbc,2020-11-18T10:38,55140,5a779ba96c458488301275c9945b8eea72d5fe01636bca08f6c8f72e9ba90b80,2521,0,0,ANO C4 MES C2
ERGO1910.dbc,2020-12-07T11:23,59339,c322c15538786c13a7fed3c5e941e8e7d209f12967292b828d6db3531887bd56,2733,0,0,ANO C4 MES C2
ERGO1911.dbc,2021-01-14T08:10,50184,c5db150b026499969e56a544c573be0d0952e674d7649d9bdfb4ed906e644397,2317,0,0,ANO C4 MES C2
ERGO1912.dbc,2021-02-05T10:26,45104,9d87bd621d894801502227763626d81a6959884608ee3f35f747fd0c95594af8,2102,0,0,ANO C4 MES C2
ERGO2001.dbc,2021-04-05T13:24,51613,ee1553f6b0acffdae0495f4f950a2b57fb8f7f7dd7a75ce3931a4c8accca36ad,2401,0,0,ANO C4 MES C2
ERGO2002.dbc,2021-05-07T16:35,54225,66710dc22a7d808aaa7422f53199653575c77160050db83483ee334c9ea6e193,2550,0,0,ANO C4 MES C2
ERGO2003.dbc,2021-05-07T16:35,61369,9b5be93212c393291243fd46cbc094da95cf79e2c8895dcbc67a3e5d9331ee11,2912,0,0,ANO C4 MES C2
ERGO2004.dbc,2022-01-10T14:22,57863,06153d4df2eb9addd4387b462382fd0893a5398ef3d01a052ad5f32d9522dfde,2708,0,0,ANO C4 MES C2
ERGO2005.dbc,2022-01-10T14:22,53245,7781219f368fa77d603b95b461a36e094fcaa27d8294271ce64999d7c4d0feb8,2462,0,0,ANO C4 MES C2
ERGO2006.dbc,2022-01-10T14:22,46712,98279b536ebcbed234a5a5f468a2c625ae0032b6ae213377ee3a9185ca88d193,2175,0,0,ANO C4 MES C2
ERGO2007.dbc,2022-01-10T14:22,69398,83a9f886dbfcb67bb2243a54a3ecead24367328f4e8a39d82853e4ce4c8dc6c2,3251,0,0,ANO C4 MES C2
ERGO2008.dbc,2022-02-07T10:04,45284,63a8ecdd16fd5cafc7162eee9d12b9ebfcf06a798b2311b516b4283371a533e1,2092,0,0,ANO C4 MES C2
ERGO2009.dbc,2022-02-07T10:04,82546,ccb2e6f93a30e2ba60a4d91c19404f6b4b74a84c35174d80e582c69e14c73faf,3957,0,0,ANO C4 MES C2
ERGO2010.dbc,2022-02-07T10:04,59901,3e26c4e2901b3c8119007ed8f80ac8bc16eefc367ba0198ed2d848b747eb7208,2771,0,0,ANO C4 MES C2
ERGO2011.dbc,2022-02-07T10:04,69352,973bd141d184e4e438db1e2a33c0b7f2337e397727401087ae5fe1d153a27d6f,3309,0,0,ANO C4 MES C2
ERGO2012.dbc,2022-03-07T13:12,60755,c1b64197581f9048df33558532259b6465f5e2082a925bdd3f5abe147d06a3fd,2788,0,0,ANO C4 MES C2
ERGO2101.dbc,2022-03-07T13:12,53295,191109d9db8a44ac57d0cc8c327834e0a42df3a37fd217f0e07072034b631d69,2416,0,0,ANO C4 MES C2
ERGO2102.dbc,2022-04-11T19:22,65973,fc23c856cb8a9d258a43277d2b38bc9f4ee36e7acfba6513a286905381755fda,3047,0,0,ANO C4 MES C2
ERGO2103.dbc,2022-05-04T12:32,60575,0b032fd2a998ed3b0db78f8dc877796069715fe500386c67eae04081f1d45853,2795,0,0,ANO C4 MES C2
ERGO2104.dbc,2022-05-04T12:32,63333,2795f6e7c6e19c611b0e011e9e7252c8ec0d30923c7565042d2d851356b83753,2903,0,0,ANO C4 MES C2
ERGO2105.dbc,2022-06-03T13:03,55813,fc86604bf966ab4d0d5c3b8419751742e0fa9f499d7bea2768783947fead2ae9,2553,0,0,ANO C4 MES C2
ERGO2106.dbc,2022-07-06T13:10,63865,c4cb64608664f0cd49ed135cde3ad2d1d26f9cbc3659dba6151ede99d562c4c0,2974,0,0,ANO C4 MES C2
ERGO2107.dbc,2022-08-04T15:38,60684,4aab92683541a3b9edf62bb4d2dc9ed9f2b31ba0ea7f589207e27796a3af3ff0,2791,0,0,ANO C4 MES C2
ERGO2108.dbc,2022-09-06T11:16,62393,10dc0c017d20d799b146cbb391be3eeb0a164ac37c3bbf09c6ac4bc27ff0760b,2907,0,0,ANO C4 MES C2
ERGO2109.dbc,2022-10-05T14:25,63601,61fb32f0b5fd34ee64c2262c0d7261e40617ac6675d515645b04a764a9eb8657,3008,0,0,ANO C4 MES C2
ERGO2110.dbc,2022-11-03T17:54,81374,5e0e34d668ad123f2f83888b0f4c1d17136e7dec37807dcc08a5109367f7597c,3969,0,0,ANO C4 MES C2
ERGO2111.dbc,2022-12-06T16:21,140461,25b55529c3eebd26240a535fc25e5d70ea86ce4af8583cc47da70b7293d9c50c,7175,0,0,ANO C4 MES C2
ERGO2112.dbc,2023-01-04T12:45,89447,383ce20f2a7549f90ed15b4e939a5148b81eb19ddf54f849dc51232ec9955fbf,4329,0,0,ANO C4 MES C2
ERGO2201.dbc,2023-02-06T13:00,64207,aafcd77d429d3bb05350b0715fd3b83929f86730ee82e09ddc1d8fdcf984ea82,3030,0,0,ANO C4 MES C2
ERGO2202.dbc,2023-03-09T16:42,66757,2afbf3678789ff205168ee01d4c4fc940b9c572649e67f463842edcb158e0fbc,3095,0,0,ANO C4 MES C2
ERGO2203.dbc,2023-04-05T13:31,55966,865bbcb0ff0d060723f06d58eacc4a99fae86fae5709696ccf8a88b2906c1b7d,2557,0,0,ANO C4 MES C2
ERGO2204.dbc,2023-05-08T14:31,48077,7449e79c7d164dd2aef804a7cb51ed56ae8cad68be237d5b1c07b1e723f13b74,2141,0,0,ANO C4 MES C2
ERGO2205.dbc,2023-06-05T11:31,87054,675efa47c34fe4056deccc136e742fb29b30ab936dcf31facf0c3c533ffc10be,4067,0,0,ANO C4 MES C2
ERGO2206.dbc,2023-07-05T12:43,94087,55ccacd2cefb4a46e657ca365b102a40c1597f49e827c37ced61609749685c8c,4467,0,0,ANO C4 MES C2
ERGO2207.dbc,2023-08-03T16:36,53130,d99df062b45a214db85abd50b86df3d41a865a85cd33b23ec51ec942ef46ab95,2355,0,0,ANO C4 MES C2
ERGO2208.dbc,2023-09-04T21:02,67670,c1861ba991ffc5d0f6482e5672107b19ce10e654ad51b9fddf9859ccf91fb2b1,3059,0,0,ANO C4 MES C2
ERGO2209.dbc,2023-10-04T17:02,52322,74fa3fe23dfabf589a50e2232fc2c8ddfd4118888202dc8da4b32047365156f3,2353,0,0,ANO C4 MES C2
ERGO2210.dbc,2023-11-06T15:49,48548,306b7e024a1c81dd235b445234f2678d8d0fdd48de8c0ce4131eab9e0655cfcb,2085,0,0,ANO C4 MES C2
ERGO2211.dbc,2023-12-05T14:58,40841,43f95cb8ff595646a47d06000a6f0d18d82a962d87fd4930e8c6303a4620d5c0,1801,0,0,ANO C4 MES C2
ERGO2212.dbc,2024-01-05T17:49,37533,ff429937acc782365a74f179327a08407c6b60b5765b24a33d8c5d50f983d173,1616,0,0,ANO C4 MES C2
ERGO2301.dbc,2024-02-05T22:51,37807,761cfe3f1c39f6aaab6103df98391c25e704efad60077ac3e866b436e736dc37,1631,0,0,ANO C4 MES C2
ERGO2302.dbc,2024-03-07T18:40,39235,50d4ea0f5090a2df2875d5d86d5cfd93211148b6bfac9495812bd8d20621e345,1739,0,0,ANO C4 MES C2
ERGO2303.dbc,2024-04-09T14:24,50270,41d78c21fd4c549252e9fb759c7106142a0e9784307dc519e96e638adad19f78,2285,0,0,ANO C4 MES C2
ERGO2304.dbc,2024-06-16T01:07,42828,123f130eb4407b03d510a8555db48800618729be8b6db0facf5c10bd52af40d2,1884,0,0,ANO C4 MES C2
ERGO2305.dbc,2024-06-16T01:07,40983,7179d18586e3e582bebe84bc62a59d2eb15df2d9ece005c0424af54d33e2187b,1809,0,0,ANO C4 MES C2
ERGO2306.dbc,2024-08-05T14:43,46715,30826387e4acc6136376fbb9f688f0575889dd5a89004e00ca4d60c22e11914d,2145,0,0,ANO C4 MES C2
ERGO2307.dbc,2024-08-05T14:43,45719,677d3f911419a156ddd12d378240b326c98438203f6c41da5ba6534a4d4a4874,2028,0,0,ANO C4 MES C2
ERGO2308.dbc,2024-09-05T10:27,50392,9c4227a390eb9650ae5912fe1459c5ac9447030793c1ccfa82f77e126f04bcdf,2230,0,0,ANO C4 MES C2
ERGO2309.dbc,2024-10-08T12:05,39516,77fa1927667394c01636fa6cff95a2cb25d24fa58a086c04430c75b6d6bbaba8,1732,0,0,ANO C4 MES C2
ERGO2310.dbc,2024-11-07T15:41,35840,5abe3766a9c171e368291bc0fbcd49da6882cb7324e7de9f24b4d340c838f860,1563,0,0,ANO C4 MES C2
ERGO2311.dbc,2025-01-05T18:55,34450,c3d94b70d6decf9f47a375975a3ca991893bea28fe9fe4d2c102fe41ffc62e12,1462,0,0,ANO C4 MES C2
ERGO2312.dbc,2025-01-05T18:55,35073,114c645b5cba0c77ab81450e02ea15b0526b9d1b670c92198eeef356f9219d89,1540,0,0,ANO C4 MES C2
ERGO2401.dbc,2025-02-09T21:24,32261,be749c5c59c349ada969ff7d91483229569c541c616645992f81083acafd51cc,1456,0,0,ANO C4 MES C2
ERGO2402.dbc,2025-03-11T23:45,30643,af371cf5182d36334678f0b0b630c8800da02155d1c7d9924d82701e08f461e5,1361,0,0,ANO C4 MES C2
ERGO2403.dbc,2025-04-05T12:13,27557,3b2b7904efc5040b8923e144f5de6f34929983ab4c97e3e4cd9f970e8fec04c8,1197,0,0,ANO C4 MES C2
ERGO2404.dbc,2025-05-08T08:06,33698,09bff136f840593a037e1fe13be7f9843c4c2ae720cb2f2d1c16ec802db73c6a,1474,0,0,ANO C4 MES C2
ERGO2405.dbc,2025-06-06T10:44,36780,f91aeea78b5f3c936e4ebb1f94854c61bf3ea7a2596a70487403234ee3a793ea,1634,0,0,ANO C4 MES C2
ERGO2406.dbc,2025-07-06T11:29,31343,1937595730c50c97cb83886f458318c9d18737d514a9f9f6deaa9ed5144d8102,1354,0,0,ANO C4 MES C2
ERGO2407.dbc,2025-08-04T07:13,35644,a235349682f04e7e0c0a837efe1a144bd4626aea3618d983d42966572fd869f9,1599,0,0,ANO C4 MES C2
ERGO2408.dbc,2025-09-05T12:54,40620,6ec7c2d3a1a2636fd905ca94b183e32bff37ff4af870742245ab10aaf9b5eac1,2034,0,0,ANO C4 MES C2
ERGO2409.dbc,2025-10-06T17:05,34191,5c6d209e4c0d2ceeb126142bcb526c70c0c8f9532adfc8e55baf85251be30a37,1582,0,0,ANO C4 MES C2
ERGO2410.dbc,2025-11-06T16:21,38598,5012341ec0507ea857c12eaffa498ec39d7f4c75f1083cee801277054a62e9ac,1792,0,0,ANO C4 MES C2
ERGO2411.dbc,2025-12-05T20:17,36820,15dc58880cd3174ae1c2c7433e4f781663a9fe3fb6f4ab6e4be7a6e5170b5cc4,1709,0,0,ANO C4 MES C2
ERGO2412.dbc,2026-01-07T19:03,38197,97ad27b11a52d307b380221fad34578d72ce40e0ed2570946a7f8b5a5cd87130,1758,0,0,ANO C4 MES C2
ERGO2501.dbc,2026-02-08T14:13,34724,dd8873b15341d00b0dc6e0517654fc2589bc67e82c845e48c3e77e0669a0290c,1578,0,0,ANO C4 MES C2
ERGO2502.dbc,2026-03-06T22:13,34601,e64e1bc5326a8cc0fae0d5ebf54fc8f88e2ca320e378618c7ab87b298852ab9e,1583,0,0,ANO C4 MES C2
ERGO2503.dbc,2026-04-07T07:24,40432,84dd5f3e488ceb14592198f2025414b09711e754b6f40280c9f97b2be40d675b,1837,0,0,ANO C4 MES C2
ERGO2504.dbc,2026-05-06T19:00,36886,6ad8d65af8a5987fb7de943fd70881fe4925949d7f6c9d820f62322cb6a749dd,1689,0,0,ANO C4 MES C2
ERGO2505.dbc,2026-06-06T20:15,36700,dc94b4740b9061723098d3e6062c7ae7465f49d27ce5248921ccd3e58daf1e51,1650,0,0,ANO C4 MES C2
ERGO2506.dbc,2026-07-06T15:10,43454,7c42feb243e143c2e5b6630bffef8f8d8e20c1d2d242e5c573d434a9f3f34505,1984,0,0,ANO C4 MES C2
ERGO2507.dbc,2026-08-07T12:25,44219,efe04d0dbff11cffb9f1202bb2b4ade96758142ff180cf2b702bdc012380a056,1999,0,0,ANO C4 MES C2
ERGO2508.dbc,2026-09-06T21:27,43471,8f06f6bf99b067d070a2517278234eada51451ec13c51ce5e7d27ef854c3d0a5,2009,0,0,ANO C4 MES C2
ERGO2509.dbc,2026-09-06T21:27,46307,832b30c51b0bc2c46110c8931bfa9969fa94eed455dddc985de9e0c512aa4014,2088,0,0,ANO C4 MES C2
ERGO2510.dbc,2026-09-06T21:27,49937,1ccc58e69c8e281b4206f007f1e9a223770fa36fc04afd281bbd0be9e15a8ecf,2304,0,0,ANO C4 MES C2
ERGO2511.dbc,2026-09-06T21:27,44707,e14a71b5ae2d25b27a65efa1faa0e377b4c73d9b484f0a2c616c2ec6ee8bb67c,2016,0,0,ANO C4 MES C2
ERGO2512.dbc,2026-09-06T21:27,49101,f6cba5c1a66077ab380dcb44368c5ee57e6685ffd87b2504902f37650acd12b9,2281,0,0,ANO C4 MES C2
ERGO2601.dbc,2026-09-06T21:27,48147,b32782d0a5ef6e99666bffc050fd83bec0a6c07936b3e21e88ceb993c667c032,2246,0,0,ANO C4 MES C2
ERGO2602.dbc,2026-09-06T21:27,37946,46ec925227f92b7f6ec87e8f5c9a0c6d7eed2b8e6440d9a94672197165f9f137,1687,0,0,ANO C4 MES C2
ERGO2603.dbc,2026-09-06T21:27,51002,a2b8b136095fd4dade801df570ac0099ca9aaa9ad54312f520fc38423ba0618d,2280,0,0,ANO C4 MES C2
ERGO2604.dbc,2026-09-06T21:27,55487,65b1fa5f3265835be1f0953c1c8259282b2cbe971a0d5becd9e1a74112f3148e,2529,0,0,ANO C4 MES C2
ERGO2605.dbc,2026-09-06T21:27,53680,5be0fcb5ec62536ae31eafb05d38eb7598d69121805a3bf7646e9e4369d6965f,2463,0,0,ANO C4 MES C2
ERGO2606.dbc,2026-09-06T21:27,54160,242827dd5d72b095aae6438b900569a793a5d723d166a87b3f009eabf92d3ba9,2510,0,0,ANO C4 MES C2
ERGO2607.dbc,2026-09-06T21:27,60545,f54aec745e272a303d4bb205d9ae8e4f564bb7755576979218af99a774e3a641,2774,0,0,ANO C4 MES C2
ERMA1101.dbc,2013-11-01T11:28,31328,f7f2d34b097cff33d6b3152ec15d7a18941ee07c74b9da97894b4687e8c2c261,1330,0,0,ANO C4 MES C2
ERMA1102.dbc,2013-11-01T11:28,103687,bb04a5fd00bedf6932e745155581ade814019febc076d138d10732abb1d7940c,5303,0,0,ANO C4 MES C2
ERMA1103.dbc,2013-11-01T11:28,53730,5eb71918fbece328c6bff0ea2b80110a56a2ffea8d0f53fed1883d672eeeb801,2567,0,0,ANO C4 MES C2
ERMA1104.dbc,2013-11-01T11:28,54949,c4c40c8a8b67758a343b35f7e68f4dbcd6391d78029e91b668c44375bb7a54d6,2659,0,0,ANO C4 MES C2
ERMA1105.dbc,2013-11-01T11:28,66126,12135e68e836bf63c44dfc80117a9422e8f9d38cfbfbebe820cb5a116b4fb2c1,3243,0,0,ANO C4 MES C2
ERMA1106.dbc,2013-11-01T11:28,92892,1f204c60d1a729d13b92366ce5bfddee5aea8bd1194ecda92e0df95d0beee47b,4748,0,0,ANO C4 MES C2
ERMA1107.dbc,2013-11-01T11:28,105589,4724cead9901d811b49d9a0b4cbba29cdf8bcd4bcc3318a77fe4e73159d0b538,5523,0,0,ANO C4 MES C2
ERMA1108.dbc,2013-11-01T11:28,129041,924e476dc01669bcffac51584426461dcef94a71d98d62821ae213391ddb33ba,6406,0,0,ANO C4 MES C2
ERMA1109.dbc,2013-11-01T11:28,64995,a21c007ef2caa44258cef4e5f13617e77a60b770751ddd56aaad6397e9cbd0ce,3101,0,0,ANO C4 MES C2
ERMA1110.dbc,2013-11-01T11:28,58557,293253db9de2cd293a3883d293c6c73403eb59fc68ebde57249a526fae07c925,2802,0,0,ANO C4 MES C2
ERMA1111.dbc,2013-11-01T11:28,63723,3f6d2610da2c427a5a3e815e34ebe3732bfe4a6a99c78c99b3d08a5333640443,3177,0,0,ANO C4 MES C2
ERMA1112.dbc,2013-11-01T11:28,73492,ff5e784c0d5ff3c59945192d9db87dc7ae97b792835b269a124a9820cba5d302,3751,0,0,ANO C4 MES C2
ERMA1201.dbc,2013-11-01T11:28,40146,e1a8dba3bf4d03389c0fc7e9d0a4bf1743bf47a58cb1dfe4144bae7a370da456,1860,0,0,ANO C4 MES C2
ERMA1202.dbc,2013-11-01T11:28,55503,605b65de4cab1b8bb857b410745a0d709f1dcab8d7728677289a3f28c76d195b,2684,0,0,ANO C4 MES C2
ERMA1203.dbc,2013-11-01T11:28,99622,fa99b26915d7b7f1d4ea07a3c9acb0f134904142213fd42161ff0ec0de74a5ac,5252,0,0,ANO C4 MES C2
ERMA1204.dbc,2013-11-01T11:28,49720,3dcc02193b879e05a8145a0c74ec4f4c44a9d1a8b01064ddc4cd88b1d90015df,2326,0,0,ANO C4 MES C2
ERMA1205.dbc,2013-11-01T11:28,58763,504308eb2b3ddd92aac7eb94956f2c01cb27f25e223909d52f5eea1ec503e480,2865,0,0,ANO C4 MES C2
ERMA1206.dbc,2013-11-01T11:28,48833,84d7109f579ff6b6d0c0f46e4e0b2ff8f63b814ed60b4017832dece9d7b95f9c,2255,0,0,ANO C4 MES C2
ERMA1207.dbc,2013-11-01T11:28,56665,1ecf506e0661314a6bfaed0a337fb63f7388b190ccf7a2d6e24a8a3f784779e7,2740,0,0,ANO C4 MES C2
ERMA1208.dbc,2013-11-01T11:28,85365,921e86ec47a5ef034292e97b45b9d461de745e70694d4885198482e170a8beb7,4261,0,0,ANO C4 MES C2
ERMA1209.dbc,2013-11-01T11:28,65097,2cfed1c1c2c6bb912eb53803a7df6d1dab81377fb7755fc5d72716306f1f4929,3109,0,0,ANO C4 MES C2
ERMA1210.dbc,2013-11-01T11:28,52021,80463a5f0751097b2d263d53a28e710f9e825048ed62716b0ec2f6710be390db,2525,0,0,ANO C4 MES C2
ERMA1211.dbc,2013-11-01T11:28,57199,c354273670a4fbc906308cb8dcde461699598c50205e94104ac2c42703db94c1,2750,0,0,ANO C4 MES C2
ERMA1212.dbc,2013-11-01T11:28,58085,96e252ae85554ea24f19d11715ff03fe0baa8176f525bb95560b0ed936f33e4e,2780,0,0,ANO C4 MES C2
ERMA1301.dbc,2014-09-25T11:18,49867,a2222a461edecdb6bbe18af09f425b90c149be28ea6378f27232e847502b6109,2445,0,0,ANO C4 MES C2
ERMA1302.dbc,2014-09-25T11:18,68177,bb29b6e7e6ee7feab917716aa9da7a7aa7fd45769d562473264e56fafa13a19a,3370,0,0,ANO C4 MES C2
ERMA1303.dbc,2014-09-25T11:18,63569,a2422f2e82e84e278ccb7de7f70b26612fadea81bd466e4bb86b83e7968e45a9,3093,0,0,ANO C4 MES C2
ERMA1304.dbc,2014-09-25T11:18,53992,154e46fae151fb3c164eb432f4cbe2db1630782677472272192f14177f8ddd0c,2625,0,0,ANO C4 MES C2
ERMA1305.dbc,2014-09-25T11:18,65838,fe33ef0fdfbd7a10c9ffe2e1b0f38abd2e0c9dbbec88bd966b107f8e85fc23f0,3258,0,0,ANO C4 MES C2
ERMA1306.dbc,2014-09-25T11:18,61751,b495dc162c478c1c5877f27ae2611e899d1b80e5eb7cd3d3244f4f84b4f5403e,3041,0,0,ANO C4 MES C2
ERMA1307.dbc,2014-09-25T11:18,57946,d1f5b5b33b09f4253e00cd7b58341fe9af48afc1613483d1f5e39196774fdfa4,2838,0,0,ANO C4 MES C2
ERMA1308.dbc,2014-09-25T11:18,45973,d3c347c81eb07dd2dc3e08e3ec2e31bf51dd3a113124f2754f90960f61c53d51,2145,0,0,ANO C4 MES C2
ERMA1309.dbc,2014-09-25T11:18,52251,569a2b7f4a901d375ad4eba9a2fcbf3c89e09d9031900ae2a761c61f56a496b5,2549,0,0,ANO C4 MES C2
ERMA1310.dbc,2014-09-25T11:18,51904,7c650a4a231465dc0a528891e779240f36119ff87b7b511810c66dc9a9ba013f,2505,0,0,ANO C4 MES C2
ERMA1311.dbc,2014-09-25T11:18,49914,49e61d6df9cf314ea08f2fb902a4f28a74c03fc10f78462eab1461e3672df1da,2390,0,0,ANO C4 MES C2
ERMA1312.dbc,2014-09-25T11:18,49083,3fd714879ea4fec10fda0eba31dc239447138c9c991028921cb15cc02ba23d1c,2288,0,0,ANO C4 MES C2
ERMA1401.dbc,2015-10-05T11:58,36666,f99e4fd83ec7d57dd290aff6f6db2f899fd93be5ce0e2d952548c7cf32ebc3cc,1585,0,0,ANO C4 MES C2
ERMA1402.dbc,2015-10-05T11:58,43787,6fa9ec9a15aa4059d55802bc4b319709d55e382191acc964cc38f4d2fbc83aa8,2008,0,0,ANO C4 MES C2
ERMA1403.dbc,2015-10-05T11:58,55605,15397f5147e507863810907fed43a9d1cfe8697611e3773079579199637adbf4,2605,0,0,ANO C4 MES C2
ERMA1404.dbc,2015-10-05T11:58,48812,1bb90d41373836b36a43af945a187166be8a4679d25bef3b55afcf7625205482,2258,0,0,ANO C4 MES C2
ERMA1405.dbc,2015-10-05T11:58,67521,59073972c18fb595989fc93005ac0dc4d221efdc4c0284efeb296bed3b83a234,3154,0,0,ANO C4 MES C2
ERMA1406.dbc,2015-10-05T11:58,55991,46c16822024e3605d046a4240102b8437a309d5cfabe3e7eb080f61a33aa6eaa,2550,0,0,ANO C4 MES C2
ERMA1407.dbc,2015-10-05T11:58,38939,c58b4070b04362ba20a19b83067321135f1b70753ce3f251f3362ac6cfc5fcb6,1682,0,0,ANO C4 MES C2
ERMA1408.dbc,2015-10-05T11:58,59820,0df371e2bc56c0a31f75871656894bd594b63ce119552ece70b2020fdaeef705,2761,0,0,ANO C4 MES C2
ERMA1409.dbc,2015-11-09T10:30,43136,28f0bcbe51f2aaff04e888e1f53c1e84140a388efc238a21a676375cba4b3c14,1889,0,0,ANO C4 MES C2
ERMA1410.dbc,2015-12-07T08:58,52802,38e7f94e2027bb1bb04ba69a83597b418f4f3edf2b6f8b5d04bb2ba652e800ad,2469,0,0,ANO C4 MES C2
ERMA1411.dbc,2016-01-07T10:01,56185,5b88f8f0e4c1dab875a62dfdc7ec734d975c9402b4edcecbc9cdd8a9c4a79760,2577,0,0,ANO C4 MES C2
ERMA1412.dbc,2016-02-05T09:10,43346,6dd8358554ed64d2f65c4878171bc8f681dcb5143be275de5cb7b56d1d7a0227,1901,0,0,ANO C4 MES C2
ERMA1501.dbc,2016-10-04T10:20,47722,aa0b4ce4ea39fd4cd93ade01bee7c3f13335a9fdc6cbf65b2e2562fb424a5a59,2104,0,0,ANO C4 MES C2
ERMA1502.dbc,2016-10-04T10:20,59898,8b43a9d67a3ae4f7f8b614e196e57d6c0dc8028345520b37336244342cf23b93,2983,0,0,ANO C4 MES C2
ERMA1503.dbc,2016-10-04T10:20,34666,034e70c078cc0e8a6d507e0b7a3b81d60c6631d35c665161769a87e1ee9ff2dc,1508,0,0,ANO C4 MES C2
ERMA1504.dbc,2016-10-04T10:20,35153,8f85dff10975570e4a0a3b807c7b912474027bd9e66123bf634a0ef3c22024c9,1528,0,0,ANO C4 MES C2
ERMA1505.dbc,2016-10-04T10:20,42648,ac90226f93b53544698d60c8d3f31ec6c984ab204ec53e245c22f935ee972391,1875,0,0,ANO C4 MES C2
ERMA1506.dbc,2016-10-04T10:20,36298,751f3ee6b13f8637ae14d8cb4b44eeb57a5e007f2da0f6e896c559e3a3b89845,1589,0,0,ANO C4 MES C2
ERMA1507.dbc,2016-10-04T10:20,38152,a901a8b4691a7b0c4f3e69809058c1ec44afb700d7a58744753fcb51e1e6f5c8,1685,0,0,ANO C4 MES C2
ERMA1508.dbc,2016-10-04T10:20,35613,90947d8d0f54a3b06453e6342b94e12c726a84391468b49e5a53fb3d080a2a1a,1516,0,0,ANO C4 MES C2
ERMA1509.dbc,2016-10-04T10:20,40366,78e7b779d9a0e532d10d9a0d2eaceadd59f14b048a786f235ea6b635d66ed3b4,1801,0,0,ANO C4 MES C2
ERMA1510.dbc,2016-10-04T10:22,36692,4cd1a064d50a76fac026d8d4102dd6da9f65b5120f080cd7727e14852fd46d22,1657,0,0,ANO C4 MES C2
ERMA1511.dbc,2016-10-04T10:22,47675,3f07e66a873dc679ac18ed925fdc6b2e81181a21b5ef613a0ec4ea6bb083efc2,2129,0,0,ANO C4 MES C2
ERMA1512.dbc,2016-10-04T10:22,38696,9ae802588e6f4767b75e4e402b74f709bfc0597b8bf4c73e88aeb0ac3e07b5b6,1673,0,0,ANO C4 MES C2
ERMA1601.dbc,2017-04-10T10:09,41822,ba38ce8bd2a4fec60404dc5ef3276b0f246d54259ecb692b2e448238a702f713,1950,0,0,ANO C4 MES C2
ERMA1602.dbc,2017-04-10T10:09,34191,33f63a453480d9e97a546a19c36f7e8245829884f9daa5b6ced40fcd7e1d4dd5,1483,0,0,ANO C4 MES C2
ERMA1603.dbc,2017-05-05T14:39,33672,0ee4902614cbc497a6595962049b56d0dda629c83054023b0781535fb6bb0d2d,1495,0,0,ANO C4 MES C2
ERMA1604.dbc,2017-06-05T10:00,33462,e852b81ab2e767574e883fa5349da9317a254f5aae67f65ea8a4981839f71fb9,1485,0,0,ANO C4 MES C2
ERMA1605.dbc,2018-01-08T15:27,22538,6d6ab312721d8de0508647182f425a0bb4e3f60694bc9fbdcea15c17a3336af6,911,0,0,ANO C4 MES C2
ERMA1606.dbc,2018-01-08T15:27,35947,a19da1c51cee73997774aaf6169aba80e3e1dd5716e5a30fd4df424de0864c9f,1566,0,0,ANO C4 MES C2
ERMA1607.dbc,2018-01-08T15:27,35119,36c986cde0e7d5ab2def24820ee7f0de3d249090c7875adc0104aa44281673d4,1533,0,0,ANO C4 MES C2
ERMA1608.dbc,2018-01-08T15:27,40371,ede3b26103b5c584366a399fa05a39880cb39203fa052d53db97aabcbef8121e,1818,0,0,ANO C4 MES C2
ERMA1609.dbc,2018-01-08T15:27,34731,ad982eac11277ad757e1895c5a947736e4b59a3870dbb5b50e968f62e592485a,1502,0,0,ANO C4 MES C2
ERMA1610.dbc,2018-01-08T15:27,37575,f494b2aba1536e3a12e800fb1471783ed42906fc2e663d3794193ccd8325e292,1668,0,0,ANO C4 MES C2
ERMA1611.dbc,2018-01-08T15:27,39232,f7a02fd3e6678b634cab56740bb7bea9f9597083ababaac025809bdb9121b508,1806,0,0,ANO C4 MES C2
ERMA1612.dbc,2018-02-05T09:38,105496,69956519d87e1d7027b6b9596dff3084541a3e1911b6340d65f851ae89b56f34,5066,0,0,ANO C4 MES C2
ERMA1701.dbc,2019-04-10T16:27,126207,b6b746bce0924ed5bd40db55d40de61057205cb53198229ce5f0c49363a66eeb,6099,0,0,ANO C4 MES C2
ERMA1702.dbc,2019-04-10T16:27,78196,2ca83d854f9041f0ae2d6f68ee45ac39f79023382b6ff8e075a15a3cc45637f9,3645,0,0,ANO C4 MES C2
ERMA1703.dbc,2019-04-10T16:27,56850,e8b09267017b673dc17e7d4acda16891ab380bc58c483903b2aab06bbe0081c3,2665,0,0,ANO C4 MES C2
ERMA1704.dbc,2019-04-10T16:27,57446,b7c28bac5f9b118919fd20d40e2b51eb47226567d5f1859028c3eb472abf8634,2696,0,0,ANO C4 MES C2
ERMA1705.dbc,2019-04-10T16:27,92146,76ea7e2ca064213dc5a97870af99845a3b0733d913e0adaca4039db08e4f59df,4380,0,0,ANO C4 MES C2
ERMA1706.dbc,2019-04-10T16:27,81390,6a5f65c28193e4a642bd2a89e7b98241f2a50e15a1f2ae69852c4a834049c0b1,3857,0,0,ANO C4 MES C2
ERMA1707.dbc,2019-04-10T16:27,57259,006a3a6f33102421f68d7c07f5931e9c237ed2aeb425f0fd1691aca0c5151e74,2511,0,0,ANO C4 MES C2
ERMA1708.dbc,2019-04-10T16:27,73761,1c512f54a43c1b15cb2db1e41f8be3349753c9da28de765cc6d20039b830d506,3439,0,0,ANO C4 MES C2
ERMA1709.dbc,2019-04-10T16:27,64854,6bdb1a1e3aa55d5bafe0e22461dc7b4d62f1129aa9770eee6b0aa3629696b052,3007,0,0,ANO C4 MES C2
ERMA1710.dbc,2019-04-10T16:27,38179,0288c754a17db0cb8d66d89e3102a38f64d0a2f941a73f17332674e49267757e,1708,0,0,ANO C4 MES C2
ERMA1711.dbc,2019-04-10T16:27,74096,56c35581fd53ada4a67bd1c5c0c63b6d82bd06141acfac356ff03e2711f0b7b5,3507,0,0,ANO C4 MES C2
ERMA1712.dbc,2019-07-08T14:45,49950,038333f914534a0de93f7587252fd46f099d20752deae3e80a6c03e8f592734b,2360,0,0,ANO C4 MES C2
ERMA1801.dbc,2019-08-05T14:40,75983,a797ac72f55cafd03707c8732e646ea2c5c8ad9840190bd79b8b853d9be7f870,3432,0,0,ANO C4 MES C2
ERMA1802.dbc,2019-08-05T14:40,51536,a7dd767aecb326da8815c76993dc98c4bc2ab91e41f3c98c493f4d4b014ec908,2399,0,0,ANO C4 MES C2
ERMA1803.dbc,2019-08-05T14:40,42613,20f9446ecaeb16458f7b416fce44effe4b4731d1211a828ed51c5c60d99b7dbc,1863,0,0,ANO C4 MES C2
ERMA1804.dbc,2019-08-05T14:40,37677,e23d0945b5d2e497e7dd197aa569eff427d3b034a83ccf8757d3b239579b5eb5,1631,0,0,ANO C4 MES C2
ERMA1805.dbc,2019-08-05T14:40,36981,0347a4f43c8502e9cd9ed352226339a9e787b985199ed7acf979ca051f90c171,1598,0,0,ANO C4 MES C2
ERMA1806.dbc,2020-01-09T16:49,33518,439e094c17bf8943ac5a8230dcc4318eaac471998065ad163d50c4f928f07ddb,1473,0,0,ANO C4 MES C2
ERMA1807.dbc,2020-01-09T16:49,33991,4bac35ce6f6232c3de8d0757896cdf22d1fad0558f02d50b376fae01ed4baf26,1419,0,0,ANO C4 MES C2
ERMA1808.dbc,2020-01-09T16:49,38381,e0b3fd6cd252306a0cadbae8dcfff8cf9fd470a990b64265ecf9be5c25830b5e,1703,0,0,ANO C4 MES C2
ERMA1809.dbc,2020-01-09T16:49,32265,41e6e0661a3ce0e70a5b9901016d7232d26a3e7d00f12450ebb1d9a4dc156de9,1372,0,0,ANO C4 MES C2
ERMA1810.dbc,2020-01-09T16:49,44566,44595c1210e91599bf45564b48e3bc867d20783c3db3729e1bae036b2036cc12,1971,0,0,ANO C4 MES C2
ERMA1811.dbc,2020-01-09T16:49,63268,b4a471bd4c2ad62d41f1f4196ecaee23fa68279a591c4a1c28f21dc7ef7bf55d,2867,0,0,ANO C4 MES C2
ERMA1812.dbc,2020-02-07T15:02,65052,47b0eb2c5cba61ea39c4347d15a18c33b25217eb57a967416ac4cc4b324e29f7,3009,0,0,ANO C4 MES C2
ERMA1901.dbc,2020-03-10T14:43,49536,5785169547121d6dcab80e04d750494b0b71faab7322a2bd4b12aac3921dc0b8,2342,0,0,ANO C4 MES C2
ERMA1902.dbc,2020-04-05T14:39,60472,88660ba1309c5b396cb94380d592ee014ad136e636cc4654da8e1e7f366e625a,2887,0,0,ANO C4 MES C2
ERMA1903.dbc,2020-06-04T13:54,38910,c310a50156cf2029dc539cd99c409cc27b40a1f2e9bb3d65d8874839863a4de1,1745,0,0,ANO C4 MES C2
ERMA1904.dbc,2020-06-04T13:54,46763,99e567b47e62dc6a598edd15e1da61989a62b28621ffe53f72a2fb0276bd8d49,2084,0,0,ANO C4 MES C2
ERMA1905.dbc,2020-07-04T11:39,33111,30b1d44bb665c434a31693c607b3f08ec161b416014363bbefaec637e755fefd,1390,0,0,ANO C4 MES C2
ERMA1906.dbc,2020-08-04T10:41,26567,238377d2f9dc2871034419f17efe5822d89be70f7fee8cd90a564b6c2141b1a0,1117,0,0,ANO C4 MES C2
ERMA1907.dbc,2020-10-06T08:42,25374,8f562e3760fce70b3d3a0a5b9d5459c3b16c2e6d4c78b10c91de455c32e015cb,1120,0,0,ANO C4 MES C2
ERMA1908.dbc,2020-10-06T08:42,27799,d32d17ca5ad5a13800e07cc6a3bb32f5daff1e298e2fb0c1dc388c4bb0f04612,1253,0,0,ANO C4 MES C2
ERMA1909.dbc,2020-11-18T10:38,23710,62c13e0ca1de717648bc165d3db2f5036e9293a4a4a85bfaa74a4e9706d357c4,1027,0,0,ANO C4 MES C2
ERMA1910.dbc,2020-12-07T11:23,19514,5646d0d807adc73f9153ab64d80bdff07d820c9f638865decbb9b284050c88be,831,0,0,ANO C4 MES C2
ERMA1911.dbc,2021-01-14T08:10,26248,d96cac8aa5364527109dbe15170de66cd1aed96a1a5c49ecc5e39e948ab589fe,1165,0,0,ANO C4 MES C2
ERMA1912.dbc,2021-02-05T10:26,20260,8f305697a8e6b5580a082a3807dea2a2f8cdd4fba218d19515a46441bf0a91af,852,0,0,ANO C4 MES C2
ERMA2001.dbc,2021-04-05T13:24,18903,4420a29468b4895dea8e3e490e00a67670a9947c9b6a3045052a9a367cc77b8d,775,0,0,ANO C4 MES C2
ERMA2002.dbc,2021-05-07T16:35,19335,e661331be1d75ee97e89a14771e82867f78e6a14e397f85cf92270ea24151d57,787,0,0,ANO C4 MES C2
ERMA2003.dbc,2021-05-07T16:35,24375,02114de2bccedf71fb495e09ca3a96b0a0202aeeb3832ad550319acbabd981e5,1085,0,0,ANO C4 MES C2
ERMA2004.dbc,2022-01-10T14:22,25846,bc953aaeb1628e3a9cb0fcb0fb73749576ca38f017ed6057066891a2af4a7157,1240,0,0,ANO C4 MES C2
ERMA2005.dbc,2022-01-10T14:22,8349,3ece91f67065e151745b06c62049f43b11012ad94dde13287c2a68a1b060131e,325,0,0,ANO C4 MES C2
ERMA2006.dbc,2022-01-10T14:22,8318,c3340674fa3d9ff590dc6a6325d4b8599a200c4b7e76e78ed702003deaceccb3,350,0,0,ANO C4 MES C2
ERMA2007.dbc,2022-01-10T14:22,13468,8e61e681b2d76eeadf307521a559f13117c9608aee4939f61b700349bf166b1b,602,0,0,ANO C4 MES C2
ERMA2008.dbc,2022-02-07T10:04,11351,d1f3984826549f8bc0615a60d18a7f011ece855ddaecad0670ed325f546f5f38,511,0,0,ANO C4 MES C2
ERMA2009.dbc,2022-02-07T10:04,18241,2d8c082c19a92d5c064b22def75ec942d17c3ff9fa821255838f7f050234d150,823,0,0,ANO C4 MES C2
ERMA2010.dbc,2022-02-07T10:04,13156,c0f03c634d959b8e68e675223672f90a560ec4d4d91c67289e3d800090137e2b,572,0,0,ANO C4 MES C2
ERMA2011.dbc,2022-02-07T10:04,14141,f08cc2f87c6ff9d3c814f219efc2a35fd1577a54a0d3ff963999890158807b9c,606,0,0,ANO C4 MES C2
ERMA2012.dbc,2022-03-07T13:12,24903,ad01ade9d3a466c743177e07d2710d6f2096951613f2ce4569747081b4edb073,1189,0,0,ANO C4 MES C2
ERMA2101.dbc,2022-03-07T13:12,15922,977bb759ac4e219143ba5d1a4448241666104670e5a88bf6954ea912c3928836,669,0,0,ANO C4 MES C2
ERMA2102.dbc,2022-04-11T19:22,17844,52c167b0a37671b05f56d578eab6c78925e871fa82b79ae14ebfc891113bd8a7,801,0,0,ANO C4 MES C2
ERMA2103.dbc,2022-05-04T12:32,15485,388d04fdc5c49bac750a0decb3aec79278d9db8bea73fdf291883b07782e2fbf,674,0,0,ANO C4 MES C2
ERMA2104.dbc,2022-05-04T12:32,26734,3ed7ea069027ab83734dfe44e289260e04bc17f714e84a64b777ed524ff8d284,1204,0,0,ANO C4 MES C2
ERMA2105.dbc,2022-06-03T13:03,13988,6fe3052278efa97632bc18d8dc3408a5f8bcd4fd07f5a41be34c580e890cc6c4,568,0,0,ANO C4 MES C2
ERMA2106.dbc,2022-07-06T13:10,26865,50a82487870f5a097fdbcc46e8369c146ca7ac08c4111c56674906972d343b41,1187,0,0,ANO C4 MES C2
ERMA2107.dbc,2022-08-04T15:38,23901,b19fe2ffff08f2724cb4de4c2e930fdf01f12f0cd6db657cd0e58e508ffa66e2,1032,0,0,ANO C4 MES C2
ERMA2108.dbc,2022-09-06T11:16,15140,e167e0f1ac2dfad2b9e9463109c30cf14541c046f5a767640191236b92f1f7ae,617,0,0,ANO C4 MES C2
ERMA2109.dbc,2022-10-05T14:25,13560,90b02ccf7ace59322cece89e96f126036aaacb9d88026c454cd44948d523ecbc,533,0,0,ANO C4 MES C2
ERMA2110.dbc,2022-11-03T17:54,17339,408a61b2641f033f473dcb90d539d4819d7d159febcba38ba9b7faac6eefd90e,710,0,0,ANO C4 MES C2
ERMA2111.dbc,2022-12-06T16:21,43034,1995a8a5d78e3a4e43436d7f0c768aadd8a78124557769305e3dcc6c3da57187,1931,0,0,ANO C4 MES C2
ERMA2112.dbc,2023-01-04T12:45,25389,4c96659d82e235b2712b9d27034af72801cfe2886a619dea24ae6ab0a077dfb7,1106,0,0,ANO C4 MES C2
ERMA2201.dbc,2023-02-06T13:00,28701,54461ab76ab67025c6a54dad8706aa0243d0c34beafb0325cd85800d5f1eb76f,1238,0,0,ANO C4 MES C2
ERMA2202.dbc,2023-03-09T16:42,20500,41fb8825e6a4b953e69b584a20e7fc044dcac41263c7b0633f725adf2d19c55a,867,0,0,ANO C4 MES C2
ERMA2203.dbc,2023-04-05T13:31,14475,9ac2e6664b7076d1b5b10348acf706e725bbcedb71151de91052badbb2076111,560,0,0,ANO C4 MES C2
ERMA2204.dbc,2023-05-08T14:30,16630,9d3c00a8d3faa5f19e6073123a380a05ba4235bab50a3c0b662c0e5625fe55e4,675,0,0,ANO C4 MES C2
ERMA2205.dbc,2023-06-05T11:31,32121,c8de14e326a987b50a810f4159bad412e2b91ea232300303ca5705da24789862,1404,0,0,ANO C4 MES C2
ERMA2206.dbc,2023-07-05T12:43,42084,fc2fde46a3e08f23f7f837cad64aaabb6cdb167fb13beaf78de52b553b899c93,1936,0,0,ANO C4 MES C2
ERMA2207.dbc,2023-08-03T16:36,23491,872a2805bfee785f3da1977df8333002b71167d0532bfb3a3cdd115550e71b4e,1073,0,0,ANO C4 MES C2
ERMA2208.dbc,2023-09-04T21:02,17266,6e889756ae6adcecb70a3e90d5f6f6b93c148b45219ec2953e303b4a3e51b015,685,0,0,ANO C4 MES C2
ERMA2209.dbc,2023-10-04T17:02,17923,1b7a76175dab210c63ad7200e33cb0c3ca96bbaedd23d7001f9b78df5f2041d1,788,0,0,ANO C4 MES C2
ERMA2210.dbc,2023-11-06T15:49,29622,a9b5b16f9e85b857c0e7d29d66e2bdb9995a1aa9fd634c9f2e5b294fd42a6b37,1411,0,0,ANO C4 MES C2
ERMA2211.dbc,2023-12-05T14:58,22276,130eb8f91de946335b469d4c923b09c01161987cc5017ea508f2c9ebe99a876b,987,0,0,ANO C4 MES C2
ERMA2212.dbc,2024-01-05T17:49,21217,e2dc7cc9d8a0cfa06c4bb9bb8f0df3d47652e833997003159ad04a1840900fb6,874,0,0,ANO C4 MES C2
ERMA2301.dbc,2024-02-05T22:50,14900,8dcfbb873f52bbe458c5fc2eed5eb29b22c1333c2d3089896fd0a12e28b23875,675,0,0,ANO C4 MES C2
ERMA2302.dbc,2024-03-07T18:40,15404,0abd9c3d22d52e366e8efca2f803a481c9c817803331cf7d735c12efd17a7f99,593,0,0,ANO C4 MES C2
ERMA2303.dbc,2024-04-09T14:24,11963,181327680240430d0334b6c9b3c43d881a0b609abda698b3d9306d2c1c757c76,442,0,0,ANO C4 MES C2
ERMA2304.dbc,2024-06-16T01:07,24517,3e0c9abdca82c0324574f33c1df6b8e78ce3b9682dabd372505ce4b91a86129f,1052,0,0,ANO C4 MES C2
ERMA2305.dbc,2024-06-16T01:07,22738,b1b40cf81598aadb8c97a3558811c480bc7f615b9e0b41366765069acf763f9b,959,0,0,ANO C4 MES C2
ERMA2306.dbc,2024-08-05T14:43,51657,23cf387410284ba35c8cf10e859184c2a124ecc047c38833cfd69a6a4436ba60,2355,0,0,ANO C4 MES C2
ERMA2307.dbc,2024-08-05T14:43,30892,ffde943ce7e472884671aa52b0668044d5bc9c2cce2d2241ced3148b5fac56a6,1446,0,0,ANO C4 MES C2
ERMA2308.dbc,2024-09-05T10:27,35811,239e7b0bfecae95327f21cef6f9c7f62fdcb9999a4c8ff4b18dfccd0fc3f1ee7,1670,0,0,ANO C4 MES C2
ERMA2309.dbc,2024-10-08T12:05,14943,5a052238ae95ff3905246b912d189aa6c25f6bd59dbcc5ce71b480bac2a63b80,627,0,0,ANO C4 MES C2
ERMA2310.dbc,2024-11-07T15:41,15844,0910476fa7a4da5832045d3248cd155ee015d6b658e963b752657bc6d1a7b975,694,0,0,ANO C4 MES C2
ERMA2311.dbc,2025-01-05T18:55,15848,198922c3f05c4b230a7479bb1cc602bcbf1ee7bd122f3cd9d96d984da0baac8e,689,0,0,ANO C4 MES C2
ERMA2312.dbc,2025-01-05T18:55,22994,cbb98333282c841b7c71a106ae83fdf75e2df2ca36097f664cee0ae62b55b7e9,1065,0,0,ANO C4 MES C2
ERMA2401.dbc,2025-02-09T21:24,12090,59163dda6c36d51d2049cec0e57e35a493f20b907d24c96a663f059b6a28e3cf,470,0,0,ANO C4 MES C2
ERMA2402.dbc,2025-03-11T23:45,8519,911240e19a3723218d3d99202daae8b02e86383901594c1c81974c212226168e,340,0,0,ANO C4 MES C2
ERMA2403.dbc,2025-04-05T12:12,11025,50fddb0bf8e8b654aad42973cd74d14f1b1a889ca31b549b1fdd098f4731b4d1,495,0,0,ANO C4 MES C2
ERMA2404.dbc,2025-05-08T08:06,20633,5bed2679d4e50a575d2ce0ec27f60f1462774fbdb3d09b44df39a2ba6a66ee59,931,0,0,ANO C4 MES C2
ERMA2405.dbc,2025-06-06T10:44,16986,ee65b2eee048e46727de9fc71395404cface08dcb648d3d4dc1ad2c3237084eb,777,0,0,ANO C4 MES C2
ERMA2406.dbc,2025-07-06T11:29,10615,f5e90fad0fb28293096fd20b500c9e4e84a93bba4d73613905f8da0829c194a3,419,0,0,ANO C4 MES C2
ERMA2407.dbc,2025-08-04T07:13,11320,b86b68dedff4c62206a7c266198a449d84382f5d8beb7f27b9d1cbe1eeacf276,452,0,0,ANO C4 MES C2
ERMA2408.dbc,2025-09-05T12:54,8068,374a73ef945ab533523ee2711568a6e87a7bffdc4f9da1e127d5b80bb0154393,330,0,0,ANO C4 MES C2
ERMA2409.dbc,2025-10-06T17:04,10889,ef43594d56c16360ee401919ca01a1dd8938b91c5cab4dec7e4c9258bf745dab,428,0,0,ANO C4 MES C2
ERMA2410.dbc,2025-11-06T16:21,13068,90aeffe5ef6cd54cfc00164e8fc4890dd1fc606a2f44d9bdef13e79e2cbb6f7d,507,0,0,ANO C4 MES C2
ERMA2411.dbc,2025-12-05T20:17,18446,4355bd118368959d910609295866833d40b19eb7b9fd9e8005bc3b41c7915bcd,761,0,0,ANO C4 MES C2
ERMA2412.dbc,2026-01-07T19:03,14928,4cdedc8afe90c204c13a8152a1df4c0622eed35546d48a850d4bb31e8a65a2cc,679,0,0,ANO C4 MES C2
ERMA2501.dbc,2026-02-08T14:13,12004,1c4df25467cb872c347d4e474778d935a7292cccd796ffafc2d2848b6064d24d,525,0,0,ANO C4 MES C2
ERMA2502.dbc,2026-03-06T22:13,11729,a8010ff19e177f397453e439989e3ce68b54b34570d46f15ee339a134bdcc5e6,477,0,0,ANO C4 MES C2
ERMA2503.dbc,2026-04-07T07:24,15879,dcad4447adf101d66378a659394a0b4f596454b1b478bc2de9e8b925c5995976,671,0,0,ANO C4 MES C2
ERMA2504.dbc,2026-05-06T19:00,16210,97a74b02568b1698e8f7fbfa3009485548fb9ec727316a71e1c1fd672f1691de,658,0,0,ANO C4 MES C2
ERMA2505.dbc,2026-06-06T20:15,17293,d21c59f3b8aa4eac88f4e2c01d432714597146cc6581845973095093f3927d89,689,0,0,ANO C4 MES C2
ERMA2506.dbc,2026-07-06T15:10,18936,251b02e47e41da2578212807bf6d2dded3228ebdf5e627710a3f5691a32867bc,790,0,0,ANO C4 MES C2
ERMA2507.dbc,2026-08-07T12:25,11418,23db1d93c9b8ea77ba9360391e5d8a7d45d9ea67c4535a083643fb167b3f99b6,476,0,0,ANO C4 MES C2
ERMA2508.dbc,2026-09-06T21:27,10846,d97206809acb13c5ef6fafdf4278fbd0121f0d245b97e340c2a357b9fd8def97,407,0,0,ANO C4 MES C2
ERMA2509.dbc,2026-09-06T21:27,13923,5629d0a4fa541b534c72c9c595525807d42797efefedc654737adae864fd545b,529,0,0,ANO C4 MES C2
ERMA2510.dbc,2026-09-06T21:27,21071,58bbcb1ee673b6db6765300c50f45c56549e0e53e38c4bc24a99e36cd53cbc03,926,0,0,ANO C4 MES C2
ERMA2511.dbc,2026-09-06T21:27,16484,db8126bbd88e6b83cd5a38516e1dca10602e637d01c381c25b6560de1544b9bd,665,0,0,ANO C4 MES C2
ERMA2512.dbc,2026-09-06T21:27,10501,942cd9b17471382c6a82752b658c810126525502dd9e8c8428baea99eb226b42,382,0,0,ANO C4 MES C2
ERMA2601.dbc,2026-09-06T21:27,17071,b2416ee22f507d9d2da286ea8b6e9081978d175ff6fd50b302014d6ee119f524,731,0,0,ANO C4 MES C2
ERMA2602.dbc,2026-09-06T21:27,28944,ae90be2583ce1643e930156fd2d9bf3c09d5d2712a0906476aff057f4c64b4ee,1280,0,0,ANO C4 MES C2
ERMA2603.dbc,2026-09-06T21:27,15666,f2d412e7f30a9f365ded40960264f7b377712e8df211e85f0bfd870e9d515874,613,0,0,ANO C4 MES C2
ERMA2604.dbc,2026-09-06T21:27,16190,7fb953beeeb898cb019606844687fd749f14de3344089cf2bf001376cb06473e,639,0,0,ANO C4 MES C2
ERMA2605.dbc,2026-09-06T21:27,16305,36e87c1bf89149ca64d5a851c2ead242cd605012d8f1b24ea240362f26934a91,666,0,0,ANO C4 MES C2
ERMA2606.dbc,2026-09-06T21:27,14939,fd6ba064621f9dbd2541670d89bbc2a86672902275905275c56f868d59eb6ce6,636,0,0,ANO C4 MES C2
ERMA2607.dbc,2026-09-06T21:27,10336,899b592a47984b2a5ef5c4dcf8d0c74d9094762642f01320a4a45f1e64c485ff,388,0,0,ANO C4 MES C2
ERMG1101.dbc,2013-11-01T11:28,51411,32c466b21feaccb3673e872730a8661558b5c8a091bdd84cada9d10aff72ac87,2082,0,0,ANO C4 MES C2
ERMG1102.dbc,2013-11-01T11:28,62209,501509fb52bba794605cadd1ef48a2e8906984ba0a5a7b429117976cdb3c8967,2632,0,0,ANO C4 MES C2
ERMG1103.dbc,2013-11-01T11:28,57880,a6f6afb467bdd1b23ceb35e09935c29d26ec745430db4b067cd791c52a8bc41e,2418,0,0,ANO C4 MES C2
ERMG1104.dbc,2013-11-01T11:28,48511,938c3bf5425069ce62eab1168b5ba538a7e4c966c62a9213428e0c082d18c434,1970,0,0,ANO C4 MES C2
ERMG1105.dbc,2013-11-01T11:28,89035,d3ce8302132ef6178054338f5e28972fc7ff5b34726e9bc84324d599c942ed2b,3963,0,0,ANO C4 MES C2
ERMG1106.dbc,2013-11-01T11:28,104534,99a15c548b50223ff4110215e94b51838d6e9e6828b109f1893ecb0ffc89c801,4612,0,0,ANO C4 MES C2
ERMG1107.dbc,2013-11-01T11:28,72810,1e3352c86327c3f6283fd3d3335d68d59ae3e7820c5f3455ef909c02fc66f9e8,3111,0,0,ANO C4 MES C2
ERMG1108.dbc,2013-11-01T11:28,79622,59d153bd74063f7fef9c6998b5a3a9fa84e617f812b99375e3cecd5d3bc3476f,3431,0,0,ANO C4 MES C2
ERMG1109.dbc,2013-11-01T11:28,69706,b0bf67e7869c76f4fc84beb2a9927ca2ac9b606beaf0ab529dc2197d4b182019,2987,0,0,ANO C4 MES C2
ERMG1110.dbc,2013-11-01T11:28,67973,b7978088ee2e435fb062c3b177d6dbfc0df4bae686f507d0b89dea66a027de05,2972,0,0,ANO C4 MES C2
ERMG1111.dbc,2013-11-01T11:28,62402,0b8b66a23a39acae256c86b9d71b141f3d6feda01e7db89f15f1c0eeae4c2602,2649,0,0,ANO C4 MES C2
ERMG1112.dbc,2013-11-01T11:28,66134,bc6c2b848b9591f55ec8140a932439e20c2688f4c8381e283e626b16596f4556,2876,0,0,ANO C4 MES C2
ERMG1201.dbc,2013-11-01T11:28,70958,aeb848099586cfef4d41cc6dd659761f2ab9d6a025958549ecd5d6bb3a80dbf7,3210,0,0,ANO C4 MES C2
ERMG1202.dbc,2013-11-01T11:28,71762,eae96ea6319a8e408b75d97b798c0244729970752d2ca2095e6d9f5ca2afb8b5,3232,0,0,ANO C4 MES C2
ERMG1203.dbc,2013-11-01T11:28,82800,a5d961f3034ff3354876d661a8e6038c1a6d607edf326b110a82c4f313bc4491,3780,0,0,ANO C4 MES C2
ERMG1204.dbc,2013-11-01T11:28,73357,2e2eff52e742259ad590f1db53c6ae2e54ed41c5391af001848f35924494149a,3340,0,0,ANO C4 MES C2
ERMG1205.dbc,2013-11-01T11:28,82140,7fcd4510752801d2721c5a1afffc4f9a886aff24ef2ff692f0e61ba41ddd40cf,3785,0,0,ANO C4 MES C2
ERMG1206.dbc,2013-11-01T11:28,76271,87f3b9036c4b3642b22839aca84b26c1e44db1fe48e7629a8197f94b1d8d5f1a,3525,0,0,ANO C4 MES C2
ERMG1207.dbc,2013-11-01T11:28,73628,a5ab92d58132ec9bc4bc41f19fafec37c2f02a05c2540c883d3715c7a7aa42fe,3569,0,0,ANO C4 MES C2
ERMG1208.dbc,2013-11-01T11:28,75196,04bbbb80e0441defa20aa04f76804522f023096e0617ef5d88423bae375ba999,3506,0,0,ANO C4 MES C2
ERMG1209.dbc,2013-11-01T11:28,71960,b4d2360e620fc7b2f72f5b3afe754e4f13f947c8c06e645e7f3c56eaf9568d05,3360,0,0,ANO C4 MES C2
ERMG1210.dbc,2013-11-01T11:28,76368,02e7e083d1f3d2bd27f8699fd2592523bf66713933d2e10f69c4d4ab5456199d,3544,0,0,ANO C4 MES C2
ERMG1211.dbc,2013-11-01T11:28,81382,0032f5341d8392b70d55147c24a7d13a90a8199a81b7b1ce5187e10bfbddc0ae,4004,0,0,ANO C4 MES C2
ERMG1212.dbc,2013-11-01T11:28,78257,3be43f63d0f56863cb19ef4ddc50f8517c7ced9473e2cdf332e4675957335957,3586,0,0,ANO C4 MES C2
ERMG1301.dbc,2014-09-25T11:18,84012,3c92d0566908ec1c48bd82a23ef493087b8cfcd6a581820bdee8fc42b19a8968,3675,0,0,ANO C4 MES C2
ERMG1302.dbc,2014-09-25T11:18,83459,35e2222170ca9df221c7fe12bee43559fed9915aa62d6a586cdd65c58759ab92,3748,0,0,ANO C4 MES C2
ERMG1303.dbc,2014-09-25T11:18,66282,b92d0120b2a89d1c450d252f7bd309772324e3a7852e7b8ea5f5a2749b90087e,2883,0,0,ANO C4 MES C2
ERMG1304.dbc,2014-09-25T11:18,62796,32904d0e2e8a5bb8c18da59a43698e6e88b996d19fc3060c05d6494302c09626,2773,0,0,ANO C4 MES C2
ERMG1305.dbc,2014-09-25T11:18,64972,7cd0beac01e3d6be9809602409b19cf530745e8976ecd7277fcc75f1580b0c2c,2947,0,0,ANO C4 MES C2
ERMG1306.dbc,2014-09-25T11:18,59889,d1e26bac9ace451b66f644eea6045b860fe8511d174d0b22c90ba1d5a7378b91,2665,0,0,ANO C4 MES C2
ERMG1307.dbc,2014-09-25T11:18,57302,50183a41f3bfedcd4e42141f375c3d672cffc295bbf86c7bf46c3969eccf691c,2524,0,0,ANO C4 MES C2
ERMG1308.dbc,2014-09-25T11:18,59928,09ec4dd371dc77432d7bd273e136e8f8702d91d3b205e9488024af966d36ad66,2611,0,0,ANO C4 MES C2
ERMG1309.dbc,2014-09-25T11:18,63986,db700f9fef98d40d0a9b5c36c181fe4e3d604ad8a96196078c57be387adacf75,2780,0,0,ANO C4 MES C2
ERMG1310.dbc,2014-09-25T11:18,58135,ac1c73a39f57ae66c8423d182d2f5b72dd029e1aa3adc636906135e93edb2d22,2448,0,0,ANO C4 MES C2
ERMG1311.dbc,2014-09-25T11:18,68827,3b41da2dd991eae5655675959195b4c85cdfdae7511cd0d7fc63ad83798d72a5,2945,0,0,ANO C4 MES C2
ERMG1312.dbc,2014-09-25T11:18,56838,f9dca32ceb9ddbdf8a4cddd9bb01f902a133543b4670bbf6998fe4391db53499,2332,0,0,ANO C4 MES C2
ERMG1401.dbc,2015-10-05T11:58,65815,6c2807c61e6bda50870201a570bea38fab1933bd510759894cd9b503e4073bc0,2765,0,0,ANO C4 MES C2
ERMG1402.dbc,2015-10-05T11:58,65649,4dbad1ff7baebd1d60ec381be26864d53ca98f9111ec06362a3530102e3686fa,2739,0,0,ANO C4 MES C2
ERMG1403.dbc,2015-10-05T11:58,52953,cf49745a48028567152a9cf3c2ef867306fdc39bdb8a48362d8bf7595c37e06d,2148,0,0,ANO C4 MES C2
ERMG1404.dbc,2015-10-05T11:58,47061,a3d599d85748a37f8befbbc3efa6892eeeebaa567c8dec1bbb8f2cc4a043d555,1939,0,0,ANO C4 MES C2
ERMG1405.dbc,2015-10-05T11:58,49234,49a2c6954293d49149dfddf8e4039d0f30fcce0eedbc3462ad0633d949084c5d,1948,0,0,ANO C4 MES C2
ERMG1406.dbc,2015-10-05T11:58,45559,9ed7a3e00cad776419e5bd3e9772f231756b01213b4bc54ea445e026cf774f2d,1882,0,0,ANO C4 MES C2
ERMG1407.dbc,2015-10-05T11:58,57348,b500a9e07bf018fa0997f2220bd2d7f60c63610904e3c2cdbdc1114e30609b42,2384,0,0,ANO C4 MES C2
ERMG1408.dbc,2015-10-05T11:58,70568,e119c3d9f5f35ae73c409ba738c3c1ff9bb6719c197dcd6319b054c67158f0bd,2995,0,0,ANO C4 MES C2
ERMG1409.dbc,2015-11-09T10:30,61846,d8ab700d4316a5779c51645337d25a1f47e63496f6550fc26f7e01034dd0dc66,2591,0,0,ANO C4 MES C2
ERMG1410.dbc,2015-12-07T08:58,56287,cac16cba2f1219c60be6b09b10be34e70f7f8a1c419e1d28daf261b716bd6ff5,2308,0,0,ANO C4 MES C2
ERMG1411.dbc,2016-01-07T10:02,47758,29c6ed035f8e3842dd915e539f840c051f38ac7f8877ead28ec4be1dd90017aa,1941,0,0,ANO C4 MES C2
ERMG1412.dbc,2016-02-05T09:10,56144,6efa2e0036c5e80ae7997611b056c77cd6863eebcdf330d2d62166f6022e116e,2355,0,0,ANO C4 MES C2
ERMG1501.dbc,2016-10-04T10:22,50836,84dfa1f3bec57ec1c9c1bfa07f665c26852c66ad415dcad8bac947f9d65717b7,2099,0,0,ANO C4 MES C2
ERMG1502.dbc,2016-10-04T10:22,39929,357570d542d907169f3c993d7a481e1053b12bb7ddbcf13991a9168468d90b76,1579,0,0,ANO C4 MES C2
ERMG1503.dbc,2016-10-04T10:22,46643,a2f7e67c5a81bd64ff52601b13ab1f28452041db73a82e53916b986d77332430,1887,0,0,ANO C4 MES C2
ERMG1504.dbc,2016-10-04T10:22,38551,59ba555a16e498dd006727791879686215b40a8f22fdd80ae7ccec6affae1fe8,1522,0,0,ANO C4 MES C2
ERMG1505.dbc,2016-10-04T10:22,31844,3173707b8a7e9e545ea576b7721fd965af9df65510abb4eb6b7733a5c2745572,1206,0,0,ANO C4 MES C2
ERMG1506.dbc,2016-10-04T10:22,43950,cd5fe990afa849a2df50878be1de3be78bd635cbbbf8197da9579766e07d43a7,1741,0,0,ANO C4 MES C2
ERMG1507.dbc,2016-10-04T10:22,47818,edf876b04b50b57165c9df1b0b2af0b0ebd79369a7fe11eadd6c0bb88650be76,1944,0,0,ANO C4 MES C2
ERMG1508.dbc,2016-10-04T10:22,69760,2d11b5bf957cf3c26e43e002396073f486990905700b1bb1907cb953a8cb9953,2919,0,0,ANO C4 MES C2
ERMG1509.dbc,2016-10-04T10:22,63965,59fe68ee1c9755565b539d5ccbcfeba43321990aeae3a9520a612a66fc044572,2648,0,0,ANO C4 MES C2
ERMG1510.dbc,2016-10-04T10:22,50235,084b6bc1a3bc02cd898f1d7b593b130dc45f0f4d3fb8e7c6c6991ea19f146a10,2026,0,0,ANO C4 MES C2
ERMG1511.dbc,2016-10-04T10:22,48357,44dce2d85f52d40cf1c75811f91617d44a22446a30381666065972968efab3dd,1996,0,0,ANO C4 MES C2
ERMG1512.dbc,2016-10-04T10:22,52137,0c4251781d4889241cd9d8e56b9701e47787f815f38a2f39d4df463e49a60cf2,2115,0,0,ANO C4 MES C2
ERMG1601.dbc,2017-04-10T10:09,53105,cd2d5eec3f54983a3e3fee5a7ea5c4a704b1bc50724abf44eca60119fcdfaeb2,2141,0,0,ANO C4 MES C2
ERMG1602.dbc,2017-04-10T10:09,51628,4a1b600a4ea774a6e4585c3f5f4f68fc68efe0acba9a9e9986956e0dcdc7630b,2132,0,0,ANO C4 MES C2
ERMG1603.dbc,2017-05-05T14:39,49108,de2f2fe67b2d2c2957f9e8c2e509be9f6a16a67f9d5be0551ca0715050683c28,1952,0,0,ANO C4 MES C2
ERMG1604.dbc,2017-06-05T10:00,50310,f148687d560c95d1a99bd7fdc8fb765b60f5aa5fbebd9c15ea5e6b0a407881d8,2027,0,0,ANO C4 MES C2
ERMG1605.dbc,2018-01-08T15:27,50473,a51b5fb5db481dfef69c409a740305b51a8418f0bcf6b5c90cba0945324e82ab,2035,0,0,ANO C4 MES C2
ERMG1606.dbc,2018-01-08T15:27,55281,bd03d37bf5c5ac71b01a0f90db58f23b3caa5c76b1aecaeb1fc7e13028a503e2,2277,0,0,ANO C4 MES C2
ERMG1607.dbc,2018-01-08T15:27,53526,807fb462f901e86e082bbc97e9e4bc30b25ccb434ce85d30f787714221a319b1,2233,0,0,ANO C4 MES C2
ERMG1608.dbc,2018-01-08T15:27,53674,2b3cc7d1d01fee3bdf0bf6e5f0f4630c6dbb3bd7ccd9532a4ade2da3ce69c63a,2250,0,0,ANO C4 MES C2
ERMG1609.dbc,2018-01-08T15:27,51052,89cfd64b19bac6804306260c0a10e9d04111efc9f944fb56916e28094c49fc81,2119,0,0,ANO C4 MES C2
ERMG1610.dbc,2018-01-08T15:27,53425,c297049c13d7cdcb71c10439170ea2d4e300224e6ce628029c4e9a40fa49c819,2257,0,0,ANO C4 MES C2
ERMG1611.dbc,2018-01-08T15:27,60077,084f01da3cab11922a6430e8699c0cd93fe677fd84b13ec795dd4cd4bc99663c,2591,0,0,ANO C4 MES C2
ERMG1612.dbc,2018-02-05T09:38,50586,21bed351afde772a38315df7003c65f31ea21a567a809565d57272a262177e4e,2115,0,0,ANO C4 MES C2
ERMG1701.dbc,2019-04-10T16:27,47376,40093dd2e03e67439acd02db07dc21a10f9589ae1b650a85b4c798d843e38347,1940,0,0,ANO C4 MES C2
ERMG1702.dbc,2019-04-10T16:27,53000,e0928acf0a5d742171b672399e68389c75668a993e921714728cffe4d5b339ca,2225,0,0,ANO C4 MES C2
ERMG1703.dbc,2019-04-10T16:27,50955,f18cae1e701456f068a642213e401ca334cd7776a91a6927055437aed4507744,2101,0,0,ANO C4 MES C2
ERMG1704.dbc,2019-04-10T16:27,57964,4e38c286c4c5e0bc3f2d3c708f4ccb259c5fc6a48c232bafd79ab5c68e5134ea,2465,0,0,ANO C4 MES C2
ERMG1705.dbc,2019-04-10T16:27,56874,bf90148b12e2db9c399bcf5bd28b80e4ec7027913afdaa52c539a488ff821fd2,2415,0,0,ANO C4 MES C2
ERMG1706.dbc,2019-04-10T16:27,70162,0faf07529b06fcf33fbb0dcfa7e277413801393995e54f1d688fc81faea0ccec,3168,0,0,ANO C4 MES C2
ERMG1707.dbc,2019-04-10T16:27,53636,017b35f04428933288bf376e91daf6f6ab16cb1ea2ffa7a6cf53cb7a8a4e645b,2278,0,0,ANO C4 MES C2
ERMG1708.dbc,2019-04-10T16:27,57568,5251f06b0f82d4f78f3ed455184bdfc2659207695b2cf15294f40e509965a348,2450,0,0,ANO C4 MES C2
ERMG1709.dbc,2019-04-10T16:27,55135,9575ce95432a60f5872310dfa8f80c19d503c3872577217c90bed3ac91dfd657,2372,0,0,ANO C4 MES C2
ERMG1710.dbc,2019-04-10T16:27,59971,5a1c37ec9556c85d25468cb66c4768eab54829f3158df78b2608c621295c7817,2556,0,0,ANO C4 MES C2
ERMG1711.dbc,2019-04-10T16:27,64361,25b337bb9ee0e392ed606251aba4e6862bd807942f9e08836d8a08ac6e972b0d,2828,0,0,ANO C4 MES C2
ERMG1712.dbc,2019-07-08T14:45,62735,fba934788ad2ef3c2b49dcd89ba781fe9550f4c947c40c7f89b6b0532a640318,2736,0,0,ANO C4 MES C2
ERMG1801.dbc,2019-08-05T14:40,69840,f49c512452c38f71fcfa6df873ac9dfc8d8e15f5dda280600fd5a390ccd7da69,2984,0,0,ANO C4 MES C2
ERMG1802.dbc,2019-08-05T14:40,56940,43c84caeb9102c16dc7f44d600345ccaf2f5d40fce04aed214e4201dee3c9bf8,2458,0,0,ANO C4 MES C2
ERMG1803.dbc,2019-08-05T14:40,58919,4432fed3d0209798287261de8d0d9195e13385aec25a4d4c73dd23bd4d32985e,2476,0,0,ANO C4 MES C2
ERMG1804.dbc,2019-08-05T14:40,54515,de820eb06ef3193a66c72f3a20b19f4ec6776c6ea495d4db23894076bea2bf57,2306,0,0,ANO C4 MES C2
ERMG1805.dbc,2019-08-05T14:40,57646,7bde2b8e732f4d6f9f878efb1a40237cd7348cfdfbdae101368061728f1258f3,2480,0,0,ANO C4 MES C2
ERMG1806.dbc,2020-01-09T16:49,51492,399e927fa769191245e055e2ef2600fbac525764e988299bab1035f80dbcfaca,2141,0,0,ANO C4 MES C2
ERMG1807.dbc,2020-01-09T16:49,58997,e8c3ca4c1f725c1e9d74fa1266f9dbb4af1f688d41aa9a2b458843f384522fa8,2558,0,0,ANO C4 MES C2
ERMG1808.dbc,2020-01-09T16:49,99026,a878ba658c065284a7494f1aa67b42fdf48c423344cca70f5043edea887e08aa,4479,0,0,ANO C4 MES C2
ERMG1809.dbc,2020-01-09T16:49,59344,81b6b2925dcd4e3c9db428b0256aa2755335801f578a9078d93626c3fe865c5a,2501,0,0,ANO C4 MES C2
ERMG1810.dbc,2020-01-09T16:49,65115,e67a54bfd4738bfc6065b1977353498bc25cffc6f8d5b608f389c70b063ae795,2794,0,0,ANO C4 MES C2
ERMG1811.dbc,2020-01-09T16:49,64913,d772de1ec2646cd4770dfc18745785f4ce509c91b571d27eafd4645b802773d7,2757,0,0,ANO C4 MES C2
ERMG1812.dbc,2020-02-07T15:02,58231,1a30a1653268cc7f8ffab20a1a0bbbb7e8c0190ca80d2bc4d26e7e885b31c30f,2434,0,0,ANO C4 MES C2
ERMG1901.dbc,2020-03-10T14:43,71892,b791a9de7411fec3d1f81c11f93c0209640f9bfd99be16b4b2fad032c3a1eaad,3060,0,0,ANO C4 MES C2
ERMG1902.dbc,2020-04-05T14:39,67511,295cae5e418acd361858792d0592ff2378ed65651ed46f2c86c4376e41537223,2903,0,0,ANO C4 MES C2
ERMG1903.dbc,2020-06-04T13:54,81966,7c85f571f71af707767d1ff3beabc2e6be719f79db0261b237093a24c22fcea9,3535,0,0,ANO C4 MES C2
ERMG1904.dbc,2020-06-04T13:54,68387,172e45204ddc97c0cdd5fa956bde10ce8aef85c80b9bc8b418f7c9f74835fcb8,2946,0,0,ANO C4 MES C2
ERMG1905.dbc,2020-07-04T11:39,71946,a962648559da8418481fd71d752cbf088d7a3ce65ad1903159f4e91652f785e0,3168,0,0,ANO C4 MES C2
ERMG1906.dbc,2020-08-04T10:41,69929,c260163ab45a69e0697ec440dccf6238aacba0b3caf22baa9d08235b4a962477,3066,0,0,ANO C4 MES C2
ERMG1907.dbc,2020-10-06T08:42,66641,d22e700c886e3110521bfb026d7c9cd347b86fd0ebead973af1b25d05277941b,2857,0,0,ANO C4 MES C2
ERMG1908.dbc,2020-10-06T08:42,74613,67fc56cdcef688e7a493c57024282ab6f0412f608939d6fa1deb72556267c321,3303,0,0,ANO C4 MES C2
ERMG1909.dbc,2020-11-18T10:38,69172,bce5dec8400c2165bae7eda37b938c9d20eec6139d36b453de5f7ec9440b8ce4,3015,0,0,ANO C4 MES C2
ERMG1910.dbc,2020-12-07T11:23,66747,e3bda0236baf1714697cb54b6a1c67e0d5faba22cb1ce90bdc17558507a3b354,2853,0,0,ANO C4 MES C2
ERMG1911.dbc,2021-01-14T08:10,76071,f8c5ac6672593bcf7c2cd2c7833a7e01d6dc5bb445df72543a8622045c02b901,3361,0,0,ANO C4 MES C2
ERMG1912.dbc,2021-02-05T10:26,69426,7ee302103843ba050ee2f0a52e338805f2a44e53ec8ffdfd224a79289d5c2308,3033,0,0,ANO C4 MES C2
ERMG2001.dbc,2021-04-05T13:24,66924,400b7cb618592672564c0b9805bdfdd3d6c3d2d824881a14d1ff9d1e11d6fb51,2837,0,0,ANO C4 MES C2
ERMG2002.dbc,2021-05-07T16:35,56670,39741dcbd153f21a951492a3029be590c3723f3cd0468d2170357c54679e9acb,2384,0,0,ANO C4 MES C2
ERMG2003.dbc,2021-05-07T16:35,61709,86cfcce52744433f5747d30afce21c9fc8017dead28c5d42af770494efa635d1,2618,0,0,ANO C4 MES C2
ERMG2004.dbc,2022-01-10T14:22,59642,887174b5046a8956ec8225352ab4b73ddad1742761423b6a6c7e5586e7068aee,2562,0,0,ANO C4 MES C2
ERMG2005.dbc,2022-01-10T14:22,59974,3299306c9694a4a319e5e7dcdcc48264229365e4cff241f87b0282df9572988e,2566,0,0,ANO C4 MES C2
ERMG2006.dbc,2022-01-10T14:22,72179,64fea932aed38414f5ae1b56456039fe3eddc434c5f5632f55ac51369b2dbb12,3087,0,0,ANO C4 MES C2
ERMG2007.dbc,2022-01-10T14:22,70925,40398fb521d06cc84719aa2ccd4d1104972660a0b9fe305c0cf5e3e5a5095ad2,3069,0,0,ANO C4 MES C2
ERMG2008.dbc,2022-02-07T10:04,64449,4a8a5b7788c950ff87b23f945d047a335a9f2c1934f1ae665f603e77a2ead52f,2783,0,0,ANO C4 MES C2
ERMG2009.dbc,2022-02-07T10:04,81013,7968b1d1eb40cae5980da4cbf5a5e1714e00473fbe1e2a9e7e5813f95845df14,3556,0,0,ANO C4 MES C2
ERMG2010.dbc,2022-02-07T10:04,79104,17cc8a31c61b01769a01a095660f621696c25cf88aa8057cd29ddbf95ee5b91c,3429,0,0,ANO C4 MES C2
ERMG2011.dbc,2022-02-07T10:04,94254,c717f46216a5e3655228547f25c53c562b739d33751365881590bc3fd740457e,4106,0,0,ANO C4 MES C2
ERMG2012.dbc,2022-03-07T13:12,111471,379c450b05799d4254ee60911d36bd830090c99ec9efbab28281000ec5aa9f05,5007,0,0,ANO C4 MES C2
ERMG2101.dbc,2022-03-07T13:12,124692,28b58370599a4a0be1e0f555401fc105e2d91004c7a135f87bd91341a0d16829,5624,0,0,ANO C4 MES C2
ERMG2102.dbc,2022-04-11T19:22,116436,aa9a10e3b27280b78fb221cb2f87930fb3e5a1d63e1fd138c5359828802bb494,5249,0,0,ANO C4 MES C2
ERMG2103.dbc,2022-05-04T12:32,148632,7a3a92bb54970c4e06c6bd45dded75305fdee351b99d42bc9ad3579487032c05,7035,0,0,ANO C4 MES C2
ERMG2104.dbc,2022-05-04T12:32,129913,0a7056e8b603112ba36a7beaa1a453a9ff0212b885995d80febe2cc7a75b2dde,6052,0,0,ANO C4 MES C2
ERMG2105.dbc,2022-06-03T13:03,109797,33c28cf80b76ff8c2f6aedea28a0dc5160c1d086d5aa88a432acf234d945047a,4865,0,0,ANO C4 MES C2
ERMG2106.dbc,2022-07-06T13:10,105825,ef5fed9db3ff17e999e93cf6e2c6990ab74bd80838078d65d903e347a93b522e,4682,0,0,ANO C4 MES C2
ERMG2107.dbc,2022-08-04T15:38,90237,f3b859592432242bf20d32fa86dcd74ca77ddacfc105402519b3e0d53c091475,4014,0,0,ANO C4 MES C2
ERMG2108.dbc,2022-09-06T11:15,101393,e815044fdc79e52ca0c2a45cb07dde1e62b797992841a752f26c08ce75212a9f,4571,0,0,ANO C4 MES C2
ERMG2109.dbc,2022-10-05T14:25,75094,5a196072225a79f2b458ad12cd0efa3e1c46bcb988d36bffb4bf6cd5ab632ef8,3265,0,0,ANO C4 MES C2
ERMG2110.dbc,2022-11-03T17:54,75823,28af4cb5ff2502625ebf9f9d382038528302e94a844ffefd1d823c92d7eb6063,3324,0,0,ANO C4 MES C2
ERMG2111.dbc,2022-12-06T16:21,79604,551ad4ecaa98bc2a8c9c1a93d54edeeea5349e03a7ece4a65cfe2d1ec64053b2,3535,0,0,ANO C4 MES C2
ERMG2112.dbc,2023-01-04T12:45,80669,0e52e0bdf67319e65ad911b76e04dfde40edfaf7fef29843629fc34c3d8b6e32,3514,0,0,ANO C4 MES C2
ERMG2201.dbc,2023-02-06T13:00,86845,7f854954d49b762d670005204e85828875490ae383309abcfa3fbf452c80b026,3738,0,0,ANO C4 MES C2
ERMG2202.dbc,2023-03-09T16:42,84646,01a0f60e99b3dece27df1fc8e00dcf184e83960a949870a5189d222b8861615a,3686,0,0,ANO C4 MES C2
ERMG2203.dbc,2023-04-05T13:31,90118,33f1d676a12699d99f73cefd609a866839025ddbbaa27f6d38de7fe773ae9c61,3827,0,0,ANO C4 MES C2
ERMG2204.dbc,2023-05-08T14:30,83439,88b1fdbe72dc735a865208d0059ceb085fa05870fa52c08f8f0d7357cc244781,3600,0,0,ANO C4 MES C2
ERMG2205.dbc,2023-06-05T11:31,102889,5ce4b32a5230c73dc2bcaad46860f7d34eb2e19caf2394e4820f44469fc3b3db,4492,0,0,ANO C4 MES C2
ERMG2206.dbc,2023-07-05T12:43,106555,6b3789cac4d9ff40b8dcf9fada5a13f65930ceaf954ef017451511b3e1aa19aa,4752,0,0,ANO C4 MES C2
ERMG2207.dbc,2023-08-03T16:36,97731,ea8529cd7b1c7728d7861be52729550cf13db9d482ef3322dce187f18e8b97af,4332,0,0,ANO C4 MES C2
ERMG2208.dbc,2023-09-04T21:02,98751,5fa0434d4ef0b824333929a60ffeb38e7b788ddcee634d9525bd1b5d434d6a45,4369,0,0,ANO C4 MES C2
ERMG2209.dbc,2023-10-04T17:02,99202,4dec784acf813082de8af5f143919337b7c4fcecb27fe3010fc32093222bafca,4385,0,0,ANO C4 MES C2
ERMG2210.dbc,2023-11-06T15:49,93377,fbf8b1cf385581faa1ae1afeac1cc9eb783ff8b4d3f7d0070147b57913367876,4174,0,0,ANO C4 MES C2
ERMG2211.dbc,2023-12-05T14:58,91886,d42e44f637c1110b44ea58cc05fb420a4bebe49f3aef19de1146a8c7527285bc,4116,0,0,ANO C4 MES C2
ERMG2212.dbc,2024-01-05T17:49,83669,1bfa70aefed45a19d64b3599a50acab4eaffc06be1565d1d9ef85bb54a2240ca,3641,0,0,ANO C4 MES C2
ERMG2301.dbc,2024-02-05T22:50,75795,c1924d8a5883401ea9809f10680c3f9daf519caff7a933f861d539b947d61c2e,3300,0,0,ANO C4 MES C2
ERMG2302.dbc,2024-03-07T18:40,66955,cdc46af4f87e34464041b819cdc887dea08b6428c4ebdb870bdb2b7370bba44f,2792,0,0,ANO C4 MES C2
ERMG2303.dbc,2024-04-09T14:24,67920,7cc106409b025cb0e9fd1ee00477ee90b2abf7c86bf32c19c4b7fad77d73e8d0,2938,0,0,ANO C4 MES C2
ERMG2304.dbc,2024-06-16T01:07,86175,8f95100cf4385de0198e11996444cb9721c56e6ee32a7e9c43b72975d1c3c3e1,3917,0,0,ANO C4 MES C2
ERMG2305.dbc,2024-06-16T01:07,78346,cb5b55d7bc6f77e9ea6006d3b2534b162815072990ac5f4aad9bfa12752cc7df,3387,0,0,ANO C4 MES C2
ERMG2306.dbc,2024-08-05T14:43,80595,87379b7eb4b1a762043d384dcfc90ffd3cadd86ba837a3eebab9d8be9cb1dd7d,3534,0,0,ANO C4 MES C2
ERMG2307.dbc,2024-08-05T14:43,70267,abfd82e5fb18a6b8fe9b0da42a8c7ff71c1995ea5e212aeb1e201df37350737c,3022,0,0,ANO C4 MES C2
ERMG2308.dbc,2024-09-05T10:27,77425,a918b1eb4e8bf02346a9d61aab44f7e7fb2eddf12c903df3ec5f5c0129b40512,3499,0,0,ANO C4 MES C2
ERMG2309.dbc,2024-10-08T12:05,67529,791a4d1491c9569f33bee8c2cc3e781ba0e6ce2911bb98f27fc4c60068e1b79c,2881,0,0,ANO C4 MES C2
ERMG2310.dbc,2024-11-07T15:41,71700,faa84d9cbb0a5e7b21453945e8176e85615b3bad0ba7f5b9cf2a86dcefc4da36,3068,0,0,ANO C4 MES C2
ERMG2311.dbc,2025-01-05T18:55,78016,699ad469c990f75874ae84a13931c59a1329962fed2255712da64ed461cc0c8a,3393,0,0,ANO C4 MES C2
ERMG2312.dbc,2025-01-05T18:55,74747,4cb95ea94495063481a45b78104941187536a6152c7a164ba0a5e09180d84d49,3253,0,0,ANO C4 MES C2
ERMG2401.dbc,2025-02-09T21:24,72765,7eced4077d1f9b51cf04286f0242fde5c3ddf663a3817c7c14629f0286f86215,3130,0,0,ANO C4 MES C2
ERMG2402.dbc,2025-03-11T23:45,70696,79742224c6bb029bf97a0f7ac37f313f821ed33fd963e24460577e7f2c73759f,3109,0,0,ANO C4 MES C2
ERMG2403.dbc,2025-04-05T12:12,88577,2279dead184772d0db6365c0b879e60caa2abb3166fa4948f4d0d8169490f094,3960,0,0,ANO C4 MES C2
ERMG2404.dbc,2025-05-08T08:06,68492,42d40b5fe5e76c71d30698d5a03f825eb73a6b41d23869b3f69184fc4a154d51,3015,0,0,ANO C4 MES C2
ERMG2405.dbc,2025-06-06T10:44,92014,2c8ac59bb440931579ecd0ef2eef89472f1891bbb6f192de887b3c2c5bad6334,4113,0,0,ANO C4 MES C2
ERMG2406.dbc,2025-07-06T11:29,84296,3f64ed8723c1d02154f502feb9d62876ebebdb3c6db824bbb4b5c751dd09bdcb,3741,0,0,ANO C4 MES C2
ERMG2407.dbc,2025-08-04T07:13,90561,1a04de2e0bb9ccb056983e829ef164223669ff9f67e94351ca9e0b510d944e1d,4057,0,0,ANO C4 MES C2
ERMG2408.dbc,2025-09-05T12:54,91463,2bd7fe6576eb02ed06a4914683b6a3435b819ff72345c64ea9241fff919ba516,4168,0,0,ANO C4 MES C2
ERMG2409.dbc,2025-10-06T17:04,85502,53cc0963834cb4a453c8f1877d4aef1ced98f2228bef6128e7dedc4f79b46c0e,3792,0,0,ANO C4 MES C2
ERMG2410.dbc,2025-11-06T16:21,87818,2f6ed41c27e2940b773c9a9b594b6fd3c6557aaf65fe1c531f47c4610fbac7c4,3842,0,0,ANO C4 MES C2
ERMG2411.dbc,2025-12-05T20:17,97833,b02798a49f8a02b74ea2e5b8055e0794da0c7fa5d871cce52874eedb72f1dacd,4466,0,0,ANO C4 MES C2
ERMG2412.dbc,2026-01-07T19:03,87767,adb15aebd7da98fe817bfaa2f1f26f5ca43734aae6ee7da91ed55fce2ecd5c44,3892,0,0,ANO C4 MES C2
ERMG2501.dbc,2026-02-08T14:13,90629,2dfe3c85dc91f4143bdeadea78aa8cd3d18440e48417634406b9788365c81cf0,3916,0,0,ANO C4 MES C2
ERMG2502.dbc,2026-03-06T22:13,81336,509f8458b4d990ca469f6b5415abad15409ef9b75ca092266c9c3b6cb0884d6d,3550,0,0,ANO C4 MES C2
ERMG2503.dbc,2026-04-07T07:24,102174,cbb14e87f74f8130978e34658dd7fb8e4044c2a7fb98000942b94c65c1e07b97,4638,0,0,ANO C4 MES C2
ERMG2504.dbc,2026-05-06T19:00,91685,89873bb62c06dc41417a74ca8dd71064945133857a34e4beb4ade8e0203cba51,4109,0,0,ANO C4 MES C2
ERMG2505.dbc,2026-06-06T20:15,100811,01e23403283b059dd64b1457ef4aaac350d75c1a30e99530c88131a7306390bc,4598,0,0,ANO C4 MES C2
ERMG2506.dbc,2026-07-06T15:10,121027,793466afeef5ba07b9c43014a282ca162f96d08bd6861d87afd636d524ad65cd,5560,0,0,ANO C4 MES C2
ERMG2507.dbc,2026-08-07T12:25,120400,6b215ae145810ce5688f0ebaf70d24f2d3e6f060c7951b5d4827c10cccb3ecaf,5446,0,0,ANO C4 MES C2
ERMG2508.dbc,2026-09-06T21:27,125435,9b1428461026b77bd3106d1bdd564a6285ba72d0f12cf22a334df7c852078581,5632,0,0,ANO C4 MES C2
ERMG2509.dbc,2026-09-06T21:27,108325,7467c6e38bd81c98ea610f1e80ea680b2cc7a4b3ecd8c91d30c6d1d16dd29f2d,4825,0,0,ANO C4 MES C2
ERMG2510.dbc,2026-09-06T21:27,115436,fcadc1b7c638deb150b570f9eb9d38b5469521a5dc00b163c75b11236365da82,5216,0,0,ANO C4 MES C2
ERMG2511.dbc,2026-09-06T21:27,107806,04512031cf2f869d61df7c3b162f9939338eb24bb9b979183453ba523fb53fc5,4740,0,0,ANO C4 MES C2
ERMG2512.dbc,2026-09-06T21:27,108817,443e308a833c6969100d972875e0d6ae74b1b5253ceda12c6451e946d61f705d,4847,0,0,ANO C4 MES C2
ERMG2601.dbc,2026-09-06T21:27,111388,a641235341c0ee56feb080e69b46ed4915606bdcc2e7f9ad4ed2590bf5667597,4879,0,0,ANO C4 MES C2
ERMG2602.dbc,2026-09-06T21:27,117309,cfa689def7b983eca928ed4cf61d7953eae7bc1d98d4801f675532d414a9f26b,5254,0,0,ANO C4 MES C2
ERMG2603.dbc,2026-09-06T21:27,87872,25e1ef300e0156787b832ee50664f7051680bb9b36675c5f885a3bcf8a696afb,3844,0,0,ANO C4 MES C2
ERMG2604.dbc,2026-09-06T21:27,101023,479a9595086fde8f07e42f8afecc743ebe568f4174bed4f35045a6d2df868523,4391,0,0,ANO C4 MES C2
ERMG2605.dbc,2026-09-06T21:27,103927,6893d178cb20727b1f30949e7693972c228264aa891839c525a41e7efe48d3a6,4621,0,0,ANO C4 MES C2
ERMG2606.dbc,2026-09-06T21:27,102137,f5cabebb8f00e9a10668d8e39b9c291bda507c27e6e715420824c328ff09430a,4485,0,0,ANO C4 MES C2
ERMG2607.dbc,2026-09-06T21:27,110972,2fac9f98753fee49af5eb5fc2b14041a9344704a4e921bd3af11fa073c71fa3e,4889,0,0,ANO C4 MES C2
ERMS1101.dbc,2013-11-01T11:28,16413,7142eebe0f67bc9e3ac7f72f3c0f54e2c9ff342618fa1c2b97a5a6f6a968ea43,678,0,0,ANO C4 MES C2
ERMS1102.dbc,2013-11-01T11:28,24886,041c96fa3cdf9ba6752933f353365868484b67678844e5aedf85c70aa137d8f6,1175,0,0,ANO C4 MES C2
ERMS1103.dbc,2013-11-01T11:28,18915,83eaeb458ab23a5dadb7245f8067aa7a0928fac952c47555d43f111c09c78032,799,0,0,ANO C4 MES C2
ERMS1104.dbc,2013-11-01T11:28,19695,acc295b1602ce05d19e826208bfbc552f6700c67ba167952f9a1ef47b7b1d8c0,864,0,0,ANO C4 MES C2
ERMS1105.dbc,2013-11-01T11:28,22315,e09dd87c7f5c85ad092d270f6448c301c005b2b82d3655c76a1b0504a410dec2,975,0,0,ANO C4 MES C2
ERMS1106.dbc,2013-11-01T11:28,28551,ba23327fb308d027621ba80ed39c8c1b5dece696b30c269a38e8c3d18081717a,1295,0,0,ANO C4 MES C2
ERMS1107.dbc,2013-11-01T11:28,25028,4b2fcbb2d0811f097919331fa4a174bd898477bf0d5260c19ac4680cb5f2d6ee,1094,0,0,ANO C4 MES C2
ERMS1108.dbc,2013-11-01T11:28,30117,a32a7af78ff857e17a3f1ce0bfef8439bc192cee141542b93db450b22e715ba7,1333,0,0,ANO C4 MES C2
ERMS1109.dbc,2013-11-01T11:28,25630,c7a7e6b3ec9b33f85a3944729691c860edf5c94b810f882d4647a42b31bf5ccb,1131,0,0,ANO C4 MES C2
ERMS1110.dbc,2013-11-01T11:28,25004,d29b2d5698bdbdabd28188af30a0cc27b1eca4361e10f8fe81fe56b035f5ebcc,1115,0,0,ANO C4 MES C2
ERMS1111.dbc,2013-11-01T11:29,23689,6607ca957ace18cda9620965931b20ff6c55783f6d8f413048f0f6c81ca51bff,1069,0,0,ANO C4 MES C2
ERMS1112.dbc,2013-11-01T11:29,23156,2567e805891852ec0763d447fc11a8aaead7988bb9e0369bc96252598091ed8f,999,0,0,ANO C4 MES C2
ERMS1201.dbc,2013-11-01T11:29,26151,05949a0fdc9074c73f9e8c17905b17c4ec3ffbcd1b6cfd20ee8a8a03a16ac936,1200,0,0,ANO C4 MES C2
ERMS1202.dbc,2013-11-01T11:29,27320,a9160068e1bd2b84b3f061a4babeb9c4dc2d7f9cf6b897f581eba040028db2f6,1212,0,0,ANO C4 MES C2
ERMS1203.dbc,2013-11-01T11:29,21005,549dd169e23406f61d461d4b3558beb6265db0f68f796e8948d3579a455143b4,900,0,0,ANO C4 MES C2
ERMS1204.dbc,2013-11-01T11:29,19322,58ff9852e0e0043f2cbbff67f3f4fb5a3db7e6ee662d7be0b93b7b9a566ed5a8,817,0,0,ANO C4 MES C2
ERMS1205.dbc,2013-11-01T11:29,16816,156e2d4189b77688f3af9cbcc961f63ac330f0ce5176b005b3e7bd020e8ee678,683,0,0,ANO C4 MES C2
ERMS1206.dbc,2013-11-01T11:29,21796,fcf5d846d8a7d8ccb87873b1aa5babd3280d89d87215febbaf819bac8374d956,951,0,0,ANO C4 MES C2
ERMS1207.dbc,2013-11-01T11:29,22230,0aa9a2db20dd3043f466ef1e390e2b75505f51a9aad96d95e9a8156d0b36c322,1020,0,0,ANO C4 MES C2
ERMS1208.dbc,2013-11-01T11:29,24990,f06a7d6718c6a6ff4eed8bff3e91db35892dad813cac3f57a1d4a2569ce94adf,1114,0,0,ANO C4 MES C2
ERMS1209.dbc,2013-11-01T11:29,25664,ac33b8622c47bf2409a00348ad063c64835b85dc8962f208a03e389b64fffd44,1187,0,0,ANO C4 MES C2
ERMS1210.dbc,2013-11-01T11:29,22606,463b15138dcf54ef0457fad9ec9765e3394ce9e761c76c185b89ca6575351db1,987,0,0,ANO C4 MES C2
ERMS1211.dbc,2013-11-01T11:29,25675,f381ac57c2d6137d75405e4cb99266abefc76bd9a5a589401b00295d3a4973c9,1203,0,0,ANO C4 MES C2
ERMS1212.dbc,2013-11-01T11:29,22178,89164fcaf43fd2323f3d5680c53cdd0e58be7cd4e3d7f3db20521f50d5cccca7,989,0,0,ANO C4 MES C2
ERMS1301.dbc,2014-09-25T11:18,22138,9bf6dbff39990bfc9651e6eed2670eded17d062691a89c1d8fe8110d0e31255c,966,0,0,ANO C4 MES C2
ERMS1302.dbc,2014-09-25T11:18,23138,22c3b4706e58cfe4f9b6e7788d92d0ffdf796ad2b9872bfb646520fd6da122e0,976,0,0,ANO C4 MES C2
ERMS1303.dbc,2014-09-25T11:18,22421,2278071450361e0d2a5e0ae19a50962fff50f940195de8b6790aff2525234241,962,0,0,ANO C4 MES C2
ERMS1304.dbc,2014-09-25T11:18,25596,ff5c0d50246e96ea361700aa705f899d15f87a078da21252bb00dffe9bad6ebf,1131,0,0,ANO C4 MES C2
ERMS1305.dbc,2014-09-25T11:18,20212,3391261b882d4c9927a538d340b5b823b9bd94e8fb239b93ac8a75786309f984,863,0,0,ANO C4 MES C2
ERMS1306.dbc,2014-09-25T11:18,19155,fe65fcd1ea7585105ee9844df5473e6faafee719a2e1e16a4b67bcb3c33bc8d7,823,0,0,ANO C4 MES C2
ERMS1307.dbc,2014-09-25T11:18,29020,03ce29b66bd41dee232db3fd89970943ce38968d09c1305867ea01926fb51b09,1391,0,0,ANO C4 MES C2
ERMS1308.dbc,2014-09-25T11:18,21386,f955bd3222c224cdf2ff697b5afc941bdc28b0ec840d155b9571d34ab34682e8,902,0,0,ANO C4 MES C2
ERMS1309.dbc,2014-09-25T11:18,23424,7008767e4314588918cac6d182963c6cc840532b6e733c6d9337bd14b838c49c,1029,0,0,ANO C4 MES C2
ERMS1310.dbc,2014-09-25T11:18,19326,2bdf21273582a4121eb1e78f3bd7b41ff6367c11f2f5dbd176aed0dea613a702,834,0,0,ANO C4 MES C2
ERMS1311.dbc,2014-09-25T11:18,19998,6ef2e24d72bd15e6ae77dccb5e26420d4fb3083072804528bf03c7c1c4fca9ea,843,0,0,ANO C4 MES C2
ERMS1312.dbc,2014-09-25T11:18,17665,7e9db4fe51bb3b1a03adb88fa63ebbe1b7ef51595628edba8a75d3d2855d2de5,729,0,0,ANO C4 MES C2
ERMS1401.dbc,2015-10-05T11:58,20235,37b55446d8e87bb288bc60815b985c2c72a5d2447f607b38a05a8135b7c09fb2,855,0,0,ANO C4 MES C2
ERMS1402.dbc,2015-10-05T11:58,21060,5cb59fd2e83808ff73d4b0ebe788c3bdfbbaf70de8de93d83240f4b5a9ac6652,889,0,0,ANO C4 MES C2
ERMS1403.dbc,2015-10-05T11:58,17147,f7048070d842ba3cc4c45d40bd694c0bdc1da74b9f95481fbd444dfbb8ad620f,711,0,0,ANO C4 MES C2
ERMS1404.dbc,2015-10-05T11:58,17355,4287d977214e19c8375fed75280fbf8dedc6de4c3d2f61bced391be676e6e7ac,730,0,0,ANO C4 MES C2
ERMS1405.dbc,2015-10-05T11:58,15583,913ad7fc0d2bad91247f0f4db8d4bc2b083aa578c676e2a7e78746f472e23b96,644,0,0,ANO C4 MES C2
ERMS1406.dbc,2015-10-05T11:58,17398,c5184aa4953f0f710d8bbe79270a66d9014a4895210a590a35c1b7dc06c82ea2,720,0,0,ANO C4 MES C2
ERMS1407.dbc,2015-10-05T11:58,19312,ff98ec627d3833650d805ac44e17a1c15fdedc3888177f6073963c0aeda0a0f0,805,0,0,ANO C4 MES C2
ERMS1408.dbc,2015-10-05T11:58,19269,512ddf15265d588a732cabfa32149735f2aaf93527c47fa0e50e2c1b8a4f8054,799,0,0,ANO C4 MES C2
ERMS1409.dbc,2015-11-09T10:30,19472,690f8abde2aea7671f1a3fa0e7d7af21c80d4666832d72c900af3d4083b77105,844,0,0,ANO C4 MES C2
ERMS1410.dbc,2015-12-07T08:58,18857,d557d3666dfb58f05f1ba5702f360d9daa2688628c00ad535fc09a6b2e63d49a,782,0,0,ANO C4 MES C2
ERMS1411.dbc,2016-01-07T10:02,17502,7c689960ffd18e49ec3ebcbf06736aec0f69f5abed39a8dcedef0657ff3a8e2f,725,0,0,ANO C4 MES C2
ERMS1412.dbc,2016-02-05T09:10,18557,c4c3446ca6abbd27405384624325aab320d9249b0915a7dac54e9bae905fa8d1,781,0,0,ANO C4 MES C2
ERMS1501.dbc,2016-10-04T10:22,14707,eab0bed54889d78128ddd0475eb28415c944f00bfbe85a94b75f794b9f7e138e,582,0,0,ANO C4 MES C2
ERMS1502.dbc,2016-10-04T10:22,19933,cd61389bea8924de61fbe425c99bc2dcfd4a6abff76b614dd7bfea8412406d27,837,0,0,ANO C4 MES C2
ERMS1503.dbc,2016-10-04T10:22,12926,9c629c762948f32db7adbc9cc07a76b9747a7f18742cb92e57231c4420a00916,516,0,0,ANO C4 MES C2
ERMS1504.dbc,2016-10-04T10:22,13237,edb001b51d1b69621f709ede7fa4cff0a9ff075375bfb0e56979fa2348500811,523,0,0,ANO C4 MES C2
ERMS1505.dbc,2016-10-04T10:22,13828,88af7c5cd1b9e1d2a0cb00de39673a1bf68b16e6086cb04d514ce5375ac60f92,555,0,0,ANO C4 MES C2
ERMS1506.dbc,2016-10-04T10:22,16880,d73a56417827952de0a9c03e0c3887d4a0b2c5f58664b8794786e9290c5cdae1,690,0,0,ANO C4 MES C2
ERMS1507.dbc,2016-10-04T10:22,14470,a3e105c0187cf447c1800bfc01c97e906a43bdbffafb114cb43287191996e6a7,573,0,0,ANO C4 MES C2
ERMS1508.dbc,2016-10-04T10:22,20370,ff6f06ebd6697b5a02642659bdc2a6e6f8e54e562de7820e35a4dc319afd3601,873,0,0,ANO C4 MES C2
ERMS1509.dbc,2016-10-04T10:22,15192,14d695c63a4320cb6609a908576d9c71490e145a7f4ed546f12ccdac5cf2e4ea,619,0,0,ANO C4 MES C2
ERMS1510.dbc,2016-10-04T10:22,16715,52a9299a4a66b87c1d68d81af7d0f37a43c40d38cd9fa16e9a25346a48d099ad,697,0,0,ANO C4 MES C2
ERMS1511.dbc,2016-10-04T10:22,19747,d70a71c76b427509bd0a4dc7b1bde25a7f9c874b7021eb6d4defcedb1d0939ed,847,0,0,ANO C4 MES C2
ERMS1512.dbc,2016-10-04T10:22,18975,a45f301e1148c02611a889eb45b53b0bf7b6443681d4f9da06408f9b2281f6ad,807,0,0,ANO C4 MES C2
ERMS1601.dbc,2017-04-10T10:09,21027,1b12c581031d971680cbf25fbefe063caef7d7f3514e9cd87f7c79ca816ab4d5,890,0,0,ANO C4 MES C2
ERMS1602.dbc,2017-04-10T10:09,19019,0ad5222b934bd9650410df2792f2bc50461a2cc36824a0f8c37f04ffb7b2a2f0,814,0,0,ANO C4 MES C2
ERMS1603.dbc,2017-05-05T14:39,16018,6b4e69c8edc022efb75166450e0983be7afbf0479f3e080ad45c8d46d304b969,679,0,0,ANO C4 MES C2
ERMS1604.dbc,2017-06-05T10:00,20446,433fbb96251d7adb86436bdec3d771c90002ceaaaf8662110daacc150a5c401d,868,0,0,ANO C4 MES C2
ERMS1605.dbc,2018-01-08T15:27,19289,360dc2736de17ef1cc8fb3fed5afad96aa9576f8be857b69af6b700874590d45,845,0,0,ANO C4 MES C2
ERMS1606.dbc,2018-01-08T15:27,28450,9ef8afa859c3576a4cb062e0812715864f2b12936e165a04a13035b2b7ea160e,1290,0,0,ANO C4 MES C2
ERMS1607.dbc,2018-01-08T15:27,21956,1fd9d70b5089da513db5674acf268f3b6e1e139fdb0661681ed2bbb24da56281,963,0,0,ANO C4 MES C2
ERMS1608.dbc,2018-01-08T15:27,21501,6844182d9ba9220a983797fa208f66f289e621d30eac38984a5804c7df47189a,919,0,0,ANO C4 MES C2
ERMS1609.dbc,2018-01-08T15:27,21633,3417ff22b27ede91c1bd86f18609cd7ea9dc90a007ae294f6f11b41e77783c02,927,0,0,ANO C4 MES C2
ERMS1610.dbc,2018-01-08T15:27,19911,071468cfaef0957a6fb2459ccb511ce36f75874934840a5b149b5e9bbc1db12e,846,0,0,ANO C4 MES C2
ERMS1611.dbc,2018-01-08T15:27,18587,91289f139cd8e12b5f54abc57c58b3d5e6a1d9137dbc9912e5486146c6672634,783,0,0,ANO C4 MES C2
ERMS1612.dbc,2018-02-05T09:38,20374,eaf17fbdc6ad40ab5a56bf6d26502969d8b16d89500c4b9ca3e32b0ef846ebc5,862,0,0,ANO C4 MES C2
ERMS1701.dbc,2019-04-10T16:27,17146,c2564cce5828ad0b937eef8f4fc1f375de3e32ee63ac2a1157260272e931ea08,703,0,0,ANO C4 MES C2
ERMS1702.dbc,2019-04-10T16:27,21948,b8b56f22658dc8dbac40892324a2d4acbfe778caed7af2608c13a40491668bdc,940,0,0,ANO C4 MES C2
ERMS1703.dbc,2019-04-10T16:27,19840,8d930e86c7780f40dcea55f64ad8cb268b09db4638725ff8f427ee6040b77078,849,0,0,ANO C4 MES C2
ERMS1704.dbc,2019-04-10T16:27,20784,559afaf47ea7766d3b6e8625f918d836e18b765f94e713e2588c53cb4cdb4828,878,0,0,ANO C4 MES C2
ERMS1705.dbc,2019-04-10T16:27,20807,65676a9455fb40889ab80e5861802dc0e2e1e9f375f126740fca9baea869ada5,887,0,0,ANO C4 MES C2
ERMS1706.dbc,2019-04-10T16:27,19025,f14f1e044c9b95075c49500535e9f322fdbe5664efb90a254380eeada92ac5ac,806,0,0,ANO C4 MES C2
ERMS1707.dbc,2019-04-10T16:27,16753,54db7e733dacecfd9b3d3a580bdf0ffe4c223b20c6f6a10644e70a27f2e2a25d,682,0,0,ANO C4 MES C2
ERMS1708.dbc,2019-04-10T16:27,16993,9ac03c61f04f8cdb6601ae911201cb3cff84957dbec489ae4941505d427eb765,704,0,0,ANO C4 MES C2
ERMS1709.dbc,2019-04-10T16:27,12973,f8fb45637efe61a16d250fb8e47fb3b0d86feaf4a7620c70340b3cc60529d156,506,0,0,ANO C4 MES C2
ERMS1710.dbc,2019-04-10T16:27,16396,e6f790ffb71e0188ec71d820ad50bd889385424186f12a71982630ddf4119847,672,0,0,ANO C4 MES C2
ERMS1711.dbc,2019-04-10T16:27,16578,2bd155882b301f45ee2ab744fb30e982be42ce95c88bcb308f7b519ccf903959,691,0,0,ANO C4 MES C2
ERMS1712.dbc,2019-07-08T14:45,17285,65e4b8b2ce5d52ba348a0412b6db69bca88c14635dac51c8af6f4c0bd2be7077,724,0,0,ANO C4 MES C2
ERMS1801.dbc,2019-08-05T14:39,18461,6b288670b0948eec284dcf663e00df8b829619e74bb0efd3d2f197596d52bece,809,0,0,ANO C4 MES C2
ERMS1802.dbc,2019-08-05T14:39,15911,7c1dbf2f5c3e97103344bb1a2d4b469e379e0ec032a28f2210fefd6b11457d63,711,0,0,ANO C4 MES C2
ERMS1803.dbc,2019-08-05T14:39,22106,dbac1df8723ad0bcc74ce1ece3549f61180bf03cbbb95b0e2ea93f2793876174,1017,0,0,ANO C4 MES C2
ERMS1804.dbc,2019-08-05T14:39,23038,2fcb05150d29d1c920b7612c29bf6babe3e69a371abcd309fe050a8344a6aad9,1080,0,0,ANO C4 MES C2
ERMS1805.dbc,2019-08-05T14:39,24051,dbb129b25b32b023e44385065956a9a4890484a9af48f75d715f2249d429dd63,1105,0,0,ANO C4 MES C2
ERMS1806.dbc,2020-01-09T16:49,20438,3e6e0c2cd7076789c39074f8b06c282000e714f147fb5c7f0880a887491d031b,902,0,0,ANO C4 MES C2
ERMS1807.dbc,2020-01-09T16:49,22953,5c34eff0d4083597526e583874908d8a09786c04a9f7080a234d6ed4d6e6404c,1041,0,0,ANO C4 MES C2
ERMS1808.dbc,2020-01-09T16:49,22581,fc58e03d92c8d125e3cb3dc84394d56e58e60ea8a2f23c2f6575ef9cd24fa8cc,1011,0,0,ANO C4 MES C2
ERMS1809.dbc,2020-01-09T16:49,23341,0e6002fc419352adf3feb4b7933da5405dea672b78f484b89dc404252bed0621,1020,0,0,ANO C4 MES C2
ERMS1810.dbc,2020-01-09T16:49,21260,d52d80fd4e5d63e763e865ee90a2999c1831dd94daa18e1767e91e05376ba916,939,0,0,ANO C4 MES C2
ERMS1811.dbc,2020-01-09T16:49,21967,ebefc1b209e991b74168e29d734cbfb14de1f10a4d827d524c8f2ee6b52f234c,971,0,0,ANO C4 MES C2
ERMS1812.dbc,2020-02-07T15:02,20832,37de618988bdac3030f984b24adf4e6170c43f967565dc5d9a8740bb06ad26c6,923,0,0,ANO C4 MES C2
ERMS1901.dbc,2020-03-10T14:43,20601,67a24e164ef7c7211923d4ceacae313a2674c91ac9b3176978955211f162d590,901,0,0,ANO C4 MES C2
ERMS1902.dbc,2020-04-05T14:39,21244,86a163690f1de63291291f84717bd76db12a3a54ace695a70a7d939156477952,946,0,0,ANO C4 MES C2
ERMS1903.dbc,2020-06-04T13:54,19475,f4454cbd800f88976e539b06c0d17039000b107927bc1aace82d7f95d57acfce,861,0,0,ANO C4 MES C2
ERMS1904.dbc,2020-06-04T13:54,20685,81e81107e474ccdd7f9b24342ed12d013e223adf8d1e8178b013fc459bb1f78a,933,0,0,ANO C4 MES C2
ERMS1905.dbc,2020-07-04T11:39,25181,5c9c9aba36e46cf64aed48bbd7164383c2e31b3580166fa507545cf526a5e849,1097,0,0,ANO C4 MES C2
ERMS1906.dbc,2020-08-04T10:41,22321,1be45328b13d671597be4d4a29b0510811f8e56b6dd25c5bf8804e000b4547ac,974,0,0,ANO C4 MES C2
ERMS1907.dbc,2020-10-06T08:42,21410,278e30c996bec2d3f6320338e56a0f9334ec7a23c752ccbc5444f6319041d873,909,0,0,ANO C4 MES C2
ERMS1908.dbc,2020-10-06T08:42,21629,a7cd5a1c54b1eba4da33d89502a4ccadb5bb0a9a7da761f3d7c569e9381d2313,956,0,0,ANO C4 MES C2
ERMS1909.dbc,2020-11-18T10:38,19652,d49b12264f1af01425e1b93aa5d1a348442ba628f0215b5124f7dbf37fe3fd38,838,0,0,ANO C4 MES C2
ERMS1910.dbc,2020-12-07T11:23,23009,e2a3ec2a1e41066954e2a9cff09754c3e3bdba0e36c16b452a2c34edd0ff71a0,996,0,0,ANO C4 MES C2
ERMS1911.dbc,2021-01-14T08:10,23019,f6f3914cc1ce6e030cb7fcf76a120383be349063476334a1316984f43f954156,1014,0,0,ANO C4 MES C2
ERMS1912.dbc,2021-02-05T10:26,18415,5060a7931110eab3025407cabe8f51b75b874695fd90367519a32fe1c29bb63c,775,0,0,ANO C4 MES C2
ERMS2001.dbc,2021-04-05T13:24,16723,943914a4cf0d0706c1ab081f278b8434783356c754e6e612c016a5652d44235e,703,0,0,ANO C4 MES C2
ERMS2002.dbc,2021-05-07T16:35,12891,a5c3567d13ea7d688e625c3dbb7f47ac971c0caa805770074a45edb002d44e98,508,0,0,ANO C4 MES C2
ERMS2003.dbc,2021-05-07T16:35,13800,194a7cd48d0e5e331307b82f0d95d0306c8dd13d7f891e24f7ff1bfb7d17a0b2,544,0,0,ANO C4 MES C2
ERMS2004.dbc,2022-01-10T14:22,11407,0c5e8d1bc7d41c760e79e9dfe75943c0ade0ff91fd34ad4d7acc083d7c798dda,453,0,0,ANO C4 MES C2
ERMS2005.dbc,2022-01-10T14:22,11098,9302ac926d25c44fccba8b61768bdb9068b086a5e9684de408ff9527a0988d3b,452,0,0,ANO C4 MES C2
ERMS2006.dbc,2022-01-10T14:22,10031,d6f4663a964c2b7f9410f55c2d023f8dd1116c0aff5fc28602487b8700f1df2d,404,0,0,ANO C4 MES C2
ERMS2007.dbc,2022-01-10T14:22,13533,3547147838b157d70d14b7f4072437ffdeaf1620be9e31d0f8f4acbadb3ac124,557,0,0,ANO C4 MES C2
ERMS2008.dbc,2022-02-07T10:04,14321,0cbb6898adbbe74eba6a2af2019d7c33090391d5143ab8a1a91674529b66a2e8,615,0,0,ANO C4 MES C2
ERMS2009.dbc,2022-02-07T10:04,14726,b324d61d64e4086896088a9584d543432d7fb6401d3dd60808264d13d058478d,628,0,0,ANO C4 MES C2
ERMS2010.dbc,2022-02-07T10:04,19436,ea5adc6e2d5c303d2377c7acef62196e497686f6936eb7e09a845b23e09b69b0,865,0,0,ANO C4 MES C2
ERMS2011.dbc,2022-02-07T10:04,15946,18dd4617837c0499b15d450ad53a93b65c04c3a69f867191bb694effbb3341eb,671,0,0,ANO C4 MES C2
ERMS2012.dbc,2022-03-07T13:12,27085,15ee1c82c2254bd9f43744106a4b7e3dbdb1d59950abbb3d977fe41ad4f33196,1220,0,0,ANO C4 MES C2
ERMS2101.dbc,2022-03-07T13:12,25767,5cb76b82d4c833e9eba7b2f3ae88e7a90d4e485ca76ff298ea15d80e35292f12,1183,0,0,ANO C4 MES C2
ERMS2102.dbc,2022-04-11T19:22,24857,b9156460db59a3b86133a1ecd0587849476587217e7a657d0be5eceeb887899a,1178,0,0,ANO C4 MES C2
ERMS2103.dbc,2022-05-04T12:32,22539,35ebc0032db9432b5f09b96e552ddfb5bda8e81cfcc50c27fc503ba651d21a66,987,0,0,ANO C4 MES C2
ERMS2104.dbc,2022-05-04T12:32,30155,1cf7310dc205b3de64ebe3dfb4d7f5cebecf2bcd56ed541a49a3b32c5b907d98,1375,0,0,ANO C4 MES C2
ERMS2105.dbc,2022-06-03T13:03,30615,4d11883b5dc4eb9b6765bef31f9d2b2acdab819330a2d58251166fd8be55ddb7,1385,0,0,ANO C4 MES C2
ERMS2106.dbc,2022-07-06T13:10,26918,f7e6dcb4c1364971e1b074d03bde07e3905aaf6f0028e9d64dd2030b492c641a,1165,0,0,ANO C4 MES C2
ERMS2107.dbc,2022-08-04T15:38,23802,2fcb81d6d227bf8a35e00b667420c176c57ea371fcd931ee124bfd7a2413cfde,1048,0,0,ANO C4 MES C2
ERMS2108.dbc,2022-09-06T11:15,21161,79b9f2dab5a85c0019c3812926aae7f93bfcfb69dd16fba46f8e759d9e60106f,897,0,0,ANO C4 MES C2
ERMS2109.dbc,2022-10-05T14:25,19173,63bca96e58608d4d9d75ed2237590aee6b0f0983d0ecd4f78f40d1edec2c692e,811,0,0,ANO C4 MES C2
ERMS2110.dbc,2022-11-03T17:54,21938,7e366b3f80b65e8269fa0120749b0f1c525ae1c4784dba907cd920844f0f6629,931,0,0,ANO C4 MES C2
ERMS2111.dbc,2022-12-06T16:21,20432,f11a9105b82857fcc49a4f7d8dbff5a2bbd3264f5c815c7766a2baede5d078e0,866,0,0,ANO C4 MES C2
ERMS2112.dbc,2023-01-04T12:45,20702,b02c5da557e045ea9f1b56f318cb07fd665dc4e54d741bb351a3ba1c31e799bd,875,0,0,ANO C4 MES C2
ERMS2201.dbc,2023-02-06T13:00,23511,abe779488598c952822e1e712507d6a92c3ebe07d5dc9b3a6801f9fa82cb9980,1011,0,0,ANO C4 MES C2
ERMS2202.dbc,2023-03-09T16:42,22034,f306d1b019f7e8623a6f0a6806a518b54d37f185270fbb49ba0f4daa4e507832,935,0,0,ANO C4 MES C2
ERMS2203.dbc,2023-04-05T13:31,25744,5257790ba1dec2a76ceb274c4216bfb41d25ac84c36c157deade79ab327ca1ed,1118,0,0,ANO C4 MES C2
ERMS2204.dbc,2023-05-08T14:30,24300,64f519decfdc1da05c5bfa59ca02a153afe8a0918e1a064353b17e228e7ac680,1023,0,0,ANO C4 MES C2
ERMS2205.dbc,2023-06-05T11:31,41949,6d4017f91aabeada74dcf0e0c3cbffcbacf102c5be79c0a132c65b49742d9826,1937,0,0,ANO C4 MES C2
ERMS2206.dbc,2023-07-05T12:43,28817,ae84d12b24695ef1897c51cd4c75fdc3155659923b01ad2c1c4bc3aa273dbf82,1261,0,0,ANO C4 MES C2
ERMS2207.dbc,2023-08-03T16:36,26851,cd2424fe49bdf70cbb2b4d04159176590ea8b11d426a9e1e406e4f218d975a69,1184,0,0,ANO C4 MES C2
ERMS2208.dbc,2023-09-04T21:02,22315,b03adb9d9a9a4ea30dbdd45d2764b3d41bdd65308af4ea081b5da338019a57c5,979,0,0,ANO C4 MES C2
ERMS2209.dbc,2023-10-04T17:02,18315,56e16e499bda5a66b54731ea80dda2fb14c3713f21d9a3503901f95e7dcd88eb,756,0,0,ANO C4 MES C2
ERMS2210.dbc,2023-11-06T15:49,18934,b67a1f5e1e92d40d1bd147debb4bf5c742e38c84b5c21faf0836c74b4e47d01a,798,0,0,ANO C4 MES C2
ERMS2211.dbc,2023-12-05T14:58,16678,66a703d9061a777189fe2581b0cbd88c982f3e3f555ee4135614ad0ec157c706,680,0,0,ANO C4 MES C2
ERMS2212.dbc,2024-01-05T17:49,16754,b1a3e64136724481b5a060cfd3afdb8ef850b06b67aa226ab539b773d36247dc,707,0,0,ANO C4 MES C2
ERMS2301.dbc,2024-02-05T22:50,18788,45f387a0456c63d078e0cb7fa66d9d2ddba1a8a0d77d5644d70dd1a1d323c153,790,0,0,ANO C4 MES C2
ERMS2302.dbc,2024-03-07T18:40,17217,cfbad65c01172d232588df17f5f496d8a4f6bb3877581afa60e2408c56136a38,720,0,0,ANO C4 MES C2
ERMS2303.dbc,2024-04-09T14:24,15963,9aa616b5c7707b015c31ffc4484b20c6603128dc6361bd605e49ab97dd8d4adb,679,0,0,ANO C4 MES C2
ERMS2304.dbc,2024-06-16T01:07,14748,1cad6b9138638dc417f4100e4cc109fb59ba1e2828e775d7bb67bcd8d2db217f,611,0,0,ANO C4 MES C2
ERMS2305.dbc,2024-06-16T01:07,19420,221eb39339d8a9396b2a6111f0ece437a2dc3b4b77936023cfbcd7708329a811,839,0,0,ANO C4 MES C2
ERMS2306.dbc,2024-08-05T14:43,20158,3250e72cf16e56c10e0ee65882b73d2a99bcea88b28287ef4a844d7dbea8632a,868,0,0,ANO C4 MES C2
ERMS2307.dbc,2024-08-05T14:43,20503,ff9b3ed8a7c7555bef81f202ad102cea03dab3c938097668bf868a3814d3dc35,892,0,0,ANO C4 MES C2
ERMS2308.dbc,2024-09-05T10:27,21280,36abff54cd8c6d85ad8e8a19f6a2c75fa7c801694811524e634ed1e94e14995c,917,0,0,ANO C4 MES C2
ERMS2309.dbc,2024-10-08T12:05,21069,adeab5e7e6cee71d6acc976bf9fa6153ec0f993a3a026247912beb29bab1f8c8,925,0,0,ANO C4 MES C2
ERMS2310.dbc,2024-11-07T15:41,19311,83c3e316d2099f63115cf8baffe0bb099e3f45d25be7ec1366f497489f6286de,809,0,0,ANO C4 MES C2
ERMS2311.dbc,2025-01-05T18:55,24960,ca8a92fc1e78dc39b92d4d34843845853cf7c0cbe4ebd86050a4a904b4c55733,1108,0,0,ANO C4 MES C2
ERMS2312.dbc,2025-01-05T18:55,22359,c78989d39d29caef99a4fae8beb6984fee5e64046997d37bba470543fe87ce4c,984,0,0,ANO C4 MES C2
ERMS2401.dbc,2025-02-09T21:24,19631,9a716f8447380bb5dab6c399fb0b69de07a90020d1c6b22730cfcab491d0ccae,816,0,0,ANO C4 MES C2
ERMS2402.dbc,2025-03-11T23:45,18305,4082a7ac29794c7c5ee89209936d6ec08dc9eac17b1a5cc5ec149a1658eef9ec,769,0,0,ANO C4 MES C2
ERMS2403.dbc,2025-04-05T12:12,22957,691d046d17f0cca93b710124e8e7ca069cc63546eab80f9c82c4c8d69f0e2485,1008,0,0,ANO C4 MES C2
ERMS2404.dbc,2025-05-08T08:06,20064,1ab948715c5e609215e5948411d4321781149bbabaf09cea871435a16bb7447e,842,0,0,ANO C4 MES C2
ERMS2405.dbc,2025-06-06T10:44,18721,6f50e2b2c29decbc31f32dbd104e862df1a1e060746969eba2045e58d960d326,801,0,0,ANO C4 MES C2
ERMS2406.dbc,2025-07-06T11:29,25541,bd21187ee3dcf7fae900cac3087422d24abc3dacf55f5a60c9d1540bc5512e16,1186,0,0,ANO C4 MES C2
ERMS2407.dbc,2025-08-04T07:13,26952,7f7f92690094034ac026ea440187749e7faf023a1d3ca9b9442e15bb167c568a,1232,0,0,ANO C4 MES C2
ERMS2408.dbc,2025-09-05T12:54,21201,c89c493b3f617f9804a26bdbc1864ad7fa24f26fc374ff69824f20ee68562d04,934,0,0,ANO C4 MES C2
ERMS2409.dbc,2025-10-06T17:04,22536,582fb1a2a7512f589fccad0d2697f772e7cafbf70d03e56b205f55273d0631d9,981,0,0,ANO C4 MES C2
ERMS2410.dbc,2025-11-06T16:21,27909,6c3de24307bbce05062aea9adecee4b795c3f9d460c62217d221b44ae117cedd,1250,0,0,ANO C4 MES C2
ERMS2411.dbc,2025-12-05T20:17,29508,527b07c4e6dcb0cca834cb3de2993355a35743af26826b09217c317f9b9a7168,1336,0,0,ANO C4 MES C2
ERMS2412.dbc,2026-01-07T19:03,22779,2cc6c28012b57dd69a6a98dc4b2adc95375e9d44d0be2ca947c7c8f6d98571f0,979,0,0,ANO C4 MES C2
ERMS2501.dbc,2026-02-08T14:13,23326,a31b7d9ad23aee2a758e278cb453b0add46cb450bd967cc9672c34ffe370a662,1028,0,0,ANO C4 MES C2
ERMS2502.dbc,2026-03-06T22:13,18919,5cbfef4166be05ceec1c82e544360b67327b8402ab03b28355c9128f069befdd,809,0,0,ANO C4 MES C2
ERMS2503.dbc,2026-04-07T07:24,29557,cbf3180cbefec145efbc7cc4f3bdcd4e62986adaa1848429ac7f5b9f007f0ebc,1370,0,0,ANO C4 MES C2
ERMS2504.dbc,2026-05-06T19:00,28335,6e6a0155c01a4f4642a7fa460686574ba59ee8e48d7b571dd8fe34a832ab8305,1267,0,0,ANO C4 MES C2
ERMS2505.dbc,2026-06-06T20:15,19254,12593771db55d3561d54072d9c7cae421f7b6010133a9d3769fa2e7c56c13855,809,0,0,ANO C4 MES C2
ERMS2506.dbc,2026-07-06T15:10,21425,7a2b03607736f421939ec40d055d9c1f0ae68fcd52dfe7aab0978f9505a7bb61,945,0,0,ANO C4 MES C2
ERMS2507.dbc,2026-08-07T12:25,23300,950f42c1e743ece82d3bf26b6249c8dffa867c2b3e0729842f8cf175881dac64,1018,0,0,ANO C4 MES C2
ERMS2508.dbc,2026-09-06T21:27,22906,c7fb01de63a43ecdde499e28a1ea4dc9fa0b56c6cfa5475905958470b4d9610a,995,0,0,ANO C4 MES C2
ERMS2509.dbc,2026-09-06T21:27,23101,8d44ae316cc5664145f0f487cc78b78c5d71ea152ef441023609138402228204,996,0,0,ANO C4 MES C2
ERMS2510.dbc,2026-09-06T21:27,21233,c2a8358ebb89b3e3e0d0333592d64b38ad79ad66b59b6581f6ca50bc6880ce0a,925,0,0,ANO C4 MES C2
ERMS2511.dbc,2026-09-06T21:27,19693,0fa5553d97eae6a8acf47e14973b35a44e67ef4290f82a4710452c61d9bf9f26,853,0,0,ANO C4 MES C2
ERMS2512.dbc,2026-09-06T21:27,27516,659c4ae0d7a7571702bad0122319860856f0e83c3738d7188d4b83b106f7f979,1241,0,0,ANO C4 MES C2
ERMS2601.dbc,2026-09-06T21:27,18351,ba535bbbd91b3e0fdc0e17ec9b0bf31873a2f157f84663530a4856080a6de8e9,792,0,0,ANO C4 MES C2
ERMS2602.dbc,2026-09-06T21:27,20822,b2909e17782b5f068a32dba80628d52b5f583d9814f81a0ce3f9acdcde802ea1,926,0,0,ANO C4 MES C2
ERMS2603.dbc,2026-09-06T21:27,16863,ae6de4027e1e9f2cd07e2dd5e6dd2e638b473c8f1f2375befa1a19b8ceb006f7,713,0,0,ANO C4 MES C2
ERMS2604.dbc,2026-09-06T21:27,17897,2b74b5241d80d778a411a7ed2f319d51e09d7d0fbbc9b0f85ec3e42a37db5261,773,0,0,ANO C4 MES C2
ERMS2605.dbc,2026-09-06T21:27,20449,880e9385e6ff0fc5ab48b526d5e663f75bc17d2f57dd5566b3a503caffb1f620,882,0,0,ANO C4 MES C2
ERMS2606.dbc,2026-09-06T21:27,19211,aab4a926f4a60b64204420ff7e3f1831859ad375404f2ea68a25864edb814d41,813,0,0,ANO C4 MES C2
ERMS2607.dbc,2026-09-06T21:27,19777,576bfaaea27a4e40be3e17d931d125ea22a674080f5a0c8c433e0dc4e6f2b71a,847,0,0,ANO C4 MES C2
ERMT1101.dbc,2013-11-01T11:29,19125,51fd5a52628cfcb6aac16b3ebf072e83c9e15c32e03e01da19303853ba56adc1,779,0,0,ANO C4 MES C2
ERMT1102.dbc,2013-11-01T11:29,18903,5d1794e70aea1225b346cba616b9873d151dd9bb93214dbd094c8b4f0da7b139,786,0,0,ANO C4 MES C2
ERMT1103.dbc,2013-11-01T11:29,16400,b07794f6410ffca0d29659555e5f68f307342c56e7c29a433236dfbb90443a34,655,0,0,ANO C4 MES C2
ERMT1104.dbc,2013-11-01T11:29,14221,1b3e8da49534d1769db211ca32994a35b9d31b5da08218446ed240f8008926c3,567,0,0,ANO C4 MES C2
ERMT1105.dbc,2013-11-01T11:29,15870,33edd455a4087237f6d70f4d04052ac5cf6216f126308200ebcdc784fc6ccd61,650,0,0,ANO C4 MES C2
ERMT1106.dbc,2013-11-01T11:29,21841,ddd5829d02040e01ed8439ae881e1b77cbf6f383e3c4bb7fda2dc7da5be53124,949,0,0,ANO C4 MES C2
ERMT1107.dbc,2013-11-01T11:29,24257,9a4018e2713c5b5d635789cc1242166787d5f0dd27a57557bd2a52421fb2b229,1074,0,0,ANO C4 MES C2
ERMT1108.dbc,2013-11-01T11:29,22437,ec4459df5c871b85480366a3ecf10097854e3f4317d1f1930345858365c67c57,1013,0,0,ANO C4 MES C2
ERMT1109.dbc,2013-11-01T11:29,28525,9e9f687f53afe5c70a043d9ed40cdad26a313648e340611854c6e731be61fd57,1274,0,0,ANO C4 MES C2
ERMT1110.dbc,2013-11-01T11:29,21548,ea48b1c0116e0a40d4a769c7ff2f7ac248d8855e32164c31cd78775d9ed535c3,915,0,0,ANO C4 MES C2
ERMT1111.dbc,2013-11-01T11:29,17390,afd8358811d279233d0743275397e29736cb4e982bca06616f286e42c663e784,723,0,0,ANO C4 MES C2
ERMT1112.dbc,2013-11-01T11:29,46409,9bc5beb3c3263e6aa65d6e3dc1b3a68e46881aa296a62d8214ace3cb775c2214,2303,0,0,ANO C4 MES C2
ERMT1201.dbc,2013-11-01T11:29,37432,43be778fafb6c7d7cc811e9e5f78f8ad65ce7753a24713fd7a1fc81f4692d84c,1799,0,0,ANO C4 MES C2
ERMT1202.dbc,2013-11-01T11:29,36042,73a04edc04d600056a7cc3bea2aaf216247834ff27499452b1ee246338399e86,1662,0,0,ANO C4 MES C2
ERMT1203.dbc,2013-11-01T11:29,27073,06212331cbb72aae7c722d686474c0bf792a8109732ebd232d2dbc79011bae33,1193,0,0,ANO C4 MES C2
ERMT1204.dbc,2013-11-01T11:29,25545,f8a687e8b13386776539f8d440061809fa4b27d5e892cc45c659e7e2ac859bab,1141,0,0,ANO C4 MES C2
ERMT1205.dbc,2013-11-01T11:29,24667,949f6b54a4282c3ed5c2c0e053300514df6b400928fe13a68f0bf62950096403,1087,0,0,ANO C4 MES C2
ERMT1206.dbc,2013-11-01T11:29,30081,8aba960cf242191c74b43d444b97c5b0679c455e003df352d581d73060ab32a3,1379,0,0,ANO C4 MES C2
ERMT1207.dbc,2013-11-01T11:29,51896,522463fbdaa6d509731893b000e59dd4aaf5b8ea30db3600cee7587010617707,2725,0,0,ANO C4 MES C2
ERMT1208.dbc,2013-11-01T11:29,44456,ca830a527011dff676a31f29519006acdee5005aadf80c7aa9e86163a28de405,2129,0,0,ANO C4 MES C2
ERMT1209.dbc,2013-11-01T11:29,43231,a9bb85d4f97c9e90bbdc1a6433f8f9cb733d5ac0210d878a18432bf88b6e2072,2116,0,0,ANO C4 MES C2
ERMT1210.dbc,2013-11-01T11:29,64206,4579fa61233f241b9077ec6154634bafb4c57c3cae74800f6199ea9ab298c9b1,3341,0,0,ANO C4 MES C2
ERMT1211.dbc,2013-11-01T11:29,57925,416c08327ef5b1903480d46f238cd0647cb6e52119dfa138141e579cea30f4c5,3038,0,0,ANO C4 MES C2
ERMT1212.dbc,2013-11-01T11:29,45033,12be74e7fe58af6494dc60be46d4c9387818167407f3bc3c78cc4527c73a27bf,2229,0,0,ANO C4 MES C2
ERMT1301.dbc,2014-09-25T11:18,27597,67e5db7747744d0077b18d6e10909a7646a86f214df840d5e4104d078318f6db,1262,0,0,ANO C4 MES C2
ERMT1302.dbc,2014-09-25T11:18,31206,f4c650cda576eedeba3a7014f4616fecd46139aa6709466ee2bb81cf0db07a4e,1405,0,0,ANO C4 MES C2
ERMT1303.dbc,2014-09-25T11:18,31008,87e8f636cdccd3af0bab6f7deed221b748666a79bc1073e94444e0b45a0f8b86,1449,0,0,ANO C4 MES C2
ERMT1304.dbc,2014-09-25T11:18,81506,13f4b3bb7ac859e8c64df0b6c6b3c21678936dd35796e4a9ef00626418473408,4536,0,0,ANO C4 MES C2
ERMT1305.dbc,2014-09-25T11:18,47761,96af749e44ec622eaff9d138f5674e3996ed9a00642607fea47e296b156bb28a,2365,0,0,ANO C4 MES C2
ERMT1306.dbc,2014-09-25T11:18,37811,abbdfc9e3b2c1ef37965acc2d2efe6dbf01f9e08c13ce5f7999caf46b8f9e3f6,1838,0,0,ANO C4 MES C2
ERMT1307.dbc,2014-09-25T11:18,30308,f6ffec16eb9b6ad2c50712bd456eeee36026887dc23887b9f2a3b607d2068602,1494,0,0,ANO C4 MES C2
ERMT1308.dbc,2014-09-25T11:18,37959,8b19feeaa1fafa614fcfaac64137ee2d2a9ef7116617c41832298ca6f776229e,1916,0,0,ANO C4 MES C2
ERMT1309.dbc,2014-09-25T11:18,44750,7abdcc92fe978e747b8ba3f9abf2f001a2cde0d3b8e339f10a48c6b59a9cc692,2399,0,0,ANO C4 MES C2
ERMT1310.dbc,2014-09-25T11:18,43538,9476b370c83014ddba47037a856b4904a5bcc7488fd47fba50145b0ae0b6c0d2,2305,0,0,ANO C4 MES C2
ERMT1311.dbc,2014-09-25T11:18,23721,4ca22d90d501355bfaa6ee5c8ee48743065a74b32ee9188aa6ca153d980e71d1,1139,0,0,ANO C4 MES C2
ERMT1312.dbc,2014-09-25T11:18,26948,14703b1bec41e00bf2d7b1f4a49a01a410a37c5ffa73f5ba47ba23c4bdbe8a76,1301,0,0,ANO C4 MES C2
ERMT1401.dbc,2015-10-05T11:58,30196,9717ba16d9ada7b0ff8c4cbe7dd778110de0437e001eb5f92034e738f1693984,1469,0,0,ANO C4 MES C2
ERMT1402.dbc,2015-10-05T11:58,24711,530201ef1ffe58b822c74d82d3a8c07fab4a9fedc36ae5beedfd26346d71aca6,1162,0,0,ANO C4 MES C2
ERMT1403.dbc,2015-10-05T11:58,19717,fd9f0602c357a44f270b3a35ff2176e0eeff99f33990775dd3a051d717259f60,871,0,0,ANO C4 MES C2
ERMT1404.dbc,2015-10-05T11:58,18279,9ff77a6054375d1b5f026ee4d6c6341eda080c9648d76035f8e1ef56fbdc818a,810,0,0,ANO C4 MES C2
ERMT1405.dbc,2015-10-05T11:58,20697,1a7fa525bd9144de1737b3be5988caad92f8c84df7c7d13fc26c2d2b148443af,935,0,0,ANO C4 MES C2
ERMT1406.dbc,2015-10-05T11:58,20714,02efb45fa6726f30eed8024a45fd75283b3ebf63759e1973ecf14a5183adfdb0,924,0,0,ANO C4 MES C2
ERMT1407.dbc,2015-10-05T11:58,20313,6e0c54bcae517d735905cfcf16155f91c1e197ef9d901da1d667124b5bf1404a,919,0,0,ANO C4 MES C2
ERMT1408.dbc,2015-10-05T11:58,16463,a0a19e00674f0c3ca14dbe5844740d84100b8cabdb699ca63c617ae972fbf048,711,0,0,ANO C4 MES C2
ERMT1409.dbc,2015-11-09T10:30,22742,b379df7e1d48ea0ccef35ede56e4585b71be2eaf11755169f31a55b1198a02e6,1027,0,0,ANO C4 MES C2
ERMT1410.dbc,2015-12-07T08:58,21416,702f58b86d3f82bf6fd5aafb8e643383957f3ccb3a9b8b990abc41197e07b321,966,0,0,ANO C4 MES C2
ERMT1411.dbc,2016-01-07T10:02,27912,f957cb672a99e06e70281c0fe582055e7b4e9f921b6c11fd8fb4ad56f95a259a,1302,0,0,ANO C4 MES C2
ERMT1412.dbc,2016-02-05T09:09,22754,c6af2d98047dfbfc317ae2acfe50a19467a64bd96dba68e0822d5dbf4761b858,1038,0,0,ANO C4 MES C2
ERMT1501.dbc,2016-10-04T10:22,31768,aa586a22a92c2c0b25d4f296534c9041c830ac2935a80c67be50c23a38e6cb4a,1534,0,0,ANO C4 MES C2
ERMT1502.dbc,2016-10-04T10:22,23070,667467ef0f544a80572d3e118ff432b937c64d9323e314b903a3caddf8a32b4c,1056,0,0,ANO C4 MES C2
ERMT1503.dbc,2016-10-04T10:22,35029,784214d8a6d63ceeb5a0a9a6c2f773eb128b68fae6b9b219f6bc97c464cbc0a0,1806,0,0,ANO C4 MES C2
ERMT1504.dbc,2016-10-04T10:22,23677,b7618dfd832ed5a0cd3379f864262107953e9f60e93f45906b4de2b338745b3c,1072,0,0,ANO C4 MES C2
ERMT1505.dbc,2016-10-04T10:22,24254,cde57597bd2cd071c40e29a55e0a8ac5c8d103849e62af7838241e7c6158b176,1132,0,0,ANO C4 MES C2
ERMT1506.dbc,2016-10-04T10:22,23276,50d820f2131a66a91ce2c86c3b7b2db0111f4f184905102e40da510675b5666f,1083,0,0,ANO C4 MES C2
ERMT1507.dbc,2016-10-04T10:22,16504,0deafa2ea0248aecb0789f4f40165f90a4bac59b147e8ae79b7151011d7661a8,721,0,0,ANO C4 MES C2
ERMT1508.dbc,2016-10-04T10:22,23884,859a7d4e3b61cb0f914b75ea5d25c520a15c26fc7ae67abc94324b0518e12b5e,1073,0,0,ANO C4 MES C2
ERMT1509.dbc,2016-10-04T10:22,26971,9d4c80aa2d15f31c7bd1eb3967c3c545a153994ef36dccf5fe618866f1a3ad23,1232,0,0,ANO C4 MES C2
ERMT1510.dbc,2016-10-04T10:22,24090,e022cb7e182ac53abb8166ca985536d28cbf5c0baf200cbd72096bd94ed1f4a2,1095,0,0,ANO C4 MES C2
ERMT1511.dbc,2016-10-04T10:22,26466,26458e7617362713dd9cba60e6537d3fa9fef1684a7570e6a0109b2311d80d47,1213,0,0,ANO C4 MES C2
ERMT1512.dbc,2016-10-04T10:22,31050,8434ceecc84c5b199e8d09e0e71c165c94f388cdeaeda14442b86477b91c5471,1452,0,0,ANO C4 MES C2
ERMT1601.dbc,2017-04-10T10:08,25616,e8a1a88fc555a9543840404ada8a28479544c889561b6d4a17e672667daa4c43,1180,0,0,ANO C4 MES C2
ERMT1602.dbc,2017-04-10T10:08,31968,d268953ebc0e5f23eaf5d19838436d75859455af29110426ba96129efec8a634,1504,0,0,ANO C4 MES C2
ERMT1603.dbc,2017-05-05T14:39,32092,2b68a3907e32d4ea2205038defbe69e25789ab5c632c5d4b5b58be45f2f96aa3,1478,0,0,ANO C4 MES C2
ERMT1604.dbc,2017-06-05T10:00,35246,0850c6a48e4e9f75ffae912bff6fba4fde9a07e9de524c93ec082188978e0b99,1663,0,0,ANO C4 MES C2
ERMT1605.dbc,2018-01-08T15:27,35429,c543cd9ce7c7b3b298d9b69ce430457651293d904e263e8f2528c3f3aed6e73d,1634,0,0,ANO C4 MES C2
ERMT1606.dbc,2018-01-08T15:27,43616,53e63b0b9a46b579c4a7408ef6d171e08e12bc2040609a57d6ea7b1368f77755,2101,0,0,ANO C4 MES C2
ERMT1607.dbc,2018-01-08T15:27,39677,6ecbbc14fad2130c7a5a2f61a39669ebff482a4f93527e074f705c7942cdea98,1990,0,0,ANO C4 MES C2
ERMT1608.dbc,2018-01-08T15:27,39355,6ecbe1d5edcbac07ba46f45b730f253830dc21a0e5707e82ed3466a9c5726996,1877,0,0,ANO C4 MES C2
ERMT1609.dbc,2018-01-08T15:27,38443,768f3f66e103f7a3ac0de6048c6d1308941862917a860725fb8019af82f251cf,1820,0,0,ANO C4 MES C2
ERMT1610.dbc,2018-01-08T15:27,26855,42e29ad78f1672ecf9880eddff2808043c34578c91bdbcc186a438a2d3222192,1271,0,0,ANO C4 MES C2
ERMT1611.dbc,2018-01-08T15:27,32462,5daf6c392366c2342cb30eefbe8381762818fbb590f0dfb9d31ab154f964ccef,1563,0,0,ANO C4 MES C2
ERMT1612.dbc,2018-02-05T09:38,26684,bb9dfd4a7af9c9e4d1559b2e894921558c7334aebd6e6c23d0bcf2522958349f,1238,0,0,ANO C4 MES C2
ERMT1701.dbc,2019-04-10T16:27,25874,3cc5af9575ba50f466e3aaeffc9d2423daa1ed9b73533e262b6e09d11345d0a4,1176,0,0,ANO C4 MES C2
ERMT1702.dbc,2019-04-10T16:27,25205,f2359c5c4b8c0d8f4b9d166dee9304fd15446694cce1fb565a275ab674f50c49,1149,0,0,ANO C4 MES C2
ERMT1703.dbc,2019-04-10T16:27,26199,6270c7510f5c2d795a7d0a17c77878de9f97e7a09cf6d7bae3aa9b7e6b5e6e92,1210,0,0,ANO C4 MES C2
ERMT1704.dbc,2019-04-10T16:27,22780,b2787a199b5a0e45510f71bebabd1b8f96858e9272489f9bb1757b5f7b092ee1,1027,0,0,ANO C4 MES C2
ERMT1705.dbc,2019-04-10T16:27,22467,8c814d70f920d2134de0166babea3bef89f997e4b28b21cfa528fe0630922fea,1029,0,0,ANO C4 MES C2
ERMT1706.dbc,2019-04-10T16:27,25451,9dcd1ac2c6a024f99c943458acdc61303ef1c94a314f97b3bb294d5ee5963332,1152,0,0,ANO C4 MES C2
ERMT1707.dbc,2019-04-10T16:27,26818,5cb8ccd9672129c7c13374da57afd2b7dc3f0b253cc5bbc824433b75b37085a4,1274,0,0,ANO C4 MES C2
ERMT1708.dbc,2019-04-10T16:27,30463,85848caf9bd578eda7dcdd8ce8fc6bfa5b0e00e2edae5a25aceda3ccbc3fdf0a,1430,0,0,ANO C4 MES C2
ERMT1709.dbc,2019-04-10T16:27,30365,669957b20e092eeae9e35120f7417709b895ed8b0e445053ed68d248109c5dcb,1422,0,0,ANO C4 MES C2
ERMT1710.dbc,2019-04-10T16:27,26396,d1bc7661cec37a7edd67d3ada4476ba280dfb4b0ded586a11f0d7ecf3b194489,1206,0,0,ANO C4 MES C2
ERMT1711.dbc,2019-04-10T16:27,28832,4977a0a3040cd0bd4ef73e519ac3413866867377796d06995abaadc233ab5079,1327,0,0,ANO C4 MES C2
ERMT1712.dbc,2019-07-08T14:45,40977,91110cef0e1d8aebf51a4d4e8283b5f7b2c3d1505909105c90d665069e0fb407,1992,0,0,ANO C4 MES C2
ERMT1801.dbc,2019-08-05T14:39,30774,0b82f66ae738b5f66597743946e61cd97b3838c9644fd636ba8e578a0bc0b6f5,1384,0,0,ANO C4 MES C2
ERMT1802.dbc,2019-08-05T14:39,29088,caf5d16360b3075ef0ae046c55689b759e8c348b6cb0750fd44b7971b2eaf051,1376,0,0,ANO C4 MES C2
ERMT1803.dbc,2019-08-05T14:39,28962,8777f7b38f7c1d42b1de9ab92e357037b9a4a13c40272d312387ae5c42ce3995,1358,0,0,ANO C4 MES C2
ERMT1804.dbc,2019-08-05T14:39,27801,597b63122279e5700c2c2bd6a6a52464ff7f49951a1a8fb3aafb339433e12f2c,1284,0,0,ANO C4 MES C2
ERMT1805.dbc,2019-08-05T14:39,29887,f6b50efcc2cb2bbf756ddb59a8547741372d2bcf0094561a6cfe6254570a8876,1375,0,0,ANO C4 MES C2
ERMT1806.dbc,2020-01-09T16:49,30310,6a411799da5b45b2b4db5a6f6e928888fe651f95906690624e216ee85df0e558,1378,0,0,ANO C4 MES C2
ERMT1807.dbc,2020-01-09T16:49,26740,4f197bc0786b49d874326b96eb5306b895afd5276605ff24241edcbbb72096bd,1204,0,0,ANO C4 MES C2
ERMT1808.dbc,2020-01-09T16:49,29134,b6e8916a8b095a0a030a5f9c7f50962b56e8ffb24744a2035ef31aa9ded60904,1336,0,0,ANO C4 MES C2
ERMT1809.dbc,2020-01-09T16:49,27565,1e15b3d663aa4ab6d79b31dba2e264cd948d2932706dfc940bb9fe5ec254dc0f,1231,0,0,ANO C4 MES C2
ERMT1810.dbc,2020-01-09T16:49,21933,c36d4afd2f140ca0e59b0216ac5f796acda3819c086cfe8b8e39b55e03e60035,968,0,0,ANO C4 MES C2
ERMT1811.dbc,2020-01-09T16:49,32175,22d262e2e9ca0033833970c72f143a5a066af0a1bb59fa52b4836ee5e85d8cea,1478,0,0,ANO C4 MES C2
ERMT1812.dbc,2020-02-07T15:02,31052,f1cbdf1c4cb3f1a38420f0aa9f27c2b740b12d867d0c91ea3c0b7de17b9a5fa3,1394,0,0,ANO C4 MES C2
ERMT1901.dbc,2020-03-10T14:43,34187,7860070733283a8020494ec74f907f2fb4f8936f385547546e5cf9cc92c13c33,1569,0,0,ANO C4 MES C2
ERMT1902.dbc,2020-04-05T14:39,41742,acea39a91a4de52d265e9e93438efa1d62dd37ae3171acd2944f791df09ea69a,1910,0,0,ANO C4 MES C2
ERMT1903.dbc,2020-06-04T13:54,33944,df834980346d7ee6bdd0cefdf029951ccdb28fc710ce32b1cc9159667cf6f7b9,1547,0,0,ANO C4 MES C2
ERMT1904.dbc,2020-06-04T13:54,31911,da848708e3963bf72cb55605ee9aee3218b085ab8999aa90c13de7c8fb261904,1482,0,0,ANO C4 MES C2
ERMT1905.dbc,2020-07-04T11:39,24417,2e9b16394d7e74062ceff782a5327a6c565699a620fcd8567ea875b7c9486223,1079,0,0,ANO C4 MES C2
ERMT1906.dbc,2020-08-04T10:41,24412,4ba28895b490e23d4abed9966ff7615cb8b3fe3db8cadc0d1b4aa3bc0aaa14fd,1092,0,0,ANO C4 MES C2
ERMT1907.dbc,2020-10-06T08:42,28156,74540f3781e9857771a7ba1893d386f5a4f172d7aeaebeccdbd7111d53a46f7b,1247,0,0,ANO C4 MES C2
ERMT1908.dbc,2020-10-06T08:42,33962,b5cf791ac5f5aa024a42e472f4554041045e146d85cfffd670ece9c2a9788395,1549,0,0,ANO C4 MES C2
ERMT1909.dbc,2020-11-18T10:38,31300,355f45cac1ecb7bdd57f5f64e75dde657b5a4818749bc3bc1bea23ae09c6a170,1469,0,0,ANO C4 MES C2
ERMT1910.dbc,2020-12-07T11:23,47398,7ce56e5a73baa83ed67b707d4196190e1c2f120d67db05d4b1319718c938b7d6,2317,0,0,ANO C4 MES C2
ERMT1911.dbc,2021-01-14T08:10,46461,8cc97fa8fa5a8b7d4c247aeb095d6951cb1ef79bba3e1c82fe646860891616f0,2235,0,0,ANO C4 MES C2
ERMT1912.dbc,2021-02-05T10:26,66334,5ce37003b28e78c89e3ee64e8099fe97388d36f319ef98d694557dedfbe3252f,3257,0,0,ANO C4 MES C2
ERMT2001.dbc,2021-04-05T13:24,55606,300bb66a5601255b35d4f484c9b061fd3265ee2b0e4402a5af9225d6768c7954,2704,0,0,ANO C4 MES C2
ERMT2002.dbc,2021-05-07T16:35,66446,7e8aece3ebdbca491c1b6bf81bd3a7b2faf7fb2728f9119313320f95c79d0be3,3233,0,0,ANO C4 MES C2
ERMT2003.dbc,2021-05-07T16:35,71015,a302f4aec9f6dfbc1eeb7fa156febd7b264fe569674643c451f94a7ea690833e,3547,0,0,ANO C4 MES C2
ERMT2004.dbc,2022-01-10T14:22,88488,373d5f7f71252cc8f711e7950a827421f4cfd494b0e5add71a7b20dfb68a513b,4521,0,0,ANO C4 MES C2
ERMT2005.dbc,2022-01-10T14:22,95871,f59208acfaa020c374ce9b758b3b66ef9f41e762dbd10b0d5360dbfe1ba3b0fb,4824,0,0,ANO C4 MES C2
ERMT2006.dbc,2022-01-10T14:22,76324,ae817e33901162114834ab58f8f6a30b5432d48e39aa7388484240b0b96fa0e9,3850,0,0,ANO C4 MES C2
ERMT2007.dbc,2022-01-10T14:22,84198,d31a859ff1a764cdc3710c792429020da9a95faf29d28ee3f5c3dc6644a4e0a3,4285,0,0,ANO C4 MES C2
ERMT2008.dbc,2022-02-07T10:04,116656,a18a59d9638cd22fae8fb29898f86154d4f7f62d537abd6be963b17e3188eea2,5897,0,0,ANO C4 MES C2
ERMT2009.dbc,2022-02-07T10:04,106375,742de3a8a4258fb7decdc93c988299424adcda281929cedb913675eeffb79748,5319,0,0,ANO C4 MES C2
ERMT2010.dbc,2022-02-07T10:04,97463,61b3e82efa2038cd9b077ac6a3d145d4901efbecb78e22db6523cf55491d42fc,4887,0,0,ANO C4 MES C2
ERMT2011.dbc,2022-02-07T10:04,93134,6c01913ebb38eb647c854c36f8a5c65f08f22149b72ce30d78abde5ad98cdc81,4613,0,0,ANO C4 MES C2
ERMT2012.dbc,2022-03-07T13:12,94962,a5f52bf00d6bbe467e632490ea11ea1ea9edf0f8b20ffd49926764c996e800c1,4670,0,0,ANO C4 MES C2
ERMT2101.dbc,2022-03-07T13:12,106890,d9740ab52961dd71913b2777cd29d863e04e5ff89f8009ccf8eca704c61f6a53,5204,0,0,ANO C4 MES C2
ERMT2102.dbc,2022-04-11T19:22,103030,3f8c185ee75c6255c679ecd2fd85667754289fe9e7132e83c170c459c4911472,5120,0,0,ANO C4 MES C2
ERMT2103.dbc,2022-05-04T12:32,121048,071ec088356bea8774ae994752b56c4cf091144ad039912fb93b8f88bc6c13fe,6087,0,0,ANO C4 MES C2
ERMT2104.dbc,2022-05-04T12:32,114943,5850cdc0967183446dde3baa6c4fb2c01c553b4ee29a2352676fa9cc272fd662,5733,0,0,ANO C4 MES C2
ERMT2105.dbc,2022-06-03T13:03,118778,c1b1e6c7190e4d81a5a9e49b83c5fa29ad96fee7093403ff2f70f071c1296263,5964,0,0,ANO C4 MES C2
ERMT2106.dbc,2022-07-06T13:10,121821,2032aea2cc34c379ec676f2db7ccc3d6a1a33d798c1d82077eb9bce317ec00c8,6236,0,0,ANO C4 MES C2
ERMT2107.dbc,2022-08-04T15:38,109088,3a7c5770608aa2d1e5081057eccd1b52aec829e96e0958159674b607b503505b,5648,0,0,ANO C4 MES C2
ERMT2108.dbc,2022-09-06T11:15,117676,9223ce7b7a733cdafb9db5a5d4dc17d38f9bb0cd368e237a8e8cc09307e9866d,6032,0,0,ANO C4 MES C2
ERMT2109.dbc,2022-10-05T14:25,79943,575ff8c7cd7c9786855a55f9157dc27fd3a5596960fc300f92a5050ad634115c,3887,0,0,ANO C4 MES C2
ERMT2110.dbc,2022-11-03T17:54,80547,366c4524c450b263d973edc7447f4eff7e27dc768e6d51e262d5a1099d33848f,3979,0,0,ANO C4 MES C2
ERMT2111.dbc,2022-12-06T16:21,80989,8ddd2b085e81911a9a361c36329eccea338f184a0c1c769a72a762b886d624ea,4021,0,0,ANO C4 MES C2
ERMT2112.dbc,2023-01-04T12:45,60435,dde78e2b298156bc7b0a52005ceeb0a24f0413898d9e11744b05c892da7b4b59,2932,0,0,ANO C4 MES C2
ERMT2201.dbc,2023-02-06T13:00,67689,7b3c8f323c7206850d2de7cc24275889def302fe3c7637b72d00e6268b029e9b,3278,0,0,ANO C4 MES C2
ERMT2202.dbc,2023-03-09T16:42,76547,b4af34cc5769ea835defa8867ab4cb9cf6b661d70c604f6cd01a4b4f4b313f6e,3800,0,0,ANO C4 MES C2
ERMT2203.dbc,2023-04-05T13:31,86995,00c6d6e67c110b68f2cd2977a26b84ffa39abbb357ecbe635f53d7e65342fb9d,4262,0,0,ANO C4 MES C2
ERMT2204.dbc,2023-05-08T14:30,83903,7a85b3f89d861954f3afa89080c0353a7e938203951d9f6f9ef822ec70d327c4,4153,0,0,ANO C4 MES C2
ERMT2205.dbc,2023-06-05T11:31,93011,2a6e51c64354a3f07aee99646ac34e473dae796e6e89432d1a9e10d65020d19f,4838,0,0,ANO C4 MES C2
ERMT2206.dbc,2023-07-05T12:43,89211,fbadf9db4d334896032224ce1968ef3a1bd9694ff844479bc39b41adb0ee664d,4440,0,0,ANO C4 MES C2
ERMT2207.dbc,2023-08-03T16:36,121681,ba4a0a398bc2216e91562483463a90fd47debd2c42eb31e496ccafb3ea62e6c1,6222,0,0,ANO C4 MES C2
ERMT2208.dbc,2023-09-04T21:02,81105,1852966ce5d92bca0cc849e12c67a224ea256e4b40e11709dd5e09b0c4189edc,3967,0,0,ANO C4 MES C2
ERMT2209.dbc,2023-10-04T17:01,68299,7eeed655480d3cbd37d7f9d47557e516eef075f18b406bc05ef86cb1d009074c,3263,0,0,ANO C4 MES C2
ERMT2210.dbc,2023-11-06T15:49,69259,1973058857f0834067b074fffbab4ed7e175e221ab49602066f36eb06364c93f,3381,0,0,ANO C4 MES C2
ERMT2211.dbc,2023-12-05T14:58,70023,9342b28e790516203ff1c058213b7465dfaa960bcef962d471995a96dcb0d1ca,3403,0,0,ANO C4 MES C2
ERMT2212.dbc,2024-01-05T17:49,66579,d08f2e2f9a93771e3e5657728007717d0012bf5970ab0d97d02dfce133e7663c,3232,0,0,ANO C4 MES C2
ERMT2301.dbc,2024-02-05T22:50,68930,ce3eba5454bcbd86ffb3a4c280a9cbfa54ea8c7ec712cdff5a20173091599a2b,3308,0,0,ANO C4 MES C2
ERMT2302.dbc,2024-03-07T18:39,58221,6a99dc3322292b4d080a6f2f678a0283ebeda3a830897db8186cd0913a93402d,2776,0,0,ANO C4 MES C2
ERMT2303.dbc,2024-04-09T14:24,63167,0bdf93fc34fdd44be4fea9a678bab032abf2d7cf6df8c2b2476906efb304edc5,3101,0,0,ANO C4 MES C2
ERMT2304.dbc,2024-06-16T01:07,73465,569d2fc121413e69e3357348979121fdc61ed160924472364869e17092ee284d,3664,0,0,ANO C4 MES C2
ERMT2305.dbc,2024-06-16T01:07,79309,a16d16f2080c8f6363ab93dead6cbf620f2bc6e172112826ab9575d8c53f3da2,3996,0,0,ANO C4 MES C2
ERMT2306.dbc,2024-08-05T14:43,81030,08c2947a945359adc4cbd9dd2bd5bef167e8a8c9bc12a48f3b944eb1d36c6357,4113,0,0,ANO C4 MES C2
ERMT2307.dbc,2024-08-05T14:43,86214,7cf2543ae4af10931ae7fd0fe7d5c5d0da5a13ba954e6f9ba7a21b4f50aaa4ad,4337,0,0,ANO C4 MES C2
ERMT2308.dbc,2024-09-05T10:27,97632,f27ffe7839c4c25094b45ffc3f4b3ec0fdee40e7a402e527bf662c42c465824f,4926,0,0,ANO C4 MES C2
ERMT2309.dbc,2024-10-08T12:05,92100,7f1759960fa1755dc88643359ce22e267dc32507496d16db7178d1f36b03bc9b,4655,0,0,ANO C4 MES C2
ERMT2310.dbc,2024-11-07T15:41,94858,94946a41b4116171244389cffaec694f4810e23ddf407d2635f2be0276910f78,4824,0,0,ANO C4 MES C2
ERMT2311.dbc,2025-01-05T18:55,89253,ef8eaf144989359f2cbf841c58123278d3e5e06721715f287473012e07937373,4418,0,0,ANO C4 MES C2
ERMT2312.dbc,2025-01-05T18:55,89257,d70e7cfde0d6a9469f2d158020c58a44db00403b0a8bbb23b5030ac495fd205c,4399,0,0,ANO C4 MES C2
ERMT2401.dbc,2025-02-09T21:24,88470,0d8ba2a0069731fd15be13b88e7a6948e9466a33659675412a7a53fa350d13b7,4379,0,0,ANO C4 MES C2
ERMT2402.dbc,2025-03-11T23:45,89362,ca7fad72ee9469c54f267b442a9c51e013b386e8f8380237b67467e05d81eed5,4393,0,0,ANO C4 MES C2
ERMT2403.dbc,2025-04-05T12:12,82978,a9297edb9edcc698ea37ed21c5199b391f25e6b1ab921f477a420a6b8c1f0f15,3984,0,0,ANO C4 MES C2
ERMT2404.dbc,2025-05-08T08:06,82191,ab3f7de7371a81411f5ec4f62ebd4aeb1abbcd703b6e06a1672ed1c134ee9460,3960,0,0,ANO C4 MES C2
ERMT2405.dbc,2025-06-06T10:44,94113,1e47a0227fa15ac22f459cbb6da5064ac4cb4edf3812d1db99d78048fa44592e,4573,0,0,ANO C4 MES C2
ERMT2406.dbc,2025-07-06T11:29,92046,809544e708f100716d029a5746e1449781b66a72e82cd1957a97d33f3eb7ca49,4416,0,0,ANO C4 MES C2
ERMT2407.dbc,2025-08-04T07:13,94124,992b8a7e4c4fa186e7d10a002dd1fbc25fe9dcaac3baa5d0bbeab2893dd8d688,4521,0,0,ANO C4 MES C2
ERMT2408.dbc,2025-09-05T12:54,87428,e3f4fda806ae02d0d93e9be606455e7943dc47a8fa2f9d51f021630fec679556,4211,0,0,ANO C4 MES C2
ERMT2409.dbc,2025-10-06T17:04,76713,d1b07ac494adeac5a29b3702c47f2ee26d052bd9891036b25e417688198f8810,3650,0,0,ANO C4 MES C2
ERMT2410.dbc,2025-11-06T16:21,81446,5de463c91fd0a803621474303a3c2a6160355324568d1577585bb3332a7d5dc6,3949,0,0,ANO C4 MES C2
ERMT2411.dbc,2025-12-05T20:17,88104,873fa23e150795252ff4789df92da3ee75cbe85bb142207b14f2aa7e85c1d6d0,4371,0,0,ANO C4 MES C2
ERMT2412.dbc,2026-01-07T19:03,71484,8f82778cfeec85ddaef0bd27675961e99be3637da942a96eb955fd7989f0a186,3423,0,0,ANO C4 MES C2
ERMT2501.dbc,2026-02-08T14:13,72443,32c0790f5f043fb66eb2b6c152bd19ba0416cf8818483c806e1a9749d2b7698b,3581,0,0,ANO C4 MES C2
ERMT2502.dbc,2026-03-06T22:13,73128,4d14e0b8554cbb82296f532fd88a7a7e2c4af83c3b6a5cba8a1a4acb363a31bf,3496,0,0,ANO C4 MES C2
ERMT2503.dbc,2026-04-07T07:24,76804,c471dfff5f8063163f1bc3e68a5eb06f64341eac9428a4ea840df7677f382dfb,3702,0,0,ANO C4 MES C2
ERMT2504.dbc,2026-05-06T19:00,76766,d5b75db987a74cda7013aa2ab91cda4be745a70010b5653b350af3e4a0f4ac6f,3730,0,0,ANO C4 MES C2
ERMT2505.dbc,2026-06-06T20:15,85438,a713f4c7430d79f6c6e2abd31365130dfee285e8cc8a834f0cfcd39483ee8207,4123,0,0,ANO C4 MES C2
ERMT2506.dbc,2026-07-06T15:10,100107,626df3994529930ee15b17013d159451a30ed94c07d9fa74520204b05e875390,4760,0,0,ANO C4 MES C2
ERMT2507.dbc,2026-08-07T12:25,88466,cfc521d9ef0e86f23562393accf3102ef977f692cd02adad5e0cbb9a82d2cf94,4321,0,0,ANO C4 MES C2
ERMT2508.dbc,2026-09-06T21:27,99964,e51b24ecd19d45a601de28158c6fb8d0b38a677d1ab7708d5a1a37abf889f69f,4834,0,0,ANO C4 MES C2
ERMT2509.dbc,2026-09-06T21:27,89390,7eeb95a668438ab53a94cff23805d13cc60193d046c533db1ecee046868a454e,4397,0,0,ANO C4 MES C2
ERMT2510.dbc,2026-09-06T21:27,96620,8502d7c10566b7b39b09fa8d621fab160ae9cc24053c97008ce73213b4b234c4,4821,0,0,ANO C4 MES C2
ERMT2511.dbc,2026-09-06T21:27,97838,73d48fbd6a9b0d9fb78a1cae170327476ab31d05ab668fd5d04c7d878ba93da5,4822,0,0,ANO C4 MES C2
ERMT2512.dbc,2026-09-06T21:27,88117,8d201780e6e912f89cedcfcbeb0f3bc784ee88fd34c602eb0fc90e7326092e3b,4290,0,0,ANO C4 MES C2
ERMT2601.dbc,2026-09-06T21:27,88978,c3cffb18665ac17b22fb4140e5d6dfaec5085380013e2919d235767f0e7335d2,4256,0,0,ANO C4 MES C2
ERMT2602.dbc,2026-09-06T21:27,99597,3ea83e53174d30fbfcf71dc38a625e42617b9da8a0c36cb24a245a80c8d14f5e,4917,0,0,ANO C4 MES C2
ERMT2603.dbc,2026-09-06T21:27,97128,05130b6488deae22e542c2f884f43af8484fcf20577f94d4e5938a41076cb327,4688,0,0,ANO C4 MES C2
ERMT2604.dbc,2026-09-06T21:27,92067,1bd3a744d6674743af0d433c97fb55f801d5bcf3ade902cc7076fd1a785f73b3,4475,0,0,ANO C4 MES C2
ERMT2605.dbc,2026-09-06T21:27,93372,486eb610797271681078cba240df55f4ee596a8cd068c98625d5f0239400ce38,4600,0,0,ANO C4 MES C2
ERMT2606.dbc,2026-09-06T21:27,109761,04494f32988becd025c72bd1b63a929ac22db1bd99bba62228b3b4766b73bb42,5287,0,0,ANO C4 MES C2
ERMT2607.dbc,2026-09-06T21:27,116596,2e6e503a7a3a6897952201e18ce7138d9dc9e57747001392e2a89b34dead4842,5585,0,0,ANO C4 MES C2
ERPA1101.dbc,2013-11-01T11:29,67789,691ed083ddea0816a0879419f5bf4c13fd4c23d3ccbc6048b8a59e38842f5492,3195,0,0,ANO C4 MES C2
ERPA1102.dbc,2013-11-01T11:29,60035,e27fec1f4187b450c4e6717da67c37a800810d2b5892c58645a604dddbd373ee,2844,0,0,ANO C4 MES C2
ERPA1103.dbc,2013-11-01T11:29,75334,d2e05a59d9477cc94607e85ab7102aab7ea55a3d404227db82e8fd4d537cabf6,3593,0,0,ANO C4 MES C2
ERPA1104.dbc,2013-11-01T11:29,68157,2ed8132ade5c9ebb4155dabf8d50c3a69c50312ff5a561c0deeca0910fcd4278,3203,0,0,ANO C4 MES C2
ERPA1105.dbc,2013-11-01T11:29,123511,3a0925b209e817b7edd9a52ea2ee192ddee58ee4a1b0dfba218fdb3f01f9530a,6256,0,0,ANO C4 MES C2
ERPA1106.dbc,2013-11-01T11:29,100043,ca756bbf7755e3d9754adae488e91c24250635db377bf76e5ec7d25e0194b74d,4951,0,0,ANO C4 MES C2
ERPA1107.dbc,2013-11-01T11:29,98679,e0fede1652fe04636a5e2ca490f3302b8aaf15bfa712c644cba4b598953c4aef,4907,0,0,ANO C4 MES C2
ERPA1108.dbc,2013-11-01T11:29,97315,4cbaad6a8633eb883fc7c4006098b1286a4602daebab5ca10f03ada00c2a75a3,4917,0,0,ANO C4 MES C2
ERPA1109.dbc,2013-11-01T11:29,105935,e9c61ca26e8289d4e3d029e4c93e0969c4d741e27bf981241bf8ef863968ac9e,5270,0,0,ANO C4 MES C2
ERPA1110.dbc,2013-11-01T11:29,84631,8eef334a560e557bc7ec22ca84ff1960ccf2135d4f1553c273f3843397385693,4138,0,0,ANO C4 MES C2
ERPA1111.dbc,2013-11-01T11:29,77196,a7e8daa7c62e6f595fd59687f493b32db7a6dd469c1185ff563820bc98a4dc04,3743,0,0,ANO C4 MES C2
ERPA1112.dbc,2013-11-01T11:29,69696,5f7585cebad83c02c670bf8dffdd62414f889a2220ee0479e7f3bffd6400cc87,3333,0,0,ANO C4 MES C2
ERPA1201.dbc,2013-11-01T11:29,69272,1e3bdee677e971eb67eb2ae83b46635402171f86558faabc617c842d5ef6ee61,3314,0,0,ANO C4 MES C2
ERPA1202.dbc,2013-11-01T11:29,77240,8958a71e4f91541b00f7abec90b6ab0eed678b27a91476bf3c4a80b8566eed32,3732,0,0,ANO C4 MES C2
ERPA1203.dbc,2013-11-01T11:29,72126,885580b2fac1f37911af7c8bb0cf7b20200929e9ace2542a7f8a2b529a7579af,3547,0,0,ANO C4 MES C2
ERPA1204.dbc,2013-11-01T11:29,74977,9935c24141ae68bb9eb50c500d02b4868e9e5bcbe0d5209eef76cdf3b2b605c3,3747,0,0,ANO C4 MES C2
ERPA1205.dbc,2013-11-01T11:29,59141,f00e4d2a3e0556014c21608b4b9608bae5aa296c0726ee7b242904d58067433c,2811,0,0,ANO C4 MES C2
ERPA1206.dbc,2013-11-01T11:29,59987,25b6b634ebecc69ecf28d3766da170dadc8c259cdc1787ae4af815370baaba95,2869,0,0,ANO C4 MES C2
ERPA1207.dbc,2013-11-01T11:29,68077,d824867bde300b634991e6e7c70403e898e753aa9cbc2f212f49d8bb7de0e79c,3356,0,0,ANO C4 MES C2
ERPA1208.dbc,2013-11-01T11:29,42034,5da5ead621d194a91f846a33550e6cd74e90adddf5b37544a3caff0cffb2cc7b,1944,0,0,ANO C4 MES C2
ERPA1209.dbc,2013-11-01T11:29,66686,074fa7a76ccdfe39413f6e57a9c5d65e4079a3e9ffeaf78bacccbe6412c142cd,3167,0,0,ANO C4 MES C2
ERPA1210.dbc,2013-11-01T11:29,69266,48ca248fd5eb006a0ccd19d3b7480e9fbf42212dedb2745c6d24a5e6762a6f48,3299,0,0,ANO C4 MES C2
ERPA1211.dbc,2013-11-01T11:29,80716,8ee7cf956fa9c3920775e7bdd606035c0f0b90ac97af6fb72988d636aab373a2,4040,0,0,ANO C4 MES C2
ERPA1212.dbc,2013-11-01T11:29,68236,19248d9c25b3fbfc986d1243f4467db9210a1c81940a2999ebb01a781dd3f073,3213,0,0,ANO C4 MES C2
ERPA1301.dbc,2014-09-25T11:18,84822,f9bab0460411cb4c79a05817c7876284625e8981cd6fc1de507095a70f5beb40,4156,0,0,ANO C4 MES C2
ERPA1302.dbc,2014-09-25T11:18,89893,ac06b003c553959f45d55f86d922269dbf354f841e97347ccace939f30f49135,4505,0,0,ANO C4 MES C2
ERPA1303.dbc,2014-09-25T11:18,86891,8ae32ec41c50ecee76dbb6fc6ffc2b7b7062bba11b45886205f1de628a455d04,4195,0,0,ANO C4 MES C2
ERPA1304.dbc,2014-09-25T11:18,89148,a43ef09631584323343331821ce5319b5e92056013766399883a6a3be3d1fc94,4316,0,0,ANO C4 MES C2
ERPA1305.dbc,2014-09-25T11:18,79272,e78c7bb4b2e767a970af20f19712a6f57b767a1493814137989ee163fa25cd8b,3729,0,0,ANO C4 MES C2
ERPA1306.dbc,2014-09-25T11:18,82707,dbe4d2e112cada04d5b671bd52b42d59170a5c87fc371f9ab617a871e399e030,4070,0,0,ANO C4 MES C2
ERPA1307.dbc,2014-09-25T11:18,70402,c9b52258ee5048e303b73a530eb76e649982816d8c2c39d84a8d26e8bde67f80,3343,0,0,ANO C4 MES C2
ERPA1308.dbc,2014-09-25T11:18,84519,0357321e55fb9b34c503d760918f4f63e7d0333893f1f03d35fb4d4b3d16921b,4131,0,0,ANO C4 MES C2
ERPA1309.dbc,2014-09-25T11:18,85288,f1714f222a0e97c7eb7e14f78fda2d02fa1b12f6d907ce198916a1b84e3a74cd,4088,0,0,ANO C4 MES C2
ERPA1310.dbc,2014-09-25T11:18,75362,8aed5e954df4b46b8f257860d0c1cb130f0cbf0f9fac83cfe2023c28983c6580,3620,0,0,ANO C4 MES C2
ERPA1311.dbc,2014-09-25T11:18,69861,511fadaccb83e8b675bf9d285ffad78da84a0a6ace294b8f6f540cbcde537cd2,3268,0,0,ANO C4 MES C2
ERPA1312.dbc,2014-09-25T11:18,74315,f1427ab335751fcd3733905df03534ff4bd3212a58dd414076f0d8dde4ea7ae2,3484,0,0,ANO C4 MES C2
ERPA1401.dbc,2015-10-05T11:58,61070,5e6fe200dcda7e4e5f4f00a4465ac635551317acb2a76cdbffd069d5897e6f47,2805,0,0,ANO C4 MES C2
ERPA1402.dbc,2015-10-05T11:58,63045,2926203c30c07e11cd15ae7496700a972604bc9332187d84a452676e42477be4,2944,0,0,ANO C4 MES C2
ERPA1403.dbc,2015-10-05T11:58,59483,866cc4e4adbc9fd33c62584ff1da35994ffba01278691c459a94ef668cead244,2750,0,0,ANO C4 MES C2
ERPA1404.dbc,2015-10-05T11:58,64029,3d4e166f3e337290d64c4c61a68adb190eda558538e7ead41ea71f08e37a6841,2991,0,0,ANO C4 MES C2
ERPA1405.dbc,2015-10-05T11:58,64932,8d9675a0937d77b657771ba1571256305a882de1cec40689ea337e8a13e24ae6,3058,0,0,ANO C4 MES C2
ERPA1406.dbc,2015-10-05T11:58,60648,bdc9056558e5703a89267b5672fbe1644aef6a1cbdff6a84c1460edb040050e4,2795,0,0,ANO C4 MES C2
ERPA1407.dbc,2015-10-05T11:58,60953,6f46b125290115fdaf0ac3070eb1f80147ee299bd4d24c9f36542f891cb82846,2824,0,0,ANO C4 MES C2
ERPA1408.dbc,2015-10-05T11:58,63293,473494aaa51228c75276a1def010ed4fca4d7639e3ff92d022b66702711ebafa,2972,0,0,ANO C4 MES C2
ERPA1409.dbc,2015-11-09T10:30,69028,5b1a874777db61ae0c04e75f20f8373175594224cda5b52d05ce307ef988763d,3220,0,0,ANO C4 MES C2
ERPA1410.dbc,2015-12-07T08:58,70530,30ab0ef7c8287a59a4e8083427b21508b59a6b48a8025e560fb3c9f06f0e63b1,3363,0,0,ANO C4 MES C2
ERPA1411.dbc,2016-01-07T10:02,64501,87f66b9db205d37df74cf1a5078cb12755385a27675c4f4a42a33dfeba193863,3091,0,0,ANO C4 MES C2
ERPA1412.dbc,2016-02-05T09:09,64845,56c3d73a014e4368baad278a86b34717479cdaedd040c086ea684be7d547eba5,3072,0,0,ANO C4 MES C2
ERPA1501.dbc,2016-10-04T10:22,64306,964f058159be7e59dbd4a88b2f6c7be882f760392df069c8b427b0ab690d51bc,3053,0,0,ANO C4 MES C2
ERPA1502.dbc,2016-10-04T10:22,61595,99f98b1b5ddb0eab4ab23e1144213eefd89624816e8faf3940f7d8cca2c32aa5,2964,0,0,ANO C4 MES C2
ERPA1503.dbc,2016-10-04T10:22,61289,371b7a120c8a80670c1c7c3522bf9b834d7adc57104d6e27d5d88a8692b6023e,2903,0,0,ANO C4 MES C2
ERPA1504.dbc,2016-10-04T10:22,58474,f2704ef36327a541bbb6a96ae2bfc01d2714614c7357921e79189fc3e20ae16d,2758,0,0,ANO C4 MES C2
ERPA1505.dbc,2016-10-04T10:22,58279,d455bb6a648389c8ab8cf14cf588d866fd5cc2022bcf841589da63c85903f89b,2773,0,0,ANO C4 MES C2
ERPA1506.dbc,2016-10-04T10:22,80168,3a6b4b7769ca71075e0bb478b276fe9ff8bf75775f51eec68260ff11039d3739,3802,0,0,ANO C4 MES C2
ERPA1507.dbc,2016-10-04T10:22,58827,44d1ed838c0f2ee6f181bd28b77441c6de8d2b71b48f02b8c4f7023c10e085e8,2688,0,0,ANO C4 MES C2
ERPA1508.dbc,2016-10-04T10:22,68660,2ecc30b3498d0c50e96b691ac16f2e36c90f8de029a2c05cda6f6211bb78fdab,3110,0,0,ANO C4 MES C2
ERPA1509.dbc,2016-10-04T10:22,66157,73ec17b054545a7527916d6151e5e001f9e2205cdbafc9c0fc72499d788e4d3e,3054,0,0,ANO C4 MES C2
ERPA1510.dbc,2016-10-04T10:22,66681,cb0eb34d0784b396c890d9dd961df64b78911cd4f36ec602a5be2271bd702532,3030,0,0,ANO C4 MES C2
ERPA1511.dbc,2016-10-04T10:22,69820,3e643ed92fa18067a12597ac625ebf6d4ad79ac4bf5cdbebfd623b211a7aee76,3365,0,0,ANO C4 MES C2
ERPA1512.dbc,2016-10-04T10:22,73181,e9862bf2649742ff2aea7d8224d906a444fd4752debc3cf67090affeb0c7ecea,3350,0,0,ANO C4 MES C2
ERPA1601.dbc,2017-04-10T10:08,66699,f3ae2957753325806883021f99a3665bcd4e18a73d4cac7fb5882685ab605b92,3080,0,0,ANO C4 MES C2
ERPA1602.dbc,2017-04-10T10:08,78637,6b7626e4d5c3310f7f17b766e4dc1ba255a60858e8dacc6d0849386403d19421,3649,0,0,ANO C4 MES C2
ERPA1603.dbc,2017-05-05T14:39,68865,23b0e904a3b533f874c6fcf3433bc0ad986b149ee29d0206b928ea308f4d3a35,3171,0,0,ANO C4 MES C2
ERPA1604.dbc,2017-06-05T10:00,62670,f3341ef8cece23856bd913d01ae8712deb08c64e2b533e76fc7603f4c59b56fb,2910,0,0,ANO C4 MES C2
ERPA1605.dbc,2018-01-08T15:27,63759,04556a9972588618ea5afba8e429f5ec5ec00e9366e7ebc719f041f45bbacc9d,2891,0,0,ANO C4 MES C2
ERPA1606.dbc,2018-01-08T15:27,62424,012decc8f82d9029955c3414e1c6f3bff8207c694d7610e60f201df3c6a9628e,2852,0,0,ANO C4 MES C2
ERPA1607.dbc,2018-01-08T15:27,65866,1a5d25cb9c8ff0f95528e901e5fe32df867bed2da30845f64720ac97ada80ce8,3044,0,0,ANO C4 MES C2
ERPA1608.dbc,2018-01-08T15:27,62120,653e596e1e29e315457decbbeba6d4e8eab7f3797918d31e5c360432a47338a4,2917,0,0,ANO C4 MES C2
ERPA1609.dbc,2018-01-08T15:27,53402,8eb8232b8a73103608f394959859678e8c10c65d55b74bf95471278ab634d82e,2394,0,0,ANO C4 MES C2
ERPA1610.dbc,2018-01-08T15:27,38585,453a872eebac90d087741f4b0201addcfd5807003a1e11c6c2ebe61bc3e59969,1757,0,0,ANO C4 MES C2
ERPA1611.dbc,2018-01-08T15:27,46947,197c65ee83240c14790575923d7ffcefca54c03f9fcc5b2d9c97752daa163663,2149,0,0,ANO C4 MES C2
ERPA1612.dbc,2018-02-05T09:38,65991,bf8a7f7693fdf840729dcf779945141887ec94d3634164ab70d3a9d8a5993528,3207,0,0,ANO C4 MES C2
ERPA1701.dbc,2019-04-10T16:27,61407,18c42cb3a88b69679d634445c88e4fcbe1ef1b429092c60d4c890638d5a5a75f,2871,0,0,ANO C4 MES C2
ERPA1702.dbc,2019-04-10T16:27,55014,7a1ef5131d356e95a7c350af235924e2faf136d673e328b8781c89b1a5992648,2611,0,0,ANO C4 MES C2
ERPA1703.dbc,2019-04-10T16:27,67219,9d015bd7668c84a6ca1fd852ff4413b0a805f3d5b3ca7ae69db05f4db6b3619c,3239,0,0,ANO C4 MES C2
ERPA1704.dbc,2019-04-10T16:27,63268,a46f13dfc14d9f0323d9667967b32cf39078aef1244780eef917fe3094510ff3,2928,0,0,ANO C4 MES C2
ERPA1705.dbc,2019-04-10T16:27,58640,3b64ee4df477823bebbba5d372747330b55a0ba3b4d0679c6823178dc486e68f,2756,0,0,ANO C4 MES C2
ERPA1706.dbc,2019-04-10T16:27,58557,2e01d5c283df92dc06b9443379b5fa18e1e787569aba1d50d852de020484f987,2731,0,0,ANO C4 MES C2
ERPA1707.dbc,2019-04-10T16:27,70124,ca9c1441040e514e601c5e3b3dadf9c33d50f8279a38040a8827c7da7cba2197,3343,0,0,ANO C4 MES C2
ERPA1708.dbc,2019-04-10T16:27,66883,95508bfbf09848a8432d5054f814369e8493e7703667f657be18ebd0abb54e91,3208,0,0,ANO C4 MES C2
ERPA1709.dbc,2019-04-10T16:27,56298,bd0b005f47b67eaf9b8fd51475314be7023b8e90175d3918e5336841183d93dd,2580,0,0,ANO C4 MES C2
ERPA1710.dbc,2019-04-10T16:27,48929,4661b5d4dc956253961f394eb289c4739458e930518f16750bb9723f4c9fcde9,2218,0,0,ANO C4 MES C2
ERPA1711.dbc,2019-04-10T16:27,54044,2a70ed51ae0267b537a4c45470bf0651ce5d977306b4018f840ec1325e90efdb,2505,0,0,ANO C4 MES C2
ERPA1712.dbc,2019-07-08T14:45,42029,810b52242f7a449fc6fa4d2879056b74f60350123ba5e61f3975e98d9878ac00,1863,0,0,ANO C4 MES C2
ERPA1801.dbc,2019-08-05T14:39,50079,d16cc6372f8ac53202072933b2c002ed07bdf0610e8b80dd02f04dd7e927985e,2251,0,0,ANO C4 MES C2
ERPA1802.dbc,2019-08-05T14:39,54779,3f1f08da27f950cbfd411a5838af14cca07aa23ef1aee5c5a9f1b0a1a0406703,2525,0,0,ANO C4 MES C2
ERPA1803.dbc,2019-08-05T14:39,56797,90eb56a7de6983c4acddcbd028a91dc1c99dcc7e0ae5f5828246d734526d00b7,2596,0,0,ANO C4 MES C2
ERPA1804.dbc,2019-08-05T14:39,54005,a2a3e900d2dcfc9477c22a6fdc062ae77f260290a80709545149b839c6efdcbe,2433,0,0,ANO C4 MES C2
ERPA1805.dbc,2019-08-05T14:39,45470,88308563f2bdeddfe18174b85fe2a89b341d09f1aada1ec6a14a68c58107d8e7,2040,0,0,ANO C4 MES C2
ERPA1806.dbc,2020-01-09T16:49,45559,126e07d8064d057a7d87593471c165abe28c796d4d7ea44779b803942ae0c676,1992,0,0,ANO C4 MES C2
ERPA1807.dbc,2020-01-09T16:49,46817,12ebae8fb0ad0bbbc5f3bef8e9d3c8423dbe96ea18a86d01f80505ed9e2e3b13,2059,0,0,ANO C4 MES C2
ERPA1808.dbc,2020-01-09T16:49,44706,911a4779c0a9448f9e5b80ffa3f1c98a0a8b72c4725832ce8e669f224934daba,1960,0,0,ANO C4 MES C2
ERPA1809.dbc,2020-01-09T16:49,42301,d9b98493a985d68b0f7bf1d810dedb6dbb3c5612642c1524bbfc5588c0b22b83,1852,0,0,ANO C4 MES C2
ERPA1810.dbc,2020-01-09T16:49,48177,ed282d50c61b9774504054332e51be2772301b6e54d572258aefe6d7a00d5431,2168,0,0,ANO C4 MES C2
ERPA1811.dbc,2020-01-09T16:49,35696,44bda22859a759af9602663bdfb6953ae6bb7bf48738dcdb18dc60131dd3ff6d,1522,0,0,ANO C4 MES C2
ERPA1812.dbc,2020-02-07T15:02,53370,15e2770853ae961f54ab3982aa9125d980a79c29d11e6c1aabb466fff7e6f043,2389,0,0,ANO C4 MES C2
ERPA1901.dbc,2020-03-10T14:43,46257,7db5c182026398b81dee89bf18341dc0a92a89de7baae0a838753d53111c2265,2043,0,0,ANO C4 MES C2
ERPA1902.dbc,2020-04-05T14:39,46961,f9f1135bec90584c0d1333668da50b1fae56aa5dab500a38a4f97c6ff10cb354,2054,0,0,ANO C4 MES C2
ERPA1903.dbc,2020-06-04T13:54,44722,715a64799c0a772823a2a65c120ca432d8fba4b5af0f211f5341508a3ca931c9,1973,0,0,ANO C4 MES C2
ERPA1904.dbc,2020-06-04T13:54,60563,9fb5355cbc374eb50851e5b17adc6d8af17abf8a94b98b9aedc2367c3e859176,2700,0,0,ANO C4 MES C2
ERPA1905.dbc,2020-07-04T11:39,49138,e0581aa92cd1c1b36c98f158aec914096a957e1831aa9483267c4e51285e887c,2189,0,0,ANO C4 MES C2
ERPA1906.dbc,2020-08-04T10:41,54320,68fdef3ce5293b088385cbc0d76dfa8de255b1bceadeb6dda1a12dc9a2a21eaa,2415,0,0,ANO C4 MES C2
ERPA1907.dbc,2020-10-06T08:42,124172,6b7331472052d2515534e6b0551628780c03869af7783d0f016b9fc3e6342a08,6437,0,0,ANO C4 MES C2
ERPA1908.dbc,2020-10-06T08:42,71372,6a992074a61d0992153b860c40256ae2add8463135bd484b8e5f2c54c176f237,3435,0,0,ANO C4 MES C2
ERPA1909.dbc,2020-11-18T10:38,52880,64623fd18b6f0445076190d0b2632395e24353c9f0c3fcd803ee96818985701b,2431,0,0,ANO C4 MES C2
ERPA1910.dbc,2020-12-07T11:23,61024,77755cbfae9fbc507f5e0ed74471ac3d76d9ff28a12bf939eaccbf66b439e908,2791,0,0,ANO C4 MES C2
ERPA1911.dbc,2021-01-14T08:10,61385,992a0f1a1ed8e1def7c858b70e4588a480aab1ee00f5c999c82ebc49f98b1bb7,2899,0,0,ANO C4 MES C2
ERPA1912.dbc,2021-02-05T10:26,78787,b5660d9d18cd360ae47c0b16de457b2ad214a395b6a7052a8e31e7cf5afb4a74,3907,0,0,ANO C4 MES C2
ERPA2001.dbc,2021-04-05T13:24,69725,d6181128fa90222ecf740e44e098c3831fde3adc970be74522b4690fc6e54a40,3422,0,0,ANO C4 MES C2
ERPA2002.dbc,2021-05-07T16:35,76158,11e4d568bb5f97adb6a8f94719348790f9608a80e6059aed1936a9e830a71eb8,3825,0,0,ANO C4 MES C2
ERPA2003.dbc,2021-05-07T16:35,91652,aeb2d85a066b3526b97606ef9e207afb505c5fbc4c2b458dfb59a2d6433b04dd,4813,0,0,ANO C4 MES C2
ERPA2004.dbc,2022-01-10T14:22,56853,093a7e2bfa14f5342088164f7b7cd2e260f5e02b5ae68adb57b6683849acfce6,2836,0,0,ANO C4 MES C2
ERPA2005.dbc,2022-01-10T14:22,83246,012e3ce926d477e0009dcd6888d37d785cf758effe56ccf566e2b28361cc342a,4193,0,0,ANO C4 MES C2
ERPA2006.dbc,2022-01-10T14:22,104301,78fbca1cc4cc49fd699ecd97d1e0843252e30907b7f15c6d3e1f179342d1ad40,5336,0,0,ANO C4 MES C2
ERPA2007.dbc,2022-01-10T14:22,137535,90562d58e426b73f4d747d010742a1fa03928f742366d6a917fb1d4d8da01b61,6729,0,0,ANO C4 MES C2
ERPA2008.dbc,2022-02-07T10:04,75613,c0a9e0d76c081c477190e85fe1c9f613646e696f23bd36e2d2da140ad1e6b451,3505,0,0,ANO C4 MES C2
ERPA2009.dbc,2022-02-07T10:04,71141,42e363281d905ec783f4c7b45ecf3c4def6fea174b2d384c4e4cd0f1a909fa0c,3233,0,0,ANO C4 MES C2
ERPA2010.dbc,2022-02-07T10:04,83630,993fb3f75562ffe831616d7cf6314d4fed132f9aabcbf4b91085e68c5784b394,4027,0,0,ANO C4 MES C2
ERPA2011.dbc,2022-02-07T10:04,68424,0ff7713cbdbc40c9e0e08c5db15da1fad6546628610d123baebccf4a1f067492,3191,0,0,ANO C4 MES C2
ERPA2012.dbc,2022-03-07T13:12,68724,e881350f89ed47b70cbad2782f69ba96d085f48b7f5d44a0150b65009161e895,3166,0,0,ANO C4 MES C2
ERPA2101.dbc,2022-03-07T13:12,73095,a5f56b6d7e7bb9a3e26499c2f0c0899d502e639cbecf280be1b4683706c8bcde,3395,0,0,ANO C4 MES C2
ERPA2102.dbc,2022-04-11T19:22,78326,b2a39cff92fb3dd8b7a8f4da01d1999065423bfb303a758a45df829bd18c08d3,3683,0,0,ANO C4 MES C2
ERPA2103.dbc,2022-05-04T12:32,91178,a52330cbc4012664aa4f7b64d124b5381fe28bfffd0af0126979277ad4df80bd,4433,0,0,ANO C4 MES C2
ERPA2104.dbc,2022-05-04T12:32,109913,4ee4875ed7329d1a2ebbacd0d50dcc311339995325a9af1b94352f75c16710a6,5398,0,0,ANO C4 MES C2
ERPA2105.dbc,2022-06-03T13:03,86056,e7694184a4765a2de73a4124db8c2366fb4f7ae7b8ff506ae7af9e15bb3a9edd,3915,0,0,ANO C4 MES C2
ERPA2106.dbc,2022-07-06T13:10,92602,7753356bb2d11eca22312b32a6caaaeb803cad606e9586371de5466ccbc3c55f,4318,0,0,ANO C4 MES C2
ERPA2107.dbc,2022-08-04T15:38,89463,a13e5497ec58285383a2004e84da75d42065aa2509be28c5a511fea5bcc36ded,4232,0,0,ANO C4 MES C2
ERPA2108.dbc,2022-09-06T11:15,91241,6ec280a35e9320e6fcac5963fb5e9a99504193238134aa2fceb837d6f68b5eee,4339,0,0,ANO C4 MES C2
ERPA2109.dbc,2022-10-05T14:25,75089,5019b6de2a2fa0f5d342cf64630dba463c55852c4d4a48e1e10326ed97ac085e,3633,0,0,ANO C4 MES C2
ERPA2110.dbc,2022-11-03T17:54,56562,46b45d9f30c24ea23702f10faf1992ab4987d85c1b5e7baf2cb61fa3b0502e58,2693,0,0,ANO C4 MES C2
ERPA2111.dbc,2022-12-06T16:21,62025,2b267729609a415596ce5cb786e8d0e3c8348b62d2ff593f9e99b2ec14fbc6bb,2994,0,0,ANO C4 MES C2
ERPA2112.dbc,2023-01-04T12:45,44437,ef587ee2a7f4d088710ce5a0639a3f75abc118a2428edc3efbd0f0e648a20c7f,1964,0,0,ANO C4 MES C2
ERPA2201.dbc,2023-02-06T12:59,64867,0a5f7d9e3ee152aeb85059f04ef0d60cc9da76c44b84594e95f17a153854419a,3095,0,0,ANO C4 MES C2
ERPA2202.dbc,2023-03-09T16:42,47621,885e7007efc4ba670ab9822b294cf2fff9fef26eca2f7d958a55086a0f2ce546,2177,0,0,ANO C4 MES C2
ERPA2203.dbc,2023-04-05T13:31,41641,cb429d51a19d98f95989d5b4a0918f10613c4791e46c623f02e0b6413b75a0e5,1912,0,0,ANO C4 MES C2
ERPA2204.dbc,2023-05-08T14:30,32386,1fcd7de57b9510b7340c5612f5f3f287bee1e38331b0dd1ff2cbbee4bde478f2,1419,0,0,ANO C4 MES C2
ERPA2205.dbc,2023-06-05T11:31,42557,c4337117b0b63323668b6f3619d45b71d323237bc7c215862528e6ad1293fda6,1932,0,0,ANO C4 MES C2
ERPA2206.dbc,2023-07-05T12:43,41291,00c15f6597ac2ba5d946255727f931a34538c94262e963c3445e80288feaf69b,1864,0,0,ANO C4 MES C2
ERPA2207.dbc,2023-08-03T16:36,30784,060598bf476ef0d6d4438a62c5ab501afe0133829c0956bcbfb2fdcc30c08daa,1305,0,0,ANO C4 MES C2
ERPA2208.dbc,2023-09-04T21:02,27418,4fab574c9d0c77df8dbfa7f30fc48de65476d1dd321d8806c1207dd7177ba689,1201,0,0,ANO C4 MES C2
ERPA2209.dbc,2023-10-04T17:01,28305,74256d8cb217bd556427488851b0dea91c43f8cacb30c981dae1e1b922db7159,1237,0,0,ANO C4 MES C2
ERPA2210.dbc,2023-11-06T15:49,22815,0ebe9c7c0206a598b64fca899166d260f20930fb61438fc063541ea906542fdf,963,0,0,ANO C4 MES C2
ERPA2211.dbc,2023-12-05T14:58,22668,7b5d18d7af33962c1569c7bd40be1fe0911acb29f45b1b2e2d5f2cc68a53364b,955,0,0,ANO C4 MES C2
ERPA2212.dbc,2024-01-05T17:49,28528,462ce4b074f5b67006d0207b1e658332c1059b109865e67dffddf5fabd1d1217,1236,0,0,ANO C4 MES C2
ERPA2301.dbc,2024-02-05T22:49,23317,e5792c3c2708ef71da55c572cf8a2d48d76df77308b8898fa07b7a3c9ec6ccfd,978,0,0,ANO C4 MES C2
ERPA2302.dbc,2024-03-07T18:39,16009,d86b0563f5d2ce607ab0fbd41605b7e29f8fc63262f32f3abd9bf77bc88f2250,652,0,0,ANO C4 MES C2
ERPA2303.dbc,2024-04-09T14:24,23542,a2eb8bd3f43ee1f178e11eca2e05ac2eb976b213be6203da3f57d58922d24e4e,987,0,0,ANO C4 MES C2
ERPA2304.dbc,2024-06-16T01:07,20759,001bb1400e622529080c1a8f271ed44d7cb03429eb247edcb778db86be58f7d5,869,0,0,ANO C4 MES C2
ERPA2305.dbc,2024-06-16T01:07,41614,c4d797b55aa55fd7af1e4362504687d4d0eb25b3bcf301530200e4a58a05628d,1966,0,0,ANO C4 MES C2
ERPA2306.dbc,2024-08-05T14:43,80304,8ee1acd393170f87fd4909d4168f1d2adff5d7a14ef923935f84c6ed3368a295,4134,0,0,ANO C4 MES C2
ERPA2307.dbc,2024-08-05T14:43,37673,f03a0891dabd5352f71b3781a273b603dcbcb380e242c00af54f08200aff794b,1702,0,0,ANO C4 MES C2
ERPA2308.dbc,2024-09-05T10:27,45775,6cb7285cae36ef3031a96b4d7406a54a77f9b924f9e97afb3f59b921d54ee54e,2030,0,0,ANO C4 MES C2
ERPA2309.dbc,2024-10-08T12:05,42613,84ce7e3fa2fb86b2aa094716ce3d2a5e33c394e209fa53359e10491f9a2a60dc,1869,0,0,ANO C4 MES C2
ERPA2310.dbc,2024-11-07T15:41,43606,2904ee41655b0e3742813fcf3dd9cf3ca72d7db9be4842dba19090eb184720c2,1928,0,0,ANO C4 MES C2
ERPA2311.dbc,2025-01-05T18:55,48916,c99292468b014023cae8641e4e3f82c0566027f64b5460d84ff271e5c0bac8bc,2248,0,0,ANO C4 MES C2
ERPA2312.dbc,2025-01-05T18:55,41942,4f10925df88cd0868aa034d71be50abccb8f15a142a8e334a087c15c2d995394,1857,0,0,ANO C4 MES C2
ERPA2401.dbc,2025-02-09T21:24,36650,eddef7038a8fa1489327e7b88183aea262c69f6d5e3f3ba2868eac3b3cd84736,1572,0,0,ANO C4 MES C2
ERPA2402.dbc,2025-03-11T23:45,50118,da898c03aef17675eb565aefbb520f1e92b3ed054eef910492feddca44832e4e,2359,0,0,ANO C4 MES C2
ERPA2403.dbc,2025-04-05T12:12,28553,8e9822d1621a0dd98aa9aff39aee4183726dee6134d3dc987ad83ef1b0f09c90,1199,0,0,ANO C4 MES C2
ERPA2404.dbc,2025-05-08T08:06,28248,a7e3a85b35d3a9716da58b7ff431398877a4b9717b4d73eca1b0d9e82722f3ee,1208,0,0,ANO C4 MES C2
ERPA2405.dbc,2025-06-06T10:44,16941,1c262584fb1634d06b0985c835637f2a0fd45be6114edbf9debadf63b522d758,712,0,0,ANO C4 MES C2
ERPA2406.dbc,2025-07-06T11:29,26095,7fcc136f3163cc7b3bf8565cb1d3fa4ac28d1bd937b716bce048eba3c7063798,1183,0,0,ANO C4 MES C2
ERPA2407.dbc,2025-08-04T07:13,33180,971aeb94bfc23f94e40082141fc4d0fdc24a28bcda49cb9cf8cd867a779ecde4,1537,0,0,ANO C4 MES C2
ERPA2408.dbc,2025-09-05T12:54,35233,6ea94cd501094931100a39503d116da3ffbfd6a9cfda180c725afdef2cf2c2d3,1600,0,0,ANO C4 MES C2
ERPA2409.dbc,2025-10-06T17:04,43192,e87ec9e86cad5c24157651b217b93eac85509bdb4a184cb73186c378b4fcc028,1960,0,0,ANO C4 MES C2
ERPA2410.dbc,2025-11-06T16:20,22322,db430d3593ed45778670ce40024e83f955422e17364cd8be72ac1cf2e54d3d78,960,0,0,ANO C4 MES C2
ERPA2411.dbc,2025-12-05T20:17,16298,bf8cc550f9779d464d744ceeea1ea28fc5bdb85963c05b8f5e30b3ccbcaf4639,658,0,0,ANO C4 MES C2
ERPA2412.dbc,2026-01-07T19:03,20770,ac46fa15e4dc600629f2f183e8a696fc66ddca375428007093222819cbeabfa6,900,0,0,ANO C4 MES C2
ERPA2501.dbc,2026-02-08T14:13,22695,ccaa3930ad1d7865bbca57a93593ea7d5e1b562e653f80278f9488ce4bfd940d,968,0,0,ANO C4 MES C2
ERPA2502.dbc,2026-03-06T22:13,16540,ea8c3020fe3e98aa5fc4fa13261909a45dd950d0c5be4e6891ce19b4de191301,692,0,0,ANO C4 MES C2
ERPA2503.dbc,2026-04-07T07:24,20938,0a808e5599ce17cda53d5c58564058003c2c3fc72a0a0bb0fcefc3f7bb8a7834,878,0,0,ANO C4 MES C2
ERPA2504.dbc,2026-05-06T19:00,19834,0591de81370069d6753e6396991253ce6cde0e0e0d3f85ea7d1063d8899dc665,894,0,0,ANO C4 MES C2
ERPA2505.dbc,2026-06-06T20:14,19195,66ef07bc601cc73ce9ad6ad3cc241f6374a1aecbf14cae4af02acdd301ecd3c0,807,0,0,ANO C4 MES C2
ERPA2506.dbc,2026-07-06T15:10,23845,02bea8ac213c563a26228cb10d6c469ec951d7b329968ff441e301f6fb81c005,1046,0,0,ANO C4 MES C2
ERPA2507.dbc,2026-08-07T12:25,20622,88488eadbf68edcd05603414335422f9acbf22230a840d20e1edd5f86e5cee63,880,0,0,ANO C4 MES C2
ERPA2508.dbc,2026-09-06T21:27,20623,2f4c659d89fe60ce8030bd01a070292b10047038ed8587dee995c0f7384c591a,898,0,0,ANO C4 MES C2
ERPA2509.dbc,2026-09-06T21:27,30590,90b29e510c73fe472190322559491791e3c0864d8278542b60e9d5d0a8e9d839,1483,0,0,ANO C4 MES C2
ERPA2510.dbc,2026-09-06T21:27,22651,a8e7e155b7cd7cd30befb5a28820815aacc5100e7b5894631e5009aaf7ec2c77,979,0,0,ANO C4 MES C2
ERPA2511.dbc,2026-09-06T21:26,20767,9f2b456786aed859fdb8988653da296e8adca5f6111de88d4ac33779cc5b1c00,852,0,0,ANO C4 MES C2
ERPA2512.dbc,2026-09-06T21:26,23322,8c8d11be5caa65d9ef52bede16c8721a4ae542f9abe5f32ef9aba1302099334f,992,0,0,ANO C4 MES C2
ERPA2601.dbc,2026-09-06T21:26,43499,9fcbe3d6de98dedc757e0a42f55889e0e27b00636afd03dc6a688acf92c614d0,1968,0,0,ANO C4 MES C2
ERPA2602.dbc,2026-09-06T21:26,30650,a94a9c494e80fd6e3217d04e49e3c04aa3bf85c3b731cb5368cc61ee8ec15b39,1325,0,0,ANO C4 MES C2
ERPA2603.dbc,2026-09-06T21:26,33731,2491ed13baf6d83faf26e7df2455ecefbbb58adf0ef1ad1f7ce56f0f9418c488,1491,0,0,ANO C4 MES C2
ERPA2604.dbc,2026-09-06T21:26,33087,040f75cfee0c152df5a308069d26cc729c043dadc915e80cc86d24c713e5e66c,1469,0,0,ANO C4 MES C2
ERPA2605.dbc,2026-09-06T21:26,49514,8e62d2b2a8b4f5232cce8963126dc2c6d8db287298e7eb09469a3f704aaf5cde,2308,0,0,ANO C4 MES C2
ERPA2606.dbc,2026-09-06T21:26,46707,28448d952ac45860070a619dfda6c2e072dfcde10ad8254916f13c9d330707e1,2175,0,0,ANO C4 MES C2
ERPA2607.dbc,2026-09-06T21:26,63088,f93ff96fc4eb0ff6bfe3884b8d1dd6a0f33e3c492053260643a3a73f2bb99362,3082,0,0,ANO C4 MES C2
ERPB1101.dbc,2013-11-01T11:29,33762,aaabbebc511294d9dfc71b8033c880f7c484874397c8bb431bfc17df3d6e530a,1526,0,0,ANO C4 MES C2
ERPB1102.dbc,2013-11-01T11:29,33422,03012f389dfd2b931ea883b76c5c1604357c1eac5df8a5d5341663831707d30a,1546,0,0,ANO C4 MES C2
ERPB1103.dbc,2013-11-01T11:29,40058,8e57d5f7d3cfad6e96f0fc7edf4bf141c906f78187b529e73f877d5ee2c9b634,1830,0,0,ANO C4 MES C2
ERPB1104.dbc,2013-11-01T11:29,35625,8f57428b0aa619b2f105f6d46fffa8bd9bef3118cafa92912966624b58a622d9,1598,0,0,ANO C4 MES C2
ERPB1105.dbc,2013-11-01T11:29,75003,c107196ea8c0e4a49cf675e8e1bcd701e1a21c612c23517ce2b36445296f6701,3810,0,0,ANO C4 MES C2
ERPB1106.dbc,2013-11-01T11:29,80361,ad03d515fbfe2b7e1e5250694b0d06a110f8131162758016f810067d1a9e0a97,4180,0,0,ANO C4 MES C2
ERPB1107.dbc,2013-11-01T11:29,66682,a47b2a8d19daca836dbc8a88c4c81cc59dbd09ce50ff1e9060124bf8fec5568f,3183,0,0,ANO C4 MES C2
ERPB1108.dbc,2013-11-01T11:29,65733,b9e26c5e373349978de81a9f82cb36648bd6108ede52b750c9b4b51bfaced2ef,3142,0,0,ANO C4 MES C2
ERPB1109.dbc,2013-11-01T11:29,55534,c873f63a4437b74c95090b94c6b2073c69a195f69df13d43293d528a2a057d8a,2651,0,0,ANO C4 MES C2
ERPB1110.dbc,2013-11-01T11:29,51779,909bd549b698b1ad14116e9e10070ef0b15be83f43a0fcf03cb2840fbe083974,2522,0,0,ANO C4 MES C2
ERPB1111.dbc,2013-11-01T11:29,54169,c5888463a9e07d7a8642bf04265e5aeedc45b288c5284d344e884b304d25a905,2592,0,0,ANO C4 MES C2
ERPB1112.dbc,2013-11-01T11:29,49304,c35e5735a4c9f699f215001410e99b5ad41f02daaaa66554aae7446cf5993e02,2316,0,0,ANO C4 MES C2
ERPB1201.dbc,2013-11-01T11:29,53391,42b9542ad6b81359a80133cdbbbaf5891a7f568879fa886e148d77b50598ed1f,2563,0,0,ANO C4 MES C2
ERPB1202.dbc,2013-11-01T11:29,57096,aba0a4faa454151b577fd3b22605611da7d5acfc983d0d1b1db7bc07cf05cd51,2745,0,0,ANO C4 MES C2
ERPB1203.dbc,2013-11-01T11:29,50374,97329de23c5788dd61fc12929323d99c803a06a02e56b7d48239333a22f1b18a,2402,0,0,ANO C4 MES C2
ERPB1204.dbc,2013-11-01T11:29,52569,2d55ae01bb2474d872a1eb473caed04c80589c1c995c7a7e5487667820d1d429,2488,0,0,ANO C4 MES C2
ERPB1205.dbc,2013-11-01T11:29,50245,244d5fdbe2b6786b86d20dd4714bdb4ba8aa3877f29668b53d960bef6b50d347,2418,0,0,ANO C4 MES C2
ERPB1206.dbc,2013-11-01T11:29,45685,c3f53586b36dd5f234188a98f4359f4d2ab5610a8c687829a46948ad2da0179c,2170,0,0,ANO C4 MES C2
ERPB1207.dbc,2013-11-01T11:29,39560,c6db3508819acadbcf5764034b7068144bd0661dfc72f511d81128b29d6513b7,1854,0,0,ANO C4 MES C2
ERPB1208.dbc,2013-11-01T11:29,47141,1b8a707799a3584226855c7e53a0923c9321ec5b4ebd34771b64a10add36f5c4,2244,0,0,ANO C4 MES C2
ERPB1209.dbc,2013-11-01T11:29,43469,1235fff1d67d1ca36d76fcce8c5bb9cd6208a5efa8103fe2dc8e7632c8c0c3e9,2030,0,0,ANO C4 MES C2
ERPB1210.dbc,2013-11-01T11:29,49436,57a72ab2d75e9ca1150f6bdc60bc197d1bf7d446794706b1d1a72ac968ad776f,2375,0,0,ANO C4 MES C2
ERPB1211.dbc,2013-11-01T11:29,49436,486bd9ccafc83698ecec373835202c0763628f119bc3332fb291b97a1fa346ff,2328,0,0,ANO C4 MES C2
ERPB1212.dbc,2013-11-01T11:29,49400,3d6b083e265811b976fd3ac4eef64bc05361c12e748526052e1042f4e14ab85d,2350,0,0,ANO C4 MES C2
ERPB1301.dbc,2014-09-25T11:18,57651,d55afb600c015c04236aee64bd8148af5909ab1b2df4c2d61ad20ee9ae9e13c0,2729,0,0,ANO C4 MES C2
ERPB1302.dbc,2014-09-25T11:18,52110,cda4cc28aed4c7e6124e3d8d4c7254225f6639245225ac432ad3278bfcd521f1,2515,0,0,ANO C4 MES C2
ERPB1303.dbc,2014-09-25T11:18,53473,036713d049eda68ccafef4d7bf42d4c9ed941ee9709dac06e4b528b9239794d7,2558,0,0,ANO C4 MES C2
ERPB1304.dbc,2014-09-25T11:18,46467,31e1a404927c557082bd28afdc8ed0904a00e5be58ad8ac5088041ac85ff305b,2178,0,0,ANO C4 MES C2
ERPB1305.dbc,2014-09-25T11:18,49638,fde78547b54c5012b30f07e291f57108bb55d5f2ae29fda2ca2088d501f994eb,2352,0,0,ANO C4 MES C2
ERPB1306.dbc,2014-09-25T11:18,40961,984c13cb0d496ab1571fd9aeae03ab1d084ba657d7c6e2e73750647c91d9fcf9,1915,0,0,ANO C4 MES C2
ERPB1307.dbc,2014-09-25T11:18,46970,b0177be59636716cb32a65cff674089de3a2d3c9a22fdded9d5cb66c04a1e41a,2233,0,0,ANO C4 MES C2
ERPB1308.dbc,2014-09-25T11:18,41783,19c754c670c4bdf81b06063a60b914b9b10b8bd0103b38f15d0c79c4a8d768ea,1915,0,0,ANO C4 MES C2
ERPB1309.dbc,2014-09-25T11:18,44315,81bf058e79287f01b01691df7160158da1f2ea58f51995b7b20ed5e0593a518e,2052,0,0,ANO C4 MES C2
ERPB1310.dbc,2014-09-25T11:18,39336,4cd10165f295064b04d840284bbcc3f393e5fc4bd16260964bf1179894667bf6,1836,0,0,ANO C4 MES C2
ERPB1311.dbc,2014-09-25T11:18,40420,148eaa9ab28465a15380ae13565cf9a5f315b32b08d7989815b3ba99e6b7a706,1855,0,0,ANO C4 MES C2
ERPB1312.dbc,2014-09-25T11:18,38830,af9aaf81fef3674367d4a8590be162a3cdfedd9e747db45453131cdc17695f11,1787,0,0,ANO C4 MES C2
ERPB1401.dbc,2015-10-05T11:58,48695,bc560920c0e96c674193fe42c09666d4b7c63dbdff8875285bc269307dddbb3b,2306,0,0,ANO C4 MES C2
ERPB1402.dbc,2015-10-05T11:58,40886,734b4c254c2bd52a0989d546ae2b9939367231d5cc4fc10a757db00653e90174,1859,0,0,ANO C4 MES C2
ERPB1403.dbc,2015-10-05T11:58,45632,f0bc8de8f354e2847d5e7b52170538749c6fc3ec780581d9634f67432de5ded3,2086,0,0,ANO C4 MES C2
ERPB1404.dbc,2015-10-05T11:58,42300,cabbb17bc5cdbe4f5bacdc0a317c846cd18dec360c7f31c9d910bc7eed312c19,1915,0,0,ANO C4 MES C2
ERPB1405.dbc,2015-10-05T11:58,48400,5d15d27b7ace3b66a8b134e835ed1b139a60e4cedbc062c22ff8a58d39b6960d,2262,0,0,ANO C4 MES C2
ERPB1406.dbc,2015-10-05T11:58,58619,60e681082a38391b5820f7bad8f321f1c83d6e78ea1bdfc0fdf4c145087ed9bc,2756,0,0,ANO C4 MES C2
ERPB1407.dbc,2015-10-05T11:58,51395,e55b7ff9423e4969ec206df34ebef898b40cfacb02cbca7101b0ed655f55e842,2394,0,0,ANO C4 MES C2
ERPB1408.dbc,2015-10-05T11:58,56156,b0f6c264cba7c5809a9619fa3e83ba5ef5d3260a89b44ffe0e82ae6cfaff683f,2581,0,0,ANO C4 MES C2
ERPB1409.dbc,2015-11-09T10:30,47884,cf780ba41c546a9f286057da0c19698f2fedc9065d832d5d66f384ab8f65189c,2184,0,0,ANO C4 MES C2
ERPB1410.dbc,2015-12-07T08:58,44758,b172ed031aaab89fc15a3bab63059b3b8da68df39566f48abfbf7cd51132b196,2001,0,0,ANO C4 MES C2
ERPB1411.dbc,2016-01-07T10:02,46019,2cf495f9bd89056f44b759fe1dc6dfe855cb6d184f6ed3602b0899d622b36d52,2122,0,0,ANO C4 MES C2
ERPB1412.dbc,2016-02-05T09:09,41531,8b5429c24f3daa353c535d024d514513495c7187f347323a0e39277ef8c65277,1839,0,0,ANO C4 MES C2
ERPB1501.dbc,2016-10-04T10:22,44241,e66c5c4630766f84d5a25c292344d6158c3a9c8431a1e3ec5285dc38f22b21fa,2034,0,0,ANO C4 MES C2
ERPB1502.dbc,2016-10-04T10:22,50554,7d666f415d817b84fc21ad80a3c616c1c7943046a383f180dc4e7f02896ae71e,2344,0,0,ANO C4 MES C2
ERPB1503.dbc,2016-10-04T10:22,52971,31fd1420e89fc57ac6adcac6e0fbee0c737cf7f6c6d76c4ad111cf24d6eda1b2,2451,0,0,ANO C4 MES C2
ERPB1504.dbc,2016-10-04T10:22,44793,2a8e0c7f15cc296400d107cffe04e9ab217f4246f8a353bc6824246bd735f271,2040,0,0,ANO C4 MES C2
ERPB1505.dbc,2016-10-04T10:22,50638,1f2ce54a59607316172bdd2c67405318dc762a4cab6641bca1990dff46bb1bff,2337,0,0,ANO C4 MES C2
ERPB1506.dbc,2016-10-04T10:22,68405,499079b5fd691fba35c2fef2a9173ca81dd9d8cea8752bd406cb9f3ad6082bd9,3419,0,0,ANO C4 MES C2
ERPB1507.dbc,2016-10-04T10:22,52527,3c2897ae59b6c28c3c68682b839ad8bc2b2187615647ba35f640c287868f79ae,2419,0,0,ANO C4 MES C2
ERPB1508.dbc,2016-10-04T10:22,69510,2d4da8ff2735179bb1a8b4baac4b0b2f66ecf9421a5e0569d15b95c9a332e154,3179,0,0,ANO C4 MES C2
ERPB1509.dbc,2016-10-04T10:22,64591,785bb9856712f304d8762a312fbbfa9c0a20b4378263f9efa7257353c519da19,2907,0,0,ANO C4 MES C2
ERPB1510.dbc,2016-10-04T10:22,68392,f78f8a0b58274abb2a42db74aa1b8e59d520702979ffcb8dac7624a51efdacd3,3161,0,0,ANO C4 MES C2
ERPB1511.dbc,2016-10-04T10:22,68335,6a5715d20eb656a5240f120566c919b243f16d97424fff8648d0b024f5834d35,3162,0,0,ANO C4 MES C2
ERPB1512.dbc,2016-10-04T10:22,69894,198214358140191193383affc4a5a764e5d80ed9a608ceaea982a14790e2389e,3235,0,0,ANO C4 MES C2
ERPB1601.dbc,2017-04-10T10:09,64721,14c71a545bb29328bd051a8275f5d0729f1fd21181d19c5c38d0959ec1e99564,2995,0,0,ANO C4 MES C2
ERPB1602.dbc,2017-04-10T10:09,63772,39c2810120046eec2ab0b98616da48b896d32b0351266b6378e9d10f91cfcac6,2942,0,0,ANO C4 MES C2
ERPB1603.dbc,2017-05-05T14:38,71554,84d306545e818c40905ddcee914900163626e5b5c6523f9afe197597fc4f45af,3323,0,0,ANO C4 MES C2
ERPB1604.dbc,2017-06-05T10:00,78111,81198f537d044cad89f7058960fe2443c3b30915d2ed7e7f5cc44365b18d1a01,3563,0,0,ANO C4 MES C2
ERPB1605.dbc,2018-01-08T15:28,80783,3ba6f6f1e100a03411c0ad288a82627bf6f882d3f67f486b7d96d57dc0ceea12,3708,0,0,ANO C4 MES C2
ERPB1606.dbc,2018-01-08T15:28,76534,fa35d871cadaf9c83469d0239ca60d5cf7e7230352be2d79d19837a77d02dccc,3558,0,0,ANO C4 MES C2
ERPB1607.dbc,2018-01-08T15:28,85017,86617b8c44cbce4549fb241d206e5507a79e68a76869b54133810f7dc13ca3a0,3993,0,0,ANO C4 MES C2
ERPB1608.dbc,2018-01-08T15:28,76562,2573066654e289ba6e1c98bcdda5934e96fc5d278ec8d4b479bd391c6143cb51,3513,0,0,ANO C4 MES C2
ERPB1609.dbc,2018-01-08T15:28,70468,08fae1e68db5f08be63f1b4e29ca1aea5eb6271db60d8a703a7c2f1cf2afa740,3254,0,0,ANO C4 MES C2
ERPB1610.dbc,2018-01-08T15:28,61348,e855b9bea187d661177d4b9a359fcb91837de230d779eb0e24ca8270001abccd,2823,0,0,ANO C4 MES C2
ERPB1611.dbc,2018-01-08T15:28,46296,9265445fc4fc11c5b7b17d5d3a53f7121d117464c1e396024c118706defe6ed2,2074,0,0,ANO C4 MES C2
ERPB1612.dbc,2018-02-05T09:38,48940,272a80a8f63e0d06de68d65b50c80dfe0863bb0d42e55b6ffd18fe012db42f4b,2231,0,0,ANO C4 MES C2
ERPB1701.dbc,2019-04-10T16:27,53872,e590a7c59c4c194ede0f6b51ec5cdeffe8d0abd67a0b762975100fc4f7498dd1,2452,0,0,ANO C4 MES C2
ERPB1702.dbc,2019-04-10T16:27,51046,91fd8ceb57d016857d53e1e766127aa87b5c9b123a5c209f237bf07a22f589f4,2300,0,0,ANO C4 MES C2
ERPB1703.dbc,2019-04-10T16:27,57432,feab901b3b38c91726a1cebc51a6c9bf361bd13f078d54b2718db1302a9361af,2640,0,0,ANO C4 MES C2
ERPB1704.dbc,2019-04-10T16:27,48331,28102e3fca40ceae68752bb5e5fb612fa956a88fcae2a68826dce7dec45baaa2,2144,0,0,ANO C4 MES C2
ERPB1705.dbc,2019-04-10T16:27,59194,280015b3fc3ae697b3e6f4ce66032056e4a9e5b8d745a5b93ba6d8cc573ef95a,2660,0,0,ANO C4 MES C2
ERPB1706.dbc,2019-04-10T16:27,51891,54d6d86d0839254d5d81ce50668b39e76410c5422292a1d351ce18db2b7bece9,2338,0,0,ANO C4 MES C2
ERPB1707.dbc,2019-04-10T16:27,55507,ab98c734ff21cbc01b382b70e11cba0b07ccac08c675879899bd1438b19a482a,2572,0,0,ANO C4 MES C2
ERPB1708.dbc,2019-04-10T16:27,59871,a0f4b8cac138b3aff5c4eabf5ec7438a16300faa31906a51126023b6b624ea97,2771,0,0,ANO C4 MES C2
ERPB1709.dbc,2019-04-10T16:27,56253,67a22f9f9aec715ab7b763adf0f7f528aae762b67d9e5ce8053238d4a0f3a413,2577,0,0,ANO C4 MES C2
ERPB1710.dbc,2019-04-10T16:27,53320,bacb062343416fc92953b22f6dd03a3b4d4ff2a3bd8b9701cde776d8f20a22d1,2406,0,0,ANO C4 MES C2
ERPB1711.dbc,2019-04-10T16:27,47183,f7afbec704efaced2c1a8f64eefe985eb4e251efed50ee62a55e9489845d3cb9,2110,0,0,ANO C4 MES C2
ERPB1712.dbc,2019-07-08T14:45,51798,4db845095c7ac1d6aa514a6557d990efaff390b2696a6811c331011d20396099,2382,0,0,ANO C4 MES C2
ERPB1801.dbc,2019-08-05T14:39,45703,96bb330d2ef7f783397ee0a728d68833de38a71cf447a2b1e284edcbfd862ccd,2017,0,0,ANO C4 MES C2
ERPB1802.dbc,2019-08-05T14:39,56404,7f5c20aef8b4b55b138c025377050cdbd6b8df9dd88cdc4e028ce07cbb9e6ab8,2603,0,0,ANO C4 MES C2
ERPB1803.dbc,2019-08-05T14:39,55103,aec436a59052d1cfbde32ecaf639c81cbd4cf3e1e47585ba50aa4067b0722d94,2542,0,0,ANO C4 MES C2
ERPB1804.dbc,2019-08-05T14:39,60920,72d4dd094f2527bb6817df54286455cee5d8618e13e11ee957087613dbe48f99,2808,0,0,ANO C4 MES C2
ERPB1805.dbc,2019-08-05T14:39,65516,03ccc154467eca9158c664d6491aa80e066d1cd797fdff43fb85407256eec37b,3087,0,0,ANO C4 MES C2
ERPB1806.dbc,2020-01-09T16:49,59812,53dbbc9d688acf3a5dd6416fa97b1730eba06cc6aaa7bb5cf0588486aabe48dd,2790,0,0,ANO C4 MES C2
ERPB1807.dbc,2020-01-09T16:49,58460,4e5bebac6aa809d56e14bb25208e87369644deff096c3d67f809803d9a5de0ae,2684,0,0,ANO C4 MES C2
ERPB1808.dbc,2020-01-09T16:49,64459,84b3330b39bf7f81f8408e1a91452427a97536a5b3c4b8f997447fc4a73470a4,3037,0,0,ANO C4 MES C2
ERPB1809.dbc,2020-01-09T16:49,59269,ffc60d3e535b52706e4dd9a190ffc6fd3c6b67a39b6000964c71b0afb98e75fb,2777,0,0,ANO C4 MES C2
ERPB1810.dbc,2020-01-09T16:49,64955,6432bbdfe1da68dbc93ea002380f33fd841526ddbdfed244cbcc8b2bf6b0d51a,3065,0,0,ANO C4 MES C2
ERPB1811.dbc,2020-01-09T16:49,54450,16558f3e4a02940a337bb45e66111bf3075abf4b86279807b2790937e4758e50,2492,0,0,ANO C4 MES C2
ERPB1812.dbc,2020-02-07T15:02,60335,bb30ce95639117df741b95dec125d9aeee5f8d82d18dbaf18a9db1e7e66db2f9,2691,0,0,ANO C4 MES C2
ERPB1901.dbc,2020-03-10T14:43,68568,0e4f2c26e2938c014e99bbc83dd1b79386e6870026709335f45990f72549ed40,3116,0,0,ANO C4 MES C2
ERPB1902.dbc,2020-04-05T14:39,67536,316b3071be683b406e1b18b79d2a1c120a5c0c21fb9efb759bb58eec958d9242,3084,0,0,ANO C4 MES C2
ERPB1903.dbc,2020-06-04T13:54,76989,6810ee0f172e9b209d68329ba0bb73c0ff0f5762a52705a167d89d6193326b97,3471,0,0,ANO C4 MES C2
ERPB1904.dbc,2020-06-04T13:54,69910,c8c8415b379d26b5dbd848c061f136e1723b89dddf63de5206418d2bf65a190b,3184,0,0,ANO C4 MES C2
ERPB1905.dbc,2020-07-04T11:39,60548,5ef8f5f114cec3d410f600085829bbbafda4c8b9bcb0a661d5dbb59f814b1634,2689,0,0,ANO C4 MES C2
ERPB1906.dbc,2020-08-04T10:41,59937,cc417c20fdbe12e3563ac6e076f91f1acef894c7f28f78f56d187146c4e686f0,2725,0,0,ANO C4 MES C2
ERPB1907.dbc,2020-10-06T08:42,59895,30e4013bbe06ff116c3fd20231636c169215f9838bef010a42dedf52aa213582,2683,0,0,ANO C4 MES C2
ERPB1908.dbc,2020-10-06T08:42,60265,802a11b2421318a11a357339868cbd2e36dccfabe3d100159e2725808cfb9330,2702,0,0,ANO C4 MES C2
ERPB1909.dbc,2020-11-18T10:38,54831,09db9e7b49b0dfdb8ac700e3440747a5d83caa7fb472d2ff43aaf48c3eca9109,2406,0,0,ANO C4 MES C2
ERPB1910.dbc,2020-12-07T11:23,55092,9b657353555a5a04e2383d2e52dad8dead9b8e0e4eb8b7c43950d6448b4f3f09,2408,0,0,ANO C4 MES C2
ERPB1911.dbc,2021-01-14T08:10,58974,e60d605353a496f872eca3507e7efdbcdd548202f8ae98e85cbb70121879312e,2641,0,0,ANO C4 MES C2
ERPB1912.dbc,2021-02-05T10:25,53274,a1a3ac8a7c218e8271eaff3f6c84b9a10d6fd8a29a426e67e8dc365ffd9e6710,2349,0,0,ANO C4 MES C2
ERPB2001.dbc,2021-04-05T13:24,71364,2019dfc5a84e9a2282674b658ace1119e7a6e0172ffebb9f66a2f1edc1965c12,3302,0,0,ANO C4 MES C2
ERPB2002.dbc,2021-05-07T16:35,49236,95421c5f2311a671ecfc1f41637d995874a691c6aa3c3d984afa22cb35778694,2204,0,0,ANO C4 MES C2
ERPB2003.dbc,2021-05-07T16:35,42457,3b6a6ac6fe46f50aa7699907da07403e875f96c4eb1f0e28c35d3d68bb51b2e9,1849,0,0,ANO C4 MES C2
ERPB2004.dbc,2022-01-10T14:22,36261,862bb145107df3431cbca0dadf396c8917d17cebd4f2887c8c2b2c445254e974,1571,0,0,ANO C4 MES C2
ERPB2005.dbc,2022-01-10T14:22,42314,118e325c556ecb6f68190e47c6007a2e07a994c6ad09347ffa27e491ef409bf6,1819,0,0,ANO C4 MES C2
ERPB2006.dbc,2022-01-10T14:22,55039,3e1b6028bb8f364e1fe39eb2e0cd62beda302f42fdb9f256c5902532b58f0151,2490,0,0,ANO C4 MES C2
ERPB2007.dbc,2022-01-10T14:21,54223,9fa0d29dca16b9431b0df1be8f92a77da95a5f72d67de95a1ded946099c2a138,2434,0,0,ANO C4 MES C2
ERPB2008.dbc,2022-02-07T10:04,44060,e6c8b45a2763efcf35643e100d9aa95195ed5d715cfb67650912d4b8e33e6013,1951,0,0,ANO C4 MES C2
ERPB2009.dbc,2022-02-07T10:04,51225,308f39269adadaa76e04b257bcf82f4b0b92fad3e49d703bea11daeac08c9b06,2284,0,0,ANO C4 MES C2
ERPB2010.dbc,2022-02-07T10:04,50130,84876c29869bb1a299e9543dce94589b4f5cd891ed622bfdfed9930263acdcf8,2247,0,0,ANO C4 MES C2
ERPB2011.dbc,2022-02-07T10:04,47305,76d5bb9f34d10fef8792e81e4b692bad728c6eb49c709914007cade12d6161b2,2172,0,0,ANO C4 MES C2
ERPB2012.dbc,2022-03-07T13:12,82757,7d3f580613b33ff332bac889f9049fafc4a386fc236d1f69d35655d24de17efa,4126,0,0,ANO C4 MES C2
ERPB2101.dbc,2022-03-07T13:12,48959,bc86a5f3dd367fc62600f797af25ee8db50bb822cfd68a13997d88882c96f46f,2217,0,0,ANO C4 MES C2
ERPB2102.dbc,2022-04-11T19:22,41772,486f67a3d59e95c491be08932b548f5be74dc033e5b48e2d7ac468767e88a4ed,1849,0,0,ANO C4 MES C2
ERPB2103.dbc,2022-05-04T12:32,42908,f1599f80cd21f63ff29222b90392a05c7cf86be870ffbda119f86caf97d808fc,1895,0,0,ANO C4 MES C2
ERPB2104.dbc,2022-05-04T12:32,44756,79fdd37f59cb635a807cb45bd93cbb9a6e52eb45624b6b846b9e34ba35fa2294,2015,0,0,ANO C4 MES C2
ERPB2105.dbc,2022-06-03T13:03,41136,b431a1ff04b5264a2a502bb63434eef73d820843f54ac0a1ca86bfc2855b8330,1829,0,0,ANO C4 MES C2
ERPB2106.dbc,2022-07-06T13:10,36667,09d12c27f6a8be62c5debfdaed8f69563dfb74ccdc6a6c09a9a729a8c130457d,1596,0,0,ANO C4 MES C2
ERPB2107.dbc,2022-08-04T15:38,51645,48e7a40a8e9b59c9bb5525ed5d20c3ac3519fb798b62322b8e60e36227b38fd2,2393,0,0,ANO C4 MES C2
ERPB2108.dbc,2022-09-06T11:15,42503,1b5f86f9e889b013d3f278146ea5a053f80cbdeedb6cdc9d251d0146639214f2,1915,0,0,ANO C4 MES C2
ERPB2109.dbc,2022-10-05T14:25,34442,3963412f5430efea7624dbcdda141b401c9ef416bbbf6fe32c1214673216c003,1522,0,0,ANO C4 MES C2
ERPB2110.dbc,2022-11-03T17:54,32856,363ff0dc5e9c47f1f54b5bb46735359a6dce074b1cb139c3d60060be75ec2aea,1455,0,0,ANO C4 MES C2
ERPB2111.dbc,2022-12-06T16:21,36572,2544c4011d5f62ce092f7ae432dd5fad51ad40e374c5476fe95fe34e00f1929b,1598,0,0,ANO C4 MES C2
ERPB2112.dbc,2023-01-04T12:45,39671,d08091cc7e641725c6ce57ae9ff6b0b0b73bd124412eb0e7df9e6c54356ad7c6,1799,0,0,ANO C4 MES C2
ERPB2201.dbc,2023-02-06T12:59,38426,cea3074c21ca84e8be120fc3834e7eebb43789783b9380821bb5d741fbbb8bc6,1682,0,0,ANO C4 MES C2
ERPB2202.dbc,2023-03-09T16:42,39323,11edb4178b00119dc090d841d019672c20b3efe3977d94382413a1634a2e3547,1756,0,0,ANO C4 MES C2
ERPB2203.dbc,2023-04-05T13:31,35838,c932036e9c55a503567708aacc4eaa0e5bcae4c98ec2ca0c75f4bc3fe754787a,1636,0,0,ANO C4 MES C2
ERPB2204.dbc,2023-05-08T14:30,31230,b9d3fc9a8724cd61e82d742de6ad377d8994d018dffb0959e4963b6d0b6a5140,1364,0,0,ANO C4 MES C2
ERPB2205.dbc,2023-06-05T11:31,37560,c532ab39fee825d408dd95a5d04dfce440742e6546f9fbb3e4c9d6fa640d649c,1683,0,0,ANO C4 MES C2
ERPB2206.dbc,2023-07-05T12:43,37687,769c459e6e0b04643ac2842fd472e1c0861ab5d7f40ddc14da5ac0dee7b5f6c2,1683,0,0,ANO C4 MES C2
ERPB2207.dbc,2023-08-03T16:36,33795,3a6bb11093a75c158de7dc5083ee5ca892ffa3ffd7738bfd20df960589c735d0,1510,0,0,ANO C4 MES C2
ERPB2208.dbc,2023-09-04T21:02,32900,79d965e9f819241f7d8f73b1198e783ec8a9663c88ede0d9a074be4c0debe986,1499,0,0,ANO C4 MES C2
ERPB2209.dbc,2023-10-04T17:01,49577,476a69ad73a4d5d920f4f1149e27d7be66d63c6340ad75cfba2ca95c345d957c,2327,0,0,ANO C4 MES C2
ERPB2210.dbc,2023-11-06T15:49,77961,083948483f9b9a34138a1129a499814a03d2b9d8f87e1b50661bf2d809fb065c,4065,0,0,ANO C4 MES C2
ERPB2211.dbc,2023-12-05T14:58,39216,3b9de9aa8d589339a14991f7f1ff5e8d7da516dbc322c6c105600a6bd483b9c5,1823,0,0,ANO C4 MES C2
ERPB2212.dbc,2024-01-05T17:49,30975,c64a67aad0eb229a7f8a6e7e4476ff1bcd7b97bb303659eff3fa5710665dad77,1387,0,0,ANO C4 MES C2
ERPB2301.dbc,2024-02-05T22:49,37483,7fae44631c0405cf8eeab5538234cc23115c21c196a1df1dedd0c6e3e27aa7e7,1669,0,0,ANO C4 MES C2
ERPB2302.dbc,2024-03-07T18:39,23430,4d0e646fe40ab297154e89e9380bd19d9223ff2037507f6ba3e82ae7bb5294a9,994,0,0,ANO C4 MES C2
ERPB2303.dbc,2024-04-09T14:24,33132,cf5f48450686ffe5756a233527e71ec89c0b0feb3507d99380bdc46d8f453456,1437,0,0,ANO C4 MES C2
ERPB2304.dbc,2024-06-16T01:07,38505,e3bc65033c6fd36ff6ade665c5525d1ce577abe4acf3de3d8671bdb417bacd97,1736,0,0,ANO C4 MES C2
ERPB2305.dbc,2024-06-16T01:07,45481,21fb8113835ab63a5cf9756459fa51ce83547f1acdd609b4ca29821924504464,2080,0,0,ANO C4 MES C2
ERPB2306.dbc,2024-08-05T14:43,79647,4d301e41da912f3f6393a767f2237cd957511029262514f57f965b6451b5417d,3975,0,0,ANO C4 MES C2
ERPB2307.dbc,2024-08-05T14:43,53247,0d908abdf48a4398c37f9f8273f4ad28d1d50515e4845bbe7d0a3325ab383b60,2456,0,0,ANO C4 MES C2
ERPB2308.dbc,2024-09-05T10:27,42607,4592658483d5cc55e666e834be8e8b0da7ce0a650f1635c1ea36340c031b5a2c,1892,0,0,ANO C4 MES C2
ERPB2309.dbc,2024-10-08T12:05,47321,3b9b35fc86fa4d78215a60c1473bff46f2d991d9e657ae64b58946e89beea9f9,2145,0,0,ANO C4 MES C2
ERPB2310.dbc,2024-11-07T15:41,35704,413185477b5abe8db310b6670df8a5109ee633623f34c8cb4ef2ec1581cd1e53,1595,0,0,ANO C4 MES C2
ERPB2311.dbc,2025-01-05T18:55,46210,ed15e2b646201342d4b9845313bd82de67668d414f884cc66b6a1d6bd637b83f,2099,0,0,ANO C4 MES C2
ERPB2312.dbc,2025-01-05T18:55,39359,7153a0aa58def0e4ab783e0b63a1cf65bb3619719378d30f1495a46f11325308,1760,0,0,ANO C4 MES C2
ERPB2401.dbc,2025-02-09T21:24,36162,09db705b206e133a35bfbd18927247200712f15343d91ca15f4592a336decb89,1586,0,0,ANO C4 MES C2
ERPB2402.dbc,2025-03-11T23:45,24199,622fb4ad2bdb3e4fd2227ceb5133befe2199b0bdc93ab9e5ba9be0e74265f379,1008,0,0,ANO C4 MES C2
ERPB2403.dbc,2025-04-05T12:12,34290,9c5e3d80afaea7108d6bb7d8eccd487632fdf0503444a36d3d13a875e58dd099,1502,0,0,ANO C4 MES C2
ERPB2404.dbc,2025-05-08T08:06,32090,3951b87857eda16f32244c912afb413673959b32ae6de9b477bc1c0d72fe3e29,1378,0,0,ANO C4 MES C2
ERPB2405.dbc,2025-06-06T10:44,45028,415da2f0deefe258ecb681615407c86f06e1e6133f08a7aadcee854bb5f15d60,2039,0,0,ANO C4 MES C2
ERPB2406.dbc,2025-07-06T11:29,36025,c23d6ac92da56e530e6d542c2eb2a6b00717825be1fe6ed789cf90d8feb6149d,1564,0,0,ANO C4 MES C2
ERPB2407.dbc,2025-08-04T07:13,43667,a269de2d5c6406df556ba3af4a491309cdcd2e8a8f325262f547d372a52edca0,1994,0,0,ANO C4 MES C2
ERPB2408.dbc,2025-09-05T12:54,39169,2763d9141d44261f990e1d280155e6da061d713ad76dea080776c90ea8705571,1748,0,0,ANO C4 MES C2
ERPB2409.dbc,2025-10-06T17:04,32956,8b8f3cd40883d20ac6944b077c6caadc82bb173131c8d4b9d93200c7ba5b0a20,1468,0,0,ANO C4 MES C2
ERPB2410.dbc,2025-11-06T16:20,31937,ac8c35be6966f5b13e9ddb43414ed535abb367002684c1d52349cde2ef145162,1439,0,0,ANO C4 MES C2
ERPB2411.dbc,2025-12-05T20:17,29334,53a780a4215f0b557717f621cc9994c1e3ac8c987368250e55c30f1bcf257c00,1295,0,0,ANO C4 MES C2
ERPB2412.dbc,2026-01-07T19:03,26179,6cca1bc7e0f87440fac193bbc361539667ed418f1fc05af26bba184829a76a6c,1163,0,0,ANO C4 MES C2
ERPB2501.dbc,2026-02-08T14:13,35440,479b3d65b525eb2ad10f82de87d9fd192c0605ff4d3643a5d3a49c09c5e25496,1563,0,0,ANO C4 MES C2
ERPB2502.dbc,2026-03-06T22:13,33269,5cdd0a46ff352fbbc8e71317dc0eba95db845bc11d4157be4c5694311407a115,1510,0,0,ANO C4 MES C2
ERPB2503.dbc,2026-04-07T07:24,38080,7ca6049d0c2593b7b1c2cc5f2a5ca2141de52bb4f28abddccd2b4befd7a46f68,1731,0,0,ANO C4 MES C2
ERPB2504.dbc,2026-05-06T19:00,37510,40df5c0eeafd5a4eea008633c5b9ffdb2f249f3b1b42d9b12da3ebe5ad6b3d3a,1694,0,0,ANO C4 MES C2
ERPB2505.dbc,2026-06-06T20:14,42984,17de9a5227a8310eacc76d82dcf307283ccf70ee1e6bb01776b4768ee03cc2fc,1964,0,0,ANO C4 MES C2
ERPB2506.dbc,2026-07-06T15:10,40480,cbe207e13705bb7c84384973b8d9127ec091364b4d1f4b6e0f5d061010d458b3,1874,0,0,ANO C4 MES C2
ERPB2507.dbc,2026-08-07T12:25,44378,8c8d0a66d19c2adc64d5a87aaa1eaf4674419d3e990cf5b7e2332e4a9a852f5f,2002,0,0,ANO C4 MES C2
ERPB2508.dbc,2026-09-06T21:26,33474,08d8a4352ecba8b2b1d81534baa4a2e7714b60e090e61d9048c91f424d206927,1485,0,0,ANO C4 MES C2
ERPB2509.dbc,2026-09-06T21:26,37589,cd2307a47e5c89a7c838db631b79a748055478007154890812cf220195f963fb,1649,0,0,ANO C4 MES C2
ERPB2510.dbc,2026-09-06T21:26,39696,b86afd1612a240ce6efcb2b3d037d83c1ea916dd31b08529aa2c1d7a7c7e21d2,1755,0,0,ANO C4 MES C2
ERPB2511.dbc,2026-09-06T21:26,32644,73d109bab10ff276ea7673c0b85e8dabc50b346e4471f9fe41d36706dea74026,1450,0,0,ANO C4 MES C2
ERPB2512.dbc,2026-09-06T21:26,29089,6010efe26e43a7270d7df4573ec3feec5345b5c12d03317900d006e820f9cd1a,1288,0,0,ANO C4 MES C2
ERPB2601.dbc,2026-09-06T21:26,26844,b98f1d4bd016dc3d25b40e7ab8584ba325c3ddbdd4a7ac6b33393975f5ecb962,1150,0,0,ANO C4 MES C2
ERPB2602.dbc,2026-09-06T21:26,43746,25b5a189c6df53c01497866c34222691ef6cb3b7be6571ddbb19ba06e5ecbe47,2006,0,0,ANO C4 MES C2
ERPB2603.dbc,2026-09-06T21:26,31385,4a5b51aef52ec1089331ea1be40fa840ab4c5ff6597459a6ef65385ab0f7d4f2,1374,0,0,ANO C4 MES C2
ERPB2604.dbc,2026-09-06T21:26,34818,036e02f7cedbec410fa13ab17b79bfb8ee905dab0cd4da2b1ab37bbca2897f1e,1532,0,0,ANO C4 MES C2
ERPB2605.dbc,2026-09-06T21:26,39152,7dc518ad870af7ec32b9b61cf598cfb48e26c1ee59df00c6dc434c6201b12289,1721,0,0,ANO C4 MES C2
ERPB2606.dbc,2026-09-06T21:26,46494,b5e09a71f5347d63bb241420ebb3f5e2e8353798ead04a8418aedc11bc1afbaa,2110,0,0,ANO C4 MES C2
ERPB2607.dbc,2026-09-06T21:26,61076,4df4d163aa00955bd323bc95f224898eff86dfb28f8c04a3cfa2bb60ae5532d1,2787,0,0,ANO C4 MES C2
ERPE1101.dbc,2013-11-01T11:29,68437,6828db4ed111691531f4c9db23f21138d38af2a808b3e89145d027ddd44d8f7b,3237,0,0,ANO C4 MES C2
ERPE1102.dbc,2013-11-01T11:29,71311,e2a648eac7cb7a397d195c536961241e8bdde3ee75110d70567fae87d0534774,3407,0,0,ANO C4 MES C2
ERPE1103.dbc,2013-11-01T11:29,81426,c320b749a8a9dbca22955d719921719a2ea98fca1defd6e7529a7fc192662472,3892,0,0,ANO C4 MES C2
ERPE1104.dbc,2013-11-01T11:29,70740,b8784a05b7b6cacab5d9081f3b527e96f70724a0a2614d804be31bdfd96c7411,3433,0,0,ANO C4 MES C2
ERPE1105.dbc,2013-11-01T11:29,98959,94791475e1aa60289d4bc4bc0af9066ce1461352e3893a76a1f110560cb2aa98,4796,0,0,ANO C4 MES C2
ERPE1106.dbc,2013-11-01T11:29,126644,a731bcf39ee2f41e1fc441a0b048bfbce84c275469bbeb142b076c5a64560c0d,6373,0,0,ANO C4 MES C2
ERPE1107.dbc,2013-11-01T11:29,90034,64aa825fe5f44f21f067d7791e71b4ff696914b46181c96e2c2e0bfbea17df2a,4207,0,0,ANO C4 MES C2
ERPE1108.dbc,2013-11-01T11:29,115727,201bd7d16103e751dc38e58ff3755d3057eb701b5ee938cf4a1a030178acfdd8,5677,0,0,ANO C4 MES C2
ERPE1109.dbc,2013-11-01T11:29,114526,aa76da94fbef21b32f4d7a3754200addd646dc34ef9b213d69235fc6f16baa64,5459,0,0,ANO C4 MES C2
ERPE1110.dbc,2013-11-01T11:29,56753,689640aad324d2cfa3bd0507c695f3c2c928b89a3bed98878eb69b304558564a,2555,0,0,ANO C4 MES C2
ERPE1111.dbc,2013-11-01T11:29,62008,1a3bc3d2cceef5860859f7e792f61d0696b27db4c2defeaba166f32c9ff61fd3,2797,0,0,ANO C4 MES C2
ERPE1112.dbc,2013-11-01T11:29,59385,e648061264dfefcf9a9e05f69ab43c46af84a795a54e7b2501d7c74c5bfe11c7,2713,0,0,ANO C4 MES C2
ERPE1201.dbc,2013-11-01T11:29,64444,86e4423d0c3befd38490e67906fb350576f851f7a1343fecbdb29336fc0a7d68,2931,0,0,ANO C4 MES C2
ERPE1202.dbc,2013-11-01T11:29,88464,4f9dd2e3201b264d01f363c92450e469f04f6e148a3ddec1bbb7d1706ee7a493,4110,0,0,ANO C4 MES C2
ERPE1203.dbc,2013-11-01T11:29,110114,9d6a3d46c06079c09e5268dba7baf0ae1f8fc00f1b6620bf3e7087a7604c2229,5793,0,0,ANO C4 MES C2
ERPE1204.dbc,2013-11-01T11:29,56304,f2ec0641049e8eb9f1e34a8b7d53b1e97d3a4d2376d7ac0bd49153421e00fceb,2553,0,0,ANO C4 MES C2
ERPE1205.dbc,2013-11-01T11:29,70386,f1267ec9540bcfe6aefe833c8bd8bce115383a20bb3e77d5f8bcc65dcbf48531,3212,0,0,ANO C4 MES C2
ERPE1206.dbc,2013-11-01T11:29,66103,191156f909660e3f93c3feff2d3697373a9297a6defeed8988ecf8f113597d33,2968,0,0,ANO C4 MES C2
ERPE1207.dbc,2013-11-01T11:29,51182,b7c90b0692e7253ff848ce80b554af78175d006f93ad888a0768548719c1b755,2283,0,0,ANO C4 MES C2
ERPE1208.dbc,2013-11-01T11:29,52897,7d117888ca043b0593e07ef87404f302cb63b8e1bfd0c55cfd92ff7634f191ac,2387,0,0,ANO C4 MES C2
ERPE1209.dbc,2013-11-01T11:29,60002,40ab34a9c74cc47f16ba0bb39d2d9ac7f74504dfc7b02858496375875292aa05,2708,0,0,ANO C4 MES C2
ERPE1210.dbc,2013-11-01T11:30,74781,db0c5bc4e3f0e98187dca64b6dc34104ab339c62f37758d4cb159ce52ebf4781,3431,0,0,ANO C4 MES C2
ERPE1211.dbc,2013-11-01T11:30,76785,ed0fb0e46a0a1aefc9bf87d8b924cf1a197887a84749a264c90dafea81a6aea4,3576,0,0,ANO C4 MES C2
ERPE1212.dbc,2013-11-01T11:30,60547,7165205fb7d3d19406e4d6cf16096cb6e67267a89d9ca462523f395d9f086fea,2819,0,0,ANO C4 MES C2
ERPE1301.dbc,2014-09-25T11:18,79371,e2e0265e6bab3fdfd1fd51cf842f32b50fe9a5ef6ab2b948dc271b31da70af7c,3730,0,0,ANO C4 MES C2
ERPE1302.dbc,2014-09-25T11:18,56549,ecbc9f4d2b87edb3ba705d2050e530251e2578fe36acc1a5efd3098f11dcd8ce,2630,0,0,ANO C4 MES C2
ERPE1303.dbc,2014-09-25T11:18,50614,13195ff91860e95e3be42024ab1634b9b68df5fd96b2d9f1d5c3cc790be32f0b,2213,0,0,ANO C4 MES C2
ERPE1304.dbc,2014-09-25T11:18,64587,98dc20d8c1df88ac11b6e71cd15fa2863cc7f11daac46ca628c6159897bcf0b8,3122,0,0,ANO C4 MES C2
ERPE1305.dbc,2014-09-25T11:18,100608,66c655ebfdb94586312951abf244b26ebae72c1aab1c6f11cf27eb901c84a573,5041,0,0,ANO C4 MES C2
ERPE1306.dbc,2014-09-25T11:18,55199,51f40bf3da35bc3ca79c0527e1362c9839e464613ee3a270101461c49e905004,2500,0,0,ANO C4 MES C2
ERPE1307.dbc,2014-09-25T11:18,44512,f7e67109d66e9ca8199e0da8af4d61f3136516babafaf53d0e83854062c3f01a,1981,0,0,ANO C4 MES C2
ERPE1308.dbc,2014-09-25T11:18,40021,632ddae2ecfbeda9ae49be94f90a93cde0c0eed13351528c2cdf563132f3b15f,1724,0,0,ANO C4 MES C2
ERPE1309.dbc,2014-09-25T11:18,35635,82418a633cca34837626243531de3215cb83e43b9a4e69eb32858ca036ba64f2,1527,0,0,ANO C4 MES C2
ERPE1310.dbc,2014-09-25T11:18,40377,ea30dcd783a391f3fc3a53bdfd316d3a271c15e7547693ace92631e4d8f3437e,1831,0,0,ANO C4 MES C2
ERPE1311.dbc,2014-09-25T11:18,68535,cc47b32168356f5ca2c5db550687f8c0cf235aa858c081f35343425216af6ec3,3252,0,0,ANO C4 MES C2
ERPE1312.dbc,2014-09-25T11:18,45331,f7fd5f88986663bbddf841c1b72fb93be731415cc53a9e41a9a0e3aeb964a9d3,2049,0,0,ANO C4 MES C2
ERPE1401.dbc,2015-10-05T11:58,36669,b33ed2ed994a7ee98318093830afd2cfb711efbd22da104d29e2cef0d5e3065c,1599,0,0,ANO C4 MES C2
ERPE1402.dbc,2015-10-05T11:58,40063,1a55f15c89f9fa5491af1344de52764e188b95333764449367b8d811d8c4493b,1747,0,0,ANO C4 MES C2
ERPE1403.dbc,2015-10-05T11:58,43527,8152ecb36f813d8b6907c9af92ad6e63c9010dd9dff7c301152d143931ab0d96,1872,0,0,ANO C4 MES C2
ERPE1404.dbc,2015-10-05T11:58,38419,aced6740932d99a3b3c58da204397aee47f0226634e4d3026173a927ce0c00bc,1657,0,0,ANO C4 MES C2
ERPE1405.dbc,2015-10-05T11:58,62890,cb7358318ecb1c4b9f925bfa51c5e6084802ecd5143e58bac6f8c26453efc9cf,2877,0,0,ANO C4 MES C2
ERPE1406.dbc,2015-10-05T11:57,37655,e0117af0a61108171218fb8cd4cb3e5d905d90211cb042d402699ef838318382,1717,0,0,ANO C4 MES C2
ERPE1407.dbc,2015-10-05T11:57,32002,0705308705a8effb7f21f3aa54691457d0fffd0109c87bb4e0269b291fe142f1,1369,0,0,ANO C4 MES C2
ERPE1408.dbc,2015-10-05T11:57,46081,3b81c26b953639f8864bf7b915e0e6b687392edc9ebe9df5d56ab3823dbdfd59,2109,0,0,ANO C4 MES C2
ERPE1409.dbc,2015-11-09T10:30,40183,2ca9a88e7735be4192364f4640a858d0aab198763f8313fb0511186dad0a1e4e,1740,0,0,ANO C4 MES C2
ERPE1410.dbc,2015-12-07T08:58,35299,95326d6b4f35ea44003b9420d07516efcccee411ec40b9036d4d4d986974714b,1530,0,0,ANO C4 MES C2
ERPE1411.dbc,2016-01-07T10:02,29978,f27e878c86a5bcc5f348e488f0caaa5d62dfba1a744fab98c028affd47b50cef,1250,0,0,ANO C4 MES C2
ERPE1412.dbc,2016-02-05T09:10,38835,2222414d47fdb4b8cbeb4dd3357e089e120ccc0344765bb4a7da297961704f03,1696,0,0,ANO C4 MES C2
ERPE1501.dbc,2016-10-04T10:22,36812,cf0cc819c1bf45914e7bce383041adb52e2e2412357fce518b98373fcbe0f24c,1554,0,0,ANO C4 MES C2
ERPE1502.dbc,2016-10-04T10:22,44753,a718ef3df2b62a942361b1ce7fc241e01f7b9b7020984cf1e46a77559c059bb6,2037,0,0,ANO C4 MES C2
ERPE1503.dbc,2016-10-04T10:22,37722,e7237ea2a6b53c540a268af8cfb83b6bf45bb0bff12019a29076843d3c975169,1628,0,0,ANO C4 MES C2
ERPE1504.dbc,2016-10-04T10:22,31525,f2ea357bf0ebd47a8d40de193d0b8da642844b746b8f5d96880dd548236cd4aa,1369,0,0,ANO C4 MES C2
ERPE1505.dbc,2016-10-04T10:22,37830,62605c1a21da29b146d6675922337e1866464719fdd01eee79bebf437b7a402e,1702,0,0,ANO C4 MES C2
ERPE1506.dbc,2016-10-04T10:22,48099,be5b3bce997e88be85a283fc3da36e9136ee6fa48887a6b93e7b9c5fbeac5463,2159,0,0,ANO C4 MES C2
ERPE1507.dbc,2016-10-04T10:22,48409,72f84a83eb43928d1afd57ed0508ff9ecfeb84a014a6af5e7bd41d0bf227a161,2207,0,0,ANO C4 MES C2
ERPE1508.dbc,2016-10-04T10:22,30967,8c9da5d6775cf3aeec04294656a3ac2e434b2e8ad9d11339904da9052b0befea,1303,0,0,ANO C4 MES C2
ERPE1509.dbc,2016-10-04T10:22,34349,0cf9acaa998c9924ae7d9f4cd3dabc82710a4c4e31035916205922a76cc55df8,1478,0,0,ANO C4 MES C2
ERPE1510.dbc,2016-10-04T10:22,29069,78bbf14da238a8188fe585baa9a5222220632bcdfda83bd6721855cbe1e43631,1212,0,0,ANO C4 MES C2
ERPE1511.dbc,2016-10-04T10:22,25960,797dde779a74ce789c304a185ce075222d675880078e834d3534568b9fe1e000,1047,0,0,ANO C4 MES C2
ERPE1512.dbc,2016-10-04T10:22,21975,b4d5792cb2ae132331d6c7f23c20a340eaea964972a2f09982fe35702b2f6e01,865,0,0,ANO C4 MES C2
ERPE1601.dbc,2017-04-10T10:08,18031,a62dd265b9714f5b31fec21aab316e122e5bb486c990abe1164d98872d2595ac,699,0,0,ANO C4 MES C2
ERPE1602.dbc,2017-04-10T10:08,17121,8899e47efc13be53008f25e9a7e817321d212e997cd00a462dac2c5638cd7a9c,658,0,0,ANO C4 MES C2
ERPE1603.dbc,2017-05-05T14:38,20574,74fca5520ba5c1c568a29f5a4744780c0705a841101a3ac162b86466a620b66d,819,0,0,ANO C4 MES C2
ERPE1604.dbc,2017-06-05T10:00,21737,553671019f4f789115812ea09e5ddcccd725a7021ec84d6444074b31b0fc9afb,878,0,0,ANO C4 MES C2
ERPE1605.dbc,2018-01-08T15:28,25258,52b9c2ba11d3ed6ca5d288bf319e8e14fcbc8d1603cd691fc1e519f84af8532a,1059,0,0,ANO C4 MES C2
ERPE1606.dbc,2018-01-08T15:28,24427,9887ead5b372144236d7116409df32ad7f60994ff249c39e9dd3fbf1781c6191,1012,0,0,ANO C4 MES C2
ERPE1607.dbc,2018-01-08T15:28,25008,92f036c4d8050ab9f36fd64b0d5fe37f125d0c5dc6091a2f57b1719c8237bc90,1036,0,0,ANO C4 MES C2
ERPE1608.dbc,2018-01-08T15:28,34705,987fb971ec44cda4bd0313ad305c708925420ad70a9331635d9e9d7eb89b1abd,1572,0,0,ANO C4 MES C2
ERPE1609.dbc,2018-01-08T15:28,26231,81378501d4e756309968f1008a1321a4a372a2ed07bdb33763cbe88a4a61dd10,1095,0,0,ANO C4 MES C2
ERPE1610.dbc,2018-01-08T15:28,23808,f312892c837772a13f107ec318d0ac702d552d12cdda5b13ff17217605d603f5,998,0,0,ANO C4 MES C2
ERPE1611.dbc,2018-01-08T15:28,20906,c97f525d909e30a4ef8f4370313da86180e9454c4e495de08cbd82f75cc5d268,897,0,0,ANO C4 MES C2
ERPE1612.dbc,2018-02-05T09:38,19421,4a7a34f235e13ac70864041fe930fc275ac1fef79380f2c37a42fcc9fbf990ca,792,0,0,ANO C4 MES C2
ERPE1701.dbc,2019-04-10T16:27,27269,e8bc1e91eb3499ce832dfe3ae1808c7c017f352cebd07637f8d1259fcaa938bf,1192,0,0,ANO C4 MES C2
ERPE1702.dbc,2019-04-10T16:27,28375,677dfcd02d2cc715442632b877790a20e670b45d45a27b4644e1ea13b34f384a,1243,0,0,ANO C4 MES C2
ERPE1703.dbc,2019-04-10T16:27,20889,47e7cf12beecbf9b6646bc2d8e12246d844260f1f98912181665cf9975ec6392,827,0,0,ANO C4 MES C2
ERPE1704.dbc,2019-04-10T16:27,32255,f21e5eea8e73284a46022cc5b44acf695b904d8f70739aa3364c1ea198109b79,1370,0,0,ANO C4 MES C2
ERPE1705.dbc,2019-04-10T16:27,24195,3b8733cfec45c71c0bd5b063129ca9f9fcfc684b25cc9a07b717f7193d23b1ba,1058,0,0,ANO C4 MES C2
ERPE1706.dbc,2019-04-10T16:27,32853,2ffce0196d5c2e344c0d952e1d1a4c173bfdcd30de2c8679e3623653623d15c2,1478,0,0,ANO C4 MES C2
ERPE1707.dbc,2019-04-10T16:27,24084,97938c4fe83a095121f1289cfd3e03b9de00493316861d834a51840982fa991f,1027,0,0,ANO C4 MES C2
ERPE1708.dbc,2019-04-10T16:27,28826,e60363e3acbfbff67596b7343c0a347a6c925be145f3ab78ab1bd3fdc9898bcf,1260,0,0,ANO C4 MES C2
ERPE1709.dbc,2019-04-10T16:27,18613,d037f5a6443d8057838930d0d96f4db4742ce3ca5e3c73077b7de2b0915179e9,779,0,0,ANO C4 MES C2
ERPE1710.dbc,2019-04-10T16:27,27368,ba2699db84470c0c21b836b4679b830164f8e7beee3199e1d5a6871691e5cf5c,1212,0,0,ANO C4 MES C2
ERPE1711.dbc,2019-04-10T16:27,34344,6e4466c04721d14db3158e29c6a081df357291110d6e3951d9990530ba632cca,1532,0,0,ANO C4 MES C2
ERPE1712.dbc,2019-07-08T14:45,26890,b9db057502243d5dc1223d5fe58525cc92fdd3421b9c1a4227a08b100ead12d7,1126,0,0,ANO C4 MES C2
ERPE1801.dbc,2019-08-05T14:39,19738,20a0bfab347e6dbfd0ebdb0bb19a13a3c02c5a8c0ec0056e8d504561be1fff59,800,0,0,ANO C4 MES C2
ERPE1802.dbc,2019-08-05T14:39,23311,5a689d68bfa5cb03cc4f8fffb1c2a4b615e314a9a3fde348ebe85d085b30c4d6,995,0,0,ANO C4 MES C2
ERPE1803.dbc,2019-08-05T14:39,22568,4a438a290f36f2c727367ec49a9b430ba8565c58cd4c116dbf41d599a09cf168,959,0,0,ANO C4 MES C2
ERPE1804.dbc,2019-08-05T14:39,26418,404f118525728f508285de0ee96b81bb6025008f393fc375fb0bc5de2606d34f,1160,0,0,ANO C4 MES C2
ERPE1805.dbc,2019-08-05T14:39,29293,d3b128e124793041ee17732099384b31375af813b9b9d14c07005d7725c58130,1327,0,0,ANO C4 MES C2
ERPE1806.dbc,2020-01-09T16:49,31911,e04b76b8a49fb9a24a7cc3af2407e2ff899b48d6c361130e77cbda36640ba988,1420,0,0,ANO C4 MES C2
ERPE1807.dbc,2020-01-09T16:49,24798,5234eb10242546cce4469e204733a2316a98caf1c0f89ed99989968f43d96c67,1074,0,0,ANO C4 MES C2
ERPE1808.dbc,2020-01-09T16:49,24942,6fdbff45dc8d4ac54aeb6d6e7e7746d33b549d10e206f78e4057c12750e30573,1066,0,0,ANO C4 MES C2
ERPE1809.dbc,2020-01-09T16:49,21592,95ad4d9afae0c653d4e8f664e70501cbdf7f25d5bf4ed9ee4777d617c819f90e,923,0,0,ANO C4 MES C2
ERPE1810.dbc,2020-01-09T16:49,30739,2c121ff2780521c14a8db43572bdcf3f95ece9d51dfe7ead7116aabe428f1ebe,1406,0,0,ANO C4 MES C2
ERPE1811.dbc,2020-01-09T16:49,31738,a29385959a9e376973b2ce32dff11d9bf66dbe8f7a9a4efb279a2981f3ae029f,1463,0,0,ANO C4 MES C2
ERPE1812.dbc,2020-02-07T15:02,30283,5621434368bc1e2102fdf6edec2ec39e885be233d3577b001bffe816d2fdf6f0,1332,0,0,ANO C4 MES C2
ERPE1901.dbc,2020-03-10T14:43,24151,3799d40e1471c54bb1bdc0bc215ded98e39bb60a75926bee0ab9dd61f29bb934,1029,0,0,ANO C4 MES C2
ERPE1902.dbc,2020-04-05T14:39,34094,968e60b294239f1f6df858b8c381e9c4042aefa48abb1a936133317542ecc4c5,1561,0,0,ANO C4 MES C2
ERPE1903.dbc,2020-06-04T13:54,30519,5d7024d9b2ba9080b43352c4e6346c21486bb60f173f9424a0ccd733c23cb878,1359,0,0,ANO C4 MES C2
ERPE1904.dbc,2020-06-04T13:54,36265,7ea1db130702a94da3c9f439c1f130ca7e759c7f1ed8cad54b7597c08615c3e3,1634,0,0,ANO C4 MES C2
ERPE1905.dbc,2020-07-04T11:39,38581,7c3b1c78310418212195fb8e204cde2987793bf521cc506bcdcfec4dd51b5452,1781,0,0,ANO C4 MES C2
ERPE1906.dbc,2020-08-04T10:41,34650,0c6052cdd491f6e70cca7f165231ca8b1c6ea96cad61de8d133e7c3a850c4796,1522,0,0,ANO C4 MES C2
ERPE1907.dbc,2020-10-06T08:42,37193,84a4823304075f4cc51b2211c24de697e17d7c40a182cff75d909bb361a55829,1695,0,0,ANO C4 MES C2
ERPE1908.dbc,2020-10-06T08:42,28958,769e05c2413f13defcfda2a32f0867ff45c9046ea26bd6fbac85a2a259948eed,1279,0,0,ANO C4 MES C2
ERPE1909.dbc,2020-11-18T10:38,34052,59073f2209ba6633a923f49866bde235fcab69c3b2ce3a915dbaabeec6dca965,1520,0,0,ANO C4 MES C2
ERPE1910.dbc,2020-12-07T11:23,28995,ae509a0d296bb660e06ee2ba77322e420afc8036c719fce21d594aedf33fc557,1288,0,0,ANO C4 MES C2
ERPE1911.dbc,2021-01-14T08:10,30100,b437c2a5efdbffc2d19b39b99573cd483fecb70d979fe542f5386962f1fa6a64,1330,0,0,ANO C4 MES C2
ERPE1912.dbc,2021-02-05T10:25,27814,993fdc5aac98a9df12ed85b67bee7ee9e4c6b25d2823385afd913cc71cdbe316,1236,0,0,ANO C4 MES C2
ERPE2001.dbc,2021-04-05T13:24,31150,75f659c777fcae75e6534e19f3fb2dc94f332a587f5bbff874f5c8da8a353a3c,1386,0,0,ANO C4 MES C2
ERPE2002.dbc,2021-05-07T16:35,22424,c724ba58587d90f1a21201061b24aaf10baf366e3f1364f631d515e0e4c8ace0,963,0,0,ANO C4 MES C2
ERPE2003.dbc,2021-05-07T16:35,27836,61d3f45c52d10ba6794d515d37869b688a522370fca95a8d0543555c0d9861a3,1239,0,0,ANO C4 MES C2
ERPE2004.dbc,2022-01-10T14:21,20162,cc21b37360e58f994f512590cdcb429ecbd579707a1801e968d411e1d311ff97,883,0,0,ANO C4 MES C2
ERPE2005.dbc,2022-01-10T14:21,34215,29527dccf1047bca31a3c39f4acb763e78103591614e869fb1a67d12df3d3d91,1556,0,0,ANO C4 MES C2
ERPE2006.dbc,2022-01-10T14:21,60886,cf31fdbab9a4a897d09f650a1c27ec8dac758618f3471b111f94b99bf3ded557,2889,0,0,ANO C4 MES C2
ERPE2007.dbc,2022-01-10T14:21,58911,4ff9df5864bd4667e830c1d76413aac4e2ec19f1b5ee1eb6fef801da8c55dc8a,2865,0,0,ANO C4 MES C2
ERPE2008.dbc,2022-02-07T10:04,53968,744f6d003cd21d6a358baab728a4a3dfa309c3e15f2d8aa897b854bc142240cb,2712,0,0,ANO C4 MES C2
ERPE2009.dbc,2022-02-07T10:04,61296,4520772c4fce284a96eb72e50640501af00548067647e5c398dd75cc4d5b8750,2891,0,0,ANO C4 MES C2
ERPE2010.dbc,2022-02-07T10:04,94516,617871247250c81e7930cf1bc2693d9783599574f1d24a22a793937658d9c454,4446,0,0,ANO C4 MES C2
ERPE2011.dbc,2022-02-07T10:04,83500,674957b41dd3a52ca38b107aefd0faa8d9072d0e8946877486551e365fd98ff6,3964,0,0,ANO C4 MES C2
ERPE2012.dbc,2022-03-07T13:12,77966,6e670257057940fbcbd74183466ef5b08dd9db6f64dc54e8724db174b3b817c4,3729,0,0,ANO C4 MES C2
ERPE2101.dbc,2022-03-07T13:12,51684,1554bb79243247d146b286005163eb14f1d4f5562359908891c0a16c8cd715a4,2383,0,0,ANO C4 MES C2
ERPE2102.dbc,2022-04-11T19:22,69759,be74d8d58baaeaa3163065dd7cd3a420e42df4db1566cb644487ce27e5708d08,3341,0,0,ANO C4 MES C2
ERPE2103.dbc,2022-05-04T12:32,55499,d087c666cfff8b7880cb6a53c962f5c2c6b329f4350521b86aa259e89348065c,2511,0,0,ANO C4 MES C2
ERPE2104.dbc,2022-05-04T12:32,43977,687f533b442100a668d1c663d5a13365d1d3387e196c305ea69c557f30e5e229,1910,0,0,ANO C4 MES C2
ERPE2105.dbc,2022-06-03T13:03,52001,b9a35f91e797ed2aaee5bc81127e853b557d58ba8d03d90fe8db2940228e42a4,2270,0,0,ANO C4 MES C2
ERPE2106.dbc,2022-07-06T13:10,44247,88294e8f27edff76359c486b8694ba1bf133ea8d8a91305f8bac7a0f0ff99b6a,1917,0,0,ANO C4 MES C2
ERPE2107.dbc,2022-08-04T15:38,46915,6c1c3c3081ba730968bce26f5d15b53c8bbefde2db433bee80d2b40f685310ea,2072,0,0,ANO C4 MES C2
ERPE2108.dbc,2022-09-06T11:15,37136,d14b86bd23b628e08e9c82f46bede3bd6c2b432fd94b145604be597ba00d6eb3,1677,0,0,ANO C4 MES C2
ERPE2109.dbc,2022-10-05T14:25,47238,accc7cd666b04793aea77fd6fa577e55505cd3b5697aa89ab14b9562ae38431f,2267,0,0,ANO C4 MES C2
ERPE2110.dbc,2022-11-03T17:54,38988,b68861a2cfde4ca459595cd1117e30cbdd29b7ca0133b96ed04d08fb18a63e15,1721,0,0,ANO C4 MES C2
ERPE2111.dbc,2022-12-06T16:21,62526,5e6d3756aaaa505787c77e51fc57ada1d717c5ebe918d197e720b2acdc3502ef,2900,0,0,ANO C4 MES C2
ERPE2112.dbc,2023-01-04T12:45,55048,cae02f5181721969aec624a1756b73e996de26f18a525b0606b6d466d83d30b0,2505,0,0,ANO C4 MES C2
ERPE2201.dbc,2023-02-06T12:59,55882,bdb0db1bdd442509c66ca9d0596f245f8eace8e67e6a27806fa72415209ccc7b,2580,0,0,ANO C4 MES C2
ERPE2202.dbc,2023-03-09T16:42,38613,59118d48ed274e9f2978f27b4412b663273bb65c1e1021d98bc81dd3375b1f0f,1734,0,0,ANO C4 MES C2
ERPE2203.dbc,2023-04-05T13:31,48897,a8db50629efcd4f23852b526054f2b87999e901002197c79019ca417cb5558ce,2283,0,0,ANO C4 MES C2
ERPE2204.dbc,2023-05-08T14:30,36624,a019f68a7583a4aa0ea06d49c09895e8e1269d129c3ae75bcef93589c073c02e,1689,0,0,ANO C4 MES C2
ERPE2205.dbc,2023-06-05T11:31,55966,0622970812cb394795e304c6faaf0c93905e16d0e36c6731008379725c03c4af,2605,0,0,ANO C4 MES C2
ERPE2206.dbc,2023-07-05T12:43,106285,1c74438c7632d615c3d96c8b767684f28b2c5c5e59bba15006f7da141a33a661,5074,0,0,ANO C4 MES C2
ERPE2207.dbc,2023-08-03T16:36,111214,8f6c52d0df46a9bb84aaa53e14ec655493ee9bd70cdc49176b24120e9a2e3d54,5209,0,0,ANO C4 MES C2
ERPE2208.dbc,2023-09-04T21:02,79886,443bfdc013b6fbb382fd3c2142d2ccae29310112faf46d26cf438678a78390fb,3701,0,0,ANO C4 MES C2
ERPE2209.dbc,2023-10-04T17:01,81389,528f773ee9dbc46f070762f50b5415c00be00eb5f66f85f541c0cbe20da1b652,3826,0,0,ANO C4 MES C2
ERPE2210.dbc,2023-11-06T15:48,102029,e7f59e087213d89e1d59e069d238ad069b16cb616e2057fc7a43b0ef182d7854,4707,0,0,ANO C4 MES C2
ERPE2211.dbc,2023-12-05T14:58,80141,c1e20eaedc96914a4824804dd0ff68b3a4c958328929971aee9036ac981d2dac,3718,0,0,ANO C4 MES C2
ERPE2212.dbc,2024-01-05T17:49,90791,89587dc5901926bdffd8a8d01839f811eaac99f0d49b7dd1a4ea32fe3a074481,4189,0,0,ANO C4 MES C2
ERPE2301.dbc,2024-02-05T22:49,92316,430c8e1fdebf66b1f3469a38c9a5bdc4dd6119d15297f0842d7ef29923666a6d,4244,0,0,ANO C4 MES C2
ERPE2302.dbc,2024-03-07T18:39,87333,065bca10b649a8c80c002501f5f58781d1d924a301f6a99f492767bf60e4c958,3984,0,0,ANO C4 MES C2
ERPE2303.dbc,2024-04-09T14:24,88233,5cb3e35f7b38ca13dabbbea45e099be61b08428687f1c70cf3ff1477f66044c7,4078,0,0,ANO C4 MES C2
ERPE2304.dbc,2024-06-16T01:07,92599,8ace8dab6fc2f5406d07ea01ccfac56969c930ac84e2abc195d1197a838745e2,4282,0,0,ANO C4 MES C2
ERPE2305.dbc,2024-06-16T01:07,104525,21565a6cd0a11320fba3a126202560d2371102e7a78ba5b2a16db9914a46a762,4986,0,0,ANO C4 MES C2
ERPE2306.dbc,2024-08-05T14:43,73162,b8bafd3ff5379f793ab004960479c9396f96800f893a7a8755963b561ae4a592,3317,0,0,ANO C4 MES C2
ERPE2307.dbc,2024-08-05T14:43,94923,496d00a079c6250d765190e370d11772bddac2e9ab206e630e4d32ca62b43d24,4420,0,0,ANO C4 MES C2
ERPE2308.dbc,2024-09-05T10:27,76333,d5a0772f7e5bb0fe617c3c3e7de78cdc1a13fd14f86a1594db227ff12ede8f2c,3630,0,0,ANO C4 MES C2
ERPE2309.dbc,2024-10-08T12:05,162005,9a0e389d848685276f5c95feb53a8f0afeb16b3cb7716ce26f837db5e3a884f7,7457,0,0,ANO C4 MES C2
ERPE2310.dbc,2024-11-07T15:41,92655,3c4ba4acff25e189c2fe391b0393b64127ac56866b61e154215d5668b6f01c60,4264,0,0,ANO C4 MES C2
ERPE2311.dbc,2025-01-05T18:55,78035,bff9ea41d97519100d5aa3edfc0a9fc345bc55c36f843781fd962da1bcac8cc0,3638,0,0,ANO C4 MES C2
ERPE2312.dbc,2025-01-05T18:55,89939,1eeeb4230eb2f8fb3d852ab6c618d3498e049fed7c25a46d8025411bf4c4e307,4173,0,0,ANO C4 MES C2
ERPE2401.dbc,2025-02-09T21:24,57499,1c5751ffa2a3446d318be3472ecbc6e89d6ba1cd5eda8b8895836c3d00ea98e3,2704,0,0,ANO C4 MES C2
ERPE2402.dbc,2025-03-11T23:45,71880,4f0cfc413f9abd57d113a410ef56b9f2d4293871f69b6b8bdb5aaa193515b3be,3390,0,0,ANO C4 MES C2
ERPE2403.dbc,2025-04-05T12:12,68846,8f7838394239febb9a2dc4513c87d3455fd60aca9a69ea4bca131545a51221e2,3244,0,0,ANO C4 MES C2
ERPE2404.dbc,2025-05-08T08:06,71765,a1ef6fe55a58a793474ad3018a98bdb88c1529f00742493b38224830589456c3,3384,0,0,ANO C4 MES C2
ERPE2405.dbc,2025-06-06T10:44,101698,ef2be710de6b3b4bffaba906c6f23586f063986004f4fe6c300c6c1d4403b6c7,4869,0,0,ANO C4 MES C2
ERPE2406.dbc,2025-07-06T11:29,97048,20c4bb18b9ba93ce6bfaf6b77996ab99754b23a3cec50562ed9b7c05652e781c,4570,0,0,ANO C4 MES C2
ERPE2407.dbc,2025-08-04T07:13,83786,34b2ec55e61678f07bec404aa609b2c6b095fb1c900356c0af004e2af7c7a933,3936,0,0,ANO C4 MES C2
ERPE2408.dbc,2025-09-05T12:54,74174,0487993d2725b7bda55e634752ff66c94420940ff8c430a9e09dc2f8266857aa,3493,0,0,ANO C4 MES C2
ERPE2409.dbc,2025-10-06T17:04,81286,c250edc988f388aca5910d7b5bffdbe3d688b2f70365c77db4729c05f4a1c7ed,3851,0,0,ANO C4 MES C2
ERPE2410.dbc,2025-11-06T16:20,73566,2d7bf9e2e2fa667baf15e9660de4fa60cdba780d9228ed4425f487f8755ca886,3477,0,0,ANO C4 MES C2
ERPE2411.dbc,2025-12-05T20:17,72151,32cfa423a0677a5b19d30fee7dffae9363de4be66e1db25c3302ba3de048bcc0,3457,0,0,ANO C4 MES C2
ERPE2412.dbc,2026-01-07T19:03,69397,45267e95ee540308c9357a60f0fb08e390c8ed74670c0f8e81e1367b6a46f900,3237,0,0,ANO C4 MES C2
ERPE2501.dbc,2026-02-08T14:13,65133,8803d1aae8357edccf8dc1b12f17a4803d31b66c93894c96c14d078e7dcbd6ff,3025,0,0,ANO C4 MES C2
ERPE2502.dbc,2026-03-06T22:13,67760,7579876d6b9c89ad2f995cb4d1a8ba06df0a12f2146ecc7585d01df4794354d8,3179,0,0,ANO C4 MES C2
ERPE2503.dbc,2026-04-07T07:24,91640,67ae7f5135006b2a770b1b7f6a76e1351d3494c099a0eb52c03d3f44c05637da,4542,0,0,ANO C4 MES C2
ERPE2504.dbc,2026-05-06T19:00,84528,fdaaeff91f75708117bd886499d9d495b5a5b411701fa242ed6fa29a56594869,4166,0,0,ANO C4 MES C2
ERPE2505.dbc,2026-06-06T20:14,95699,689d036be7f11954cd0bed73a44c5acf2fe0dd9216fa1311dafc6a324a9c584d,4529,0,0,ANO C4 MES C2
ERPE2506.dbc,2026-07-06T15:10,89759,41e9adfc2c520d607df99b47b571a1e872c8c76dce978b2cfd2376ce2a19ecdd,4369,0,0,ANO C4 MES C2
ERPE2507.dbc,2026-08-07T12:25,114972,4bd3e07fe8859ec02eb1d35e07bba3f20a4166aea9416cc0f13cd8cfc66154ec,5491,0,0,ANO C4 MES C2
ERPE2508.dbc,2026-09-06T21:26,137889,2d93df8bc3614bda72880310c34435680180b17f716743488ca8cb7c185017a7,6658,0,0,ANO C4 MES C2
ERPE2509.dbc,2026-09-06T21:26,118960,35fdd2d37ff85522befda7e72ab84cd75f1859097c57f0982291d53edb37f3f5,5708,0,0,ANO C4 MES C2
ERPE2510.dbc,2026-09-06T21:26,99542,325ea05e1618742db336f6b0494c6132bec4a2523db77f0cc6bc323ff7fa4b24,4821,0,0,ANO C4 MES C2
ERPE2511.dbc,2026-09-06T21:26,95984,3fa7fa919aa8b749e035dd494e7712845e600505d8960fa9d7fa80f469ca4ed2,4490,0,0,ANO C4 MES C2
ERPE2512.dbc,2026-09-06T21:26,107646,49532b2cb63ccabe0589a1ca5990db67e1c93a5cda0f6b0c1c12ef9b2c124c82,5161,0,0,ANO C4 MES C2
ERPE2601.dbc,2026-09-06T21:26,96218,24467467439a1aadb5201156c0621868f6da1334c63c5f4a29a4d84da4595e16,4706,0,0,ANO C4 MES C2
ERPE2602.dbc,2026-09-06T21:26,93188,0df6ba165eb3a95b3b2700d90691d1be6de955f23d5a807b6c499a0cc45b8ae8,4442,0,0,ANO C4 MES C2
ERPE2603.dbc,2026-09-06T21:26,97301,0d3768307923b7a3fb3fb34f1df9f543d050675eaae9608b8cd02a35640f323f,4665,0,0,ANO C4 MES C2
ERPE2604.dbc,2026-09-06T21:26,113007,42cddf8e6a2207aeb141c55d66a33416185f252377c8b21f189e0d3820974913,5446,0,0,ANO C4 MES C2
ERPE2605.dbc,2026-09-06T21:26,120598,69e4fb990e986fd78689e8064e56c6e38c832cd40a9457a072e7e58488ced85b,5735,0,0,ANO C4 MES C2
ERPE2606.dbc,2026-09-06T21:26,118689,56bf8a41c0ac27aaa0d4ffdc6df9b05fa79f55da6c861132b1058ed0867a166c,5575,0,0,ANO C4 MES C2
ERPE2607.dbc,2026-09-06T21:26,126636,28a7afdd083701089ffec70979d2247c38ecaa062de49075d3cee27ea190a970,5963,0,0,ANO C4 MES C2
ERPI1101.dbc,2013-11-01T11:30,16431,2b3c14aaf82e62db9d09711fbe84ac10fc3a3409b9961e51e9db6cd676c8464d,720,0,0,ANO C4 MES C2
ERPI1102.dbc,2013-11-01T11:30,12364,337fbc98b70f22f9a2be5438532e20743ce5b3a752c4f3d5ef04bc2d394d4774,469,0,0,ANO C4 MES C2
ERPI1103.dbc,2013-11-01T11:30,15858,a036d05ce2665ed96b4357fb11bff4c7568734660a1ae08ad5a9c7720cc6bbfc,642,0,0,ANO C4 MES C2
ERPI1104.dbc,2013-11-01T11:30,15636,7c21b0b3a7b4534b4b8d6ac592749b6212c2e669efcef0322b6e81e89ad282a8,629,0,0,ANO C4 MES C2
ERPI1105.dbc,2013-11-01T11:30,32848,f800b6f0316ce52d82e6b60d2b595204de52464569b06e3189c676dbb54a9fb2,1508,0,0,ANO C4 MES C2
ERPI1106.dbc,2013-11-01T11:30,30418,e8b7144ba55f5c9a07f59b5e2885c3c7269d0096079138308732c5f2c78505d4,1363,0,0,ANO C4 MES C2
ERPI1107.dbc,2013-11-01T11:30,24024,c6f4f1ec8e1ea6484e2758af71c844d2cd80f4586613cda02f3fcdaf3c29bf50,1028,0,0,ANO C4 MES C2
ERPI1108.dbc,2013-11-01T11:30,27822,403c60745fee9e38ffe98434ce50765720b6aeaffc982241fe0ebcd1e00b828a,1296,0,0,ANO C4 MES C2
ERPI1109.dbc,2013-11-01T11:30,19906,6ea57685c1f524e82f7390959e85277811180061c4b7f804861d9ba09058d13a,867,0,0,ANO C4 MES C2
ERPI1110.dbc,2013-11-01T11:30,18555,661214a0948f5e1884aa5279788d494e8ec7a29033fe047c56cc87bc509b0092,847,0,0,ANO C4 MES C2
ERPI1111.dbc,2013-11-01T11:30,20655,d6c0cebb40912085c13103ecd5cac5cd4860b962c3f78e3055b013e53e8e522b,901,0,0,ANO C4 MES C2
ERPI1112.dbc,2013-11-01T11:30,18545,e14faa5119e8f61d93420c3f8a9794e20638265d941a45d48a3d13a0ce927625,792,0,0,ANO C4 MES C2
ERPI1201.dbc,2013-11-01T11:30,11890,3cf46c552cc3a86cb770e13fc6f055eee97db9f4caae88484b16a3f8e824bbac,462,0,0,ANO C4 MES C2
ERPI1202.dbc,2013-11-01T11:30,14116,8a705f7346550755caf8eb26840e1fede5dd3e60bcde0f3c504b742ca2e7d015,566,0,0,ANO C4 MES C2
ERPI1203.dbc,2013-11-01T11:30,17546,ee05fe1d94351407b01985506a41729b2900644feeba555f1d6ff101818d053d,725,0,0,ANO C4 MES C2
ERPI1204.dbc,2013-11-01T11:30,17266,2d437b1f1d176b61311fbd09a9897330dab5904daafd7d44de3009f4bd8586ab,699,0,0,ANO C4 MES C2
ERPI1205.dbc,2013-11-01T11:30,15198,1124630f000a75738c19063b5729331655ea2b437476d8efbc75017057c9ce08,592,0,0,ANO C4 MES C2
ERPI1206.dbc,2013-11-01T11:30,14509,0570c36219f6d13ab24e3f19cb000db7840e75fc89ed81e0fda05141634e1d45,577,0,0,ANO C4 MES C2
ERPI1207.dbc,2013-11-01T11:30,15122,30643f431a573a6d57ec639486791ffabdc45dbd39001ea4f7086eb34a7b9724,606,0,0,ANO C4 MES C2
ERPI1208.dbc,2013-11-01T11:30,13491,9070b1360e19c9bb9f9f873f4dd356cd1f00f6e27133332f96c78aa3d29e0a4b,538,0,0,ANO C4 MES C2
ERPI1209.dbc,2013-11-01T11:30,18124,e1cf4e1b848f64243092d1e8b9993c6bb20264aeb43c4b0e57e33bd2f26a661b,834,0,0,ANO C4 MES C2
ERPI1210.dbc,2013-11-01T11:30,25998,fa340f768c779be2db51f4b676a2742663950d581fdc39ea20a169f469bac734,1259,0,0,ANO C4 MES C2
ERPI1211.dbc,2013-11-01T11:30,13482,45c27f1afeffafce3a56d3a18d7790dcbd91aaa50c4a3ad6778deebc087b7180,555,0,0,ANO C4 MES C2
ERPI1212.dbc,2013-11-01T11:30,22701,ba1a8fa7bec5074a1bcca5e82df3a21c5c7b97325ca67d679bc3d5c53ba48ec4,1017,0,0,ANO C4 MES C2
ERPI1301.dbc,2014-09-25T11:18,16479,0a688e00e40c3a1378337e8e9f03da3a03f825d05d9057570d034101a1c0be34,688,0,0,ANO C4 MES C2
ERPI1302.dbc,2014-09-25T11:18,21290,adbe5c4ad362022947b322e9014ea29016bbf86f3748c924991355d85226c679,982,0,0,ANO C4 MES C2
ERPI1303.dbc,2014-09-25T11:18,23035,09ece4f6d515cbacc8376fafa1914889fd3b1e5b365fd202560dd49a47f26a91,1068,0,0,ANO C4 MES C2
ERPI1304.dbc,2014-09-25T11:18,19412,a22324bb016ccbea8e88629cfbb86e88533d5cef1786fb09236a5dabb57d7121,865,0,0,ANO C4 MES C2
ERPI1305.dbc,2014-09-25T11:18,16329,adcb624718ae749cc655395f4acf97ce69325fd1cc819e359392178fa2c31bd6,672,0,0,ANO C4 MES C2
ERPI1306.dbc,2014-09-25T11:18,14195,427e2f059e34a34337f9191d3150d38f4b35719831a2d9e9df369f03e2167489,569,0,0,ANO C4 MES C2
ERPI1307.dbc,2014-09-25T11:18,15752,2d1753e582b9ca89daa3643a1f176dbb44aa107841f149518eba2caac29cef14,635,0,0,ANO C4 MES C2
ERPI1308.dbc,2014-09-25T11:18,14985,0db904d343b796a1f49a99ece4045527f3c574dcf0664e6bee53734368858f5b,585,0,0,ANO C4 MES C2
ERPI1309.dbc,2014-09-25T11:18,18314,253d2f031c2cd7f09fbed25df0869331646458cc3f46bb8b191556389d9c373e,788,0,0,ANO C4 MES C2
ERPI1310.dbc,2014-09-25T11:18,14920,152cc3c66a7ca6d1e2585189e9ecbf06abae3af7eae908dcd3fe7b3e6ef1cdcb,632,0,0,ANO C4 MES C2
ERPI1311.dbc,2014-09-25T11:18,15858,558b3e85dd3fc0f93c470f40c028d8ecbf72dd334c29c32422ec1f136f889382,669,0,0,ANO C4 MES C2
ERPI1312.dbc,2014-09-25T11:18,16500,44bdea69cf44f63ea0adda24a9c8d3d44c9529f0f1a9414bf99e34eb5bd0edc0,714,0,0,ANO C4 MES C2
ERPI1401.dbc,2015-10-05T11:58,14928,7a5eb316b896898180bb4b2fa55e20fce664aa5c7c0f0348b903d7827a6fd42a,607,0,0,ANO C4 MES C2
ERPI1402.dbc,2015-10-05T11:58,11461,98a832551607f96bbb49d17566de9b60eee3197ae27aa7014aabc1738cd373be,449,0,0,ANO C4 MES C2
ERPI1403.dbc,2015-10-05T11:58,18146,b668ef01f41bd83d8a5d6e4a862da0eb6ece5737bab42057979f9ffc67af858b,776,0,0,ANO C4 MES C2
ERPI1404.dbc,2015-10-05T11:58,17882,4ac3434f680a2a9bf79e7f5667405aa856a2a65cdbd11036d890cee7f3eb2484,796,0,0,ANO C4 MES C2
ERPI1405.dbc,2015-10-05T11:58,23088,971d2ce3c8bbadf499a1ed15f8117ee58d292dc0488ce05f71b0c671f21dcd8e,998,0,0,ANO C4 MES C2
ERPI1406.dbc,2015-10-05T11:58,19865,ee4da08b86f5fc621d1160ddebfe046734ccec987c7d9312e0cbde52e403c983,833,0,0,ANO C4 MES C2
ERPI1407.dbc,2015-10-05T11:58,21121,2f531ec5ac18b916f9404a8fc31e1228410dcbcd9e5595d68ba8364302a4a19a,880,0,0,ANO C4 MES C2
ERPI1408.dbc,2015-10-05T11:58,27882,5d7a231f7b9518ae191e671c67fc1c7fe905a9d63bb812c7cc141f736e163332,1207,0,0,ANO C4 MES C2
ERPI1409.dbc,2015-11-09T10:30,16846,4aba919f0c217fec63a7be0faf92f4869cbb980b39222ffd79d083cd73e3374e,696,0,0,ANO C4 MES C2
ERPI1410.dbc,2015-12-07T08:58,12480,177197bb13188fd6e65ae244f51576f930d2677db5a29aa19285462669ea887c,486,0,0,ANO C4 MES C2
ERPI1411.dbc,2016-01-07T10:02,13234,75a926b78ab6eb3dbd8a53afa16fce4d51a29d180dea08ca6e201bd62bb6663f,524,0,0,ANO C4 MES C2
ERPI1412.dbc,2016-02-05T09:09,16511,74cd0b34c73bf8f25078f1e5d64a9883b1b43ca7561b8c087bf0d21228a3d4b6,665,0,0,ANO C4 MES C2
ERPI1501.dbc,2016-10-04T10:22,23665,624e9de1aced3140f81a6061588c05e7b4f16aaf383579b873cd89ca676094f3,1011,0,0,ANO C4 MES C2
ERPI1502.dbc,2016-10-04T10:22,16278,dce427a1434b06c86b670a22dbae512d0627c8d1178f934d421b2064fffd7692,664,0,0,ANO C4 MES C2
ERPI1503.dbc,2016-10-04T10:22,23493,f3d6cc6ceb4f58a0c00077b67f4ee1f4abceb507862451912da4a84201311be4,1018,0,0,ANO C4 MES C2
ERPI1504.dbc,2016-10-04T10:22,19058,4b3574afe28b063409cff4f2bc232ce185247b93b8b4186114a3b7e92bc6df22,779,0,0,ANO C4 MES C2
ERPI1505.dbc,2016-10-04T10:22,21630,020b06c17d0e574ac76246e971eee24bf2de153d38094c3960433a1bb7b42a81,902,0,0,ANO C4 MES C2
ERPI1506.dbc,2016-10-04T10:22,17773,585a7004101254d55dd69943c74786ade327f622f5f8559afe0d3e58ea3057c5,723,0,0,ANO C4 MES C2
ERPI1507.dbc,2016-10-04T10:22,16373,77fe2aabbca417e218fdefd1276bf367ee291abd5393e47876fdd86a7b7a269f,661,0,0,ANO C4 MES C2
ERPI1508.dbc,2016-10-04T10:22,19154,ec11fe8f0264917f4110feddfe46584052607159b1baf3d597152b6163ab324f,795,0,0,ANO C4 MES C2
ERPI1509.dbc,2016-10-04T10:22,16182,63957202ef64f42af0165867f61959eebd1d084a5a0d4e128ebd674ca3f8724a,652,0,0,ANO C4 MES C2
ERPI1510.dbc,2016-10-04T10:22,16852,ffef204c290c42306cf8da40d4c99b46e128252656e2c7135f8d59a5a2ffba9f,680,0,0,ANO C4 MES C2
ERPI1511.dbc,2016-10-04T10:22,17588,859ae63f538c82caff43c03d46dd4a2467f44cc5e357c00cb80bb9d0aabaceb6,717,0,0,ANO C4 MES C2
ERPI1512.dbc,2016-10-04T10:22,13362,1a1866eab244f07b3ec774982e4cab89057d983bc25f558842e5064857c90207,530,0,0,ANO C4 MES C2
ERPI1601.dbc,2017-04-10T10:08,13185,a3784c49924bc5fcd0183577c824a9a338fa4a56b7a210dd0fc3345fb1e23715,501,0,0,ANO C4 MES C2
ERPI1602.dbc,2017-04-10T10:08,10225,bab515cd26f47914b940b136b6245eb8eef7ee7fe91d7ed7b6ac9c52c0399a6f,392,0,0,ANO C4 MES C2
ERPI1603.dbc,2017-05-05T14:39,15343,9063216d56241aab7eddc0d7c0cfb11bc39fb35d4e7bb1feb594acd7b908e938,630,0,0,ANO C4 MES C2
ERPI1604.dbc,2017-06-05T10:00,12072,1518a064f17a0f4af8b51b6e3af3d0cd5d0473ffb67c3916306038611c8052b2,438,0,0,ANO C4 MES C2
ERPI1605.dbc,2018-01-08T15:28,13554,226c8c201332bd16b0ade47b3d8b6a98e6e63394e079645f19b5844e6b599f5a,521,0,0,ANO C4 MES C2
ERPI1606.dbc,2018-01-08T15:28,12480,56758a4dc50cbaee7ca5ccac2cf714d1ec2d3f6bdce15da1d349ef4d2dc5365b,478,0,0,ANO C4 MES C2
ERPI1607.dbc,2018-01-08T15:28,11332,69e1f5432667312bbfd26687517e5d473b39e9c093009503d4a3ba51881aee61,431,0,0,ANO C4 MES C2
ERPI1608.dbc,2018-01-08T15:28,12821,a95caa4211092d36bb35868c80116e310e5b7ec25665aeb12de48c6af39d3eb1,502,0,0,ANO C4 MES C2
ERPI1609.dbc,2018-01-08T15:28,13135,d7f388be46d854742d9be1514178e25bbcb54008e8bff2552002399289ec4765,515,0,0,ANO C4 MES C2
ERPI1610.dbc,2018-01-08T15:28,12855,1dcaa19ab2f5f8d1f8cc3a8f58de0b6e4b0e3392fdf456f75a835c364391f7a9,496,0,0,ANO C4 MES C2
ERPI1611.dbc,2018-01-08T15:28,14924,d58eefdba64481b67a841cbdf10b57e0bab5573d41e876f80032b492c65455a0,593,0,0,ANO C4 MES C2
ERPI1612.dbc,2018-02-05T09:38,13641,2f9ddf9b158bf9afb8684e7e50fdd2be89d0117d1105d1d67373aa541709b30c,540,0,0,ANO C4 MES C2
ERPI1701.dbc,2019-04-10T16:27,16261,41dc8b43a8d2a94210794b89766f85f8047401ac99133ef67c7ae99cafff424d,691,0,0,ANO C4 MES C2
ERPI1702.dbc,2019-04-10T16:27,14096,f7b80d31ffe5d29f8ffcafe27733f2968a5040775aa53c194b000a3b7bb1d4ef,554,0,0,ANO C4 MES C2
ERPI1703.dbc,2019-04-10T16:27,19219,078cdc14379c27a2883d372abfb6994f5b5e14050c3be318bdbbd8e64d8e24f5,829,0,0,ANO C4 MES C2
ERPI1704.dbc,2019-04-10T16:27,13335,470d21f0f501a445141f750bccf5eaf64e5c9d9c47f35bfe8b1d2e0076d06cd7,520,0,0,ANO C4 MES C2
ERPI1705.dbc,2019-04-10T16:27,15166,c7d524f5fa7ed5dc5aa9405a2985a79aa37474306b8741822ab5e595797b866f,593,0,0,ANO C4 MES C2
ERPI1706.dbc,2019-04-10T16:27,13563,75b577dbee8c288a699e1b926ff3cdeb448eae8b7875ae35fe4a7834b8d73018,528,0,0,ANO C4 MES C2
ERPI1707.dbc,2019-04-10T16:27,15511,0a21f7c752e72f81d82e91e118b136154873040b58ba5ce302697f27f8a7fda5,630,0,0,ANO C4 MES C2
ERPI1708.dbc,2019-04-10T16:27,15924,ec69564e3dd7fa7615340df68f8f3d5c9a9649d316f8f39e4d20a0f395236c7a,646,0,0,ANO C4 MES C2
ERPI1709.dbc,2019-04-10T16:27,21347,5fb064b75ea7b1afc8ae7c87558014cc1783cf84dcc4fa94c86fbbb2b9d11c93,882,0,0,ANO C4 MES C2
ERPI1710.dbc,2019-04-10T16:27,18600,e4db3a2cf127e9352911f74b5a854bd3fca4c60c01654b0e381cc5a3fdb7cd17,767,0,0,ANO C4 MES C2
ERPI1711.dbc,2019-04-10T16:27,18659,b77295fdb62f006d63614662886e29d7875f5bcc3c41bf548c137304656e4dce,785,0,0,ANO C4 MES C2
ERPI1712.dbc,2019-07-08T14:45,16934,7c66147b0cbfd63c67142cba075c3f35df34d9113a466830c51ff25c677cae60,688,0,0,ANO C4 MES C2
ERPI1801.dbc,2019-08-05T14:39,20078,1a68b4ecbcf04887052432992f9b249a48821034d77c6985723d2512dbd7c692,829,0,0,ANO C4 MES C2
ERPI1802.dbc,2019-08-05T14:39,17651,1c07785a96af298fdba9b3a943ccaaf81ea97686bde944cb173fa7b36b970583,721,0,0,ANO C4 MES C2
ERPI1803.dbc,2019-08-05T14:39,16934,ff3c9e2a22439cb80514e6f6079f818ea38555d7761f5860f4935ceec5b7f667,697,0,0,ANO C4 MES C2
ERPI1804.dbc,2019-08-05T14:39,14712,ce906828a5749b7829425c62e9ee59e0af312884f695fe3be2434c4ca79b587f,579,0,0,ANO C4 MES C2
ERPI1805.dbc,2019-08-05T14:39,15863,51106e74f33215fcd4d352b2166150f6ae2e09a326bf8f9bf5cfdeea0e585eb8,645,0,0,ANO C4 MES C2
ERPI1806.dbc,2020-01-09T16:49,16308,5ae6a9cb5514830bbc930f1c696e7b666b1a9ba755e15a5a8e21ecd6e9e09e37,655,0,0,ANO C4 MES C2
ERPI1807.dbc,2020-01-09T16:49,16437,781384045fede7af0c8958ed6e80b082a96236e1c721bc388a93f77bc455735c,664,0,0,ANO C4 MES C2
ERPI1808.dbc,2020-01-09T16:49,15711,26b1bf85a71c4efc5f228a09b93bd46ed5b2b816108b7f6f94026404f8ffd4ac,621,0,0,ANO C4 MES C2
ERPI1809.dbc,2020-01-09T16:49,18105,3b4dd94a62895164ae404f3a533525b9fe48b8a87f1ed26e5a0bae2086f9c78a,716,0,0,ANO C4 MES C2
ERPI1810.dbc,2020-01-09T16:49,13380,92d2c284fda04455a6bbffddcddef6b3d9d884057752d480005ce9d17c0aeb52,527,0,0,ANO C4 MES C2
ERPI1811.dbc,2020-01-09T16:49,13187,86f9a558223cf31a220424f61d986bff272c9fda5614cfd41bc76a6979e73c23,528,0,0,ANO C4 MES C2
ERPI1812.dbc,2020-02-07T15:02,11346,f9f3cfc4eb2d66f0906d0cdf9f6d7c7f13fd9e2219e8701864396f6de184a834,444,0,0,ANO C4 MES C2
ERPI1901.dbc,2020-03-10T14:43,15617,dc2911d85d9897fba302027dccec0f788bdb34b5e09db4291b0e98ab87b8059d,630,0,0,ANO C4 MES C2
ERPI1902.dbc,2020-04-05T14:39,12035,124b2087eb86726cea5a73ecc13d51a3c9412521fa26391451c43bea5be67872,477,0,0,ANO C4 MES C2
ERPI1903.dbc,2020-06-04T13:54,17300,401d92cea05d1e4d2d02c3d800cd1514c7ea1c91599ef7e3c30f0434e207dec9,706,0,0,ANO C4 MES C2
ERPI1904.dbc,2020-06-04T13:54,14339,6f2798e6784510dcb4165c7d5aae6616bca5f0f91db599d124338af5d96a5c69,568,0,0,ANO C4 MES C2
ERPI1905.dbc,2020-07-04T11:39,18775,4e35f2148aa35f3ae2732cf9abb8a0dc9f0957722d645037ee1e3e2d52dd742e,799,0,0,ANO C4 MES C2
ERPI1906.dbc,2020-08-04T10:41,15725,c92e00ab18fbb8620e49fb7bd95fe239f8f28cd789d09a119486f6ab80f948b9,643,0,0,ANO C4 MES C2
ERPI1907.dbc,2020-10-06T08:42,16047,e99376e7b68d566348aaf0e7269801f250fab3300672f4683f08dbea4a520227,636,0,0,ANO C4 MES C2
ERPI1908.dbc,2020-10-06T08:42,14999,a209c02b5204e6e76fc6e2740245c80215c8847c7f1506737072bf25135b2678,620,0,0,ANO C4 MES C2
ERPI1909.dbc,2020-11-18T10:38,14626,c10dd483bb8776a039f73ed2bf4c2e89c30b5232146cf309622148908e6ae894,604,0,0,ANO C4 MES C2
ERPI1910.dbc,2020-12-07T11:23,15614,d8ad3dcc168f41fac9538db5ab8c5ff7d3db93294e3e6de1f8c2b1c9d6f20833,651,0,0,ANO C4 MES C2
ERPI1911.dbc,2021-01-14T08:10,15834,e1e462c8214331ed3959bf0e3d813ea57b83c18d42ad8d3fa966439680aa8aa0,653,0,0,ANO C4 MES C2
ERPI1912.dbc,2021-02-05T10:25,16808,93b3a1931e9c657113d55ba30bc6c06352cd52a4ee01e11503a31ff2d1878e83,691,0,0,ANO C4 MES C2
ERPI2001.dbc,2021-04-05T13:24,13169,b38a49eb99ad51d15385753ca3bb46b4d11ebc1490d1185f2247572d0fc6a40e,528,0,0,ANO C4 MES C2
ERPI2002.dbc,2021-05-07T16:35,10725,9b8258ee5b5ffa3aedc1718563ed62f790830025db7052c6b51fdd316fbc3e6a,443,0,0,ANO C4 MES C2
ERPI2003.dbc,2021-05-07T16:35,12810,9de34663c28874aacc51a8f0e0d0aaa2475421bef831b4558475e4a5041c7ac5,585,0,0,ANO C4 MES C2
ERPI2004.dbc,2022-01-10T14:21,6843,0c9bae2bf632a0dbc8301014e9844f6485313544ca5124963ce2613e78ee0dd1,307,0,0,ANO C4 MES C2
ERPI2005.dbc,2022-01-10T14:21,10385,9ce50adedca64396bbd08ac58b0c66446dcf6f229ba61b8304e1ee4cce792ebd,447,0,0,ANO C4 MES C2
ERPI2006.dbc,2022-01-10T14:21,11836,47df0c0fcf5c9d623ebb93e42e473adb641a21a8612a6695198bb7fbbb5738e0,550,0,0,ANO C4 MES C2
ERPI2007.dbc,2022-01-10T14:21,15897,d20875126d03718478ede5508fb37a678a2293cb01c7265597939abc81299320,724,0,0,ANO C4 MES C2
ERPI2008.dbc,2022-02-07T10:04,12608,9e208f73f91fd44d3219ba09ee17f99a8a93c462b544978cd908ab7456f8c1ab,521,0,0,ANO C4 MES C2
ERPI2009.dbc,2022-02-07T10:04,10009,5eec78707ec0d95f2d9753365ce49da012ced504164e69f5c33d9bef980ffd1d,430,0,0,ANO C4 MES C2
ERPI2010.dbc,2022-02-07T10:04,14182,a0e835c8802719967ad535ff964af8cf5870f16d0e291cb3fe0c643362da0211,598,0,0,ANO C4 MES C2
ERPI2011.dbc,2022-02-07T10:04,12370,19da07ff5d4e4789a4f02875cb65b18004aeb6c2b46b8dac4a62110824f87ba7,508,0,0,ANO C4 MES C2
ERPI2012.dbc,2022-03-07T13:12,13271,578fa2a40617870d3141a127b93c07c1c1792ec711939cc443b73b4e66e21cfe,586,0,0,ANO C4 MES C2
ERPI2101.dbc,2022-03-07T13:12,14682,cffa5becb3bcde49f7c57cef5f9c8c159e0c0210131f8d1c851bb0c8406acc54,623,0,0,ANO C4 MES C2
ERPI2102.dbc,2022-04-11T19:22,14444,37715fcbfcd1bc0c6f8431d3acd26349ebece6de6cf0dca79862601076a3d62d,600,0,0,ANO C4 MES C2
ERPI2103.dbc,2022-05-04T12:32,17998,96d73678bee7df3a3c88c67ace9bc4ef03fafd4c8b5489258abe751e6d0f2284,772,0,0,ANO C4 MES C2
ERPI2104.dbc,2022-05-04T12:32,12450,a41ca8b6b8a33d358a9e135fd019579a93f43d973c93beda4218e6781d78af1c,497,0,0,ANO C4 MES C2
ERPI2105.dbc,2022-06-03T13:03,12678,a895676f2f960aee29b6076b5f4838df8227ca25d8708f8ca0b42a67163893ad,535,0,0,ANO C4 MES C2
ERPI2106.dbc,2022-07-06T13:10,14896,2fcc56ef4cd06ba37b3edbeb379aa2f64ec1e0ffd6999bc3107f635702e29525,634,0,0,ANO C4 MES C2
ERPI2107.dbc,2022-08-04T15:38,20208,51fdf68f49695c900c441f1a8bc7ed9869eba5e2bdbd060552da4baa8df19ab2,917,0,0,ANO C4 MES C2
ERPI2108.dbc,2022-09-06T11:15,13080,63083c09008061debbafac07f91fa5b55fcc3c8fd355b6888b0a3b0696402e92,540,0,0,ANO C4 MES C2
ERPI2109.dbc,2022-10-05T14:25,9870,ca835162d1d0c33d06629b609756f5abda2984edd43f6e9d593d3f664fec95db,383,0,0,ANO C4 MES C2
ERPI2110.dbc,2022-11-03T17:54,10025,878472fe1b4b4f932406ef6c09be7becc0f3e338158021c93f204147f3fb3000,393,0,0,ANO C4 MES C2
ERPI2111.dbc,2022-12-06T16:21,7325,729a7126aec312f8dfe2f00baff6e4627c06c48364075302a716a94e8a341f19,293,0,0,ANO C4 MES C2
ERPI2112.dbc,2023-01-04T12:45,10725,94ce577ae86c72c59ca33b6e4996ca7c59c47f267e4e1aac948e199c18ce52cc,440,0,0,ANO C4 MES C2
ERPI2201.dbc,2023-02-06T12:59,10163,91a54a3ac79137852e4e48791985a2fd9bbdb56c5d63debc18cb520e31d1447c,417,0,0,ANO C4 MES C2
ERPI2202.dbc,2023-03-09T16:42,9031,214bcd1655aeaec35ca29121ec49cc6f229869a9072b8adfa3f4dacc45446027,359,0,0,ANO C4 MES C2
ERPI2203.dbc,2023-04-05T13:31,9953,601fb05270813b4916ab5fda25c19886657382214d3aa1cc68acf111b9e570bd,395,0,0,ANO C4 MES C2
ERPI2204.dbc,2023-05-08T14:30,7325,89675d2577b03b88974cc42bbb54ba8d1f0962b0d474deb2dc8da97c7faa6cb0,287,0,0,ANO C4 MES C2
ERPI2205.dbc,2023-06-05T11:31,11511,195db4a9a34d40ddfe8ca51cf9970454a7c93e9fd87817c87a9024d11fcb7094,460,0,0,ANO C4 MES C2
ERPI2206.dbc,2023-07-05T12:43,22005,4078c397a586bea914bd355de3ee5f261671532595b1c17fe3b4024929038c94,1017,0,0,ANO C4 MES C2
ERPI2207.dbc,2023-08-03T16:36,12080,a8c08591c9398024f2874fe97aa69ccfe1675fae49c14f52335e1ecb75fb9a4a,493,0,0,ANO C4 MES C2
ERPI2208.dbc,2023-09-04T21:02,15706,5c11043083c2d1df59fbfa0d2bd76768d474379c5ccccd0d75b7965b5546e88b,690,0,0,ANO C4 MES C2
ERPI2209.dbc,2023-10-04T17:01,12901,337c209693edade0c37998dc431d07b14f7dc5839f87e940ed48e9fd1ed47f06,520,0,0,ANO C4 MES C2
ERPI2210.dbc,2023-11-06T15:48,10552,12325fd61f25a2a7ccf133c83681994128d5feb52916a4855b4412a6b43aa563,408,0,0,ANO C4 MES C2
ERPI2211.dbc,2023-12-05T14:58,16017,71a8e25152e5c94b8e7dee8405a94677d747e4812051bd4d12a708b8a7230db9,661,0,0,ANO C4 MES C2
ERPI2212.dbc,2024-01-05T17:49,9694,4dccd77b888b0a0260ed2fc021e56e0e38cb703aeafcbfc7ab2a7aca0223b1d9,370,0,0,ANO C4 MES C2
ERPI2301.dbc,2024-02-05T22:49,7597,cdfe2d68ec1d76f2b4470b644d3c68bff3956abf42bd5490f9e51f6e034abfaf,301,0,0,ANO C4 MES C2
ERPI2302.dbc,2024-03-07T18:39,7953,3c6152084f1016612c6a5c25daaa220615b1757c57e0ef37f73497252a1f9e23,317,0,0,ANO C4 MES C2
ERPI2303.dbc,2024-04-09T14:24,8234,802095aedfbd031eb108025d2ec7fcc1a0b79bbaffcda5768f935d53b5fa9125,317,0,0,ANO C4 MES C2
ERPI2304.dbc,2024-06-16T01:07,8927,49825cdefe918511c04e981d70cc2e774c0d0a953f3564f91dbb1e5450bbde10,340,0,0,ANO C4 MES C2
ERPI2305.dbc,2024-06-16T01:07,10883,d37da7defd53828a095ad7e2532bb6497abbc2190165d9fd4e19a0cb0afa7bf3,423,0,0,ANO C4 MES C2
ERPI2306.dbc,2024-08-05T14:43,11410,057c76aaf30ceadb5d24ec2fc5dbf703bb6628affb2866173ef4253c047e2c9f,464,0,0,ANO C4 MES C2
ERPI2307.dbc,2024-08-05T14:43,11117,7cbb2fb5f8aca8bad784e856e8f28925a45dff1a1fbdfc923d03bd46591a65bb,447,0,0,ANO C4 MES C2
ERPI2308.dbc,2024-09-05T10:27,13851,906a1b907e0cd7fe8d59780932b75909f8a72a8f67020d6e8e21ebfbaad21a23,584,0,0,ANO C4 MES C2
ERPI2309.dbc,2024-10-08T12:05,13814,baee71680aa07bd1c116f2767751266d5095188addf8d3d0091be9243bd237c4,541,0,0,ANO C4 MES C2
ERPI2310.dbc,2024-11-07T15:41,10345,dd648726b1eb99d46ea68f8ebe05cdac3c77d21d79b14f1f3905ccde64631c45,399,0,0,ANO C4 MES C2
ERPI2311.dbc,2025-01-05T18:55,15138,d854adfef97541b6e2b1d0f9760eeedd647ee60b569d7d3713ea680796ad0ce5,622,0,0,ANO C4 MES C2
ERPI2312.dbc,2025-01-05T18:55,10617,1034ece78af05b9dd87d662de70ed76d76e7da9257a4b678ad7f219fdc3731a7,436,0,0,ANO C4 MES C2
ERPI2401.dbc,2025-02-09T21:24,12157,50902ec9f0e0aa6646f1e89c93eefe2aaaf62aed9f45a62fa794faa86aad78ad,483,0,0,ANO C4 MES C2
ERPI2402.dbc,2025-03-11T23:45,12345,8461ef247bbb238b65f85e5dba0c14add0bf5a6334a54bce99c501d56307121e,505,0,0,ANO C4 MES C2
ERPI2403.dbc,2025-04-05T12:12,10418,f739f6bcab2ab8d17835fe4d8c0067d8e97b073e8bc8cd67d36d6a679da3668b,401,0,0,ANO C4 MES C2
ERPI2404.dbc,2025-05-08T08:06,11614,9f15b700ab381c61267e6b6716cde16da8230f985f2cd2f09a1c2f3a8bf268fc,470,0,0,ANO C4 MES C2
ERPI2405.dbc,2025-06-06T10:44,7489,e3d995bedc35d80e1214d12aeabb4ae52d2812bf549250949056e63d2c0a4638,310,0,0,ANO C4 MES C2
ERPI2406.dbc,2025-07-06T11:29,12368,991a0b8792f63754214e0d8fcaecf680f79403b630a4efb60d9088223dc38ae3,490,0,0,ANO C4 MES C2
ERPI2407.dbc,2025-08-04T07:13,11905,58152994fe62a2d13ccd24c2777f0197901f81d186ad04a468be007315425046,475,0,0,ANO C4 MES C2
ERPI2408.dbc,2025-09-05T12:54,9485,019a89f741d0c560712fba66b5a112ea9e5e0b98a4deef1229fca25bb7d6cb12,369,0,0,ANO C4 MES C2
ERPI2409.dbc,2025-10-06T17:04,11565,25a8118b8d353d6d84d70899169bb92c809bbdf5f77c1c25b79560c54a5f075f,449,0,0,ANO C4 MES C2
ERPI2410.dbc,2025-11-06T16:20,11258,ba97e4ac860252ffb55eb1d8f405c2fb78257abfb1b8e814010eaeb96cde0ad1,436,0,0,ANO C4 MES C2
ERPI2411.dbc,2025-12-05T20:17,15409,22ca0067004f140de7edc182536ca1b48673f38990bb25f87db86831499fde16,687,0,0,ANO C4 MES C2
ERPI2412.dbc,2026-01-07T19:03,8928,035504303dfc252a21305aff07a2bdedc7d1495b78abe958e9506b97a8fcd82a,357,0,0,ANO C4 MES C2
ERPI2501.dbc,2026-02-08T14:13,8883,ed362d18d1ee30fc92d2ec47e79c152873142a36a00a8ea828599c913daa0342,353,0,0,ANO C4 MES C2
ERPI2502.dbc,2026-03-06T22:13,10570,b82489bfa2f4ac323db0716733caea7823ea9c66dfb26a4cc4395320a49eee79,408,0,0,ANO C4 MES C2
ERPI2503.dbc,2026-04-07T07:24,12461,750484743addbc76ee8c13e2887f751a02d5d82b212f95e57b935c314a6df9e4,524,0,0,ANO C4 MES C2
ERPI2504.dbc,2026-05-06T19:00,10020,1460324c03eadab3ebaa6d623e2c4769eff68459a01ac34433757a714e6b8fbd,407,0,0,ANO C4 MES C2
ERPI2505.dbc,2026-06-06T20:14,11445,fcb162701b3954d342cf620d304c6bf92b7e4933f443811417a3b6ae07003bfc,456,0,0,ANO C4 MES C2
ERPI2506.dbc,2026-07-06T15:10,13088,4b78a916bd8eb4557dc7cca71a26dcd9e9cb02f9ea2f5c8ea13ff16bc56a30cd,528,0,0,ANO C4 MES C2
ERPI2507.dbc,2026-08-07T12:25,12223,8a0a4bd1ebdbc603ae3282b839e739818f2e24ac0ff35035352d31faee8e0b09,548,0,0,ANO C4 MES C2
ERPI2508.dbc,2026-09-06T21:26,14872,bdabd6d420775600ecc19cae355e2339ccf5fcb0bba547ace792fee7e182e23f,660,0,0,ANO C4 MES C2
ERPI2509.dbc,2026-09-06T21:26,136477,931eae24b091b78fc45830eb49dcb26e87e2a9b8d5283b530f677b858ad8c0e9,7079,0,0,ANO C4 MES C2
ERPI2510.dbc,2026-09-06T21:26,9430,305df1cb25857fadbef213a935bf89029d919e67da8cdd00421415614ba37d8f,365,0,0,ANO C4 MES C2
ERPI2511.dbc,2026-09-06T21:26,10948,e3882eca2ec306be8658fd71679a81bb9195c5ec01bf989c5fbbf3bb811bc4b9,455,0,0,ANO C4 MES C2
ERPI2512.dbc,2026-09-06T21:26,9793,524fef40d07672966f8865184947aec07e90b0f36812783e7b41086c24bf1b77,377,0,0,ANO C4 MES C2
ERPI2601.dbc,2026-09-06T21:26,15449,09e9bcb3d5bba898b43bcd6142e1f2e0d8d66076db8c99754059919f53182e33,634,0,0,ANO C4 MES C2
ERPI2602.dbc,2026-09-06T21:26,15621,e5c180285fedf32fd74b1267286fff87caf300846dcd8d29f5687fd99df920ae,645,0,0,ANO C4 MES C2
ERPI2603.dbc,2026-09-06T21:26,16412,96f9fd352c794c7750e39930e3b02d2074b0048cc2f1ede935679c75b9272b24,738,0,0,ANO C4 MES C2
ERPI2604.dbc,2026-09-06T21:26,12536,ec53f909f148ed23701fff9658524737c590971a9c3460abce12e7bb3e198365,545,0,0,ANO C4 MES C2
ERPI2605.dbc,2026-09-06T21:26,9175,7c31317849d7e6b6ba5283d5974a32d3f43d8f35452c160e84f96b8aec98c8fa,377,0,0,ANO C4 MES C2
ERPI2606.dbc,2026-09-06T21:26,8318,480b95b46cdc2974d7767f9f32e0888079e80e13399a98e7141c86fcfb17dd94,350,0,0,ANO C4 MES C2
ERPI2607.dbc,2026-09-06T21:26,5151,4ce6a6139101ac47034b09757d2d0c5c5bd6556cc7680aeae26242b751ac789d,204,0,0,ANO C4 MES C2
ERPR1101.dbc,2013-11-01T11:30,63981,0ee9ccdc1f1ce47547eb9ae537783e836ffdbf22d7ec70f280f7d0833a61fae6,2969,0,0,ANO C4 MES C2
ERPR1102.dbc,2013-11-01T11:30,53180,049e497ffa69d879c40d682bd790a48599efac73e417499430ed97cfcacf5071,2395,0,0,ANO C4 MES C2
ERPR1103.dbc,2013-11-01T11:30,79434,dc076947832e3b9e51f0e70d706246d22da48bd5a5da227a9e0b33c7db4d49eb,3676,0,0,ANO C4 MES C2
ERPR1104.dbc,2013-11-01T11:30,70459,bf3dbb65f3bcbf12b0c84e82aa40993d764a22cea3010441adf1dfc923ee963f,3320,0,0,ANO C4 MES C2
ERPR1105.dbc,2013-11-01T11:30,105333,5635ab65cb66975bf31f7a49439c2f8dd6f3f7f504958f4a830e06eb45b7fe94,5093,0,0,ANO C4 MES C2
ERPR1106.dbc,2013-11-01T11:30,107854,64ff67c7d4bbaf001a4dc209581ae3b241985aa10ea93de49d254adfda898234,5206,0,0,ANO C4 MES C2
ERPR1107.dbc,2013-11-01T11:30,88354,daea311412a7376483ef393b210fd9e75220b017e977ebc6e4c384a7fe5dd1f9,4204,0,0,ANO C4 MES C2
ERPR1108.dbc,2013-11-01T11:30,92273,45d611bf42bc80b5b099a90fcd7183d5033eb9def3f0847f9c1c396077dc6270,4458,0,0,ANO C4 MES C2
ERPR1109.dbc,2013-11-01T11:30,83142,f1600eb024119d6dd6eef570f61f5e6284ecf4dddd3985431235a9627c9f0d92,3939,0,0,ANO C4 MES C2
ERPR1110.dbc,2013-11-01T11:30,66069,e0ad65f9d071b606a981d9ccda6d8da720d1cc36f2a3221272c2cb848a151c8a,3074,0,0,ANO C4 MES C2
ERPR1111.dbc,2013-11-01T11:30,75206,b2a4db75df1cbea73eeb6777493380f2f4203722f6fc9b9cbdc15e544645d5d6,3489,0,0,ANO C4 MES C2
ERPR1112.dbc,2013-11-01T11:30,75754,f7ce7eeff410ffed1089b81c3ef8de4a77c68bb0b498ac4e63b799c874b6f4de,3530,0,0,ANO C4 MES C2
ERPR1201.dbc,2013-11-01T11:30,70563,c3a91df9781eaade50c3b9a8a6edd1c3e27738318f044689249640b40dff50ca,3199,0,0,ANO C4 MES C2
ERPR1202.dbc,2013-11-01T11:30,53646,98534c267b3167043911cdfb14c0258bfde201a43e835cc7395810d9f9dda51b,2391,0,0,ANO C4 MES C2
ERPR1203.dbc,2013-11-01T11:30,55046,a9b7601927fc42915dea08d68661597a3c3dc34ecfeea18a91a7baab074f1a5b,2429,0,0,ANO C4 MES C2
ERPR1204.dbc,2013-11-01T11:30,65097,8ea5d50f114fe1b3a14bb87534980ed31b6007c852fb12d6cf0ac283fef8d623,2950,0,0,ANO C4 MES C2
ERPR1205.dbc,2013-11-01T11:30,54192,2e89d7c5ce189cd58912ea81fb2e4fa84e59e58187845cb0d3d7e9d4485dfe43,2396,0,0,ANO C4 MES C2
ERPR1206.dbc,2013-11-01T11:30,52190,a0c96112601a43f4e568ad0817dcd6267fb679a45e2d57fa852b75b54abb759b,2272,0,0,ANO C4 MES C2
ERPR1207.dbc,2013-11-01T11:30,58190,96b87ca5d4787734da64d1a611a47c5b0cc7aa9663b3babc8d070020f4d556fd,2645,0,0,ANO C4 MES C2
ERPR1208.dbc,2013-11-01T11:30,61918,9763d8f2d0df99c8d948ab4f802e046bcc37d7ba586929b7409c70a4c026da04,2819,0,0,ANO C4 MES C2
ERPR1209.dbc,2013-11-01T11:30,47140,6e16f4c2f561831258cfd5b6211e7805507e7d767b48039eac71d79f165f3f37,2033,0,0,ANO C4 MES C2
ERPR1210.dbc,2013-11-01T11:30,45448,d945f4f1066555c56bbce883a9336488f25daf95d6b604db2ab5cda676aa8dfc,1979,0,0,ANO C4 MES C2
ERPR1211.dbc,2013-11-01T11:30,42985,2e7c99360e6d42ce3ea783dcd37a96d2bcec17a1715ab4802063899c77652466,1904,0,0,ANO C4 MES C2
ERPR1212.dbc,2013-11-01T11:30,45725,f24811427e07b4fe5a0aa2305a1dacceeb361da9805d777aab1a9a23dfee52e1,2029,0,0,ANO C4 MES C2
ERPR1301.dbc,2014-09-25T11:18,44734,21f760e2766d066e45081178b77d206439fc8a2421c5b1a45e66095ac989d284,1960,0,0,ANO C4 MES C2
ERPR1302.dbc,2014-09-25T11:18,51448,5c1701e1eb44b0f1a40fa2ed7e66f189c792078fbe24ff6c2a577f1a9fd21d8f,2321,0,0,ANO C4 MES C2
ERPR1303.dbc,2014-09-25T11:18,55361,eb040217bce02ac116dad7b3d5b558dbbb97d0b3daabd643ccf56dbb44e3b103,2485,0,0,ANO C4 MES C2
ERPR1304.dbc,2014-09-25T11:18,43187,98a7d7dc0e8944a0232b88abbbfb31e2622e1fae04705b4e203f3779687111fb,1874,0,0,ANO C4 MES C2
ERPR1305.dbc,2014-09-25T11:18,39579,70f945a640185ef08266918479d7371764831daaf72a73c39a0d8da5cfc661f2,1704,0,0,ANO C4 MES C2
ERPR1306.dbc,2014-09-25T11:18,43534,c7733243cf006e380f452faeac290b9bbd1a0aa66b08f074a421bd14b5e52ce6,1911,0,0,ANO C4 MES C2
ERPR1307.dbc,2014-09-25T11:18,51486,17575d0dc2ee49d5ec158c3000959b9af79424c03a98dd2bd8baf9cf637f3188,2402,0,0,ANO C4 MES C2
ERPR1308.dbc,2014-09-25T11:18,42392,d5976ebf6be827d12afa04ef085729738dea2e93c2f4c6f6f763ccda91264f3b,1940,0,0,ANO C4 MES C2
ERPR1309.dbc,2014-09-25T11:18,39720,77080ae94f8554912ee38344e427dcb6ca5e3d0973d3168724d2fb49d7f4f9de,1764,0,0,ANO C4 MES C2
ERPR1310.dbc,2014-09-25T11:18,42310,8b147d8e0a162198c030c16ffec6f3a7fde8a9d8390cc91975d6ddc2925e9979,1876,0,0,ANO C4 MES C2
ERPR1311.dbc,2014-09-25T11:18,53418,f51942ec327470d5da4fc2257961807450e70f00955ddb08eb5c983c617c499f,2440,0,0,ANO C4 MES C2
ERPR1312.dbc,2014-09-25T11:18,51259,e932aaa5481d16dc40c85f8f9e0d5e5c56ae0dfd464d8091ff12895886254ff5,2321,0,0,ANO C4 MES C2
ERPR1401.dbc,2015-10-05T11:58,63984,e1a853185f02593218ea8415b3c422b37c6f944ea6d148364a6a063978e4acd7,2903,0,0,ANO C4 MES C2
ERPR1402.dbc,2015-10-05T11:58,60790,9941aeea6eebeae1fe7b3550a579e2f61580cb57b8be89ea8468641a9022ddbc,2803,0,0,ANO C4 MES C2
ERPR1403.dbc,2015-10-05T11:58,51945,1387255d58f22370aba04309c97f56e970f1b5720ec80663ecfaddd53e9ccd12,2297,0,0,ANO C4 MES C2
ERPR1404.dbc,2015-10-05T11:58,49110,36150db3ee02a8063016c67380edee8039a124a40878c426ca58c37a56beeb96,2187,0,0,ANO C4 MES C2
ERPR1405.dbc,2015-10-05T11:58,61431,9678ff00d1a37390ddb6cb9cde191848660e5350a564d2d717f75ea81756ebe2,2803,0,0,ANO C4 MES C2
ERPR1406.dbc,2015-10-05T11:58,57840,37d8332efcb53bec55263989ffe6b189a31bc86cc186298b5c6e52738874311e,2682,0,0,ANO C4 MES C2
ERPR1407.dbc,2015-10-05T11:58,63538,ed127c84f15cc8dc94ae07ab8c99414b84408386b4d50683e0baca7487b60831,3009,0,0,ANO C4 MES C2
ERPR1408.dbc,2015-10-05T11:58,69798,d53051ab7fe3749a7fdcbef423702ba69ae3bdb39944c383360880e8b05c3fdb,3353,0,0,ANO C4 MES C2
ERPR1409.dbc,2015-11-09T10:30,69021,08edf8f14676d95bed3510f7b0f15feccaa4599f3a63e5af883263b7fede42c3,3283,0,0,ANO C4 MES C2
ERPR1410.dbc,2015-12-07T08:58,70661,9028bab833a102ab67b75473ce5caa2ad145a810321e84f55bc5625763694254,3451,0,0,ANO C4 MES C2
ERPR1411.dbc,2016-01-07T10:02,74435,634026647c232ab69d2bcbd375279debecc6517858b3d2a526255f4ce10160ed,3564,0,0,ANO C4 MES C2
ERPR1412.dbc,2016-02-05T09:09,54283,e7f4165bd6c6d8fb70e21e64a02438a4144649929925c2a089bcea02423fc108,2500,0,0,ANO C4 MES C2
ERPR1501.dbc,2016-10-04T10:22,57049,6384fb113d5e9f9683c22f8f0055e2a8293ca3cfd055b08c8b1de48c6eaee304,2594,0,0,ANO C4 MES C2
ERPR1502.dbc,2016-10-04T10:22,90851,edd5ba166db87b90f3762141f185fe93ae7d81b9ff756128c4c6c420538fba0d,4705,0,0,ANO C4 MES C2
ERPR1503.dbc,2016-10-04T10:22,92751,5ba94b67b7b3be628ccb9644a4b94c6e45dbd0473b5261b48b922021f441855a,4677,0,0,ANO C4 MES C2
ERPR1504.dbc,2016-10-04T10:22,67676,44086936d4f0a4fd6dff4764e276f2c9c307e5d98063ed90355575abc0473a47,3189,0,0,ANO C4 MES C2
ERPR1505.dbc,2016-10-04T10:22,69157,4c1d20e4ef031c39570845d4705aba0e0d9ea01ae73d65f6daba5fa727baef79,3326,0,0,ANO C4 MES C2
ERPR1506.dbc,2016-10-04T10:22,63239,ccdebfb5c06f2a8ca8599141aa873d3508212366762135c80b284d3cf1ad2f1b,2975,0,0,ANO C4 MES C2
ERPR1507.dbc,2016-10-04T10:22,81183,9946e1dd216e637aec36d067971bd8427285d689c619373a1129c2f89ed5158f,3953,0,0,ANO C4 MES C2
ERPR1508.dbc,2016-10-04T10:22,101785,36723bdc2643b06dba8c197088153e4a75512346abae579aa3c5b81ebec0dc28,4924,0,0,ANO C4 MES C2
ERPR1509.dbc,2016-10-04T10:22,113017,a5f5bffc46ca6a4c288f909e778b4021f039d6ef11efdbca4951d786074ccfb9,5452,0,0,ANO C4 MES C2
ERPR1510.dbc,2016-10-04T10:22,108557,1c83163cc4083172fe25b83adc7cbb5b308908e5d9caf52cbc6c8b09c8adc795,5505,0,0,ANO C4 MES C2
ERPR1511.dbc,2016-10-04T10:22,106399,ac95aecf50ed85ea7e03d895280b63710ed67261e1d735dcbf89192e85ae67eb,5350,0,0,ANO C4 MES C2
ERPR1512.dbc,2016-10-04T10:22,101038,0f98ceb03686e9df6a4ebae32884e241849853ba8a7922ef412100d0f0929f43,5034,0,0,ANO C4 MES C2
ERPR1601.dbc,2017-04-10T10:08,123991,a075b2227e0e650f31b4eec9029dbe8765f41f27824355cc8eee67243d600448,6192,0,0,ANO C4 MES C2
ERPR1602.dbc,2017-04-10T10:08,120777,62826d2d2431cd03a6f531732da41254a034d18fc2a5a370bd16bb4a5b8e212a,6192,0,0,ANO C4 MES C2
ERPR1603.dbc,2017-05-05T14:39,123161,ddf4579785c6e78bbc9afba08b5eaded76360caa4b72cfe567ec5b5e702d08e6,6300,0,0,ANO C4 MES C2
ERPR1604.dbc,2017-06-05T10:00,128604,83cfc71a6bbfa12356be27a70242045d0a8f9b671f944e9c5871ad43c5bece96,6592,0,0,ANO C4 MES C2
ERPR1605.dbc,2018-01-08T15:28,96338,b9f7b5d4accefcfa883df9f0e69f38fa6cc289510c17be1e92bff8a82749fc9c,4693,0,0,ANO C4 MES C2
ERPR1606.dbc,2018-01-08T15:28,116358,1f0173ac6e420e9be3fc8d53a9ee59fe6978a2511b17c2b7870ae678978ccc74,5662,0,0,ANO C4 MES C2
ERPR1607.dbc,2018-01-08T15:28,102963,2d11d3eca081a894feca578f859c7c05daf1d61f097f4f57d21006434674092f,5217,0,0,ANO C4 MES C2
ERPR1608.dbc,2018-01-08T15:28,128641,97d74ba14b3241b51cfec4f45ea4caa043d36983106d25bb6c6c509d13984144,6383,0,0,ANO C4 MES C2
ERPR1609.dbc,2018-01-08T15:28,132263,92ddb6aded68af49319e416c014ae20ca9c8fc1c86a06f0ce4427b3e6104e35f,6701,0,0,ANO C4 MES C2
ERPR1610.dbc,2018-01-08T15:28,127168,9f2b66def33d5b31b0ce42c8685ad2965abfddb572db554485b012f50df9a79b,6396,0,0,ANO C4 MES C2
ERPR1611.dbc,2018-01-08T15:28,123298,ba8185a2f2885393a66cf8a7f7a93a217c25493ef70865e9899bb5a80feab259,6196,0,0,ANO C4 MES C2
ERPR1612.dbc,2018-02-05T09:38,96694,7daf0db4c02137e09b69fc0e4a5db58ee5099440c446fcb0074beb0c55183ff1,4810,0,0,ANO C4 MES C2
ERPR1701.dbc,2019-04-10T16:27,106133,8cf2a605a070b9e94a069ab0a7b252f0b61a88a412762aa4de27e3b0fd71cd91,5240,0,0,ANO C4 MES C2
ERPR1702.dbc,2019-04-10T16:27,103870,31dc0200d8296254872e3027e15d3acf1ae40224ec326a64900260f29e843a18,5067,0,0,ANO C4 MES C2
ERPR1703.dbc,2019-04-10T16:27,113728,7c7e85f8c52a01122071b9bf17b06b4d4f83b3f7b4b8a9f3e833933edd654582,5486,0,0,ANO C4 MES C2
ERPR1704.dbc,2019-04-10T16:27,116990,8d6df1b0692a34c1bffc9628d5c4011fa4b08a15fae91395ab868a7af9b8b679,5607,0,0,ANO C4 MES C2
ERPR1705.dbc,2019-04-10T16:27,123528,9a1b6cec752f96bd69a0dba7b29c3edcab77357a36c5da48f9b182e0d59c581e,6009,0,0,ANO C4 MES C2
ERPR1706.dbc,2019-04-10T16:27,144501,5f27fba2c006f752380d1503478682495f64da4a22b9c7d79cdb5589afb1c79a,6954,0,0,ANO C4 MES C2
ERPR1707.dbc,2019-04-10T16:27,137923,92889b84954be791efc84fe0cd04d4b3b2971feccefde39760bd70b30a2d9569,6901,0,0,ANO C4 MES C2
ERPR1708.dbc,2019-04-10T16:27,148731,b37aca387f5a2007e01c9954f688ca718b60868976d1bfbb1735b622f986b8c5,7406,0,0,ANO C4 MES C2
ERPR1709.dbc,2019-04-10T16:27,162024,ebb26f0e6850c1da62c67d59c384c4dcbf2b664e17a1b26dd4aa496bae7351f8,8178,0,0,ANO C4 MES C2
ERPR1710.dbc,2019-04-10T16:27,153290,c91d410e0ea3169ad2a7cf061ae7a27166ff093a546b9b512d268208e5492f62,7551,0,0,ANO C4 MES C2
ERPR1711.dbc,2019-04-10T16:27,144575,29b8350b44a4776b442f6ac96d10ec7aa1f3468791ffd4401fe0956a464452cf,7234,0,0,ANO C4 MES C2
ERPR1712.dbc,2019-07-08T14:45,157125,5a47ebb7a5a413df16e19c336f78b5e54c32739c35b4ce4f5fc69d8c2dfb9f51,8003,0,0,ANO C4 MES C2
ERPR1801.dbc,2019-08-05T14:39,106768,df241a9c46d696990421436e3046ea071f01034902e8c54a77cb844785caa099,5183,0,0,ANO C4 MES C2
ERPR1802.dbc,2019-08-05T14:39,81326,8a5fc55ed044a8c0e9f1a5e8f48183f6a6447ebb9a455626b924559a7729701e,3961,0,0,ANO C4 MES C2
ERPR1803.dbc,2019-08-05T14:39,94588,4dd1fb43349ef03978562272bfd89059b0b2726d8b7a47aa76b377e858e7ebeb,4586,0,0,ANO C4 MES C2
ERPR1804.dbc,2019-08-05T14:39,101571,401c3f1870c86a86c2ffef2bc012dfb9fa52ea1d01de15a301077abe35e03aa9,5035,0,0,ANO C4 MES C2
ERPR1805.dbc,2019-08-05T14:39,101335,fcf9af95327baf2b2c2cf75536cc12c206a9588bb5bbce2f00fd643dece4ab03,5039,0,0,ANO C4 MES C2
ERPR1806.dbc,2020-01-09T16:49,97496,03304e46b0750c2cd55998ca50d60f8067b9226b521cdd2ea3e3576466102caa,4854,0,0,ANO C4 MES C2
ERPR1807.dbc,2020-01-09T16:49,117046,e220a45baf9c17f2ce5f49978421ee2b59f88eec01ba7c0061511e90f6af264f,5817,0,0,ANO C4 MES C2
ERPR1808.dbc,2020-01-09T16:49,127108,cb04ead062c9dae199b0a036597a9881550580d0949a7b17b62074ae8e18e5d0,6244,0,0,ANO C4 MES C2
ERPR1809.dbc,2020-01-09T16:49,128841,4014ef298f1862bd8ffc1c274b1ba8d6c4c40e1adcbd0dc7610f5a3744aa513f,6356,0,0,ANO C4 MES C2
ERPR1810.dbc,2020-01-09T16:49,123182,7ae5164c314191231c74b4d83f1d05fdd850fd6277315ab7a05f7d1a982f5d4f,6139,0,0,ANO C4 MES C2
ERPR1811.dbc,2020-01-09T16:49,123089,be0259ce2018298af8456527e2b64b8bad7791ab660c47873bd3aeabab60338b,6077,0,0,ANO C4 MES C2
ERPR1812.dbc,2020-02-07T15:02,136548,2f3823b31502222d2037015825a85ee96caae8a5930c2154e61435ac99111d01,6652,0,0,ANO C4 MES C2
ERPR1901.dbc,2020-03-10T14:43,131496,d618ad5298cfe71d6883f22a04ea77319254e73634c7bd13c63d90c61ed54a1a,6406,0,0,ANO C4 MES C2
ERPR1902.dbc,2020-04-05T14:39,132145,bf3e6efab7a0e0645f8e02a49a67babb5eb8601d315860f8123fe814ef7310f0,6545,0,0,ANO C4 MES C2
ERPR1903.dbc,2020-06-04T13:54,135424,74644c450fe8f760f9a190cf6f4dd5ae7caf44efd9ae3bdf091307f67f8bc264,6740,0,0,ANO C4 MES C2
ERPR1904.dbc,2020-06-04T13:54,143297,3fd4d39485fe89d5dd9efb82d559cbb9ce0df7eecdfa23b8522271f7433c6257,7223,0,0,ANO C4 MES C2
ERPR1905.dbc,2020-07-04T11:39,160251,466be45af0927343cd425fec6ff64d61046f4237cf796abf5fdde40231bfc31a,7874,0,0,ANO C4 MES C2
ERPR1906.dbc,2020-08-04T10:41,160205,ce0f7fc7ba2a8af3a3d88984728ca7f7a60e25478a72ab7b6380adae65991231,7945,0,0,ANO C4 MES C2
ERPR1907.dbc,2020-10-06T08:42,159502,5e7a993bb1e95a27a6492c2ac2e7d84e70ba338e10bfa7cbad0b794f62509b7a,8118,0,0,ANO C4 MES C2
ERPR1908.dbc,2020-10-06T08:42,182921,cef77e679457cc35afaa4a8d805c292347e716020490f6ce6750b397857e2974,9001,0,0,ANO C4 MES C2
ERPR1909.dbc,2020-11-18T10:38,197566,c78aa2cc50d57930b20819f37083f512d10e4cadba3321d5d07edabce318ed5e,9946,0,0,ANO C4 MES C2
ERPR1910.dbc,2020-12-07T11:23,182277,618420fc26e647a1d9d387019e8f2722f6e2afb6799cb3b4f032262086cd396c,9057,0,0,ANO C4 MES C2
ERPR1911.dbc,2021-01-14T08:10,179765,ef38df7f3139167271e40c2356ca8c03632fc81d0aa94fa3bd775b27f56f59a8,8916,0,0,ANO C4 MES C2
ERPR1912.dbc,2021-02-05T10:25,183858,c260863757ab6df33fec0b07cdee0d4655a6855b6c23eecb2d8c2bd9df757747,9049,0,0,ANO C4 MES C2
ERPR2001.dbc,2021-04-05T13:24,184116,e62bd466f22e82e926fc138b5e100f733f25f3264b5f56f3acc4fceac4eddef3,9220,0,0,ANO C4 MES C2
ERPR2002.dbc,2021-05-07T16:35,115699,3dd756c0931f98c9b9617f78a82c8599a23d7d0724ec88b428285c06be2748bc,5630,0,0,ANO C4 MES C2
ERPR2003.dbc,2021-05-07T16:35,193740,5050def09625e58492310ca9abfae6e43eb5bfbf2d90a9608b67ca2b6468249a,9720,0,0,ANO C4 MES C2
ERPR2004.dbc,2022-01-10T14:21,179514,4f281caf66e050f04013e133bc8ff9b09df0dd29e9cb8a699ef7946f2114c0cf,9218,0,0,ANO C4 MES C2
ERPR2005.dbc,2022-01-10T14:21,143471,b5b4c8ffdde75b97089c06579b1e140c62cc4a22d072b7683a667c2ce8174a66,7279,0,0,ANO C4 MES C2
ERPR2006.dbc,2022-01-10T14:21,146429,7d9431be4b00e6459efca2890a37941cdb53a85aa7e2aeab84f05787b2ab58cd,7243,0,0,ANO C4 MES C2
ERPR2007.dbc,2022-01-10T14:21,120584,078ca247cd663fff6a59ac56856c38853b685f412d2674fa7a91f2f21da8557c,6113,0,0,ANO C4 MES C2
ERPR2008.dbc,2022-02-07T10:04,129042,5c321130d17fa2f09380f4d8d3f9b903f78051b57123c9fcaaa744ccd9cf5724,6510,0,0,ANO C4 MES C2
ERPR2009.dbc,2022-02-07T10:04,68804,087d4adcb37c3f0ca13ec47c59716e7acd0061589262c2b48a851165ebe5bd93,3245,0,0,ANO C4 MES C2
ERPR2010.dbc,2022-02-07T10:04,77532,70778ddc9d6b342ca77c006539c9e4d06a65e7169e7cb366f23c8bb0fb5522eb,3787,0,0,ANO C4 MES C2
ERPR2011.dbc,2022-02-07T10:04,70715,c19f2a72ba32c48725a018e9b09f0decd4cd7fd9f809ba3e60bd5ef8df1575df,3355,0,0,ANO C4 MES C2
ERPR2012.dbc,2022-03-07T13:12,79417,223b5c421f7b691d60f51feee83486288da6717626fcbcee2ac2ea7fe10806c0,3731,0,0,ANO C4 MES C2
ERPR2101.dbc,2022-03-07T13:12,91220,1f47012565a5a49867065d660203c4b4f0a2b346c14afb7243a0a0a6c6494cd0,4313,0,0,ANO C4 MES C2
ERPR2102.dbc,2022-04-11T19:22,87556,aadfa91df430863f364a331574638185a9dee4d25746579a9d878eaa22261ef4,4062,0,0,ANO C4 MES C2
ERPR2103.dbc,2022-05-04T12:32,96962,69e6ab4fa37198832e6140793d18883c559caf4102402908cb2d1e20572728f1,4585,0,0,ANO C4 MES C2
ERPR2104.dbc,2022-05-04T12:32,104671,87352787a46a9bf16d6c9d555c772e22b67ad684a587ec0e6f396dde5c276b94,4871,0,0,ANO C4 MES C2
ERPR2105.dbc,2022-06-03T13:03,98851,9cc49f30ac054ddea058545fa2d8f93d6b06b77c42e33f1c95b14cd0bac96175,4681,0,0,ANO C4 MES C2
ERPR2106.dbc,2022-07-06T13:10,107705,6277eb9f939ba296654b70958ff58c32a31f49931820026d45ee5dbf792b8cb3,4921,0,0,ANO C4 MES C2
ERPR2107.dbc,2022-08-04T15:38,90318,f053e429c38da138f8ba8011d141218110135d7ed57794b8715691efe6bf466d,4237,0,0,ANO C4 MES C2
ERPR2108.dbc,2022-09-06T11:15,82949,f916b8867ffb0ca1c0f39764824405e4ccf64e0040de8f57e7558a65739628de,3834,0,0,ANO C4 MES C2
ERPR2109.dbc,2022-10-05T14:25,98738,f2f95de2448c7ccf5dfa3af800342877992b0441e55d400068d3439965fb27e6,4632,0,0,ANO C4 MES C2
ERPR2110.dbc,2022-11-03T17:53,103374,91e2311778d83bc6df8641864f3c2b226a209d7dd33e8236e66d3b8fb5e12c28,4914,0,0,ANO C4 MES C2
ERPR2111.dbc,2022-12-06T16:21,94744,505ac50302bf997132911da2ab70edae0b1a5174a6a892b68551832a4c96f294,4439,0,0,ANO C4 MES C2
ERPR2112.dbc,2023-01-04T12:45,89412,85433275081ede95e7e0c6c0c11a2ccfcd61cac2e90224810bbebaba5c938908,4068,0,0,ANO C4 MES C2
ERPR2201.dbc,2023-02-06T12:59,97373,c443a79837b521bc9f7b641b217f5dd19d52dc6719700cc786d5d9a1edcdd95a,4512,0,0,ANO C4 MES C2
ERPR2202.dbc,2023-03-09T16:42,105375,4fb9fc402e1f49d44a49d9313488403d5df1da8e578abb8ca52d0278c84df948,4991,0,0,ANO C4 MES C2
ERPR2203.dbc,2023-04-05T13:31,104529,fb0561d1fd6a478f244c88e1f07ce66ed9231b44e54c420f18eefebbaf8f28ab,4863,0,0,ANO C4 MES C2
ERPR2204.dbc,2023-05-08T14:30,85740,bc5cbaab882691cf8c10fd0bd2391df4b3c7c001241f07fdedade84655769a9e,3980,0,0,ANO C4 MES C2
ERPR2205.dbc,2023-06-05T11:31,75991,4e5308cb6adb6d17d031bb30f371574d877ff2041aae58fa8ed87d3e25aabc9e,3476,0,0,ANO C4 MES C2
ERPR2206.dbc,2023-07-05T12:43,88573,eb2db146b41b856570756c266ad3adcb45870a0a6e869be5ba3515190e43f2c5,4080,0,0,ANO C4 MES C2
ERPR2207.dbc,2023-08-03T16:36,106165,d720f888125e674dbf78c5447455171c1dde0d043354a2d9da6f1ce19fdaab37,4955,0,0,ANO C4 MES C2
ERPR2208.dbc,2023-09-04T21:02,87701,5de559fd578a9e936884ac1c513d1d84f8a8d9f0c8b494a04391f0addb0ff1bc,3986,0,0,ANO C4 MES C2
ERPR2209.dbc,2023-10-04T17:01,88571,2b9b5c6d25a515f36a1fb84ff757e8ef4997437a275ce0055abf49204ed9ca4a,3973,0,0,ANO C4 MES C2
ERPR2210.dbc,2023-11-06T15:48,68898,5a958d5cf561a05800c773a9034e943316165a541edf67e642d26ea8661ec09b,3114,0,0,ANO C4 MES C2
ERPR2211.dbc,2023-12-05T14:58,128428,8b9b7325de4ae2ca43d5059b34cf99bb6ae43a89b9a07938de518e349b8946c2,5893,0,0,ANO C4 MES C2
ERPR2212.dbc,2024-01-05T17:49,49852,6d31fc5b7cb7910fed83fcc7fddce80711ef283e78b2cbd1dd66d985c3a93ed0,2107,0,0,ANO C4 MES C2
ERPR2301.dbc,2024-02-05T22:49,58728,c299f6bc69ca11b3e3e825fc1279694403b0271320772e88c424478626c52ad2,2477,0,0,ANO C4 MES C2
ERPR2302.dbc,2024-03-07T18:39,51530,30e3ec9a29d432c7a5a90e00a7787219f6516908e1827c62f9e85f9c51969d5e,2145,0,0,ANO C4 MES C2
ERPR2303.dbc,2024-04-09T14:24,58701,8ddb0ae78a070fd2a2d56c0a9ef352a9b1d36830036d803e9b0256b91cb4b0b8,2508,0,0,ANO C4 MES C2
ERPR2304.dbc,2024-06-16T01:07,49923,f594826da1c0679adf29a5cf228f0e7a9364f88871c8b5b96b3fc7aabf02f28f,2051,0,0,ANO C4 MES C2
ERPR2305.dbc,2024-06-16T01:07,63449,c79a212c727e9a1a5e23aca95f38061b58340261ad1a703991b49175ddedef3f,2803,0,0,ANO C4 MES C2
ERPR2306.dbc,2024-08-05T14:43,58486,c08ddad4b655dcd1e4702923173cce9e272f2ea6224bc754699c0910ea112f9e,2557,0,0,ANO C4 MES C2
ERPR2307.dbc,2024-08-05T14:43,56703,77ba6ec70b6c7a991db23efa2521ccbd6448d9a9550d7459d7376c38761be442,2535,0,0,ANO C4 MES C2
ERPR2308.dbc,2024-09-05T10:27,60366,1a7f60117d32824f424e5dd4edace2c7ce53f2a9bb3f17c029d62ea951c7b68c,2679,0,0,ANO C4 MES C2
ERPR2309.dbc,2024-10-08T12:05,62936,0a8f3dfa6597b4c579aafbdcb9efc329cb3b8e87eab50d12a0e301df6ef03f2c,2765,0,0,ANO C4 MES C2
ERPR2310.dbc,2024-11-07T15:41,51066,338c02a9491f055a802367ea4147ad99a77c19585bd5e91a4fbae06a6a3c3b28,2231,0,0,ANO C4 MES C2
ERPR2311.dbc,2025-01-05T18:55,63763,fb0161f6ea69a93ec001c5e55a6834ff0f04002403065643e4c8a079bb7e0fd2,2765,0,0,ANO C4 MES C2
ERPR2312.dbc,2025-01-05T18:55,58316,736aa900b0277cb56173f75df8584441345a01c9169f3247ba98529d6b8f0b6d,2513,0,0,ANO C4 MES C2
ERPR2401.dbc,2025-02-09T21:24,58543,a824b789c9b1b666c155c854a3b4dcbfb2cd3c8d8972c433cb985604a3e66984,2514,0,0,ANO C4 MES C2
ERPR2402.dbc,2025-03-11T23:45,68195,a7f05d47f36f5c0a5e36838343adbaf87a794cc124807124a6203fa4df41a8c0,3130,0,0,ANO C4 MES C2
ERPR2403.dbc,2025-04-05T12:12,57577,283ce907a9f79bcf7ea086284668fdc2f180f664ff8e8c1a868758d82dff99f1,2498,0,0,ANO C4 MES C2
ERPR2404.dbc,2025-05-08T08:06,77887,046e3a1bd0b98bdea304917a22d7bb42fb9f201a4ab4c5a1447780b09ac04cc7,3469,0,0,ANO C4 MES C2
ERPR2405.dbc,2025-06-06T10:44,87334,e2bd919c9b432d8342cf05b8b4da534d5ed3a66f7cbf90ff4157658c5cb50a32,3896,0,0,ANO C4 MES C2
ERPR2406.dbc,2025-07-06T11:28,96754,6650bf59f235421598a911b4f877887d1450bc37bd46b11b313f00f935d5ef93,4357,0,0,ANO C4 MES C2
ERPR2407.dbc,2025-08-04T07:13,85672,a41190668d665171b6654a447da174b0b30a3bfa9347fe037069948f733b4e6d,3769,0,0,ANO C4 MES C2
ERPR2408.dbc,2025-09-05T12:54,93665,82f3ee59154805d6cf1faa1c9fd201bcecb87eba89c6d79eba51b5ac7415ba26,4180,0,0,ANO C4 MES C2
ERPR2409.dbc,2025-10-06T17:04,74761,74263470d123fd6dec64ee4c4bf99dd52bb3d83b018d74f70751ff1733eaa42d,3248,0,0,ANO C4 MES C2
ERPR2410.dbc,2025-11-06T16:20,65969,4fe5395a22708d111b9ba48b912561125bd9f8317176873858ff8d9e5bca9097,2877,0,0,ANO C4 MES C2
ERPR2411.dbc,2025-12-05T20:17,57578,cb263567451167d3ff1f74425b5e4cd0748dd2d5317085e9944b087a0009f73d,2501,0,0,ANO C4 MES C2
ERPR2412.dbc,2026-01-07T19:03,65267,1666044a376c00fe2b71e0ee7aba83e5179cf2d2010ad47d1726ae34f8723e63,2838,0,0,ANO C4 MES C2
ERPR2501.dbc,2026-02-08T14:13,75658,5389f2bc67ae0378be9cd81145e288e7c7c034637fa28b0e86480a57fd56fd4b,3282,0,0,ANO C4 MES C2
ERPR2502.dbc,2026-03-06T22:13,68533,c6d18d26d969c81fc84ad41d51cdb096139d493005d49fa62b4331bc444867eb,3014,0,0,ANO C4 MES C2
ERPR2503.dbc,2026-04-07T07:24,74689,1fb70d0dbd4914b78cd9d17d9d76350634e099b0861a13815bf2e227f7c4408e,3337,0,0,ANO C4 MES C2
ERPR2504.dbc,2026-05-06T19:00,60475,29df0ddc70677474f00fce5b9a991e9c8274083f5d262ff49329afce450a5536,2612,0,0,ANO C4 MES C2
ERPR2505.dbc,2026-06-06T20:14,65653,a924f6f42088c136dec632030732974ab97eac532584d3ab8e6f3b5dee907ec7,2730,0,0,ANO C4 MES C2
ERPR2506.dbc,2026-07-06T15:10,69784,b55f1a4bbb537fdb8bf6b080c1e290d01bee8bb37ff2b4cf7c8a8cc14b31af6a,2976,0,0,ANO C4 MES C2
ERPR2507.dbc,2026-08-07T12:25,73933,72b3c54cf6a066c3f1279f6d0f8d42fd7e8239d17260e249c23a4f65e4c451e4,3133,0,0,ANO C4 MES C2
ERPR2508.dbc,2026-09-06T21:26,102697,c3d64218a60d9403e700e9c9157b2f9ec249cd0c0a16cb933e13eb47e27c45ff,4437,0,0,ANO C4 MES C2
ERPR2509.dbc,2026-09-06T21:26,91700,51f78e833cc985e37f4da2a0e748e3199683f3d94b6ee0376d2ec5cf1a78cff5,3969,0,0,ANO C4 MES C2
ERPR2510.dbc,2026-09-06T21:26,92037,ab166568bf292267a85d80c28acee254a9db3698366d05455f0cd0130265417b,3930,0,0,ANO C4 MES C2
ERPR2511.dbc,2026-09-06T21:26,103514,969bd9e2626e4d9e9045be8306bcdb88e80cba000098def702f6989320a4b85c,4537,0,0,ANO C4 MES C2
ERPR2512.dbc,2026-09-06T21:26,81819,5b0d48b6b0f7bb3a57f7d43140001a6e8d84027f973ce8d5481a6564d4baf6fe,3518,0,0,ANO C4 MES C2
ERPR2601.dbc,2026-09-06T21:26,87946,fbe0c2c9cfa663fc3969d031b123ccde80eccf872eebc3ee27611b1be610f867,3781,0,0,ANO C4 MES C2
ERPR2602.dbc,2026-09-06T21:26,106542,e4bc08650a99614517f8de2675dc5d472210a83bf9228344287ab5c559916897,4648,0,0,ANO C4 MES C2
ERPR2603.dbc,2026-09-06T21:26,94929,9d2093bb52e9affca0492b53aee405d602139966d7dd6a372ab05e5f09cea268,4076,0,0,ANO C4 MES C2
ERPR2604.dbc,2026-09-06T21:26,92072,3af07a96c4fa8db06846513e69492f4bf40ce1c207ea7e26b7c3c88b5a705082,4043,0,0,ANO C4 MES C2
ERPR2605.dbc,2026-09-06T21:26,117758,8e8887c0792ad2d3d60180b28d2e012568f7671c52ef96cfe433e5ea6a58882e,5265,0,0,ANO C4 MES C2
ERPR2606.dbc,2026-09-06T21:26,105739,46e052f6d784174d861057f82b3a2d7b773cef63d669bcef9685ffcd45cb4e6f,4741,0,0,ANO C4 MES C2
ERPR2607.dbc,2026-09-06T21:26,84014,28a8a2dc2d9364f72b5db82aa175f45b0109a59d6f66c7f2b34afec56d389b69,3536,0,0,ANO C4 MES C2
ERRJ1101.dbc,2013-11-01T11:30,147361,6d94ce74f2c5e938f4730348f22c1625d9e34d6a23b1c272b2aabb7b370ce6cf,7441,0,0,ANO C4 MES C2
ERRJ1102.dbc,2013-11-01T11:30,177087,54b72140e812519f86490f81b8735b3f72ce5ba4b710a45e611b8386ec33db96,9018,0,0,ANO C4 MES C2
ERRJ1103.dbc,2013-11-01T11:30,179285,a8308b5be0fd6658fd244fea14bfec82fef289bde01d617f95da57c18bd36cc8,9164,0,0,ANO C4 MES C2
ERRJ1104.dbc,2013-11-01T11:30,172259,04c88d06cf3c3fe9ae2eb7047c6f409125968639d96aaae56340dc31095e7907,8842,0,0,ANO C4 MES C2
ERRJ1105.dbc,2013-11-01T11:30,203903,3b830aec2990efb3e5aac7821da0522d55ebee42d33af9dc2b9e98311f48f986,10415,0,0,ANO C4 MES C2
ERRJ1106.dbc,2013-11-01T11:30,221032,01ee0f20bf5fe4b3a8d72dc3a68e0f0c855c6d77a922b5625b041010fb8d2bce,11557,0,0,ANO C4 MES C2
ERRJ1107.dbc,2013-11-01T11:30,242453,7ae16c7670ee4b6900e2d5762ba21d03327cf13adbdebd607ea9d5355f1a77d3,12829,0,0,ANO C4 MES C2
ERRJ1108.dbc,2013-11-01T11:30,264053,fc47217e0378181e4c692ed4e43b2470db022fa67b1d303f79cc32dbc134c03c,13755,0,0,ANO C4 MES C2
ERRJ1109.dbc,2013-11-01T11:30,199563,6a530cabcc4ee7e50b5f3a8140f8ad7384bbe264fab67df29dd7d5cf6802383b,10122,0,0,ANO C4 MES C2
ERRJ1110.dbc,2013-11-01T11:30,181071,3b65412d295e36a2b92396ac2a3387c5dc4352e6e66b2cc209ed960fcd74721f,9081,0,0,ANO C4 MES C2
ERRJ1111.dbc,2013-11-01T11:30,162691,2468203816294095a788628a7dd95fabd08d96c2948c94b36eb0d4442c3514ff,8153,0,0,ANO C4 MES C2
ERRJ1112.dbc,2013-11-01T11:30,163854,6a31f2c40c2e4d73151720342aa94f105eea5e6127c5ab32fa74d4cf3b4db8f4,8107,0,0,ANO C4 MES C2
ERRJ1201.dbc,2013-11-01T11:30,173884,780ef6db0625229a6a8cbbfd77dce40f6401b07196a8186b2173a1ba5c2b5e3a,8623,0,0,ANO C4 MES C2
ERRJ1202.dbc,2013-11-01T11:30,164440,dd68715b89c1a837f47d3b2078bf56026f2d20818b369ef27fa7db933d37c7f3,8183,0,0,ANO C4 MES C2
ERRJ1203.dbc,2013-11-01T11:30,207910,8965a097d30d89cd78a06c00b00d53addb9548fb4021d922611af4042977fc21,10207,0,0,ANO C4 MES C2
ERRJ1204.dbc,2013-11-01T11:30,155821,b31f1a5f7506a0820e3de1890b94a92a15165824c528d45d6291e7d7af169d35,7486,0,0,ANO C4 MES C2
ERRJ1205.dbc,2013-11-01T11:30,163198,4d79e3ed66a9aeefe2053b02cc746d862ab30674ea30058c2f0baf5d7d395bfa,7755,0,0,ANO C4 MES C2
ERRJ1206.dbc,2013-11-01T11:30,143107,d4ec4c2cfe6950d38b096cadd2c79c89e567c297c362272ddd41f26e15b9a710,6579,0,0,ANO C4 MES C2
ERRJ1207.dbc,2013-11-01T11:30,137578,6b19a688d9465b8b36481fc803fc0bf0818bfff4c56d19c86faa87fee0d8781f,6426,0,0,ANO C4 MES C2
ERRJ1208.dbc,2013-11-01T11:30,190822,664e0b37eae3208e80b0be24c444cad26f6e5f97c7076cf64c47347b5660fc82,9448,0,0,ANO C4 MES C2
ERRJ1209.dbc,2013-11-01T11:30,131664,29c0072a8490b2f8a874bcf4cac6230759eef3ad9af139364cb4cc8fa4388830,6206,0,0,ANO C4 MES C2
ERRJ1210.dbc,2013-11-01T11:30,154423,352e4e455a815c76d9c807d4728fed495128da24cb8aca144538e3601994538b,7609,0,0,ANO C4 MES C2
ERRJ1211.dbc,2013-11-01T11:30,171167,3d6a49c7dc8f40c5d21ed7b5c4f7ffca499673c01682d27e39321277f17d4223,8731,0,0,ANO C4 MES C2
ERRJ1212.dbc,2013-11-01T11:30,167772,f833ac71efca4fb183ef321782a7ef020bfa727c3556c1ec3c31f855d63e2e96,8435,0,0,ANO C4 MES C2
ERRJ1301.dbc,2014-09-25T11:18,144571,0e16ffb12c544e6d6166419c24e374f351b00977ae9f90fc08c0145fa02d06a0,6886,0,0,ANO C4 MES C2
ERRJ1302.dbc,2014-09-25T11:18,130063,516795d5e38da750347473207b1f29ce0a8de753e0d34fc20d4ebc5dcd9ba52f,6050,0,0,ANO C4 MES C2
ERRJ1303.dbc,2014-09-25T11:18,133742,ba1cd92238f3ce9e7f5bcfbc85b36cb33da8de03de2d7d04954b1865a65805c4,6302,0,0,ANO C4 MES C2
ERRJ1304.dbc,2014-09-25T11:18,144687,86ee6d3e208d6322d191a27d5d166f08a24fc9300ac5a49fbff0b8e4d294e44e,6875,0,0,ANO C4 MES C2
ERRJ1305.dbc,2014-09-25T11:18,134998,66b6d5121ceb035c5198002bb40eda136dadcfdfdb5f0a457e744fe4c109c074,6318,0,0,ANO C4 MES C2
ERRJ1306.dbc,2014-09-25T11:18,141140,db53a7ecef26db0d127dce1edd82e8bc457b1ef5c48c7915ff9200d00d2d99a7,6760,0,0,ANO C4 MES C2
ERRJ1307.dbc,2014-09-25T11:18,120848,0bcfb74dfe1335b3bd11d63c8ec92b90dcb164e695db705b92be508b3863553b,5565,0,0,ANO C4 MES C2
ERRJ1308.dbc,2014-09-25T11:18,137136,92b12a8645e072794ff6132fa62cd4ee65ed7be5cef53c6b00ba9421552f34a0,6612,0,0,ANO C4 MES C2
ERRJ1309.dbc,2014-09-25T11:18,135030,d10935e09b50dab3ed2a7078431e453cd108b5e361abe68e685121d91607fcde,6404,0,0,ANO C4 MES C2
ERRJ1310.dbc,2014-09-25T11:18,162375,2df437fd8ad4273ce1ba700784b214f35fbb78191ec034c71e395ad4e32b5728,8450,0,0,ANO C4 MES C2
ERRJ1311.dbc,2014-09-25T11:18,141999,6afa6c3a145c37f245d0982ab686a86ca15e101580fc32829c2352407b869f3f,6855,0,0,ANO C4 MES C2
ERRJ1312.dbc,2014-09-25T11:18,162220,528a3dc1e74289a5da8e572e2e970d28bbd033b5228735c0e6400df94aceffc9,7893,0,0,ANO C4 MES C2
ERRJ1401.dbc,2015-10-05T11:57,179404,d7e9b7325d8041be80cb3fbc71c0eee042604d008213c167b5e2e6fd9c319ef3,8910,0,0,ANO C4 MES C2
ERRJ1402.dbc,2015-10-05T11:57,158489,3a8e7347b34dd712b7d38369bfaace6ab80dd2a051026840b300e171be050cc7,7773,0,0,ANO C4 MES C2
ERRJ1403.dbc,2015-10-05T11:57,158353,c35df4147912762b63c4a4370744db6f3d4b448ec8e528732522de7bdb14dd2e,7772,0,0,ANO C4 MES C2
ERRJ1404.dbc,2015-10-05T11:57,134593,033ff130450b78603332e0b07052665c392f9fbafc510b7b2e5b1cb70448041c,6420,0,0,ANO C4 MES C2
ERRJ1405.dbc,2015-10-05T11:57,159625,35c6d1b84bd6eaa9e6a7292c2b83a1780c68981bc1b039bd2bd8260b2f4d5b9b,7916,0,0,ANO C4 MES C2
ERRJ1406.dbc,2015-10-05T11:57,161727,cd0e06e105036b35b99618a9736bea87d9551a4fe2acccc54e2a9d3415b8ac3a,8001,0,0,ANO C4 MES C2
ERRJ1407.dbc,2015-10-05T11:57,131236,e63bdcc3da7f6ca14b188dce329bd7b90160ce071ee13f4ec00f0ce3dceb04c0,6317,0,0,ANO C4 MES C2
ERRJ1408.dbc,2015-10-05T11:57,143403,3727b1b3afd57b552d363c639701a6b6c6b6ca3c1fc04c6b79f5014325e3cc74,7073,0,0,ANO C4 MES C2
ERRJ1409.dbc,2015-11-09T10:30,131530,7deee09d5339da07cf38a74d4d5f00d23629ad8e7f2df011f882d944d0aae5b9,6230,0,0,ANO C4 MES C2
ERRJ1410.dbc,2015-12-07T08:58,133489,534409206179a6438302cd968d8ed50624312bb1bf5ec557a6f613eecc88e796,6438,0,0,ANO C4 MES C2
ERRJ1411.dbc,2016-01-07T10:02,150990,1fa121ec726a0454466b8293abd3d7633d432ee83ee9eded0048f146216b6999,8045,0,0,ANO C4 MES C2
ERRJ1412.dbc,2016-02-05T09:09,161574,a3112fa4c3030e28627a235f3b1aebf0170d4728f78c6c02b66201f923ea226c,8745,0,0,ANO C4 MES C2
ERRJ1501.dbc,2016-10-04T10:21,132318,fd8a13fb50d63d3ed1d96057da2ea238e64eab1c0465ac9044b5a2e3b339299d,6392,0,0,ANO C4 MES C2
ERRJ1502.dbc,2016-10-04T10:21,128730,d2337912dda15dc68fd7be354c7e1499a9ba2f323628a9675e3ee2f30286fc48,6265,0,0,ANO C4 MES C2
ERRJ1503.dbc,2016-10-04T10:21,169240,550f3b46f20de4536b8a65b4412b66c6da42c969b153c2e7f0e0d5def438f0ef,8456,0,0,ANO C4 MES C2
ERRJ1504.dbc,2016-10-04T10:21,129572,ca8c5e500a9065cc35d88fc35bb33a651a59ada29072dd45da2a94feeae35180,6144,0,0,ANO C4 MES C2
ERRJ1505.dbc,2016-10-04T10:21,128332,ac11e97f1cbfca0ce56c74ec789d24536cff75dd26fb8cff5669a3d9ae583306,6077,0,0,ANO C4 MES C2
ERRJ1506.dbc,2016-10-04T10:21,141296,a151e69aa13f40a5207b2ad6332e58e4e8959c8f348804a5752ff6f8230188f5,6678,0,0,ANO C4 MES C2
ERRJ1507.dbc,2016-10-04T10:21,118909,b587369303ee39630103b4de3a1a8ce35dd07968c1b54d25ab0724312a548ac8,5442,0,0,ANO C4 MES C2
ERRJ1508.dbc,2016-10-04T10:21,106441,8f4515fe17a92cec2955d2fb12c6f05f59b24bb1429f9f7066bd4eba95f9f9e3,4826,0,0,ANO C4 MES C2
ERRJ1509.dbc,2016-10-04T10:21,116326,973a0fe1f2d4bbd3c744190c9dbed04c61ecbbb331a04ce4504533f8a25bc284,5212,0,0,ANO C4 MES C2
ERRJ1510.dbc,2016-10-04T10:21,120999,e6fd96ddd335afcdf613acab6cf76cfb67930a91a732fed5c008534d43a5dcc7,5430,0,0,ANO C4 MES C2
ERRJ1511.dbc,2016-10-04T10:22,138379,f5d88e801ff6d58a069b4fae05e42468e0df8f2381ecaffa409645505dfe1884,6488,0,0,ANO C4 MES C2
ERRJ1512.dbc,2016-10-04T10:22,135161,dd24ee9f0fd0b1f00f26fd55578809f8cb270b2a4163e7c140b3d65be8360548,6317,0,0,ANO C4 MES C2
ERRJ1601.dbc,2017-04-10T10:08,140931,cdbbd51e7e33ed69b99988d05f0b595b54f09e7c99cef57de821f616b936ff77,6585,0,0,ANO C4 MES C2
ERRJ1602.dbc,2017-04-10T10:08,138614,94425364d50a296a1713d699aae76e8e22d81d1968ea9b6882c2671c11128d68,6334,0,0,ANO C4 MES C2
ERRJ1603.dbc,2017-05-05T14:38,149687,b8c066ccb3f4f4f1996bcd90692cb6b24523ba84b38d2add78209ef24a356723,6869,0,0,ANO C4 MES C2
ERRJ1604.dbc,2017-06-05T10:00,149723,098ac60409aae8a97b4ff807152177198c622ba1ffc20cc0303b24cf214e4cb1,6857,0,0,ANO C4 MES C2
ERRJ1605.dbc,2018-01-08T15:28,128028,8892c02c2b5fd3b34eb237bf37cee01b71cc3c3d6543ae25d7c617d6cd13e84a,6003,0,0,ANO C4 MES C2
ERRJ1606.dbc,2018-01-08T15:28,154532,03dd745c43ef1083adb7a5c411b23fee6cf0bd0423ebba5f468efcbdfc6ec691,7073,0,0,ANO C4 MES C2
ERRJ1607.dbc,2018-01-08T15:28,144208,884b92eacac07cb74007625c10715b63f667727e9d236f72369c49d712f30d0d,7072,0,0,ANO C4 MES C2
ERRJ1608.dbc,2018-01-08T15:28,124194,e9df190faecbe60333b16ef80b73d007a57183dc703d98b92b99b12c7357e23f,5787,0,0,ANO C4 MES C2
ERRJ1609.dbc,2018-01-08T15:28,124325,8986e2e2f4f8b0753064524d4c28fd398109986c446c28e9016a025af6634a4e,5853,0,0,ANO C4 MES C2
ERRJ1610.dbc,2018-01-08T15:28,117909,10092881ce1eb604aa9ad055ef170674582af452328639400236a3bc48b7f992,5585,0,0,ANO C4 MES C2
ERRJ1611.dbc,2018-01-08T15:28,116167,bd9f85be0b5d00209c637dedb2a60243938149fdad344b679b5c304d75273301,5512,0,0,ANO C4 MES C2
ERRJ1612.dbc,2018-02-05T09:38,128378,a5fe9aab1172efb0fb8c9ae5bcdcdca9097abb530206a067fefd5dd83a041f33,5981,0,0,ANO C4 MES C2
ERRJ1701.dbc,2019-04-10T16:27,114703,57e75bd2fc9c994170edd35f4c3a2e1b2544f2a52f85d06108e05e8ff4a7fdfa,5391,0,0,ANO C4 MES C2
ERRJ1702.dbc,2019-04-10T16:27,121870,cc951da6631ecbbfaa3e52a0ed8f1f11fd4319b00c0c7f22da8f629bccf5bb4e,5724,0,0,ANO C4 MES C2
ERRJ1703.dbc,2019-04-10T16:27,118393,26d753e4615dde484834e53122cbac269f74bd91beba9b276887439853c4737b,5533,0,0,ANO C4 MES C2
ERRJ1704.dbc,2019-04-10T16:27,104663,b13403f4a4d709f632120753b3d333bd1f69f7a7efdd4bb5d91dcbca0b69c5c2,4857,0,0,ANO C4 MES C2
ERRJ1705.dbc,2019-04-10T16:27,114274,a68fc902711cf4a61f6ff44fde11d1035aafeca6d56c39653506e4586505b416,5282,0,0,ANO C4 MES C2
ERRJ1706.dbc,2019-04-10T16:27,124788,4a1b256a38d4ba68f723b246733d9b4481867e3b5391498366e79e68c29bf6f1,5942,0,0,ANO C4 MES C2
ERRJ1707.dbc,2019-04-10T16:27,154655,b67025391644465139608278f03ed5a0ef8763a78a1e2da56a17f47f44094700,7740,0,0,ANO C4 MES C2
ERRJ1708.dbc,2019-04-10T16:27,126598,c4dfbbec86f1399af1df89e613345a083bf4961f67066464a31535f7bd181e17,6110,0,0,ANO C4 MES C2
ERRJ1709.dbc,2019-04-10T16:27,150939,a4ac4a6ff1923921fb4b8082d5b44dc5eb9f64d5b17caebc9863267dbd102b6d,7487,0,0,ANO C4 MES C2
ERRJ1710.dbc,2019-04-10T16:27,89607,8139739fd433d877d5009e58fc7b9aaa3316f5e73c4990a2cb4078c63612b40e,4137,0,0,ANO C4 MES C2
ERRJ1711.dbc,2019-04-10T16:27,90435,5324f8ced34227b2ec1ab5a958b29ef4a3b9d379c38ab15bab96b21c05740db2,4257,0,0,ANO C4 MES C2
ERRJ1712.dbc,2019-07-08T14:45,96822,dbb4ff6ac01e23243735e7abdc73e7a99b09ef33582f842e7e6961090b1ebe7e,4518,0,0,ANO C4 MES C2
ERRJ1801.dbc,2019-08-05T14:39,94310,10df779e7af9baa0f048275c38e3d6308893ce700aafa73a8f3bb89393ced5f1,4316,0,0,ANO C4 MES C2
ERRJ1802.dbc,2019-08-05T14:39,96037,4190e31ed77d615bc679bf570517f99e340e598fabaf9162f60ab22e04919d35,4500,0,0,ANO C4 MES C2
ERRJ1803.dbc,2019-08-05T14:39,82144,ffdad096b84827e2e80b3db9e553cce1d239422dc5287d1d28b94f3f528b2d99,3811,0,0,ANO C4 MES C2
ERRJ1804.dbc,2019-08-05T14:39,93546,8c90c18b7b8c2dac023b13c15796826cee1ca9cbd32595b47db6c8c215f12e63,4417,0,0,ANO C4 MES C2
ERRJ1805.dbc,2019-08-05T14:39,105411,74474cf22aab02f44a1bdfbd390b33f7ec34da5a127e5313a3513afd440ade23,5138,0,0,ANO C4 MES C2
ERRJ1806.dbc,2020-01-09T16:49,80945,020d6e1a6795b9d2285baf0400070827cfb3c676c0098c9cbe4f191546a9ca23,3690,0,0,ANO C4 MES C2
ERRJ1807.dbc,2020-01-09T16:49,89216,6fedccd4afad3393bc7e585a7dc5b7e165b1d20c48e2a618bae42626986dcbba,4145,0,0,ANO C4 MES C2
ERRJ1808.dbc,2020-01-09T16:49,115145,7d9d75c26834890628ddaa5a9699916f7978a2b717afefa0516fb80395c58bdb,5289,0,0,ANO C4 MES C2
ERRJ1809.dbc,2020-01-09T16:49,84736,08aae93f3b5ce5eca24290a5387ba618aedd6e8a8c2ad71b2c82da18ff432fea,3882,0,0,ANO C4 MES C2
ERRJ1810.dbc,2020-01-09T16:49,87052,7122bbbefcdc3be2ae79cca20fdc1a3a5134e9cf78df5fc72cd0dfb156886638,3963,0,0,ANO C4 MES C2
ERRJ1811.dbc,2020-01-09T16:49,81851,37083deac8fa574319defa068357f26bc1716aaad9376498efefb6731d3fe44b,3615,0,0,ANO C4 MES C2
ERRJ1812.dbc,2020-02-07T15:02,107099,e57f5fadea153f89ddbf553e154a788e9dd473c2a70312d23ed222231410f83b,4817,0,0,ANO C4 MES C2
ERRJ1901.dbc,2020-03-10T14:43,88962,cac5d3b0881124755296418b217d37bd625a7301d2de2a9d9e14861409e63e27,4092,0,0,ANO C4 MES C2
ERRJ1902.dbc,2020-04-05T14:39,117988,485534b7e6f849443cc24a7f99e4923d2a65b9f987921924f35e2adb1c70f25c,5560,0,0,ANO C4 MES C2
ERRJ1903.dbc,2020-06-04T13:54,101236,dacd2828e90d7d1e25ffbd35d1c12d9eacf5b05b2904127dba1820ed839f8577,4757,0,0,ANO C4 MES C2
ERRJ1904.dbc,2020-06-04T13:54,139519,cd99ee10058388d9badb9173523cf766efacf0260aa7a21bb1713897c1cae45d,6706,0,0,ANO C4 MES C2
ERRJ1905.dbc,2020-07-04T11:39,127246,f3a492d455889f2ef380e333e5d3ae584fc557bbe31728b8e438042cf71bddf7,6120,0,0,ANO C4 MES C2
ERRJ1906.dbc,2020-08-04T10:41,131254,48b400c60ba9d8773bf3df183b145099fc61790a3dc9334f513ad1f849eb9a23,6553,0,0,ANO C4 MES C2
ERRJ1907.dbc,2020-10-06T08:42,119710,f81485371fa81cf21729b1b6da3d7a4e87828805f57da8362423a7c3cc53351b,5833,0,0,ANO C4 MES C2
ERRJ1908.dbc,2020-10-06T08:42,109705,a05e5d1200ae7ebeb4fd4f499ca2445589126f6ed088f463b4b321fb93d6c523,5320,0,0,ANO C4 MES C2
ERRJ1909.dbc,2020-11-18T10:38,113103,ad19a3a0864729ae39c0c8e00977ab504724c88e48d79bda5eb503dfa7f2a819,5583,0,0,ANO C4 MES C2
ERRJ1910.dbc,2020-12-07T11:23,114421,e24f31f1e752b5a73ce7960708d2616975bbef0670a8da1754ec4a227d675002,5511,0,0,ANO C4 MES C2
ERRJ1911.dbc,2021-01-14T08:10,76721,a4bed42ff71c1963de3a16f95c24439cac2bfda9b981cd04607f828853109ceb,3605,0,0,ANO C4 MES C2
ERRJ1912.dbc,2021-02-05T10:25,63452,115cd12aa2653c71e595b45c7ae757363deee95f083fea8ac67cdd3007d1fd6e,2854,0,0,ANO C4 MES C2
ERRJ2001.dbc,2021-04-05T13:24,65243,069095bf4c62401e9e401511c7b3175fb477e89d15caf334a1860f1a8ea1ee6e,2940,0,0,ANO C4 MES C2
ERRJ2002.dbc,2021-05-07T16:35,63481,ff1e82e357fd4258e222251fb79312a98b6eb8818730e5a3583efadc42bf9ebe,2831,0,0,ANO C4 MES C2
ERRJ2003.dbc,2021-05-07T16:35,51322,ac917d33637947ec9d4b69cf850520fe36662c68a9b1e27fe200f8a739d9ddd8,2251,0,0,ANO C4 MES C2
ERRJ2004.dbc,2022-01-10T14:21,57682,1a56070ed3a2163bba30406881c9ef4b400d801e7ac8992f4eee7b5f442f7d46,2714,0,0,ANO C4 MES C2
ERRJ2005.dbc,2022-01-10T14:21,57067,1064846c7a5c197c3bc799802d512dd37eea11928a57b8f5a93bb0e932a98df1,2626,0,0,ANO C4 MES C2
ERRJ2006.dbc,2022-01-10T14:21,49087,5346a63d56adda22d532e929c73344c27d7bb488614c171d1f320ed89466b20a,2195,0,0,ANO C4 MES C2
ERRJ2007.dbc,2022-01-10T14:21,44015,3c7c102d4d2daafa6dbb831f631f4b314a687b24122e13762ec442c75b363880,1893,0,0,ANO C4 MES C2
ERRJ2008.dbc,2022-02-07T10:04,55013,b6b7b90823d70e0ec377fc92dc94990e024adde823f739068373bcbf3d7d391b,2502,0,0,ANO C4 MES C2
ERRJ2009.dbc,2022-02-07T10:04,64159,03d5b575294fab24d5f5ceeee2702adcc85b7b0b360678257dc56764bee4a283,2979,0,0,ANO C4 MES C2
ERRJ2010.dbc,2022-02-07T10:04,73467,f1eaa0093f6e5e70b6fa8437b49229a16f6d5ebd1a0b02dc56df32cc70e23b8d,3423,0,0,ANO C4 MES C2
ERRJ2011.dbc,2022-02-07T10:04,54637,8e8b6e620aa2aa31fe529254570bc1b4ca2cb539d4b1aa8d3ef48dc109cfff87,2504,0,0,ANO C4 MES C2
ERRJ2012.dbc,2022-03-07T13:12,63885,e267db95c60b198ea014984f7d8551001b055191725069531f2d958e3dbcaab0,2892,0,0,ANO C4 MES C2
ERRJ2101.dbc,2022-03-07T13:12,63653,947a5d6cd4756a7bd22fbd7ed77c7b7e490e0be89ceebd67967cad950570acad,2945,0,0,ANO C4 MES C2
ERRJ2102.dbc,2022-04-11T19:22,60513,d86e6794657dc129113a06e47c31c4304827ef9b445fee265a6d3ae478d22ac9,2836,0,0,ANO C4 MES C2
ERRJ2103.dbc,2022-05-04T12:32,73943,a30ac6cd3327df1794c5512117bc3c892bb0f16bcc1426d6a8794bdeb8cba848,3455,0,0,ANO C4 MES C2
ERRJ2104.dbc,2022-05-04T12:32,86884,1a32ad3223b9c11906f916b5f4ec3a9a368ae8c7b04a2835e66faae16a4a9084,4239,0,0,ANO C4 MES C2
ERRJ2105.dbc,2022-06-03T13:03,95736,a497a9f8aa23c6ad2afbc8bb55a1903fe27e2652daddbf67b95e6486e9c8acc0,4667,0,0,ANO C4 MES C2
ERRJ2106.dbc,2022-07-06T13:10,94715,bb869d4938c7630a40eace484c0b670563623626ad72d176f1dbc36f47172f6a,4625,0,0,ANO C4 MES C2
ERRJ2107.dbc,2022-08-04T15:38,86699,e305c02cf1b7d2a1f97733f75b8bdb86b1386f8c77c8175919124e6498582a2d,4259,0,0,ANO C4 MES C2
ERRJ2108.dbc,2022-09-06T11:15,66925,6b8edcad796db2de787579199cd846b83b01eb184e97bcecd4778d5a2cb22c56,3196,0,0,ANO C4 MES C2
ERRJ2109.dbc,2022-10-05T14:25,60374,c79d88540622c7b17043218e4612180a0060d807ae08a72d12d15fa671d52c72,2742,0,0,ANO C4 MES C2
ERRJ2110.dbc,2022-11-03T17:53,59905,2096c64061a9956d01bf1576c230aad4a9827f66f4fad99b2c47460d76853a5a,2714,0,0,ANO C4 MES C2
ERRJ2111.dbc,2022-12-06T16:21,71359,ac562e4c3651d2176f4d3062b732ea71820cfaa282c5f6f4444e0d50ba2ccd39,3259,0,0,ANO C4 MES C2
ERRJ2112.dbc,2023-01-04T12:45,81097,ecf526820c52d4b56246657986260b14c7998c0a079ca83866304165291f22b5,3756,0,0,ANO C4 MES C2
ERRJ2201.dbc,2023-02-06T12:59,93701,72a4cd92ff98098aedfe437b15c00077401148650166c7ac11a0713b59fd43d2,4441,0,0,ANO C4 MES C2
ERRJ2202.dbc,2023-03-09T16:42,84219,4c9f5f9346b2d53edb1708e00e0d91a9ba1ee77eef6e5058d30e0a9b7597ef32,3988,0,0,ANO C4 MES C2
ERRJ2203.dbc,2023-04-05T13:31,81198,d5195a8e0224b9f239d2d38c64925b370c53264f14f24e38f2f00ed4423ceb79,3869,0,0,ANO C4 MES C2
ERRJ2204.dbc,2023-05-08T14:30,94439,206ffcbf4afca13c277a6c9a51359d26eac1d9868281b43dd1aaf8c5deeba4bc,4788,0,0,ANO C4 MES C2
ERRJ2205.dbc,2023-06-05T11:31,144385,eb5de3e7b85b47bdc36005439ba9e2a7e0a582877263e734b88074aec99ad964,7395,0,0,ANO C4 MES C2
ERRJ2206.dbc,2023-07-05T12:43,147786,2eb8e57aaaf4df154389de87d309a5f2b87eafb99fa264458e5b0f9708f176aa,7135,0,0,ANO C4 MES C2
ERRJ2207.dbc,2023-08-03T16:36,129398,a58a71c696c0d5bfe8cbc34e5462af1cb14229ce171e492616067a2de6c03a48,6128,0,0,ANO C4 MES C2
ERRJ2208.dbc,2023-09-04T21:02,120704,77d1657a343bf817e2a398be8bdb48b797bdc0d44368a24795c60f2bf46b8921,5656,0,0,ANO C4 MES C2
ERRJ2209.dbc,2023-10-04T17:01,103681,7d52d092d11bc2f2de71d7d0b1a1a1d900a77973f7a91e47af22f37aa912f599,4787,0,0,ANO C4 MES C2
ERRJ2210.dbc,2023-11-06T15:48,72410,2b63b916d0440c4ea4eb5ce5d3d88ba4e690835392dbccbfad033e6294ae3b07,3297,0,0,ANO C4 MES C2
ERRJ2211.dbc,2023-12-05T14:58,73144,730aa890cbb6f183efaabf283601df083994aa1be0c19f7d30ae46bf19bbfd72,3322,0,0,ANO C4 MES C2
ERRJ2212.dbc,2024-01-05T17:49,89394,c96c71e0d350b85dbbc694d0e448b2f2009d8b3a38aafcd7cddd047e2bb2b71a,4325,0,0,ANO C4 MES C2
ERRJ2301.dbc,2024-02-05T22:48,80693,360e9d2d55da2ab8651715b3483bd64b45f018f1b603698597529b35b1e2959a,3823,0,0,ANO C4 MES C2
ERRJ2302.dbc,2024-03-07T18:39,75908,190c142234dc043959de27f598eb3ed070e8ab9f772430b054ee080dfb1ab5c7,3740,0,0,ANO C4 MES C2
ERRJ2303.dbc,2024-04-09T14:24,81701,7e316004051528a7e16a4368b3e22214e0300cf2d3004625c75e6165910e1c67,3944,0,0,ANO C4 MES C2
ERRJ2304.dbc,2024-06-16T01:07,103317,932b2e8914bdfb7b70da0a53be64359245d719eae25a621ee18fe92bfd4aa4cf,5288,0,0,ANO C4 MES C2
ERRJ2305.dbc,2024-06-16T01:07,101890,7cd49f169e540a9378cad2644685432cee80733e8378733afeaa385b69129528,4946,0,0,ANO C4 MES C2
ERRJ2306.dbc,2024-08-05T14:43,115024,19813f1707fe1ef2d59ef4f4ee820890ae5b13b7b2d3f5ada3bc1c4a65bda787,5600,0,0,ANO C4 MES C2
ERRJ2307.dbc,2024-08-05T14:43,100618,574f2f9902121b2d0b41153ef7ee34a0ae9ce0b715a044f631b7e7b084fa747c,4713,0,0,ANO C4 MES C2
ERRJ2308.dbc,2024-09-05T10:27,115565,11df5b17d49fb57e9351674e09be0dde73c0d4ac3d40e3d2f0f2aa0da40b813a,5515,0,0,ANO C4 MES C2
ERRJ2309.dbc,2024-10-08T12:05,112248,55e899048e04d9409de29c9edbca2ca61b3bf6d5a4c23f7d15dbf3b716efb736,5392,0,0,ANO C4 MES C2
ERRJ2310.dbc,2024-11-07T15:41,95310,bcf15d6001544895dfaa7cff13e36fac0bf6d1da84d7d74054ae7ba4b07a7e38,4493,0,0,ANO C4 MES C2
ERRJ2311.dbc,2025-01-05T18:55,98208,a1190319de065c744283aaa8399ab731bf0cef08941691906542d2e01adb3ee0,4569,0,0,ANO C4 MES C2
ERRJ2312.dbc,2025-01-05T18:55,86789,b9446c722643190f9ee8f1f48459af01f8b6fbc14f256407495688fe9535f7a3,4185,0,0,ANO C4 MES C2
ERRJ2401.dbc,2025-02-09T21:24,90064,11637bad5d2ace5acd9033001b270b195562107b625b70422649eb7c68cb5960,4266,0,0,ANO C4 MES C2
ERRJ2402.dbc,2025-03-11T23:45,89457,915d6f91b314d16bf12ccfc6d814143488e01247a73eb6af3f32ec1b121716f9,4362,0,0,ANO C4 MES C2
ERRJ2403.dbc,2025-04-05T12:12,79045,9f61b1c9c6914bd2fff5dba9a263acc45697a0d0b73b655b102e2b78b66c9be6,3701,0,0,ANO C4 MES C2
ERRJ2404.dbc,2025-05-08T08:06,92267,3ccab3ce12ee2a4e299be53ce9ecc9bd830d97fbcd13ccf03cc29987ab511435,4466,0,0,ANO C4 MES C2
ERRJ2405.dbc,2025-06-06T10:44,98719,69c7d18b55c776aacbe4e8b149dea30108bd5a5e415697c035c18be5cb789a9f,4616,0,0,ANO C4 MES C2
ERRJ2406.dbc,2025-07-06T11:28,89179,c991314c1c5559df6096d49ca3954f44bc59eeabcd7e835583bbcb698391c6eb,4216,0,0,ANO C4 MES C2
ERRJ2407.dbc,2025-08-04T07:13,88014,c04cc387684e8b472177aa98622fc6d8425ee7243d57d863a92504998c340beb,4139,0,0,ANO C4 MES C2
ERRJ2408.dbc,2025-09-05T12:54,85951,4ad291e140affc74ccd71f810cdb29570a97a648627b18246474a706bcc26bb8,4089,0,0,ANO C4 MES C2
ERRJ2409.dbc,2025-10-06T17:04,79761,91c9bcd6d3eea056fb2b477892ed582e0928205e2a5b8765f5f7f5a8f41edfed,3725,0,0,ANO C4 MES C2
ERRJ2410.dbc,2025-11-06T16:20,94871,75ba5fea23fd9b7ad7cdc942c0d251652ded24dd58d193dda66f2bbf2a7f7fc1,4678,0,0,ANO C4 MES C2
ERRJ2411.dbc,2025-12-05T20:17,89441,f99d4925be9689ec20f3a2c06328d23e2f9c647714f47a3473e5625dae0b4a17,4419,0,0,ANO C4 MES C2
ERRJ2412.dbc,2026-01-07T19:03,107607,83ad073740702bc93cda29860de69f27ad3a6dc09cc10f9d8834ec01135c33ac,5290,0,0,ANO C4 MES C2
ERRJ2501.dbc,2026-02-08T14:12,102683,0fcdd600f7e7f5662b4ac8ac1ded2804d60c2c3131476394ed02ef32ef6da535,5080,0,0,ANO C4 MES C2
ERRJ2502.dbc,2026-03-06T22:13,87363,b5ed068cce2780919d71f967ba5e97669f1ec9a16aa87d7bdf23c391aadba3be,4327,0,0,ANO C4 MES C2
ERRJ2503.dbc,2026-04-07T07:24,73162,34e466d6b831945696e36baddb6705fff93ce25710e82058fa7d90f3cfcb0b3c,3561,0,0,ANO C4 MES C2
ERRJ2504.dbc,2026-05-06T19:00,72262,ef2bfea3fa6663afa29787a6963c6bb6addace4f132a0c9895095a424d371d33,3457,0,0,ANO C4 MES C2
ERRJ2505.dbc,2026-06-06T20:14,76904,3dd4b0be45dfa6e97ce432b18d7b75cd61d745c62a3107a45e240362d8c78eab,3673,0,0,ANO C4 MES C2
ERRJ2506.dbc,2026-07-06T15:10,90239,ad258730fb25d24d5b03e173b7d7df7a0ab0ef31627cca8121dc58c2c60f4393,4324,0,0,ANO C4 MES C2
ERRJ2507.dbc,2026-08-07T12:25,95124,8ddc5bb321e65001e768f5066d54a13b84e4dd92dee32aa981673f9c272c2223,4513,0,0,ANO C4 MES C2
ERRJ2508.dbc,2026-09-06T21:26,97939,8a7f08d452c6d6fcf03448c0bdc0e57344e93d69ddb6dbf153690165a8eda910,4719,0,0,ANO C4 MES C2
ERRJ2509.dbc,2026-09-06T21:26,83916,65da35d71b58226b3a78a157500259d494280829ddc61dd45f44a4fb33f8afa6,3898,0,0,ANO C4 MES C2
ERRJ2510.dbc,2026-09-06T21:26,95353,e98407f5f0d8465fb50ad2740591474e9896ed7ca10eede1f211620eeb233652,4571,0,0,ANO C4 MES C2
ERRJ2511.dbc,2026-09-06T21:26,96947,9649204f5a7d8832257e318142154d2d2ea3db1ded4a774d91d591b22c6155c8,4655,0,0,ANO C4 MES C2
ERRJ2512.dbc,2026-09-06T21:26,89638,014217a50ecd1cd19e08753bc3c327a1ece1304efac875f541c1e6600e8ae623,4258,0,0,ANO C4 MES C2
ERRJ2601.dbc,2026-09-06T21:26,96131,b4ae6f216d3f80780bc0e77c1f951ac05dbe0e30083c67a493bcbe5d7647aa01,4633,0,0,ANO C4 MES C2
ERRJ2602.dbc,2026-09-06T21:26,88525,b7d220b833a3d278973d57bede4130b7f5605367ca9ba2e7f726085cda7d0044,4210,0,0,ANO C4 MES C2
ERRJ2603.dbc,2026-09-06T21:26,94814,6b9127ca29fac6d575e665acc36ecdebb2e1ef15de102fed003647faeb8d9d5f,4537,0,0,ANO C4 MES C2
ERRJ2604.dbc,2026-09-06T21:26,82626,0fd1167091876c2b08831d431f7240392198387420b2ab5e85e5fd4d88184d54,3987,0,0,ANO C4 MES C2
ERRJ2605.dbc,2026-09-06T21:26,95127,fe9135c0cfae1f0259c9e2f32b8982a5a5b4209fbe84b11036175cb1afdc2e45,4712,0,0,ANO C4 MES C2
ERRJ2606.dbc,2026-09-06T21:26,94451,4872c5e0ad48a214f03c4ae4196c56fd1b451ca37d905478a3ac713072c60725,4562,0,0,ANO C4 MES C2
ERRJ2607.dbc,2026-09-06T21:26,88770,90166dfcdccb5c2cef87cffc84227816ae9141b40ba5b6287fff9e6d2863000f,4254,0,0,ANO C4 MES C2
ERRN1101.dbc,2013-11-01T11:30,26510,2842523594d96db8deb014859c4472ca31d63e3775603b79c974ff50b7c24a72,1158,0,0,ANO C4 MES C2
ERRN1102.dbc,2013-11-01T11:30,19434,2797822cc821550cc76592e708ce1f845483a0549e830fc6782afcc434434bd7,785,0,0,ANO C4 MES C2
ERRN1103.dbc,2013-11-01T11:30,20096,dc3b36a74e7a4c3545001de58d629d8909757939e1854529b2167a5200fdf8b4,834,0,0,ANO C4 MES C2
ERRN1104.dbc,2013-11-01T11:30,24948,387420dc287722747e4649d0eff803e3d056cfb07c29efe75d11da5a6986f756,1096,0,0,ANO C4 MES C2
ERRN1105.dbc,2013-11-01T11:30,48600,e017d4ffee3361a51f7ea80c8259f7bf2d40787b0e129afd8f750df2d46bf726,2397,0,0,ANO C4 MES C2
ERRN1106.dbc,2013-11-01T11:30,42182,9e37d346a8f4f416edf493fe80039fa5b455eb981a6d0a0911a83db76b6b04e5,2029,0,0,ANO C4 MES C2
ERRN1107.dbc,2013-11-01T11:30,31124,5cc5b87d7207176b2e5212d7ca6495b564c3c192937a91e747d720944318f35f,1440,0,0,ANO C4 MES C2
ERRN1108.dbc,2013-11-01T11:30,41329,18ae647232da7a11803237d053f0a563a32986a45d8baf8446d5b82419fe785a,1971,0,0,ANO C4 MES C2
ERRN1109.dbc,2013-11-01T11:30,32546,eb3cd9e503e099a8a1aff193962010fea37f76352098ee5030a9f35d3fd0815a,1509,0,0,ANO C4 MES C2
ERRN1110.dbc,2013-11-01T11:30,32825,2287a35a24fa9f1085efa15e03a268ecf4122301f730483f9f6c10ebc08d5b5a,1586,0,0,ANO C4 MES C2
ERRN1111.dbc,2013-11-01T11:30,36605,2e64da8f982170b94c945dfa46aae5c720fd7a2b51039c5cedd743769021c7ae,1728,0,0,ANO C4 MES C2
ERRN1112.dbc,2013-11-01T11:30,19900,d46a46f5f9fa84e9c5ae230a437836b267b855938e4110e0bf9aa69c299cf3d8,837,0,0,ANO C4 MES C2
ERRN1201.dbc,2013-11-01T11:30,34045,196cf3af09d4a810f4a6bcc913e7d10de090f51668ce7b9cfe27f570fb29b394,1648,0,0,ANO C4 MES C2
ERRN1202.dbc,2013-11-01T11:30,44010,a5128b3d19af527914e84e69cad51ee996c8eed64026016f037fbfd5bad7b412,2105,0,0,ANO C4 MES C2
ERRN1203.dbc,2013-11-01T11:30,36283,d354a3d529d2afaef0c5196ed71d0576affa0ae40640a85e84b969ac4a5af3a5,1724,0,0,ANO C4 MES C2
ERRN1204.dbc,2013-11-01T11:30,33744,6fb111a385e676f650f6d98d669e353ace51c373859b9723caa090d2bca861ea,1590,0,0,ANO C4 MES C2
ERRN1205.dbc,2013-11-01T11:30,38382,2718654bea43978ca7681307ca42cda24447707be78e1bf2fb021ee5d4f7ee22,1825,0,0,ANO C4 MES C2
ERRN1206.dbc,2013-11-01T11:30,40842,65b6dd888bf63162329fa9804e1da568954d1769843d46e7ad5d3fba49e2cd10,2092,0,0,ANO C4 MES C2
ERRN1207.dbc,2013-11-01T11:30,24700,8e2144315e341b1cacc222c7b87322c4ecb425435cff2b023e7a89b7b515c771,1126,0,0,ANO C4 MES C2
ERRN1208.dbc,2013-11-01T11:30,30431,fec0533edb4e1b991c15364b780de73978a4535577923564400d7a3cdb763f6b,1422,0,0,ANO C4 MES C2
ERRN1209.dbc,2013-11-01T11:30,28686,18b44c9b232d3c549c6f52210a797b5023aa72ec8222711e8e9652dd7a33c764,1317,0,0,ANO C4 MES C2
ERRN1210.dbc,2013-11-01T11:30,23632,f89fbf72ac2e260f9cd8e221a3675c5f947e3aa42c000bb4cfd201b3abfa4aa4,1053,0,0,ANO C4 MES C2
ERRN1211.dbc,2013-11-01T11:30,20701,0aee6a63e09295ac8ee8f3b6f2a7ade455284cb4049d427f2ad8ab3facef0b47,900,0,0,ANO C4 MES C2
ERRN1212.dbc,2013-11-01T11:30,24470,12745063089dfb238442bfed30232bdf5e14e977eb8c33d5aa8db4b6aa08a57e,1079,0,0,ANO C4 MES C2
ERRN1301.dbc,2014-09-25T11:18,30363,0a75c05d86cc68ae7b6190ec635621da513d832819c41e3f8a031a1b8f1656ef,1443,0,0,ANO C4 MES C2
ERRN1302.dbc,2014-09-25T11:18,44301,8bae01f81f6197898ee35b8a20d2569949d5b9effd4a15080a66daccad34d6f9,2172,0,0,ANO C4 MES C2
ERRN1303.dbc,2014-09-25T11:18,38093,78a3bc7c5f9def30fbb656916dd1e55ab0704bb1e92be8a272f268f8fc301d1e,1814,0,0,ANO C4 MES C2
ERRN1304.dbc,2014-09-25T11:18,33257,a1a6bfd8715d864fb42bd7bccb9e7316776dbc5d09ab2dbfb977c3036554cd9c,1559,0,0,ANO C4 MES C2
ERRN1305.dbc,2014-09-25T11:18,41143,124ad2c679bd6d19666548ed8ad385b887ec2dded7e22396381348c2ffe4fc87,1973,0,0,ANO C4 MES C2
ERRN1306.dbc,2014-09-25T11:18,50959,fe17ff777313da7de9bceb0f2ce1cf1a7c5b0999bb36fdb5bd048e00b1f98751,2445,0,0,ANO C4 MES C2
ERRN1307.dbc,2014-09-25T11:18,46803,c0a67c346dc266674b85efc656aa0d4a6938a440047e33450c0460caa20cdcde,2327,0,0,ANO C4 MES C2
ERRN1308.dbc,2014-09-25T11:18,44374,618b0b7389bed39f0d4c8607ded2e9ca5ff46140629db7e67155d3d4b3c829d5,2129,0,0,ANO C4 MES C2
ERRN1309.dbc,2014-09-25T11:18,50715,98602647ff542de0a2e47a543c87e630ed03bf7f3faa807dfef9b5df6463f272,2489,0,0,ANO C4 MES C2
ERRN1310.dbc,2014-09-25T11:18,47485,c03c47d742b501972637776ce75a8b757d6894d8d87828f32ecdcff5f6fdef5f,2315,0,0,ANO C4 MES C2
ERRN1311.dbc,2014-09-25T11:18,37164,76ced5443fdad16f46c156ab551186f7e22b59494832f6293e8e6e5d281340bb,1742,0,0,ANO C4 MES C2
ERRN1312.dbc,2014-09-25T11:18,41399,23b8acb44f9b2250b249a0d6709e98c9d0d43d1c678f8b8bfe74bf51e44d5c60,1941,0,0,ANO C4 MES C2
ERRN1401.dbc,2015-10-05T11:57,42762,6106ca1aab201ff3b781d3e6e13d95e93bc0933b2f2b3122e0f7931b804ac362,2034,0,0,ANO C4 MES C2
ERRN1402.dbc,2015-10-05T11:57,40409,59da12c66d2ad0adfa09870eca4f19a9c6bf6b6b66b08e365719e2d31a76cc20,1843,0,0,ANO C4 MES C2
ERRN1403.dbc,2015-10-05T11:57,32895,0119f6c67fa182eb0c3604a25f8acb67a05cccfd7628146784bf3640b9c7d3dd,1506,0,0,ANO C4 MES C2
ERRN1404.dbc,2015-10-05T11:57,32272,c632443badab132b8e5877b95c5bb84bf45b0860ebd481612599b722a3d77aca,1494,0,0,ANO C4 MES C2
ERRN1405.dbc,2015-10-05T11:57,39880,1af92dcff744d0af278c34aeed40c35aee62184bc2b3e79c9f63655a02919c9a,1888,0,0,ANO C4 MES C2
ERRN1406.dbc,2015-10-05T11:57,34638,b5bd0b7ed416c277970f422606812ed173c02a5ac544f4e9b57d300d19cb43f0,1643,0,0,ANO C4 MES C2
ERRN1407.dbc,2015-10-05T11:57,38361,cadf3eff978bb9c367d8dc5075c2a26d6f80ee37275158256ddc927b7ae2748f,1807,0,0,ANO C4 MES C2
ERRN1408.dbc,2015-10-05T11:57,38651,37706672f1105d1f484d1c71d834b00035d82353a87334be1ae9dd607b70b065,1855,0,0,ANO C4 MES C2
ERRN1409.dbc,2015-11-09T10:30,31293,69caa3a5cff53a7690f3966ce1a36b0dc233c52bc1e8306bb76a44fad9c4f0d0,1467,0,0,ANO C4 MES C2
ERRN1410.dbc,2015-12-07T08:58,37432,b012d430439e9f7c3ea37ef84417b114121c14b26748a43968d6c32a31da45e3,1790,0,0,ANO C4 MES C2
ERRN1411.dbc,2016-01-07T10:01,41526,03ac42be84f4bbe3458bb689058e7a929cf3a652bbd179ab8338588e8c6230ff,1991,0,0,ANO C4 MES C2
ERRN1412.dbc,2016-02-05T09:09,31172,af478b3addf285c4628ed921c5224a54bfdb345d9c03b9ca0aa328aebd00e432,1473,0,0,ANO C4 MES C2
ERRN1501.dbc,2016-10-04T10:21,32500,ec3c1c095911c41279f15446ccd8ad102a785e2a8f1d485a2a920b213bc62de3,1517,0,0,ANO C4 MES C2
ERRN1502.dbc,2016-10-04T10:21,24538,9c16cda56aa516f05d0e8ea44f6190bdda32916daf352e76fa0551a8685ebc61,1126,0,0,ANO C4 MES C2
ERRN1503.dbc,2016-10-04T10:21,33510,b147a5dd6a2e9f7a8e676545ac0609845914a789f52da826e918a6fa7f413860,1626,0,0,ANO C4 MES C2
ERRN1504.dbc,2016-10-04T10:21,26970,80516d3f53a454e8c5babdf2d726e5d08205795a2c867d47b86d3775276d2dda,1257,0,0,ANO C4 MES C2
ERRN1505.dbc,2016-10-04T10:21,30124,8fe14f76154b4afa8513ba5052d93e32bf6c88e256f742a35593d81d676b6283,1400,0,0,ANO C4 MES C2
ERRN1506.dbc,2016-10-04T10:21,34014,8968067ede61a9ab1c73a166697929f2c77109072b463127f4d1241e394d62de,1605,0,0,ANO C4 MES C2
ERRN1507.dbc,2016-10-04T10:21,35927,e9c897d96c938ee722fdbb873d79267b759f023fed21cab9084375146af1cc07,1696,0,0,ANO C4 MES C2
ERRN1508.dbc,2016-10-04T10:21,41242,dad992ef28a13eadeb554a77e056053a271c803adca4cc1b670bafe0fbc0dc81,1951,0,0,ANO C4 MES C2
ERRN1509.dbc,2016-10-04T10:21,38800,cc0b8dfa175db5a3016beb3b5441ed331cca7bc06daf627a0be76d80668a1600,1833,0,0,ANO C4 MES C2
ERRN1510.dbc,2016-10-04T10:21,31532,127bd1e8ae4a15d66d77bca8562004c3a72f710227da74828529614b368b1db0,1439,0,0,ANO C4 MES C2
ERRN1511.dbc,2016-10-04T10:21,34170,2cabd9ab663ff1ee4d3b65a6586c32082701647cc70170e666874ad50eb2c2b8,1583,0,0,ANO C4 MES C2
ERRN1512.dbc,2016-10-04T10:21,41415,e5b8a75ec2435e5711853717ada382cab359071cbb788baa6d1a9f3972b92c9c,1981,0,0,ANO C4 MES C2
ERRN1601.dbc,2017-04-10T10:08,31934,e35c78e77cf49a0c781620a09252fdb14c8c43e49104c0395ad0c77772664100,1458,0,0,ANO C4 MES C2
ERRN1602.dbc,2017-04-10T10:08,38241,d2a6de1a17b2e49e86f126c4acd295fbc07133de533c7d2ca0d80094079cc6e4,1789,0,0,ANO C4 MES C2
ERRN1603.dbc,2017-05-05T14:38,33293,379ad968467d1a8a7467e9b1dd93d66780bd4e3e27d810f92031909026eb3746,1524,0,0,ANO C4 MES C2
ERRN1604.dbc,2017-06-05T09:59,40163,23ab9fe380d30d16b72bf55e4adb49e57d87532f3a20f1863da0ad0db666f15e,1860,0,0,ANO C4 MES C2
ERRN1605.dbc,2018-01-08T15:28,35620,c23927297067389936c00733a9146d46770785f454ba5247497803be8466b4b6,1655,0,0,ANO C4 MES C2
ERRN1606.dbc,2018-01-08T15:28,31161,7a2e36867cd71b4b414d8107f491d824dc74ec0232f32bfac95e8400f123bafb,1420,0,0,ANO C4 MES C2
ERRN1607.dbc,2018-01-08T15:28,42976,fad35eed7b21a4b12f7fea4560f57b2d1a809ff91cd0a817b2109b8f963ca1ec,2082,0,0,ANO C4 MES C2
ERRN1608.dbc,2018-01-08T15:28,37714,33fd23e60006e81fc0a0e92451369e08d019d3db42145494035d89a759aad241,1780,0,0,ANO C4 MES C2
ERRN1609.dbc,2018-01-08T15:28,43205,4bea8baf1015a7cd85ddc1262362320ac109013ef4842f2a80a61d5407a0546d,2077,0,0,ANO C4 MES C2
ERRN1610.dbc,2018-01-08T15:28,38577,202a826512ad894c01f9b838719a9b97434b4effa93dbc452880927565dbd332,1777,0,0,ANO C4 MES C2
ERRN1611.dbc,2018-01-08T15:28,28363,5f46f6f2ebf7294517191b4fe75203021253982d2407ca54b610d2268d844897,1290,0,0,ANO C4 MES C2
ERRN1612.dbc,2018-02-05T09:38,29692,73b0002048908a7823f7dd376f731980e90bb5997e461984016a7bc571f420e5,1307,0,0,ANO C4 MES C2
ERRN1701.dbc,2019-04-10T16:27,24639,1d05c089a7b16d431232898fbbe068c6dd8b7174f0f7d849b579f89425d79b61,1070,0,0,ANO C4 MES C2
ERRN1702.dbc,2019-04-10T16:27,22979,c443138eb6bfafbfd2a113bbc6070d1655575d5dca52cff47433b5acac004060,1001,0,0,ANO C4 MES C2
ERRN1703.dbc,2019-04-10T16:27,19759,e17011e75e6da6030c7564601d9f4de6ae9aa44015b71d984b815154eaf52f1f,839,0,0,ANO C4 MES C2
ERRN1704.dbc,2019-04-10T16:27,24537,d452b6b2af18edea8f81855093871a8d274aedc52d76ba8c5205c93084d8090b,1096,0,0,ANO C4 MES C2
ERRN1705.dbc,2019-04-10T16:27,23383,93f880452adf36a439dc97cc461a833dcded9474ddee509f4b45b9411beddbdd,988,0,0,ANO C4 MES C2
ERRN1706.dbc,2019-04-10T16:27,26043,bb0d9a3a3ec09c838c949797caecbfbe68314c5f0e38ba55b3b9ffc6833bf731,1155,0,0,ANO C4 MES C2
ERRN1707.dbc,2019-04-10T16:27,27027,272d540f63fe76ad697712742a7617555214d35ab810b016a5790ca6a08a8a6d,1188,0,0,ANO C4 MES C2
ERRN1708.dbc,2019-04-10T16:27,27003,0f2b2cc62613fbafe1814b3208a690f4319ec26c9c10870571bc3363b1f57850,1166,0,0,ANO C4 MES C2
ERRN1709.dbc,2019-04-10T16:27,27448,cc062aad6b41e7cd23204587513610c29aab8ad414889aa8d4c2c58ee6d65b59,1207,0,0,ANO C4 MES C2
ERRN1710.dbc,2019-04-10T16:27,22392,9864d37b665fe5b407d7b617afbca69688a95ab01a91f665104f620e6cb9fb26,943,0,0,ANO C4 MES C2
ERRN1711.dbc,2019-04-10T16:27,20673,d3265b25fdb3baddbc7a94629e1bc3a5c9fa8d1bafa22f4b57e638f5ba2291ae,860,0,0,ANO C4 MES C2
ERRN1712.dbc,2019-07-08T14:45,24583,ac7ef304909295cd6ef45cf3909b9ac86557a8f0cf1cce35286649316ffc0a32,1078,0,0,ANO C4 MES C2
ERRN1801.dbc,2019-08-05T14:39,25819,4fb1b99e6551389d044d04907281836adbf33f9eb13368277d3ad55adf3bb63d,1118,0,0,ANO C4 MES C2
ERRN1802.dbc,2019-08-05T14:39,17578,33ee1aeca650d16325a738e922df1a91b2d85cc6e345796314da194f74626334,727,0,0,ANO C4 MES C2
ERRN1803.dbc,2019-08-05T14:39,25581,145db950e53ba10526a3e53ada8bf4e610355bc032b90b3cf8a22267b8d0f763,1097,0,0,ANO C4 MES C2
ERRN1804.dbc,2019-08-05T14:39,20572,4a0030176f9e0bb4827a9564561ce3204b74cbb7a53cb8c7125a1e8f47ebf300,868,0,0,ANO C4 MES C2
ERRN1805.dbc,2019-08-05T14:39,24948,6f362e775c91ed338c3e0732a51d18c2e468e6ddab5c940c5106712f3a21fe9b,1087,0,0,ANO C4 MES C2
ERRN1806.dbc,2020-01-09T16:49,24313,778e68fd645a1278ac823208678f7313ee8ad6a29ab686ca1a2cffcafafae61c,1097,0,0,ANO C4 MES C2
ERRN1807.dbc,2020-01-09T16:49,21563,5dbcf651c246892fa83b79396a972553d074f0d7303b9f9ab39a3ea4fac44781,932,0,0,ANO C4 MES C2
ERRN1808.dbc,2020-01-09T16:49,22231,a1575f6df6230fc91ae73b74034c76cfcc2348a6321989d277157aa5e3f2195e,988,0,0,ANO C4 MES C2
ERRN1809.dbc,2020-01-09T16:48,23247,706adac9a74d8b4edf74a99c62f6d059c76d8c194f39fc2af53ea47fccd61de1,1037,0,0,ANO C4 MES C2
ERRN1810.dbc,2020-01-09T16:48,21495,04199561c9db02df6179efbc5d9bdb8f777c74dcc26c262f5000b11ff9e30c42,968,0,0,ANO C4 MES C2
ERRN1811.dbc,2020-01-09T16:48,18354,48397e3bed6bf83a55ee1c23ebc087a8fd25a9e53fded7c916b1509c9c608c05,772,0,0,ANO C4 MES C2
ERRN1812.dbc,2020-02-07T15:02,53757,a95db93f9a1876e707a106f494424e300f5821ffc3f154358e9f83314eb5e85c,2604,0,0,ANO C4 MES C2
ERRN1901.dbc,2020-03-10T14:43,30495,18e9fa0814a5e0221b49185a1abf7d0de560c2c64aa274dc8b534e064b525ae5,1363,0,0,ANO C4 MES C2
ERRN1902.dbc,2020-04-05T14:39,30823,eeb2e047e0242a2c4f14c10e21d0416faa1addbd5cdbe263c1d95778a9e67c7a,1420,0,0,ANO C4 MES C2
ERRN1903.dbc,2020-06-04T13:54,31027,ca55be93d7e1b6215c35674ab86f0870276c85adc9ef6295456f255cdcd4df32,1435,0,0,ANO C4 MES C2
ERRN1904.dbc,2020-06-04T13:54,31115,9de5bcdf5bcf03418018c42c5e982055c791ddaebd54e1055fd35475aad44ed9,1440,0,0,ANO C4 MES C2
ERRN1905.dbc,2020-07-04T11:39,30530,0cf2f934e011f7b4093430fb7106d85caaab81416386a05caa7da4c8b06be8a3,1455,0,0,ANO C4 MES C2
ERRN1906.dbc,2020-08-04T10:41,29116,f90db5596c4e54f9cc594c4f35cc5a2d3ade09acca4d9609169ced60a2c5c15c,1401,0,0,ANO C4 MES C2
ERRN1907.dbc,2020-10-06T08:42,28937,1dd828dc78645b8e6779abbc5fe95ff3b27bfd97651aec014e38f0d825375cbb,1348,0,0,ANO C4 MES C2
ERRN1908.dbc,2020-10-06T08:42,30948,668e5cb356389748845f49c7c0d200046404cd66a107f1dae5fe1aecc33b7549,1448,0,0,ANO C4 MES C2
ERRN1909.dbc,2020-11-18T10:38,38779,3a84b6db432bba8bcb5457f4e09b78a6c0cd8cde44b60c2a5c4556c98c745d66,1848,0,0,ANO C4 MES C2
ERRN1910.dbc,2020-12-07T11:23,50615,4bda33d8ee47a0f65d9158e658929eb06bca32ba171b088ea582a8f6fb866481,2386,0,0,ANO C4 MES C2
ERRN1911.dbc,2021-01-14T08:10,44460,124e880c9f373ed4cc796b469b533e88c0dcc7e1c195d08549ca321d1a69b3e6,2109,0,0,ANO C4 MES C2
ERRN1912.dbc,2021-02-05T10:25,32545,d63f4e4facb4340d8c6e0bfd01372ccb33348aad4b648eccb5bedadd6f1fc30f,1544,0,0,ANO C4 MES C2
ERRN2001.dbc,2021-04-05T13:24,27278,ed1b1683e883d2d0b014cb2c381b02757e5791ba991def99457492311541724c,1273,0,0,ANO C4 MES C2
ERRN2002.dbc,2021-05-07T16:35,26483,285d346ad9586bf1eb152625ed4e7c3b62413df8349225491322ffc189c9aa0b,1238,0,0,ANO C4 MES C2
ERRN2003.dbc,2021-05-07T16:35,24975,1baf65805217182c94cdc8d948308b1e39fe0e469c52ddb4fa141c97668dc4c0,1185,0,0,ANO C4 MES C2
ERRN2004.dbc,2022-01-10T14:21,21803,a419f216d07b542c8e0e6f3a1ab5e472cb66a4ea36898f67f1c302c31b39d836,1010,0,0,ANO C4 MES C2
ERRN2005.dbc,2022-01-10T14:21,42643,2d48f53164dbe21478f2308425a3ee0e2d7d9e04ba286a0097931afdd474f1f1,2150,0,0,ANO C4 MES C2
ERRN2006.dbc,2022-01-10T14:21,33257,2eb278f83119e9f1e27cdfcbb5718a517385bcf545faa29eeaf5d834c1f041f9,1616,0,0,ANO C4 MES C2
ERRN2007.dbc,2022-01-10T14:21,23143,bb0b5c8fdbbe479229f9f40761aacf02a1f8a8bf85f79a9867782bb3d83dc1e1,1018,0,0,ANO C4 MES C2
ERRN2008.dbc,2022-02-07T10:04,26132,c5981ac1d6d77f37337842fb57823d38244c594d06d4a4017d03cbabdd222270,1213,0,0,ANO C4 MES C2
ERRN2009.dbc,2022-02-07T10:04,24803,11566c853771bcbd03005a57be293928abfd2590eda9a62f278530387bd622a4,1131,0,0,ANO C4 MES C2
ERRN2010.dbc,2022-02-07T10:04,21384,53f6b24dd4868c6da77bbb622b3071a31eb939db51074be2391ea3b08ca3e0e5,936,0,0,ANO C4 MES C2
ERRN2011.dbc,2022-02-07T10:04,16643,3f58b39c1bf429d6cd03fdcd9d7eea46a741fa136eff52b1c730ae6d06f10063,693,0,0,ANO C4 MES C2
ERRN2012.dbc,2022-03-07T13:12,20591,85b007cc5875bc732b421a371569b4183cab45050e6da615cea4c597a95f925a,881,0,0,ANO C4 MES C2
ERRN2101.dbc,2022-03-07T13:12,24958,cd6bfc08fb82b5de73e991e71e634bb05c0f48ffd55e9698e93a90eade43f4ad,1093,0,0,ANO C4 MES C2
ERRN2102.dbc,2022-04-11T19:22,31278,f7c3306f4f20c5589a74294f0ddf3ae13160355458ffd1d16e1307cf229101da,1429,0,0,ANO C4 MES C2
ERRN2103.dbc,2022-05-04T12:32,33903,f2292d1e8e60af8a9077ef22b58e5740d2c24f19a39c1da33284b9f0e1907733,1557,0,0,ANO C4 MES C2
ERRN2104.dbc,2022-05-04T12:32,30328,a33b349f5ecc9fdb11cf4ec6e085ea1328604c7a799a40d6f84d6f571d99276c,1438,0,0,ANO C4 MES C2
ERRN2105.dbc,2022-06-03T13:03,36431,5de3a07b68de4ec0148ff8e31818b59668e836e330ecf6f6fe6575f0f4c59069,1753,0,0,ANO C4 MES C2
ERRN2106.dbc,2022-07-06T13:10,33639,123e20b3ccee8beba901069b156319f675ac8bae7108eda3aadd0dd4dc62bb81,1607,0,0,ANO C4 MES C2
ERRN2107.dbc,2022-08-04T15:38,35206,e438978caa6e032dafbf17ae494d697933ef7ec07d9096cf91123ea58d634021,1682,0,0,ANO C4 MES C2
ERRN2108.dbc,2022-09-06T11:15,29809,7c99450c8d222522e58a8218299b0f304ef4b06eee199553a18512eda24e5f61,1439,0,0,ANO C4 MES C2
ERRN2109.dbc,2022-10-05T14:25,27264,468a1e0eab5c2bc2cc48576e737e2ae870b742b24828fd7e6302c93d3eb212a9,1290,0,0,ANO C4 MES C2
ERRN2110.dbc,2022-11-03T17:53,31908,5de2786d0e8bee01aff0f87017c74b48b6d8148f960a8f5ea7fbbc4b4302c0f1,1520,0,0,ANO C4 MES C2
ERRN2111.dbc,2022-12-06T16:21,29695,d3283b343c6a9a52c1ba90c284a57cd81f7665f5407b9234a2d9ab43a7aa3f45,1436,0,0,ANO C4 MES C2
ERRN2112.dbc,2023-01-04T12:45,29843,52e52853bde17893dd08a3a4ee8ebf52ce17323c6104944e4a8aeb8ec9ad4d35,1382,0,0,ANO C4 MES C2
ERRN2201.dbc,2023-02-06T12:59,32242,5a6cb98aec5bb5f13eb80f93976d9ea2711cb7887b22893f2434353d0b09fce8,1513,0,0,ANO C4 MES C2
ERRN2202.dbc,2023-03-09T16:42,28565,18fbc32e99804f1ddd770d5b0fb425eb468b635a3de2c5f6b78e49d9836cf365,1354,0,0,ANO C4 MES C2
ERRN2203.dbc,2023-04-05T13:31,31091,3f3b46166047ceb4e93b8e30e0edad3f9fc9068603dfd5d35df9cdd2c25380e8,1411,0,0,ANO C4 MES C2
ERRN2204.dbc,2023-05-08T14:30,49756,e0c6207ac2ba3e8aa48f462a762c992a6ad3833c6d9dd8cb1faf57962bcfac2b,2496,0,0,ANO C4 MES C2
ERRN2205.dbc,2023-06-05T11:31,46873,8913bafefe1ec065dd5e4f082f70a100df49747c68759773df54d03eed000732,2260,0,0,ANO C4 MES C2
ERRN2206.dbc,2023-07-05T12:43,49248,5000719acd7b71235b11eb226fd18fd81459900d8d6dce97fa32ec0d6635f33f,2438,0,0,ANO C4 MES C2
ERRN2207.dbc,2023-08-03T16:36,62043,e6386cc723b403dead61403c5135324ae15e07714e2089ae2e923a81d11d11d8,3056,0,0,ANO C4 MES C2
ERRN2208.dbc,2023-09-04T21:02,65254,3f25c678e07ac672b9192c05f2774ef1490b167468849caa4ec5dcc7c44364b7,3267,0,0,ANO C4 MES C2
ERRN2209.dbc,2023-10-04T17:01,84432,62b563e915893d21dcbc366230658e857126a38df05fa749530a01d89ce09427,4191,0,0,ANO C4 MES C2
ERRN2210.dbc,2023-11-06T15:48,74399,ee59ab5bc54ba2161b74e5378712cc0cb9e7289f77092d4ec494c565a340cbb8,3692,0,0,ANO C4 MES C2
ERRN2211.dbc,2023-12-05T14:58,62234,66ae4cc7cba2e4ef0b3e6767a5b2891cfbe4f2846bc3b6e35b5c0323cfa6b7ed,3070,0,0,ANO C4 MES C2
ERRN2212.dbc,2024-01-05T17:49,61080,d33a26c46dfa34324b73a4924cef773ec255cccdd0ec47434245661cd8efdb94,2992,0,0,ANO C4 MES C2
ERRN2301.dbc,2024-02-05T22:48,67012,41a0ac1a4aca19d44e4055a56fc8b526391f5e4b199db7e66a69df03b205182c,3393,0,0,ANO C4 MES C2
ERRN2302.dbc,2024-03-07T18:39,62782,ffddd687e7b17cc6e91ddf8fd6d14373b9001eac0bc686b8f13f526dc674e471,3151,0,0,ANO C4 MES C2
ERRN2303.dbc,2024-04-09T14:24,74462,52195bbb937ae7f090e96f6179f3030f753c6b658b31daea0e3e72625fd27dbc,3725,0,0,ANO C4 MES C2
ERRN2304.dbc,2024-06-16T01:07,68938,5d59986059edcf713bd8893d1ca45150ce41a7671caf485a93cd060480fc1c07,3495,0,0,ANO C4 MES C2
ERRN2305.dbc,2024-06-16T01:07,69625,e09b151774274419dcc552ba93cb1fa6fd77b6ef0540030b70a273d9b6a192d8,3514,0,0,ANO C4 MES C2
ERRN2306.dbc,2024-08-05T14:43,62904,e9e40da0731b349a3207f6bd639aeffc51c15e2938063ad969e91bfd5db1a461,3190,0,0,ANO C4 MES C2
ERRN2307.dbc,2024-08-05T14:43,62256,77441eaa51a29ddd3bcea23bc7bfce7da44e10183fa77905f2681cc7c9cfab95,3227,0,0,ANO C4 MES C2
ERRN2308.dbc,2024-09-05T10:26,71038,b3ca3ecf3c791382b96b0542f908bb0f0367502f1463adf81831a19fe9a13085,3640,0,0,ANO C4 MES C2
ERRN2309.dbc,2024-10-08T12:05,61051,4406c684df50e66b1ac6fe00dab46b6c09fb6893d210f4e7b90cd982216f7627,3066,0,0,ANO C4 MES C2
ERRN2310.dbc,2024-11-07T15:41,66801,13614ba386468a7dd53d15068fc37efa2341a2487fbd77a62ef08e005d9e917a,3398,0,0,ANO C4 MES C2
ERRN2311.dbc,2025-01-05T18:55,57969,69cc71d6241468169527ef0fdbb3d749330d999eaa9b41933fca8c9a162da52b,2991,0,0,ANO C4 MES C2
ERRN2312.dbc,2025-01-05T18:55,56731,050c66012c7c061b3194c3d5d6cd1be98f031b26282619c9d7340250707e2617,2891,0,0,ANO C4 MES C2
ERRN2401.dbc,2025-02-09T21:24,61559,8114f47938748de3e576100797df200213146120bccecec1ed2181792999007e,3167,0,0,ANO C4 MES C2
ERRN2402.dbc,2025-03-11T23:45,59683,dd6eff17f6c0d13bc506e8a4c39a86dc427fc43637956ea52a58120e9b427e7a,3057,0,0,ANO C4 MES C2
ERRN2403.dbc,2025-04-05T12:12,56471,cce34f83409cd18d69cedee0ff0b5b534939edd611b127ee26336bf9eab661b3,2881,0,0,ANO C4 MES C2
ERRN2404.dbc,2025-05-08T08:06,59668,82056c23e6a8798fa9ff53f3f8cb4f73a373398d07402c568b246079aefd1226,2972,0,0,ANO C4 MES C2
ERRN2405.dbc,2025-06-06T10:44,65587,ad891706bc4e5f785eeaa5f74e114ab390365f255887802f05b96a44d32b11f1,3322,0,0,ANO C4 MES C2
ERRN2406.dbc,2025-07-06T11:28,63828,aea2b1904c1da09ee89f47d7dcf5a7a16734d93ad99d1e411ddaf8ce5cacddcb,3258,0,0,ANO C4 MES C2
ERRN2407.dbc,2025-08-04T07:13,57176,eb79831bc53ac582ec34afd049c9e0426e205c089136222aa17da9c5cf129bbc,2919,0,0,ANO C4 MES C2
ERRN2408.dbc,2025-09-05T12:54,60196,d2a0fc0d7414ad4ec050c3c706977ee6dd230951d2911da75bddcf5eded08351,3036,0,0,ANO C4 MES C2
ERRN2409.dbc,2025-10-06T17:04,52845,3cb4bcf46275276e1d6bd7f1acfc7411e570533a20ca80e2625b7705f91d3d0e,2669,0,0,ANO C4 MES C2
ERRN2410.dbc,2025-11-06T16:20,51042,e3aeac56785d3081b9a1541e46cc7b38a6070ff771d3e502bbbaf580afedde00,2574,0,0,ANO C4 MES C2
ERRN2411.dbc,2025-12-05T20:17,47694,92a29af90bfcd33e349a3cd9bb282993dfee492fc062659cfaca2f76df9b2e0c,2425,0,0,ANO C4 MES C2
ERRN2412.dbc,2026-01-07T19:03,40552,06bc3ae459c354e50ada17b25aaa390a863dbd0b2a99bba9697d07cebe7c0ed2,2015,0,0,ANO C4 MES C2
ERRN2501.dbc,2026-02-08T14:12,47649,84fc9761c190338dae979fd1b1b22acf8f129a008e659dc8eb6572b1c2fb51f1,2402,0,0,ANO C4 MES C2
ERRN2502.dbc,2026-03-06T22:13,42096,e2cf2222263d2679b512a024c8a91b264c0a15af8cd4db5b1965fcaca0edeeff,2050,0,0,ANO C4 MES C2
ERRN2503.dbc,2026-04-07T07:24,37326,0ebec9c4d6a3712a277b1f924c8712a901fe90d86c0f8e3814fdacab8151fdf7,1857,0,0,ANO C4 MES C2
ERRN2504.dbc,2026-05-06T19:00,40335,96d446b51deb6e8edae30c58d1237f855f786d6f0917eaa2cc5566d47c09c673,1951,0,0,ANO C4 MES C2
ERRN2505.dbc,2026-06-06T20:14,35384,133136cf72150f61b07eb7a13d0a7d4e01f7e0d0e8066bccfa552b362cc5e74d,1699,0,0,ANO C4 MES C2
ERRN2506.dbc,2026-07-06T15:10,34995,4a76a527d86e194ece9e4b9749978dd3d0df00380620187ec5da78a73020d444,1681,0,0,ANO C4 MES C2
ERRN2507.dbc,2026-08-07T12:25,32195,538858c4168654d20fa87ac713bf74fc00b6f99b47bd1a20bc2de2efac2d0c57,1528,0,0,ANO C4 MES C2
ERRN2508.dbc,2026-09-06T21:26,40883,61ab6795dc12699b7146aaa8ef97dc084fc7fd3524084f7ec093e16950056f17,2032,0,0,ANO C4 MES C2
ERRN2509.dbc,2026-09-06T21:26,32174,4465b295faec484fa389b907c56f1692cb9c097878bd5fda71b04757a72bd498,1512,0,0,ANO C4 MES C2
ERRN2510.dbc,2026-09-06T21:26,30536,7bbaacd8fc7935776cc2b8886de5a5cc3a0822ff9cbfdbb793a660a17dfaeb15,1413,0,0,ANO C4 MES C2
ERRN2511.dbc,2026-09-06T21:26,27061,fa5dcbda6e7f4e5b285fa09c4807c35a9eaaeb11abcfe9f3db5b1cfd2a708a07,1198,0,0,ANO C4 MES C2
ERRN2512.dbc,2026-09-06T21:26,21801,419573e411a55f92b56356f7bd899d0b61c1c5c3fa79fb6de426f3536b4a54bd,955,0,0,ANO C4 MES C2
ERRN2601.dbc,2026-09-06T21:26,20925,f0cc44bf7bd7840627f32cec18d6a141ca657e2fb552bc9d50f71fd2784a62c4,906,0,0,ANO C4 MES C2
ERRN2602.dbc,2026-09-06T21:26,14078,f4b5f162626833c032fc88f2be4e51c5b89b4b2b5b427c09ee4bc0378da49da9,575,0,0,ANO C4 MES C2
ERRN2603.dbc,2026-09-06T21:26,21689,cddf06892228c4a09175c2b4e00da1a96a3db19a2a6c77bb151feb5f517faf0b,951,0,0,ANO C4 MES C2
ERRN2604.dbc,2026-09-06T21:26,24012,6472e92da03b4e1fc0f16eff592373f34112df36041a8f01c346262e2864af04,1058,0,0,ANO C4 MES C2
ERRN2605.dbc,2026-09-06T21:26,25144,65cd111d415b03a21c56ca2e8ec58124b72e732cd756654c41521dc701aee140,1151,0,0,ANO C4 MES C2
ERRN2606.dbc,2026-09-06T21:26,22059,4f24bcf3d452ed906b285fca6887026c316a120aeb2507a24d1743df10ff89f0,991,0,0,ANO C4 MES C2
ERRN2607.dbc,2026-09-06T21:26,22999,4e91ef56bc68b4b494f5fe76b4a490dab76c158b270b6190158e210b0b9620e8,1067,0,0,ANO C4 MES C2
ERRO1101.dbc,2013-11-01T11:31,8315,07f49fa651bc69f3fd28f6581873fed0d2b11fd2ab0bdb0b72f9d6e3f4a30984,391,0,0,ANO C4 MES C2
ERRO1102.dbc,2013-11-01T11:31,8804,b1c6dc57d03d28b9c5c2314d1cc70c552be9d7699a1c6e4ce0af0c8fc9fc8935,421,0,0,ANO C4 MES C2
ERRO1103.dbc,2013-11-01T11:31,18985,7e278b91c6a40aebe5af12839d4f6069e7eb7049750df90e303b4ca561024feb,938,0,0,ANO C4 MES C2
ERRO1104.dbc,2013-11-01T11:31,10175,4aa1e7bc997f5980b25eeb2686ee3f0fe42c988bd960b64e7caa79822d384c89,521,0,0,ANO C4 MES C2
ERRO1105.dbc,2013-11-01T11:31,18032,04daf16b3e83a77ed3dc25c4ae013e7db99ccbdf96c85bd1ea56303f4a582240,925,0,0,ANO C4 MES C2
ERRO1106.dbc,2013-11-01T11:31,16248,5e75bb062f061e8ab3f48921e6e68e15c9250bb728c4e765be2972c48928b80c,814,0,0,ANO C4 MES C2
ERRO1107.dbc,2013-11-01T11:31,21096,7c32b8aee4dc109175370608aeb37729c78fcc444d2c2e7e795d2baddd3bb401,1085,0,0,ANO C4 MES C2
ERRO1108.dbc,2013-11-01T11:31,21818,1477fecc78a19a73ea7a455953b9ca8871c017585f255406f08229167d161f88,1209,0,0,ANO C4 MES C2
ERRO1109.dbc,2013-11-01T11:31,11982,0ef5e00c44f4fae257fbb24cb17ab9d5a6f3630263cb6909045dde4108a7bfbf,601,0,0,ANO C4 MES C2
ERRO1110.dbc,2013-11-01T11:31,15335,5812760d460a13a03bcda27d606f8e9924af47c4f8f61c7ab3ddc65f6a1ca288,777,0,0,ANO C4 MES C2
ERRO1111.dbc,2013-11-01T11:31,9281,7ff86ad6a9ec04a198fde061cf8bc7e54f40d617a41a4d75568dce95d4599d3d,448,0,0,ANO C4 MES C2
ERRO1112.dbc,2013-11-01T11:31,11770,b293d188e1098d36ef5635ae966fdc7e2aaef5f2506203b98523b3ca6e32ca7d,577,0,0,ANO C4 MES C2
ERRO1201.dbc,2013-11-01T11:31,9809,0407510908a7ede85290fc5a75fd1380e9332ee0c1c9df9f8cbeec0eb6d11784,447,0,0,ANO C4 MES C2
ERRO1202.dbc,2013-11-01T11:31,10069,06b4056e789f9c437e63d6409f36e520967def3ff2e2a709735e5d990110edf4,472,0,0,ANO C4 MES C2
ERRO1203.dbc,2013-11-01T11:31,10196,4ec2090fcc50cac403113a2e20c88499c0025ae9aa5bc9dfbf49273563b2259f,531,0,0,ANO C4 MES C2
ERRO1204.dbc,2013-11-01T11:31,5861,b2d57850b1ac30c492400e3d45ceb6a397e03566083acea3f6eab0054c41f64f,275,0,0,ANO C4 MES C2
ERRO1205.dbc,2013-11-01T11:31,3549,0135cecc75472911c9266e9f14050322a403e3197d80da991ef7986e3e7dae2e,153,0,0,ANO C4 MES C2
ERRO1206.dbc,2013-11-01T11:31,4356,fb4c04229496e654de380cffa4f896cf6a793be6d2414ce5f7984df16f8fad96,185,0,0,ANO C4 MES C2
ERRO1207.dbc,2013-11-01T11:31,5945,c4784d0a0daa80b4a5b318d0c2cd6e1ca68e23fb48a8d019fd95222595f8452d,285,0,0,ANO C4 MES C2
ERRO1208.dbc,2013-11-01T11:31,4802,e95584fa655637ce2bded7a38cf715c6727458fbde68fc9ff5c744e3f3ae9eb1,207,0,0,ANO C4 MES C2
ERRO1209.dbc,2013-11-01T11:31,13220,a9209385a7ff6bbc8b56e664ed079b9cff37f60d1cb783c9c7752d1d7bcf9a2b,640,0,0,ANO C4 MES C2
ERRO1210.dbc,2013-11-01T11:31,9855,d8cd6e5235167a3e0de4a55734a6f6ff68d0c4d9d94209c39c917d46869b3758,464,0,0,ANO C4 MES C2
ERRO1211.dbc,2013-11-01T11:31,13231,a84300b0b55cec7394a4b3487cbd080aedf698073373c6375e7b0c61ec92d0d8,682,0,0,ANO C4 MES C2
ERRO1212.dbc,2013-11-01T11:31,16714,ae388210e92f6b15373b050955bae2b4a6a5abd200244ad6b55a874a8a733402,853,0,0,ANO C4 MES C2
ERRO1301.dbc,2014-09-25T11:18,7816,b493b715647c3f3af986f82c9f38b540382e2db0c42937febc474f418f824a8a,350,0,0,ANO C4 MES C2
ERRO1302.dbc,2014-09-25T11:18,7132,acd80ae5d22bc59250ab7f03d78ea5e859f5af043f4aaa7bec1a0560d204c8ca,329,0,0,ANO C4 MES C2
ERRO1303.dbc,2014-09-25T11:18,6243,dd783c46708fd183c6a17dea875d23e907d1bfd6d1427eba96433299e987d92e,289,0,0,ANO C4 MES C2
ERRO1304.dbc,2014-09-25T11:18,4928,d54c920edf2f5322b0e070c18ce08ebfcffc06ca52237551906892f3ed06702e,229,0,0,ANO C4 MES C2
ERRO1305.dbc,2014-09-25T11:18,5410,12de0332585ae1677f7245a4873f28b21b98c7f0eb4a05e75f72ddf34c6ca322,242,0,0,ANO C4 MES C2
ERRO1306.dbc,2014-09-25T11:18,12757,b19a88e61e8dd10fc1d448b47b57bb65901c24952aac0f9e506c402d605047c8,605,0,0,ANO C4 MES C2
ERRO1307.dbc,2014-09-25T11:18,12532,c4ef910741d8683541d0eecdd3345dc8b47426ddeacaf1e5a5cc37c360af9264,665,0,0,ANO C4 MES C2
ERRO1308.dbc,2014-09-25T11:18,11647,8be551780ba17500c89a62295858b5f6f90f60a27ac43f8f77abc876c4c5e3dc,572,0,0,ANO C4 MES C2
ERRO1309.dbc,2014-09-25T11:18,13664,c1f04663256edd936b5a2f0d1298e49788bb94faca78805eb7c69ecc91a65dc0,699,0,0,ANO C4 MES C2
ERRO1310.dbc,2014-09-25T11:18,14584,29d9c4d41f0f4a47dd0ef2a84204d25810c8a2ba0bb9305d150ce5db587d462c,736,0,0,ANO C4 MES C2
ERRO1311.dbc,2014-09-25T11:18,5927,36bd67bb6721d5ba808315e16c04a95a4b8e914cfa18bb13b4f73dd41e31def8,288,0,0,ANO C4 MES C2
ERRO1312.dbc,2014-09-25T11:18,4856,d1bf28b4b74aa562693b1d6516f2cbbc51df2b43651cdcef4a5befe0e81d362c,224,0,0,ANO C4 MES C2
ERRO1401.dbc,2015-10-05T11:57,6503,f028f1b9072f517cd58f2bec4c3d819e702c9065535064dd9ea528ebc1a9011d,301,0,0,ANO C4 MES C2
ERRO1402.dbc,2015-10-05T11:57,4387,be1e692a7b3040efe422fd2ac885cad8e2d87dedf02e0a964f88fd06efe4396e,196,0,0,ANO C4 MES C2
ERRO1403.dbc,2015-10-05T11:57,4761,42a2f761ce6d7e71aef2e38bf12bc947c159a60966d4c8f8482eb5c5f6ead5ce,209,0,0,ANO C4 MES C2
ERRO1404.dbc,2015-10-05T11:57,18019,bdc5bb3f1253ddec043173588ce30fc0c2f9e12e11b0b679d0295108ff0a0fe2,902,0,0,ANO C4 MES C2
ERRO1405.dbc,2015-10-05T11:57,35974,83166f20941e979c3783540aca692db08a5a115e17fffb990d64ab05b48599d0,1978,0,0,ANO C4 MES C2
ERRO1406.dbc,2015-10-05T11:57,9358,8c9a3ac723af1f60ecbcd53e267ac2dd826ae2d59834fb92aa15d4a4d67b6d02,432,0,0,ANO C4 MES C2
ERRO1407.dbc,2015-10-05T11:57,6498,b7ee8eb5ffcabdaa751f88195c706aaa0d3f2b12c1d830c52ecfc2f4d49cc421,296,0,0,ANO C4 MES C2
ERRO1408.dbc,2015-10-05T11:57,9916,ba6443a2445cb5090d9fc0bf4b7ec7e03f518dff6782a70fff9478411732bd9a,471,0,0,ANO C4 MES C2
ERRO1409.dbc,2015-11-09T10:30,6618,4c71f67ba9f8f79556d9332dee424c21afa53dafad6f6c2e73e5a756882d849c,288,0,0,ANO C4 MES C2
ERRO1410.dbc,2015-12-07T08:58,14975,81e331c8be15bf030df66eb87283d2700c5902ec86ac9927bb16a784be754f2c,699,0,0,ANO C4 MES C2
ERRO1411.dbc,2016-01-07T10:02,15323,19456330b93014d0077a6afea19a6adabba6b3dcf7ad812509f4ab011cd6cce5,715,0,0,ANO C4 MES C2
ERRO1412.dbc,2016-02-05T09:09,11069,47cf883b65863557ff4f59cdc74d44f4a32facb4e262fa3c53da7f015b8b0d0a,523,0,0,ANO C4 MES C2
ERRO1501.dbc,2016-10-04T10:21,10448,118778ad0f33c83f0ec149868e695453b277d6b56a02edb659ef765ed6187ca3,471,0,0,ANO C4 MES C2
ERRO1502.dbc,2016-10-04T10:21,11599,c73be0ca9905e810b43111286dd0ac493be5ad79e48cb69c8ba68bbf17f83490,532,0,0,ANO C4 MES C2
ERRO1503.dbc,2016-10-04T10:21,16875,7c34fd552f6b7fb1be75814a1b88e62bb4114e39b9b3b05971f47ead1c7eb880,790,0,0,ANO C4 MES C2
ERRO1504.dbc,2016-10-04T10:21,15183,111d647e8cd8cf6e6ff59762d060b96d020ddc40ab4a44c484da7ae0c1e2e754,735,0,0,ANO C4 MES C2
ERRO1505.dbc,2016-10-04T10:21,22703,5fd3db5df8dfc71143ec233302d44b995104ad84c8899dd974384971a50971c5,1106,0,0,ANO C4 MES C2
ERRO1506.dbc,2016-10-04T10:21,17163,30830afa3405e3f588fd02f8840b1e02bcdb8fad03a3cd22d7142594ca233eb2,793,0,0,ANO C4 MES C2
ERRO1507.dbc,2016-10-04T10:21,7412,3c648777ff883997d7a55dd1f46562d591d4f959fd60a206277faf90ee8b4a3a,330,0,0,ANO C4 MES C2
ERRO1508.dbc,2016-10-04T10:21,13044,3c1c1cbbe3a74d03a35fa5d7f100c3ceb7b4aa8163b6943d348b3c877c48322f,602,0,0,ANO C4 MES C2
ERRO1509.dbc,2016-10-04T10:21,8769,0179760de295a6b9a4b24b2918a061e6ce7064923a062e08c5c989579040c1b6,394,0,0,ANO C4 MES C2
ERRO1510.dbc,2016-10-04T10:21,10239,68c06362a1a7dec67a8b18e8e7d9ada5ffd9cc744633da8666e21871ce55d9d9,458,0,0,ANO C4 MES C2
ERRO1511.dbc,2016-10-04T10:21,25108,43145f43968677411b9e1bd4dcc0bc5f4294834f440a15cfb7e7f5c2e9650629,1265,0,0,ANO C4 MES C2
ERRO1512.dbc,2016-10-04T10:21,7377,4a7918d9f72d0f1a494a23b803a9d34a4b523bed27e14fccf329ebf6c58e9246,322,0,0,ANO C4 MES C2
ERRO1601.dbc,2017-04-10T10:08,6255,8869733266e2a54fb919f58ffdcae2529f9e5b97e31f1b611631b7ae63b15116,287,0,0,ANO C4 MES C2
ERRO1602.dbc,2017-04-10T10:08,13115,d18ee4cf5ae8dada7fc8aab609c3ce15b85a188ee3673255ac24428c341aa7f8,644,0,0,ANO C4 MES C2
ERRO1603.dbc,2017-05-05T14:38,8948,f18ea05bb441a36d1509671d775f22e5660d8a37c3a243f98ba3c324ef81f123,414,0,0,ANO C4 MES C2
ERRO1604.dbc,2017-06-05T09:59,12374,0cbdbe4a459272b7032449a390edaa7ee4c8e69465c927636db9fd25cf083613,573,0,0,ANO C4 MES C2
ERRO1605.dbc,2018-01-08T15:28,17406,53f7866092ce0818c23e8b32a28096c36433cbf88cdb95def198d5e7787206af,850,0,0,ANO C4 MES C2
ERRO1606.dbc,2018-01-08T15:28,11785,a599b2cb2dfd54ea5aa5884d2e38fd4f5deec5aec2bde3967f264bdfc9b4c4df,570,0,0,ANO C4 MES C2
ERRO1607.dbc,2018-01-08T15:28,6962,91cbcc27e168b1745f357c096d26456dda2c3cf9de8f3482db0574b4854a3f94,331,0,0,ANO C4 MES C2
ERRO1608.dbc,2018-01-08T15:28,11456,b99ad8f35b75ab7631c87bfa16ee0beb3ede1897c4155cd18103dd08f7f38724,534,0,0,ANO C4 MES C2
ERRO1609.dbc,2018-01-08T15:28,10526,0b6f8cfafe5ec3d91bde42a9519e3ec7447b1575b76cfcd7633143e19b53a541,508,0,0,ANO C4 MES C2
ERRO1610.dbc,2018-01-08T15:28,9460,69d87acc49d2ae446f81034455ec4b4daef8de318611a1273ad89cfcc7d6e17c,440,0,0,ANO C4 MES C2
ERRO1611.dbc,2018-01-08T15:28,8345,bf623bcafd4bd1b1a71a9154c6bf76b024348b7892c971d49955a6493541fdb4,383,0,0,ANO C4 MES C2
ERRO1612.dbc,2018-02-05T09:38,12632,ccaaab73bd5867443aa8bea6e32348d68d9a5f4219ca1261185febb468a93946,601,0,0,ANO C4 MES C2
ERRO1701.dbc,2019-04-10T16:27,11023,b9ed263d4fe041db15ef58be3c5942d9943b365832c1fcb8c4921d4b52c5a735,518,0,0,ANO C4 MES C2
ERRO1702.dbc,2019-04-10T16:27,10867,3564c0b9c67d7d0738156dba9ae5ff027ffe889f03d9cff994c922a1fee706d5,494,0,0,ANO C4 MES C2
ERRO1703.dbc,2019-04-10T16:27,17596,957e997c831987ee45d854a011453d92c2acd64fd6185c6d68ed7993ec0b250e,856,0,0,ANO C4 MES C2
ERRO1704.dbc,2019-04-10T16:27,7781,7d281c20ea213baaba62c859944e149b061cd813bfde4f716dccc1b2e688c44a,346,0,0,ANO C4 MES C2
ERRO1705.dbc,2019-04-10T16:27,10566,c8665cb09d3c89f4c1df5343b2bc928c0821a5c705da704012a7eb3c2bae4897,523,0,0,ANO C4 MES C2
ERRO1706.dbc,2019-04-10T16:27,11497,b9c25975da9a85d8b77c02904b1188c599f115fa0ab5de6198b94e7812e0f6f3,544,0,0,ANO C4 MES C2
ERRO1707.dbc,2019-04-10T16:27,11744,c82c84399723546da6b87c6cd19b77edd84c788e2f721d305d34be5f75dc717b,530,0,0,ANO C4 MES C2
ERRO1708.dbc,2019-04-10T16:27,12603,7b05497c40f4c0b8dcf891994439b7cfab7126ea84f5c22853fc9671513a5ee5,559,0,0,ANO C4 MES C2
ERRO1709.dbc,2019-04-10T16:27,12292,467ede0a14202839039fe639fea35cd96bc38bfe9e662b198ca07f556a79f961,562,0,0,ANO C4 MES C2
ERRO1710.dbc,2019-04-10T16:27,15941,eb7f7d3b1acddf814670b546c93fc29bfec090b2b2ac932a0e4df7dcd8abc7b5,770,0,0,ANO C4 MES C2
ERRO1711.dbc,2019-04-10T16:27,18367,5c6541b71a1bfcff95fc67209c930e36fbb2fd5ecb0e0919500c01a288796ba3,903,0,0,ANO C4 MES C2
ERRO1712.dbc,2019-07-08T14:45,12489,697eb6245e1c22346247439b2334f4337e6186592ff058c30264b0e672a8c814,568,0,0,ANO C4 MES C2
ERRO1801.dbc,2019-08-05T14:39,11212,7475e248520506a535b05dc5ff457fb120854ed26e2df96a111acab8ee4a91c4,499,0,0,ANO C4 MES C2
ERRO1802.dbc,2019-08-05T14:39,12734,db90d65e6f7c34a5c6e50e511381d9d3fd6926cdcd1a643c8e67ad14b107bab5,576,0,0,ANO C4 MES C2
ERRO1803.dbc,2019-08-05T14:39,9107,e2939cef0fe7ba583d063ba3ee809fcefc2acad4490e68c7493c49e154386251,405,0,0,ANO C4 MES C2
ERRO1804.dbc,2019-08-05T14:39,8484,26c489a4f4c25c12d786a1bd4dc468b6482b7bf3deefad58ed362cd8ee68455d,370,0,0,ANO C4 MES C2
ERRO1805.dbc,2019-08-05T14:39,12905,7fed8488fb8ab1e0d0ff3181cb40b8468597641013f17ab4c9ab862890583387,616,0,0,ANO C4 MES C2
ERRO1806.dbc,2020-01-09T16:48,10379,c2bcd857fe130b9035452cdecd742d42f58d61b32e38966a09228d1f9359aedd,467,0,0,ANO C4 MES C2
ERRO1807.dbc,2020-01-09T16:48,11166,7b66d28382020cd18be6c5b05b1b08c050bf132eec7d6cae39f5daa67302936a,491,0,0,ANO C4 MES C2
ERRO1808.dbc,2020-01-09T16:48,10273,6d051c3310e783211dc0065cec5e73561ade9694e77bccfbdee1f23cefac65ba,439,0,0,ANO C4 MES C2
ERRO1809.dbc,2020-01-09T16:48,14945,a56720e281c5bbb202e46f19840757d762f2ff6c156f349cce1674702725a881,711,0,0,ANO C4 MES C2
ERRO1810.dbc,2020-01-09T16:48,16223,ef328d3e4f65cf73eefff3b3ceb6c11cd82da6062b35fc8bb7dce0cabeaca07c,738,0,0,ANO C4 MES C2
ERRO1811.dbc,2020-01-09T16:48,11467,2f2c2566c2e2626bafb228161d74bd7fde8e8048a8ae6f43677fdc5a872714b3,516,0,0,ANO C4 MES C2
ERRO1812.dbc,2020-02-07T15:02,10080,62c5ccbfacc0c14fae62a4f89c2a6eb0233e94ac0104ca6a7ba74708f33a9199,444,0,0,ANO C4 MES C2
ERRO1901.dbc,2020-03-10T14:42,6649,777870f618fe378503fa61e84670aebd383a953291eea69304900034c40ebcb5,292,0,0,ANO C4 MES C2
ERRO1902.dbc,2020-04-05T14:39,23074,786f1abac9f793aac405a1f756c83b233c8c32b74c9796884abf4db2ad5b8f99,1119,0,0,ANO C4 MES C2
ERRO1903.dbc,2020-06-04T13:54,10651,a16382d0d99e3e1bd972890844cdd9a1b22fc88a8c9e6bb398345c930d51ab30,475,0,0,ANO C4 MES C2
ERRO1904.dbc,2020-06-04T13:54,11127,0eee01d6749b3e3fc2320d59d7528276dafccf6c4c4be8cc80e5ea9e133f0c2a,504,0,0,ANO C4 MES C2
ERRO1905.dbc,2020-07-04T11:39,10249,dcca8088f98ff3262f20b45c11e23299f9221fe1d5ed1968b8f568f56ff87e80,455,0,0,ANO C4 MES C2
ERRO1906.dbc,2020-08-04T10:41,22755,8de5d944ceb1f7b4cb0c354a6b6e021ca8dbd258ef300c0a8bab28bff95cdf68,1086,0,0,ANO C4 MES C2
ERRO1907.dbc,2020-10-06T08:42,17728,bd295e18a266da5d3da08018285759b0a021cd2b7b6783e5f88a3ff4d4fa85a6,810,0,0,ANO C4 MES C2
ERRO1908.dbc,2020-10-06T08:42,16007,f9d26e873bb34c2b6d9665fdbb72e529b06defb844107d2c2d6c28806c3ac913,742,0,0,ANO C4 MES C2
ERRO1909.dbc,2020-11-18T10:38,14082,cee3052073fb6dda6593dcd383b4b4cba97de2d41189fe121028e4a9099cc16a,648,0,0,ANO C4 MES C2
ERRO1910.dbc,2020-12-07T11:23,16414,54c9c84e5f1b1186e18311a4f5603aee3848c0548b2fa470de54928dcaa3c6b7,768,0,0,ANO C4 MES C2
ERRO1911.dbc,2021-01-14T08:10,14527,e3a3f1853f6cc5061bd6d899ef9044600604c47c07aef2601f566b3f4009d411,660,0,0,ANO C4 MES C2
ERRO1912.dbc,2021-02-05T10:25,9865,bcbe9892b368a5e2c3d4773e7bb96bc5086e49c0e50d1140fd110db59b35f6ef,443,0,0,ANO C4 MES C2
ERRO2001.dbc,2021-04-05T13:24,8763,01c46723327364ad623585c2acf245896e389c80665517dc5df9096fceb613fd,399,0,0,ANO C4 MES C2
ERRO2002.dbc,2021-05-07T16:35,13450,aeec255638f092045e66ea838217806631cb303dc5b170d0db93aed031e8b5e7,630,0,0,ANO C4 MES C2
ERRO2003.dbc,2021-05-07T16:35,11453,6e760d06119bc4422dd368383d533353f76e1811fafdd69b9748443c49bec14a,529,0,0,ANO C4 MES C2
ERRO2004.dbc,2022-01-10T14:21,9547,d98dab9b20f5786eb0c0e8d82900347fa334d968c947a430a3232dfbe7d29884,435,0,0,ANO C4 MES C2
ERRO2005.dbc,2022-01-10T14:21,9635,dab5767a9598a58c49a8b2b43224d6985b9e57603a2c4c98b55d5509061bbba9,425,0,0,ANO C4 MES C2
ERRO2006.dbc,2022-01-10T14:21,11364,ed665b372b68b6e5033802938b58ec56f78c58eace713975052d7233f4a0917f,554,0,0,ANO C4 MES C2
ERRO2007.dbc,2022-01-10T14:21,17683,9576e079c106dc73649d8d128b1f03153fdf9096fa43ca9627d5bd723c165f71,934,0,0,ANO C4 MES C2
ERRO2008.dbc,2022-02-07T10:04,23148,b8bdaf4c57acb9f1ea246a9e08e5dcd1e94f2ce7b0d10b9809ae65f673f93ff4,1268,0,0,ANO C4 MES C2
ERRO2009.dbc,2022-02-07T10:04,25429,f3564cf297dbacb071f5ef28ad88bb10445209c54f6b83573238241be8c5728e,1355,0,0,ANO C4 MES C2
ERRO2010.dbc,2022-02-07T10:04,26415,e5f0b4ba470898c70675ec3ae97986d71725731324946fe177fd8c0a777587ab,1345,0,0,ANO C4 MES C2
ERRO2011.dbc,2022-02-07T10:04,31651,ceca6880facada30ec6cb652598816f4f49e8f7e7dd631ee969b05674466b781,1754,0,0,ANO C4 MES C2
ERRO2012.dbc,2022-03-07T13:12,23012,7f2192f3fb8dd3b48a4f0243a13cc13d801087b0716beb368cb2ab9f30274782,1230,0,0,ANO C4 MES C2
ERRO2101.dbc,2022-03-07T13:12,42611,25373408f735d04efa59988a82fdabddad564274ba5a932d0cb43a4c1c9c8633,2438,0,0,ANO C4 MES C2
ERRO2102.dbc,2022-04-11T19:22,41767,5c1729b80c5f27cb22311db0bfde05513cb27f45927439c7f751fffd50e0849a,2292,0,0,ANO C4 MES C2
ERRO2103.dbc,2022-05-04T12:32,49669,f840a748efcc093556b39f80ed1257e6fcda883f543d612285479e14e88b96d8,2812,0,0,ANO C4 MES C2
ERRO2104.dbc,2022-05-04T12:32,41791,9edd3febeb31899e589a4317a3839d0ff352d04b7c5336cefa3ab7f26206b68d,2257,0,0,ANO C4 MES C2
ERRO2105.dbc,2022-06-03T13:03,52025,f0846448a1157521d559d547c7a096d8aade099a4a26d35a019265cae0e2db4c,2921,0,0,ANO C4 MES C2
ERRO2106.dbc,2022-07-06T13:10,36339,d7155d227676673fff5b6d9e5f2f247ee72427ba9739e968d213c236dcd860b4,1988,0,0,ANO C4 MES C2
ERRO2107.dbc,2022-08-04T15:38,29132,48934ece0deb637c6076364eb2ce6133c724a4f80570a0865a78d3d99a492bd0,1520,0,0,ANO C4 MES C2
ERRO2108.dbc,2022-09-06T11:15,37118,701a6965b41a4b5fb402ffff80cd589db52da3da862eab9bbfea4a3e042ef8e6,1929,0,0,ANO C4 MES C2
ERRO2109.dbc,2022-10-05T14:25,18819,09891585401499cc7f28b5eae0e99ee9115f2921953d52498a60b2ffe0138dbb,912,0,0,ANO C4 MES C2
ERRO2110.dbc,2022-11-03T17:53,14261,4d411123075ceb377e5e652727eb9f2a5e359957408d65448a145cfb193d9dc9,686,0,0,ANO C4 MES C2
ERRO2111.dbc,2022-12-06T16:21,14004,876ca9558d6085a3387eb50f5b9acd789e1e5787c8f0a097be49c4011b403e5d,642,0,0,ANO C4 MES C2
ERRO2112.dbc,2023-01-04T12:45,23094,2cf726c2d4106a895764b8c003674603f5262fc6a53e938dbea5a34a72dcb5ae,1140,0,0,ANO C4 MES C2
ERRO2201.dbc,2023-02-06T12:59,14027,66bfce4dca38c181e0f3ebcd0ecb9effd69ebda7b29b83fa49a20a6a9675c82b,664,0,0,ANO C4 MES C2
ERRO2202.dbc,2023-03-09T16:42,19327,819293637e29a65dd983c294b27606188c3997e76a3fee43cb2eb321b908186d,941,0,0,ANO C4 MES C2
ERRO2203.dbc,2023-04-05T13:31,21267,9952f5676fe726cf10d71364be3482d3b9ccd7a9404a0f3945bf40f2472f96f3,1017,0,0,ANO C4 MES C2
ERRO2204.dbc,2023-05-08T14:30,22224,e956697994e892b53f2fb1937df7362c220912ac060839ae4a66014009b1f740,1155,0,0,ANO C4 MES C2
ERRO2205.dbc,2023-06-05T11:30,36454,62437d3c2434dff34f0ab4a2b67a835a13bbd7a888a89ea7c4c05cfdb093180e,1794,0,0,ANO C4 MES C2
ERRO2206.dbc,2023-07-05T12:43,38526,82eff3451a86ad89ab7e59910b5d052d4b04d53fa1cfa3b41c4a51180b7becc0,1940,0,0,ANO C4 MES C2
ERRO2207.dbc,2023-08-03T16:36,29180,22976ea16e6573814baba3fde0877fea4597342ec641e2ac516b253ca9148742,1445,0,0,ANO C4 MES C2
ERRO2208.dbc,2023-09-04T21:02,67037,e7e498c7276c8059eb2add12669f6adaa9935f67dacb4aedc4bb9236f6e047c8,3579,0,0,ANO C4 MES C2
ERRO2209.dbc,2023-10-04T17:01,52412,5f3d46a85b631877e7221b911767838acc4d538bd3401d171cd9de71952cf0a7,2719,0,0,ANO C4 MES C2
ERRO2210.dbc,2023-11-06T15:48,48156,33e9adf1f061c7d83f4e6835d46e1729be00106dfbebfb4afb19a01c1c0d7f2b,2455,0,0,ANO C4 MES C2
ERRO2211.dbc,2023-12-05T14:58,37021,72f04b3384d1256042f04f9fc61bd21ed2ca5df69438ea4a798523fd3feb88f6,1853,0,0,ANO C4 MES C2
ERRO2212.dbc,2024-01-05T17:49,27209,67143016fa1a0071c1a09ace6e076db3eb5ebdc57ad2f2e773c0fca9cd80ed26,1347,0,0,ANO C4 MES C2
ERRO2301.dbc,2024-02-05T22:48,37248,fef6c6a9e056ff478680262a615dfa3ba0e35aacce3a8b84f9bd3fb37ed989b1,1983,0,0,ANO C4 MES C2
ERRO2302.dbc,2024-03-07T18:39,49748,217e81c0b4770259f5d62fadfd924c511abd6b3b9e95172ec91174157a5a99ad,2648,0,0,ANO C4 MES C2
ERRO2303.dbc,2024-04-09T14:24,49519,34b0b2684ff43e517444e8336efe1d0d45507b934041807c6212e0402029416b,2582,0,0,ANO C4 MES C2
ERRO2304.dbc,2024-06-16T01:07,44065,f7961234236209921a668eeed9e6d6088b0d49cbe07aea33784c00c52a13fc8f,2288,0,0,ANO C4 MES C2
ERRO2305.dbc,2024-06-16T01:07,38915,6add98ab97c2d8df02aab53c8c97c3f2f881bbbf313e4aa33055d3c359d5eac7,1968,0,0,ANO C4 MES C2
ERRO2306.dbc,2024-08-05T14:43,28545,d8ffe3406e5fb86389c38c9c06d128f0eaba1b458fce2bdc866128da01a89518,1384,0,0,ANO C4 MES C2
ERRO2307.dbc,2024-08-05T14:43,36675,0927a72353d76cb7482ba964a0a0a808b90ee11f6168071f7ffa7cc6300b9c20,1820,0,0,ANO C4 MES C2
ERRO2308.dbc,2024-09-05T10:26,22677,325400f706618a44164bd716041d7f479d5bf59f43ff19ae9c65eb84fa2c7b7b,1104,0,0,ANO C4 MES C2
ERRO2309.dbc,2024-10-08T12:05,24116,8962ad3ff53026003213116e9eca1fbcd0d2ff8b892c89a0f453c420511de853,1184,0,0,ANO C4 MES C2
ERRO2310.dbc,2024-11-07T15:41,27688,f8ff402eebe8e6171ca67af991abf23d3c9174c5b913b58aba8053b8d91316aa,1376,0,0,ANO C4 MES C2
ERRO2311.dbc,2025-01-05T18:55,38629,d6fcdfe305a4962c61d0e98a2754583afcb7b56648196d9087e0feff85a00f7d,1976,0,0,ANO C4 MES C2
ERRO2312.dbc,2025-01-05T18:55,29262,4ec5bda0dfe6ee9fc0a8ba93f8596d431571a9c153bc315b0e537a3f91b67830,1439,0,0,ANO C4 MES C2
ERRO2401.dbc,2025-02-09T21:24,18122,487154114217d202634ccdd28ce3210c23ba7149936b4410cb9f7f6da8b2e41c,854,0,0,ANO C4 MES C2
ERRO2402.dbc,2025-03-11T23:45,14669,ff8d5d5b9fbea140e27e47d4751c7370fc4fb4deb7036501b5bdb42da934f691,698,0,0,ANO C4 MES C2
ERRO2403.dbc,2025-04-05T12:12,18135,5fd4e8903dcbd605106a6bcf2849945f23d57309889ed9a6a34f7c89ff7c2234,893,0,0,ANO C4 MES C2
ERRO2404.dbc,2025-05-08T08:06,25935,62129b9368722ce1f958f78c104a4ae0eb8ccc0950baf6bdb16e4b6bdcd3ba61,1312,0,0,ANO C4 MES C2
ERRO2405.dbc,2025-06-06T10:44,18002,9c8823279be57cb057df099977a353a179e18445cac9c897d7a943a8f3dac213,883,0,0,ANO C4 MES C2
ERRO2406.dbc,2025-07-06T11:28,14420,84907d6fcad1db62b22192497ac0b95817b8c528d20111b3fd01e869befeb139,687,0,0,ANO C4 MES C2
ERRO2407.dbc,2025-08-04T07:13,18214,88cac69d33c6910a19df2c6132960690624aa705a89b5eaff38c3ec065e26b46,880,0,0,ANO C4 MES C2
ERRO2408.dbc,2025-09-05T12:54,17615,28aa4ad55c207a677861bfceb42bf71c13d542ce3a75dbbd23a8ecf6648d1cb7,857,0,0,ANO C4 MES C2
ERRO2409.dbc,2025-10-06T17:04,19252,40edec216c3f29a8c4829d659e53e90265b1e6aef750061dec9b8985c3c23eb9,944,0,0,ANO C4 MES C2
ERRO2410.dbc,2025-11-06T16:20,18885,4f02ca1e5a42c4901d3146e6da624b569051e234df048d54fc1c2d619e26bd55,931,0,0,ANO C4 MES C2
ERRO2411.dbc,2025-12-05T20:17,13584,62db93cff4877e9476919b6907173a461a9bc8bf85295e8967913ab349eba65a,670,0,0,ANO C4 MES C2
ERRO2412.dbc,2026-01-07T19:03,14994,45b6a4d5f77c8ed0c9a59d91a328b9347f720071c70855ded6f772e2b6b10a7f,736,0,0,ANO C4 MES C2
ERRO2501.dbc,2026-02-08T14:12,16991,67e74a5e992334efb45dd134879de2bd3089e0c3ef79004a56c7d3efe0acae38,815,0,0,ANO C4 MES C2
ERRO2502.dbc,2026-03-06T22:13,15659,587bdb12ee823aaae26f827f5041a813bb040122040d9920f038b55a52f651a5,750,0,0,ANO C4 MES C2
ERRO2503.dbc,2026-04-07T07:24,16500,04cddd468b15be9ae1efd6eeb08ef606335f78597e37252da25c3fa93a44b7af,813,0,0,ANO C4 MES C2
ERRO2504.dbc,2026-05-06T19:00,16882,349d06c34cbcd44255834d1609ce1a0e70433e6e02a5ac2e6e7f99dd64ce749c,838,0,0,ANO C4 MES C2
ERRO2505.dbc,2026-06-06T20:14,16147,3e46275b9705c5d0c91d8ebb2a5d85f2362c0283c8620a54cb352d4b1e99945a,783,0,0,ANO C4 MES C2
ERRO2506.dbc,2026-07-06T15:10,20169,b1c52948d36b8c2a0151712283cf1e2e8297eefa0f8c9a2772d2538878ce827f,977,0,0,ANO C4 MES C2
ERRO2507.dbc,2026-08-07T12:25,19178,fbf0add00908d7e739aa7202172847bc6b2395130e5ad8442ea370f859d8987f,919,0,0,ANO C4 MES C2
ERRO2508.dbc,2026-09-06T21:26,18220,57bcb43b42e8f6e2c716b72bbad664560e9bde4d1584fd6ec4054bad6f6ec9dd,873,0,0,ANO C4 MES C2
ERRO2509.dbc,2026-09-06T21:26,22514,ed89b0db576396f938ca9e514e549e5d6ac6763d1df13736fd66730d331e1a36,1099,0,0,ANO C4 MES C2
ERRO2510.dbc,2026-09-06T21:26,19924,729a0ab62137bc9b77bc30ea359d7b8d23e9c052bd79a1a924847eec69aa2925,968,0,0,ANO C4 MES C2
ERRO2511.dbc,2026-09-06T21:26,17107,e4507c0290d80ddd25dec3d74825596928d4999341cd23d4a1cf05fda92afa12,838,0,0,ANO C4 MES C2
ERRO2512.dbc,2026-09-06T21:26,17770,134b40050dc90ffa22d82eed0ea02a88275e17c982d81ee46a17ca39c6950b1f,867,0,0,ANO C4 MES C2
ERRO2601.dbc,2026-09-06T21:26,14670,031d4fb185d3266cf3a6895358b4f08088bd65e376db47e94ff2c9fc08f7ce68,698,0,0,ANO C4 MES C2
ERRO2602.dbc,2026-09-06T21:26,18835,b41b5f40f7ada7af3828db2fe09b6478ddcce177e0611ae5c819a26c96cb2954,884,0,0,ANO C4 MES C2
ERRO2603.dbc,2026-09-06T21:26,22812,9dea634a36744128731a6316b19a78b57bdbbfeb7dfdcb04b75be6ddc569d59d,1092,0,0,ANO C4 MES C2
ERRO2604.dbc,2026-09-06T21:26,18178,57ed02dedb693bb5b5a41c0652fbfc74a8bb6e58cef954a201f8ae67ac592ab6,911,0,0,ANO C4 MES C2
ERRO2605.dbc,2026-09-06T21:26,20599,83784934b7eb82eb018a42647001c9c1d94414c84db03373bd6c74f0b9aadc6c,979,0,0,ANO C4 MES C2
ERRO2606.dbc,2026-09-06T21:26,19917,d06f33e097d338d28ca532274ad5f7246a30232a295a88d60e3b89b1a78ec112,960,0,0,ANO C4 MES C2
ERRO2607.dbc,2026-09-06T21:26,19126,cee426d4b47989e46b3f79f5a7e8ceb906dfedfadec9972ccdd58c468f9b5f88,903,0,0,ANO C4 MES C2
ERRR1101.dbc,2013-11-01T11:31,802,96256f4375c89d711ee249c6659ace60b51046e12bb2b84f943d314e40d73805,18,0,0,ANO C4 MES C2
ERRR1102.dbc,2013-11-01T11:31,1143,f591212734b646ce683a620f29c0c62ec597814b8fa4e9fae147f078751d1327,38,0,0,ANO C4 MES C2
ERRR1103.dbc,2013-11-01T11:31,718,3a8e48ec1e7113fbd140a0dbd7f3df654d65c4b4311478f17fac524afd898895,15,0,0,ANO C4 MES C2
ERRR1104.dbc,2013-11-01T11:31,1283,33191ef5afdd976a24e7af47f3c1b1240baab096d019fb6d5ccb4680858bec1a,47,0,0,ANO C4 MES C2
ERRR1105.dbc,2013-11-01T11:31,6251,51ab63c54c9f30a8e3973da6f75aab51c84de007fe7312738a19e552f710d25d,336,0,0,ANO C4 MES C2
ERRR1106.dbc,2013-11-01T11:31,8530,1195b10529f75a6f0d6de35508cc176c8612e9878d5636a06f390e779d81c356,500,0,0,ANO C4 MES C2
ERRR1107.dbc,2013-11-01T11:31,10242,2fd47648206ca167dbebd166359729f7e296690e009a4d7f2ceac756cd116c4b,584,0,0,ANO C4 MES C2
ERRR1108.dbc,2013-11-01T11:31,3482,d66a8ade095e12a1f3e9a02a2fbd252d964f58e79666f567f651c436f05cf475,169,0,0,ANO C4 MES C2
ERRR1109.dbc,2013-11-01T11:31,1873,61322cdb4ae86394f44ece8f60665fb1f4db6bbefa2978aa49ccadf8970cf423,73,0,0,ANO C4 MES C2
ERRR1110.dbc,2013-11-01T11:31,5223,50f6ff5dda09eed2733be7fdcd11e0d89eb4f8ac618fae77e2609456e2dbc8ad,298,0,0,ANO C4 MES C2
ERRR1111.dbc,2013-11-01T11:31,1376,c56fbc96f0af566de4e101884bef9de0812f019dec337369f6979344d7d077f2,48,0,0,ANO C4 MES C2
ERRR1112.dbc,2013-11-01T11:31,1719,89373058b720dc6bebb2a21259b27659e18167936804371ae802efcbc5340f92,68,0,0,ANO C4 MES C2
ERRR1201.dbc,2013-11-01T11:31,1803,9fa09259dca0088f79c7f969ca5d9cd9f1378fd11bd376f7b79a072bf67a03fb,75,0,0,ANO C4 MES C2
ERRR1202.dbc,2013-11-01T11:31,1381,d41a5ad3e30920e5c02d878a879a80ae259321c47aed0db52320619ce9a3803f,45,0,0,ANO C4 MES C2
ERRR1203.dbc,2013-11-01T11:31,926,482c5d824d4f14f11082f04b1bfa444a57005a33f47667645302ed6100a5722e,20,0,0,ANO C4 MES C2
ERRR1204.dbc,2013-11-01T11:31,1006,4f1d3195ee3441ca47c1a4bcf2aa6c1030cb9d1b8e7eb43560d0bdfc749ceef4,22,0,0,ANO C4 MES C2
ERRR1205.dbc,2013-11-01T11:31,887,68dce18e392ad3a24d045e9ab822b1d444c8a293fd555d677a5abff104b7f592,18,0,0,ANO C4 MES C2
ERRR1206.dbc,2013-11-01T11:31,891,dcf9dc54efa4ce2b0b6054b8ef4b8b1644ab423a95e05949df4780c179083398,17,0,0,ANO C4 MES C2
ERRR1207.dbc,2013-11-01T11:31,1583,17776232fb5220bd11e89305492c9f408d2a359cc354521601ed6b4bc65015ec,63,0,0,ANO C4 MES C2
ERRR1208.dbc,2013-11-01T11:31,939,2b299dec3f2d11ba1b560ff382c3cc8433d43b1e416f2eb456613f32e691eb4a,23,0,0,ANO C4 MES C2
ERRR1209.dbc,2013-11-01T11:31,946,f9c54cd0b09367a747ab79d796053f0d8aed4e98592dc9b78c11446ca461021b,20,0,0,ANO C4 MES C2
ERRR1210.dbc,2013-11-01T11:31,6270,7453fc74265c66dfc9ef9caba44388f0eaf0354bcf8eb27ec944e0630ceb6c1f,348,0,0,ANO C4 MES C2
ERRR1211.dbc,2013-11-01T11:31,8077,62e34c7538da99b4155db12d62572e7b0e5a11e43108fba132c30b0a43c682c3,463,0,0,ANO C4 MES C2
ERRR1212.dbc,2013-11-01T11:31,17034,dd23a85c6332412ef972f8c67f9b7ae0aeedcbda2ae7593103db1cb2e0de1a66,1057,0,0,ANO C4 MES C2
ERRR1301.dbc,2014-09-25T11:18,2924,4fa221f3605642adc3583a2014cf0da94b1afb21a081adbf5329a0a3a0b8339d,155,0,0,ANO C4 MES C2
ERRR1302.dbc,2014-09-25T11:18,1614,1a75afd6e05b3b526d71ba48196630617762deee8c2dc9909dec878cf76c1f7f,60,0,0,ANO C4 MES C2
ERRR1303.dbc,2014-09-25T11:18,812,22655ec79e3c222c473639ddf5d4bdfa5b3f6fe9ab6098fc5b87aee745d78509,11,0,0,ANO C4 MES C2
ERRR1304.dbc,2014-09-25T11:18,1438,cd5bed4263431bf0ef3d797ab85b0088c42355be463cc93b32d69cda712818fe,52,0,0,ANO C4 MES C2
ERRR1305.dbc,2014-09-25T11:18,1841,3d20b7471c0ec40671bf99aaa78e5bd85e7bc9e8f5e306a25d6a7b0d8d03cbed,73,0,0,ANO C4 MES C2
ERRR1306.dbc,2014-09-25T11:18,705,19ed3a055745e06fa8f8600205ea46e7bea83c96bff759d8d9d93fccd8d7c648,6,0,0,ANO C4 MES C2
ERRR1307.dbc,2014-09-25T11:18,771,40386d0defb06d67782bcf96f2fc097da7718e99ccfc74349e00b3c0f7c19aa0,10,0,0,ANO C4 MES C2
ERRR1308.dbc,2014-09-25T11:18,1010,8365da9af6ecd9a3d219511e698bdfc7910b593960775e6ae59c09e55c933b1b,22,0,0,ANO C4 MES C2
ERRR1309.dbc,2014-09-25T11:18,863,c8784d63c7bd016e3542e3e9b6a738416e1c3adace4bc8e147993249256c6d9a,12,0,0,ANO C4 MES C2
ERRR1310.dbc,2014-09-25T11:18,2991,9c39422f3185596e08636fbca6ce91a86088368d199ef22f70d77036a88b9dbe,142,0,0,ANO C4 MES C2
ERRR1311.dbc,2014-09-25T11:18,1263,247bf915defaa5718a34f8dc3d1c7f5aee2eb3a5b757fa7cb0770ce86b7dcc96,36,0,0,ANO C4 MES C2
ERRR1312.dbc,2014-09-25T11:18,1090,77e3e0eead3e53a9f861185facd9e4ebb3625858eda6714d8b99196f8dc9fcdf,26,0,0,ANO C4 MES C2
ERRR1401.dbc,2015-10-05T11:57,956,7be578bcf3c18c137176761de35182c1edb0b12859615a36ad249dba6fd42af2,19,0,0,ANO C4 MES C2
ERRR1402.dbc,2015-10-05T11:57,1131,49003c56940afed060a835c933ac69f9e6d997dd3206f500faac7fd067857b67,27,0,0,ANO C4 MES C2
ERRR1403.dbc,2015-10-05T11:57,1219,80f359258aa001a1e78089df180c87556e5b1f84dd7d44fc2f2831c6564f01c8,34,0,0,ANO C4 MES C2
ERRR1404.dbc,2015-10-05T11:57,1237,b4dd4ec41b2b2db1a4284d122a4c461e097a9151926f2b506f7dcd40e8d44f1e,45,0,0,ANO C4 MES C2
ERRR1405.dbc,2015-10-05T11:57,1064,b27a35810f5eda91f565033a7b4d512ddb1228d473c4acd301aefb4b57f99c38,26,0,0,ANO C4 MES C2
ERRR1406.dbc,2015-10-05T11:57,937,0bcb7da7c160d06017b6323375cbc095a559b7e9959af4542735b8f1d7e79f0f,24,0,0,ANO C4 MES C2
ERRR1407.dbc,2015-10-05T11:57,1403,969e2e6b9dbc6016c921859e0b3a51cf0d6d2c196be5e98ee091853277f4b792,52,0,0,ANO C4 MES C2
ERRR1408.dbc,2015-10-05T11:57,1366,a458c052dfff1baec7361f57049a31316a32b6fc9c6407bd680436d2a0cddfa9,41,0,0,ANO C4 MES C2
ERRR1409.dbc,2015-11-09T10:30,1177,a4fbe23faa25883b84e58665ae8110f898b8bcf3799bfb0b85b755f29cfacacc,32,0,0,ANO C4 MES C2
ERRR1410.dbc,2015-12-07T08:58,1323,683c939737b06a78fbf50f98909830bbcd2db3fa3cd61f2c99989cdd30b8a1de,38,0,0,ANO C4 MES C2
ERRR1411.dbc,2016-01-07T10:02,1152,c9a84b2f61b73323c4e8b64e60b11638e02748caa1aaf6ba3039ec3bcefc84ab,30,0,0,ANO C4 MES C2
ERRR1412.dbc,2016-02-05T09:09,1074,80c5dd5114b2eac028439e96f3e0821354c0b055cb1c0281c0e02474167fe819,26,0,0,ANO C4 MES C2
ERRR1501.dbc,2016-10-04T10:21,932,daec57c4077c558425c1b67c145ceb5f34b5dd693dbe979d3e264242ab4fc51b,18,0,0,ANO C4 MES C2
ERRR1502.dbc,2016-10-04T10:21,957,a6973fe13bf74965d12b21d378795350749553f48aaa98017254ce5fd4108ac4,21,0,0,ANO C4 MES C2
ERRR1503.dbc,2016-10-04T10:21,745,a3874e45511d936db93881c806f99545bbaceac0495e9864efa7d1d2fbdafd14,12,0,0,ANO C4 MES C2
ERRR1504.dbc,2016-10-04T10:21,889,6af86ccd601efb2dd96398a2e6bd1710cf5f96c348f9633e5bed0ed77cc7e796,18,0,0,ANO C4 MES C2
ERRR1505.dbc,2016-10-04T10:21,1438,fe66c19c8041ab80f3428e85b23d2189fef76a6581c6e042ffc618dbdb56d9c3,48,0,0,ANO C4 MES C2
ERRR1506.dbc,2016-10-04T10:21,1466,f04a408e0e7ec7337184b227c97aaab9ab1444cd31c889a8db23e17113245759,51,0,0,ANO C4 MES C2
ERRR1507.dbc,2016-10-04T10:21,1077,9b228e10612b32e92ce46d69763f28498e54133a98934b52e639ac2e1b7f3899,30,0,0,ANO C4 MES C2
ERRR1508.dbc,2016-10-04T10:21,2417,bd335adba8cd10aa0a880dbf10b0d00f168285cac9c829f08eee7ef84feaf469,110,0,0,ANO C4 MES C2
ERRR1509.dbc,2016-10-04T10:21,3206,c13d9bca2887aa12c22f7e469815bdd5f41268ef97d20d22d5375a9230f882ac,157,0,0,ANO C4 MES C2
ERRR1510.dbc,2016-10-04T10:21,3718,8554b2420a6174cf2a691afe2fdb14f63f32393b39b331f4720dfcaa031232a8,176,0,0,ANO C4 MES C2
ERRR1511.dbc,2016-10-04T10:21,2450,93c43142b7cf0088ad8bf2200edccfe99ddff3836c32ba2611e272141c57f29d,113,0,0,ANO C4 MES C2
ERRR1512.dbc,2016-10-04T10:21,2223,34194cfbbb4b772697a71f3a9d486e4652df5c533b67688bc2982e094b65b9a0,101,0,0,ANO C4 MES C2
ERRR1601.dbc,2017-04-10T10:08,3246,7302d3a87ddcdd13896705e4af4a25a1a1ae396deb1d6eb7cc2b18be9622c97b,148,0,0,ANO C4 MES C2
ERRR1602.dbc,2017-04-10T10:08,3122,bfd8231c93cb6ca32987e40e94bfed84e5033de1194f1311aa96388c0b4e9378,153,0,0,ANO C4 MES C2
ERRR1603.dbc,2017-05-05T14:38,3205,c4643e58d9a795c891da0c6c9b5b3cbdb98702cbc6b0b95ee068c684f2c30a6e,151,0,0,ANO C4 MES C2
ERRR1604.dbc,2017-06-05T09:59,3178,9459b8e53b93e8bfe8f386b4da81cc0c69651d3dcdada95ee25f54fecd9aeb1e,150,0,0,ANO C4 MES C2
ERRR1605.dbc,2018-01-08T15:28,1288,0485d07d38dbffec4d23a2fbcde32de70e2211295a67b26a7e9af0f66aa2fa1a,39,0,0,ANO C4 MES C2
ERRR1606.dbc,2018-01-08T15:28,1812,3c7265747b87cc82c0e34a250a47eb523896d97ed18c641e06b6d62d8e09a80c,71,0,0,ANO C4 MES C2
ERRR1607.dbc,2018-01-08T15:28,1901,4802836ac108b972020d7f1339d546d34f55e17cd93c50f55b412688bdb56477,73,0,0,ANO C4 MES C2
ERRR1608.dbc,2018-01-08T15:28,1767,6e44eb81586fb9f1919d1f7bc6ada9fdee7de10cc3e58bb684d294d0ecf6fac8,70,0,0,ANO C4 MES C2
ERRR1609.dbc,2018-01-08T15:28,1299,2d7883cf1ff8a8994f0d661614b70b9c1471d11163fdf5e8437b5f26d37f03ce,48,0,0,ANO C4 MES C2
ERRR1610.dbc,2018-01-08T15:28,802,6a86404a175a7dbcf36c277b0222c4c610c45be61e8a15a8057c9bc5fcc33b3b,18,0,0,ANO C4 MES C2
ERRR1611.dbc,2018-01-08T15:28,902,1cc490fecf8185e575ca1de66ba225fed06862a9265b4548efb784d09a3bca9e,24,0,0,ANO C4 MES C2
ERRR1612.dbc,2018-02-05T09:38,896,5c2aacb8a50f178657761c4c530e9290c519a7878ef2f1ce848dfa74a860ac10,20,0,0,ANO C4 MES C2
ERRR1701.dbc,2019-04-10T16:27,808,d4fbf20a5ef6325433e7eccc3c41557111d4c1307df218d27e4de960877af82c,13,0,0,ANO C4 MES C2
ERRR1702.dbc,2019-04-10T16:27,1050,d2990345196145d719d6a47876809091243beaaa6c80ba34d0cc569819ca1981,32,0,0,ANO C4 MES C2
ERRR1703.dbc,2019-04-10T16:27,996,3745b53496efcb160a597b03217e3e79db6dc53444185288b2597b210ea9bf1d,26,0,0,ANO C4 MES C2
ERRR1704.dbc,2019-04-10T16:27,1151,4c53305f45036f86f7a9cfcf022b7c865afdcd4b88540481d32355cd332c4cd1,37,0,0,ANO C4 MES C2
ERRR1705.dbc,2019-04-10T16:27,1303,9d8e59734338bcdc3a46c3f16ac91baf35c89ad7185b90977bbdc8a119597da2,50,0,0,ANO C4 MES C2
ERRR1706.dbc,2019-04-10T16:27,1060,1d200463d7752c011d00cf66daa24aca752b26adf43b7d129f1e3f6b5cde5921,31,0,0,ANO C4 MES C2
ERRR1707.dbc,2019-04-10T16:27,1296,98f3f9944c71fd0cb89852c303310522a2791c56c77b07a3ef9bfdcaac7fb557,49,0,0,ANO C4 MES C2
ERRR1708.dbc,2019-04-10T16:27,1196,b3fbb23dbe7f8e0f444b331819d75ad7d0270945c4c02bf160bf3d3465225b49,45,0,0,ANO C4 MES C2
ERRR1709.dbc,2019-04-10T16:27,1218,c0ccfd89d54b2e8fc190eb1ed1758c98483c6f23fcd76e4c28aa0f5df8c343ad,43,0,0,ANO C4 MES C2
ERRR1710.dbc,2019-04-10T16:27,1458,3af6c0350bf20dc4cf3f2e9ec958c4cb80d348ca8db9c2d80eb421552f8445d0,59,0,0,ANO C4 MES C2
ERRR1711.dbc,2019-04-10T16:27,913,32db164be3d9d87ded2c71f4e7163ee28c215ef32c1a215f422abc5de4841c0b,23,0,0,ANO C4 MES C2
ERRR1712.dbc,2019-07-08T14:45,1521,b3437ce735632fe6c4a8d00ff391bcfc4b82f341b2fe72c69c9e6767d71083c6,68,0,0,ANO C4 MES C2
ERRR1801.dbc,2019-08-05T14:39,1661,e00fb38c18cdab038e6ec650b64c5a86b7bdba79cce8373faa87eac5001f2680,80,0,0,ANO C4 MES C2
ERRR1802.dbc,2019-08-05T14:39,1106,ac6a2c63301ae6b4ff686977b575d5873542726e8f215dfd599a713dbf0a5ed1,33,0,0,ANO C4 MES C2
ERRR1803.dbc,2019-08-05T14:39,962,25df174f81c20801a7140590ccb66fae005744d468d2fc87c6b76a7a108caae2,27,0,0,ANO C4 MES C2
ERRR1804.dbc,2019-08-05T14:39,977,f6adbc3d771f91ec8f19763452c3280e55c7180c1bdbe9f114c8b6e0e43bedc4,29,0,0,ANO C4 MES C2
ERRR1805.dbc,2019-08-05T14:39,1022,d56e72ad8792d83401980f485bbf0665959b34acb43ed09083981202de509c04,29,0,0,ANO C4 MES C2
ERRR1806.dbc,2020-01-09T16:48,930,081f7586a337b79e97a521936a7c66ffb641487a5f565ff27dd58044a612e962,27,0,0,ANO C4 MES C2
ERRR1807.dbc,2020-01-09T16:48,917,acef4fa8c89b0e27a043920213550f2700c3a5f6570c48f4cc22c1ec9852fa15,22,0,0,ANO C4 MES C2
ERRR1808.dbc,2020-01-09T16:48,848,daa68793299ddefee9058c9e441a03d06de439434618e93b25f0942aaf271d89,19,0,0,ANO C4 MES C2
ERRR1809.dbc,2020-01-09T16:48,955,14b12648affec79732a3bc7f82d69549a48162f3159d76dca432bd45379e5102,22,0,0,ANO C4 MES C2
ERRR1810.dbc,2020-01-09T16:48,1585,c7baa3c9ef5131cc093c595020e41f2b3aae7237d5b296dc38e03591dd830d08,68,0,0,ANO C4 MES C2
ERRR1811.dbc,2020-01-09T16:48,1329,37fa1faaf87678c0cc0a051769bec758011b7a2c7b9af717cc1776154622c981,43,0,0,ANO C4 MES C2
ERRR1812.dbc,2020-02-07T15:02,919,377353fa54a61ecbb7b559a9a5a6b45392c8e3f75ec43a5492dc8c737362cc50,22,0,0,ANO C4 MES C2
ERRR1901.dbc,2020-03-10T14:42,884,26cd1e0e57b3fb2617a0d77111757840a184c7e03af870633ae98b45616ec18e,19,0,0,ANO C4 MES C2
ERRR1902.dbc,2020-04-05T14:39,1311,f9b980cf961d57f5b2db982850af9f84e839e2c14e86970b4e21ca4bba211b45,53,0,0,ANO C4 MES C2
ERRR1903.dbc,2020-06-04T13:54,1225,bc3408f1ebd4850a502a987dbc6ca371574261c62ad61527f0908c864b777496,50,0,0,ANO C4 MES C2
ERRR1904.dbc,2020-06-04T13:54,1154,b3a9dea43df01b8d715b5e9347d7fe39a187c8191f846e4824210a25e2be16a1,41,0,0,ANO C4 MES C2
ERRR1905.dbc,2020-07-04T11:39,1218,d5952879fe1d2e6cdc9ead79032e7bf97606ac08b3a2e5c7260d111d56110bb8,49,0,0,ANO C4 MES C2
ERRR1906.dbc,2020-08-04T10:41,1091,e6915c7fe7b19a370e4a62a24c4b19da2863a55040064ca52b3c7682e68becae,34,0,0,ANO C4 MES C2
ERRR1907.dbc,2020-10-06T08:42,1282,d7e23b18484ea22a91d707f36b3aef0cdac06eb8a58c152077104a4ca7c08b81,52,0,0,ANO C4 MES C2
ERRR1908.dbc,2020-10-06T08:42,1163,4921e6c363735bc96275fc64f667fc03cdf1c18be8bb73ab4a27a607d10ad1b7,44,0,0,ANO C4 MES C2
ERRR1909.dbc,2020-11-18T10:38,2927,e72e0c4b63ccac234ab0b5c99553d36177f6d60a83f4bddc35285dd1a9b51c75,132,0,0,ANO C4 MES C2
ERRR1910.dbc,2020-12-07T11:23,2224,892c6a450d5f8b6ec3b2fcbb75c23bdbff52b63d86eb1ae063613e1e5a9b3636,100,0,0,ANO C4 MES C2
ERRR1911.dbc,2021-01-14T08:10,2665,8dd6b634add6717c806bc8197c5872f7d037cce8aba71127b98f7f5108f6c0b3,129,0,0,ANO C4 MES C2
ERRR1912.dbc,2021-02-05T10:25,1846,5242f368f77cd11409550314c7ebccaadf8ac888e37699a2244eb1476f5ee162,81,0,0,ANO C4 MES C2
ERRR2001.dbc,2021-04-05T13:24,1928,9e6e4ebb52f8bb8bd54249f85e7c2f8d2845fe51338a56b66e54c6a37b5cc2e8,80,0,0,ANO C4 MES C2
ERRR2002.dbc,2021-05-07T16:35,1847,d48ff0bd4377e7b13ac1dd25aca735039488a72ef015c9a56e2e89711c9a8f4a,77,0,0,ANO C4 MES C2
ERRR2003.dbc,2021-05-07T16:35,1267,260d878bc7e4e3b45102f1c464d59911bfcdddf87df6a31d792649e71625a876,44,0,0,ANO C4 MES C2
ERRR2004.dbc,2022-01-10T14:21,1455,eb3432c097cb5d77e9fb7bafb5347f68fd56419e3e78ea05ff97e5963c94d2b7,58,0,0,ANO C4 MES C2
ERRR2005.dbc,2022-01-10T14:21,1161,254061ddca71022e5b4c066746354e66972a1ed8e2d087ed2bb1caac358788e0,40,0,0,ANO C4 MES C2
ERRR2006.dbc,2022-01-10T14:21,1048,36e663764dd5ac3eb7a0575436917276b4558defadf729f70cb0980897bd7fa6,32,0,0,ANO C4 MES C2
ERRR2007.dbc,2022-01-10T14:21,1030,8eeaa1abb131f87b9b4de3547ace87d1686ed7ae02cfadb2a194cff97f20714e,27,0,0,ANO C4 MES C2
ERRR2008.dbc,2022-02-07T10:04,1398,c70903afdcf6e9e339753453f1c241365cd6a965dc772db8ba12a360807108e5,49,0,0,ANO C4 MES C2
ERRR2009.dbc,2022-02-07T10:04,1492,bcdfb3c905669f106eb2c14f7ae278763709f932ba9086141c362413f24008df,60,0,0,ANO C4 MES C2
ERRR2010.dbc,2022-02-07T10:04,1067,4cc42640db383083ff33e0f8e5e4d7202e22f2f99a653344b2eed14e783009f0,34,0,0,ANO C4 MES C2
ERRR2011.dbc,2022-02-07T10:04,949,87b9104d3daf0cd1f8a3a187a3bf88026af0634999915482cce9f47d311c0f5e,25,0,0,ANO C4 MES C2
ERRR2012.dbc,2022-03-07T13:12,908,c7dd3b8a2f0871dadaff9aca198c43961138a0eb6e6c44db3d36d2e494d1537e,23,0,0,ANO C4 MES C2
ERRR2101.dbc,2022-03-07T13:12,1081,b5188c099805eb796c2a870ea55259cbe3da6bd7aa62855fdab8cb910a1c2f05,35,0,0,ANO C4 MES C2
ERRR2102.dbc,2022-04-11T19:22,1136,bf9c3097a2d8428d1b222d7e04a9dc65fb38ea45dd38788698e384e5eb4007f6,42,0,0,ANO C4 MES C2
ERRR2103.dbc,2022-05-04T12:32,1449,886db81b3003aca84bd00e159391fe62266efa83b83a2959607c5e3d93141b72,58,0,0,ANO C4 MES C2
ERRR2104.dbc,2022-05-04T12:32,754,622c4e620e86139f4656b11fa2a759f237ae24831f9a8e555fd23db5c830bc69,11,0,0,ANO C4 MES C2
ERRR2105.dbc,2022-06-03T13:03,1326,122ccd07f4931271ae0f7260067a2b63763f230cc676da9702f163a722e4635e,52,0,0,ANO C4 MES C2
ERRR2106.dbc,2022-07-06T13:10,862,10dfdd1407e38aa4eb34269faebfcefc68976bccd9fcaf9f129559a5f2613cf8,21,0,0,ANO C4 MES C2
ERRR2107.dbc,2022-08-04T15:38,787,4c98f3224bc8508a873f046bbcbfe7b4f0f418e4eeaa69b1ba74eca5116ede28,13,0,0,ANO C4 MES C2
ERRR2108.dbc,2022-09-06T11:15,1012,b9d77732902d29ffe18c0aa3778cf436e2de1874810c5be49cdadb03eb1a0d74,32,0,0,ANO C4 MES C2
ERRR2109.dbc,2022-10-05T14:25,957,6ccf766768dafbdf9634087b402e46c1f2ee7ffaa49703a37631aba5aed4a4be,26,0,0,ANO C4 MES C2
ERRR2110.dbc,2022-11-03T17:53,831,be75703e2b95c6b3315c0f803fcbe6f804b5ebaa60ae11ae1b0529ad87e9e241,19,0,0,ANO C4 MES C2
ERRR2111.dbc,2022-12-06T16:21,680,6df4f2062079e77124f865964fa47026a19119064eeb5c2f5e1b15361cc271aa,7,0,0,ANO C4 MES C2
ERRR2112.dbc,2023-01-04T12:45,754,b8cf033055ea3413972a6f011bcfe70be44cd410b59ebc6bcad75d8cee241a61,12,0,0,ANO C4 MES C2
ERRR2201.dbc,2023-02-06T12:59,837,c0aaf6fd53f80a4e50ad6e280770162e593a06f6103fa08c5268769f4e170316,18,0,0,ANO C4 MES C2
ERRR2202.dbc,2023-03-09T16:42,882,048672358d5ad0714f20918a546f580854266dbe524db94926698c06b584e80f,17,0,0,ANO C4 MES C2
ERRR2203.dbc,2023-04-05T13:31,1270,5622c27428bb776790dbd736a56180205e3b04611f56fdc2b7636d0fe52ea4a0,51,0,0,ANO C4 MES C2
ERRR2204.dbc,2023-05-08T14:30,1086,99435115d62ebe747c731a2ca2bac0521801fe8bc8e8dbba5b32943e239038fc,29,0,0,ANO C4 MES C2
ERRR2205.dbc,2023-06-05T11:30,1009,79cb846c1032863b982fc9f788decf7c9c6ed854d93eec2d6b027833ab13a3c0,23,0,0,ANO C4 MES C2
ERRR2206.dbc,2023-07-05T12:43,784,8c1c6e64dc8ca72e013ba83ffa9cbcb0009b5af6f9f6708f7379f6723f1e46ac,15,0,0,ANO C4 MES C2
ERRR2207.dbc,2023-08-03T16:36,1124,0fb326aa1f0c0abd0297b7256632acbaa3535910d07d412f1936ed2f820c4e58,34,0,0,ANO C4 MES C2
ERRR2208.dbc,2023-09-04T21:02,1270,4d05a4ff38491cbce2c6e22ac784aa5a80bba9c741422da2bb52b884640ea1e2,43,0,0,ANO C4 MES C2
ERRR2209.dbc,2023-10-04T17:01,879,e9794b7fc3b5012c9cab074fe084c10e7272a9a27a1dad815e56bfdcf8eed7bc,20,0,0,ANO C4 MES C2
ERRR2210.dbc,2023-11-06T15:48,1075,629077d5b339957498779fe3b3d9bc55d88a04597c2a674356168d8a64da6929,28,0,0,ANO C4 MES C2
ERRR2211.dbc,2023-12-05T14:58,1055,64e183a62f87f042b708c9f7c3a659c04cab40cbe73007d370ef8f39c76d1f28,29,0,0,ANO C4 MES C2
ERRR2212.dbc,2024-01-05T17:49,1116,213768eae176e3968fe4a81c816604568b92c38e56f2e1cd1e4364d650afca45,31,0,0,ANO C4 MES C2
ERRR2301.dbc,2024-02-05T22:48,967,7ea91ce5fd4080969d036b22024ded0495b3729376094e604f12712f6034a4b0,24,0,0,ANO C4 MES C2
ERRR2302.dbc,2024-03-07T18:39,855,768f20925c72a919a45283532ba1a94eb06f9d1c0afc46c0331027cd622a521e,17,0,0,ANO C4 MES C2
ERRR2303.dbc,2024-04-09T14:24,987,7144674262c6f295b2dad9721605a407d9bebb9209189cb6741d7882fe9f6c2a,23,0,0,ANO C4 MES C2
ERRR2304.dbc,2024-06-16T01:07,972,168f707156ae4865a0a89cf89d1542ce32424ff67fb47ce5c471389852dad8b1,25,0,0,ANO C4 MES C2
ERRR2305.dbc,2024-06-16T01:07,857,919484246a86b2cb8fc66dc4332c1225d8d0e09bf93b519e9326d1d5657e343d,17,0,0,ANO C4 MES C2
ERRR2306.dbc,2024-08-05T14:43,1002,b25f98361bbf31da3d87a6ac9e62f517c11457297650c8d008a1a552532bfc09,24,0,0,ANO C4 MES C2
ERRR2307.dbc,2024-08-05T14:43,950,26407da5436dd7fc8d6d94452c7cc4f0bce4ee31f53f5d92adc86f47b14e357c,23,0,0,ANO C4 MES C2
ERRR2308.dbc,2024-09-05T10:26,1107,40b9575bcdc1262366073da61831007cb5ff22dc7300936b3be319194f2ab762,33,0,0,ANO C4 MES C2
ERRR2309.dbc,2024-10-08T12:05,612,fd1bca402753d4a1b86eb8cd2e731c03ea0dadf828591b7828649a9782c32eb7,4,0,0,ANO C4 MES C2
ERRR2310.dbc,2024-11-07T15:41,1704,5692be2568695159d98a5f610082f143d328a4b33b3911d30dc8bb5101c2f4e3,80,0,0,ANO C4 MES C2
ERRR2311.dbc,2025-01-05T18:55,1597,291441481bb7659265cd173aa2faab61c752b06ad591c92c63fd56ce19ca2cfb,64,0,0,ANO C4 MES C2
ERRR2312.dbc,2025-01-05T18:55,2425,83df5ac639dfd7755ae30ca5709b25f85dce26ca114181e717b5a51b9b2768aa,117,0,0,ANO C4 MES C2
ERRR2401.dbc,2025-02-09T21:24,1184,5f6f48faf36d4ced250f94c97c687081eee854e8bc4abc93dd0ab67c87623fa2,31,0,0,ANO C4 MES C2
ERRR2402.dbc,2025-03-11T23:45,1627,56f8f95b2cb54dceca799f359e13c18fcf67f8736c041c618114237d866ec727,66,0,0,ANO C4 MES C2
ERRR2403.dbc,2025-04-05T12:12,720,488e9d3112b3448cee4b9fe6c80135e9d2293d900129021b8f2a12734887600b,10,0,0,ANO C4 MES C2
ERRR2404.dbc,2025-05-08T08:06,914,b609a2ca01729ce8a29761f43291abbdece8b09b269fbd5b70e859df1bc3750a,20,0,0,ANO C4 MES C2
ERRR2405.dbc,2025-06-06T10:44,869,58232d9aea907fe971837880f9d57e17b6977a790b11fb6de18845d8f2771910,16,0,0,ANO C4 MES C2
ERRR2406.dbc,2025-07-06T11:28,894,92d877088938874dda38f6588df95264777f0855740be0f20287cb8472304182,19,0,0,ANO C4 MES C2
ERRR2407.dbc,2025-08-04T07:13,864,1d73d9ca2a36b3632aba487f7114ce5f3d5b13023270eeb12b5eeec99390d45f,17,0,0,ANO C4 MES C2
ERRR2408.dbc,2025-09-05T12:54,2361,3014d804cfaee89f01da25a58b1fca8606314a15a91b5989c8604148db2c1ccf,118,0,0,ANO C4 MES C2
ERRR2409.dbc,2025-10-06T17:04,1585,80c3930c65dd753c31cca43ff02a1075a8b83f8d79c3b470642932de0abdac72,63,0,0,ANO C4 MES C2
ERRR2410.dbc,2025-11-06T16:20,1608,ea55199995a6ffc3815d87e041eac21c15ae31f31558f6a543a048c631ed0eda,62,0,0,ANO C4 MES C2
ERRR2411.dbc,2025-12-05T20:17,1552,09abcc4b259a439a6a453e0d4dc83c7a413365d76a133776fc22ad10170d7026,58,0,0,ANO C4 MES C2
ERRR2412.dbc,2026-01-07T19:03,917,f9785a35782544df491da9c21edb31b0933def623f7917327e93f18f47cb0125,19,0,0,ANO C4 MES C2
ERRR2501.dbc,2026-02-08T14:12,1069,1fc85506748a4f39bec13e726fc17aa59ae4cee60132d02104fe34dbee5f4011,27,0,0,ANO C4 MES C2
ERRR2502.dbc,2026-03-06T22:13,1083,f0f96bf2c6d501fcaf97193d9681f2c096d2d4c920b8b8dd3203578dc59fdb5f,29,0,0,ANO C4 MES C2
ERRR2503.dbc,2026-04-07T07:24,933,1a8f08d746298a8cbff2997abed50fa3a833e2fb7bd2ce9a41edba1dec0a1f3f,19,0,0,ANO C4 MES C2
ERRR2504.dbc,2026-05-06T18:59,883,42de8e4439e2ee8234194b7e1b0c46a4e41a50cfc26051b6de320f276fe13432,20,0,0,ANO C4 MES C2
ERRR2505.dbc,2026-06-06T20:14,960,7d59b544e3176483a36ba85c69a070781b427e9a6416e9caf88ce05f78511538,24,0,0,ANO C4 MES C2
ERRR2506.dbc,2026-07-06T15:10,1155,05321eb7c6e9bdab781404cce4ff3c47a8691812f80df63ce6180f02c18a2374,34,0,0,ANO C4 MES C2
ERRR2507.dbc,2026-08-07T12:25,1032,44ff84588455d00b91cbc84a544bd0da293c0b20bddbdf18c33b28199e9133e7,22,0,0,ANO C4 MES C2
ERRR2508.dbc,2026-09-06T21:26,1193,e2e87c7d146b31038d7e9ec16cf00589f5b79ab9562e861941cbd4372e058578,33,0,0,ANO C4 MES C2
ERRR2509.dbc,2026-09-06T21:26,1878,150600ac8b0a6208da94c66a4ea93e58e75f17a98ffa349cb0c466b659a2ea5e,74,0,0,ANO C4 MES C2
ERRR2510.dbc,2026-09-06T21:26,2078,c00eb948475ab50b3dc11d582f1f8021ab171ce67bf7d68a38ccd75f6d893ea1,86,0,0,ANO C4 MES C2
ERRR2511.dbc,2026-09-06T21:26,2289,0ae7b33064f1db9586015a4570a136c8503e07661d9f1841cda4cc1b257ef2f9,93,0,0,ANO C4 MES C2
ERRR2512.dbc,2026-09-06T21:26,2205,00134f6d4901d60bafc9da5d6508e9e86a1cff10fd1d0d32eb730605dcb692fd,100,0,0,ANO C4 MES C2
ERRR2601.dbc,2026-09-06T21:26,5276,3a2d7a0d8a4f1237042c914f0fa103414ac209a9746c725298a17db337a659be,279,0,0,ANO C4 MES C2
ERRR2602.dbc,2026-09-06T21:26,2516,b959f349f670903cdd8396255b4bd8be9cbf7b13b3cffd66cfb421a383b110a8,120,0,0,ANO C4 MES C2
ERRR2603.dbc,2026-09-06T21:26,1841,8090c1de89db691330d4b7590353ba3febc387300a5e0716e9850b817c967cab,71,0,0,ANO C4 MES C2
ERRR2604.dbc,2026-09-06T21:26,2314,1980c4407838672eeced11ccc79382e2b118ae330ef0a56f7bdfa258f0e7379e,108,0,0,ANO C4 MES C2
ERRR2605.dbc,2026-09-06T21:26,1815,a4ad0c4ce046fa4a09142bc07e2eb3aa67751765fbda97173ce247da07c35ca4,76,0,0,ANO C4 MES C2
ERRR2606.dbc,2026-09-06T21:26,598,a3b84217d312f16249099ea6829d0934f68c30ed7ac1d49745f16e3536515b3c,4,0,0,ANO C4 MES C2
ERRS1101.dbc,2013-11-01T11:31,123692,49186dd8b409679cd725bc43295d987a7d3b9c689f7134cd776b20113851579b,5373,0,0,ANO C4 MES C2
ERRS1102.dbc,2013-11-01T11:31,155171,b813de36f42f371336b2fb654c642c93dee6753060d2304fc1f6c8d1d159a27f,6844,0,0,ANO C4 MES C2
ERRS1103.dbc,2013-11-01T11:31,130929,b123b1a37c14d0b81415148f03c2a8b88d0dd4d7e7c36a62ea97fa16a650eed9,5705,0,0,ANO C4 MES C2
ERRS1104.dbc,2013-11-01T11:31,146871,21752e9a53424dfb407d72ba174e0f5257f233459003a74a346e87b17707c918,6401,0,0,ANO C4 MES C2
ERRS1105.dbc,2013-11-01T11:31,176375,b48e887571f9dbf8cb30bab1fce7d2d1cd467e57919c86664519bc451a537c06,7735,0,0,ANO C4 MES C2
ERRS1106.dbc,2013-11-01T11:31,206769,012af75ff7537773cb277616048d2faddf7f7c8aa744b79959c90e0dd13f330c,9620,0,0,ANO C4 MES C2
ERRS1107.dbc,2013-11-01T11:31,209167,a7bda473fb34cbe0154fe9e2d4b9da081d10814b93e62298993109ce7bc1a4bf,9125,0,0,ANO C4 MES C2
ERRS1108.dbc,2013-11-01T11:31,230646,835e35ed19db40a2d5d8a4bd6d54d3d8becbb770e35e15bd0c97f8da8e7a5553,9941,0,0,ANO C4 MES C2
ERRS1109.dbc,2013-11-01T11:31,172972,8bfdefe21a1ac36b13517589403f4bc8829e26085b12fb3e49545f3480531ebc,7491,0,0,ANO C4 MES C2
ERRS1110.dbc,2013-11-01T11:31,171584,9d2c94f726c207c51531dbcf684f18e40294d65840100cb539144d348af2641b,7598,0,0,ANO C4 MES C2
ERRS1111.dbc,2013-11-01T11:31,231020,6ccbbdbaca25aeed7308a85848cb12d617e23560038ec6c9c74fed4f0a81d8f5,10177,0,0,ANO C4 MES C2
ERRS1112.dbc,2013-11-01T11:31,333468,eaf7de422a9b1749e372e82523877450869cf82e423108e40112ad1580cfe354,15632,0,0,ANO C4 MES C2
ERRS1201.dbc,2013-11-01T11:31,282964,18e60a0c80b56b09b39b184e19cb8f361a1b67661fee2ec88c9dd64500833f60,12589,0,0,ANO C4 MES C2
ERRS1202.dbc,2013-11-01T11:31,269724,8b19cda15e1fbc0e12f4a5633cba6ddb1b4c4e1a4c097ed30ee3bda8d44d402a,12218,0,0,ANO C4 MES C2
ERRS1203.dbc,2013-11-01T11:31,197315,bb6f0f12d0d1e083eec840c659f5ee37757f5db36361abe7021ad9dbd0a547dc,8727,0,0,ANO C4 MES C2
ERRS1204.dbc,2013-11-01T11:31,171547,c49193e71f6026b6d9b436bdbf9706d909a552132f2ccdddbedd9fbf1a349749,7433,0,0,ANO C4 MES C2
ERRS1205.dbc,2013-11-01T11:31,157062,50ab11473bc9d50ba24af6f6e1fca81e62100047177e9dc9c54439624fdc9a9e,6927,0,0,ANO C4 MES C2
ERRS1206.dbc,2013-11-01T11:31,156453,ad0b9f44ec2af9080183f4bd294eb90c191d2edde228501eeab66be505d1ecd5,6844,0,0,ANO C4 MES C2
ERRS1207.dbc,2013-11-01T11:31,160120,3d322fb37ed8808a0a8ae217e8947bd2797cb54c411c41e9e0fd8ba37506f825,7047,0,0,ANO C4 MES C2
ERRS1208.dbc,2013-11-01T11:31,221710,f2fb1eea124c74daf140519d5e39729383345892d411b6b2baea2b6c1f21e347,9858,0,0,ANO C4 MES C2
ERRS1209.dbc,2013-11-01T11:31,247069,c9cb5466bb22f38f1eaf181cd8445c1398f90fb2d3d688cb078a4bf4679aca4c,11080,0,0,ANO C4 MES C2
ERRS1210.dbc,2013-11-01T11:31,256517,2609d3d21eae3bae4424e6a85f00b68b33baa87e622a498fd9fcbd9e4e66864e,11345,0,0,ANO C4 MES C2
ERRS1211.dbc,2013-11-01T11:31,252701,3943a0e2c3db9579ce918b99ad6bf204f2775b091784d29151d8e8bdb4965302,11404,0,0,ANO C4 MES C2
ERRS1212.dbc,2013-11-01T11:31,314818,fbafc9e2c438a38ba4a76261c548709a48419b2a486937e1167f7693d84450bf,13582,0,0,ANO C4 MES C2
ERRS1301.dbc,2014-09-25T11:18,288277,b3eeb186b656c3b3a1cb476584dad46d10c0daa9c28a4725c5ec9475d6097b42,12805,0,0,ANO C4 MES C2
ERRS1302.dbc,2014-09-25T11:18,257135,9ee7f1e91131b7f26fcb510d28a10f0f93e81dc806067c8746aca6216e628c85,11205,0,0,ANO C4 MES C2
ERRS1303.dbc,2014-09-25T11:18,221046,7d29c274f41a8c61d2708c208dbd39b1c884e73f35e7ccefda65e1a218b710b6,9699,0,0,ANO C4 MES C2
ERRS1304.dbc,2014-09-25T11:18,214553,2f157fb227776c06d99baf15f0051ec6bc13e249ce38e8991603458790cd25ce,9233,0,0,ANO C4 MES C2
ERRS1305.dbc,2014-09-25T11:18,239116,83af57801dd834aee397f941626dd6c91ab4a93a4ca54c4368cc23b185b3634e,10187,0,0,ANO C4 MES C2
ERRS1306.dbc,2014-09-25T11:18,274519,721baba5eab08d1a6a90aff6ada7f6c155c38f916eca984b0a6e999c111f2a31,11752,0,0,ANO C4 MES C2
ERRS1307.dbc,2014-09-25T11:18,230820,a5c17326795f7b9222ce3b82012a4ea3999651701d0ce71cf40be8eda9b539b2,10321,0,0,ANO C4 MES C2
ERRS1308.dbc,2014-09-25T11:17,208214,7dc400fadfcea06f313f0349325e7c61f907a1b1f70527c783c491da128b6efc,9264,0,0,ANO C4 MES C2
ERRS1309.dbc,2014-09-25T11:17,232091,c2d2036ca241d27754d62491516d04e1cc805f885cad49f55eaf5003b7002bbb,10153,0,0,ANO C4 MES C2
ERRS1310.dbc,2014-09-25T11:17,214712,20e0c97fee10a19d510fb0afddfc10b7f917b8fa76faa8bb14365f7bfe78d392,9575,0,0,ANO C4 MES C2
ERRS1311.dbc,2014-09-25T11:18,237209,6453b6ec82370d17b3f3e1aa537234199653c0e216c9356656814c1bcb4a4637,10655,0,0,ANO C4 MES C2
ERRS1312.dbc,2014-09-25T11:18,207479,7d8dbddd4800180988d47b652d3965abca94a25bbc8df43df7fd450a3e56d935,9051,0,0,ANO C4 MES C2
ERRS1401.dbc,2015-10-05T11:57,222634,d14376b58c81192bd1557b02f7c194ddd046016721fe7c412810fabedb0d0315,9842,0,0,ANO C4 MES C2
ERRS1402.dbc,2015-10-05T11:57,202458,bf89f0b21787efaa90e87041ef512475d2be60b5dc14ea7c0769aac9433e2bce,8800,0,0,ANO C4 MES C2
ERRS1403.dbc,2015-10-05T11:57,211636,28c5e6583f2abf26468f54f434ad4d13ea645aae91d1a43f9bf60104e5bcd503,9361,0,0,ANO C4 MES C2
ERRS1404.dbc,2015-10-05T11:57,203029,8ec1d1ec656664b139dde6671ebb2d5a3951440927b051ab736b11d2f037eb6c,8981,0,0,ANO C4 MES C2
ERRS1405.dbc,2015-10-05T11:57,202499,f8e491ae7c812836cab8d605d76b31b350cd50cd068ff914d36489bac38c823f,8953,0,0,ANO C4 MES C2
ERRS1406.dbc,2015-10-05T11:57,208689,71c41de65f3e6e85931e11ae4e523f4c0871e64b8ab5fa0e91ecb5464c78232e,9360,0,0,ANO C4 MES C2
ERRS1407.dbc,2015-10-05T11:57,224847,19519aea4b67dd62121bef1c24a8c808c58aa26ca007f868c2e17ae21388a188,10055,0,0,ANO C4 MES C2
ERRS1408.dbc,2015-10-05T11:57,213177,7a4c53855c7a6cdd8347792c7edece0ddaebed657daf3e8b407b1f460b533a52,9212,0,0,ANO C4 MES C2
ERRS1409.dbc,2015-11-09T10:30,236734,80a39d2875540f7b6a1441137597a84ba3343081a6f5fac7ae8583261577d6c3,10576,0,0,ANO C4 MES C2
ERRS1410.dbc,2015-12-07T08:58,223419,b8d4260c0c640f9d79a98c16e59db28a08ab0c136242b2f883afc0ce03d68c8f,10017,0,0,ANO C4 MES C2
ERRS1411.dbc,2016-01-07T10:02,214046,5141fd9d180cd36202c1a6f4768d5a8144089f5f3bd3a903c8943d673b62f686,9408,0,0,ANO C4 MES C2
ERRS1412.dbc,2016-02-05T09:09,223284,11c8b4b69e9beb31eb33abccb7eafab7955de1de5ddd39992565f924726cba8a,9908,0,0,ANO C4 MES C2
ERRS1501.dbc,2016-10-04T10:21,227447,f3e2190afcef41e795903420457e02a9a0e5d69d1a09230888c214bf54393dc9,10031,0,0,ANO C4 MES C2
ERRS1502.dbc,2016-10-04T10:21,194225,a974082c53dcaa9f39d5a465a8e977b8379c30c086c33e709a500fe759250cc9,8625,0,0,ANO C4 MES C2
ERRS1503.dbc,2016-10-04T10:21,181877,e3a724480d6f3b59ab39537d3518605ed06f786bdfe3a1750baf8283cb5e6939,8059,0,0,ANO C4 MES C2
ERRS1504.dbc,2016-10-04T10:21,178299,897235128e91e942004a2da1cadcb825ea86bbfe541ad59731ea8db7a6fef7ba,7778,0,0,ANO C4 MES C2
ERRS1505.dbc,2016-10-04T10:21,182820,4873436806a6956f6daca9277a304e76376f72cae850544d871dfde7b93ea5cf,8185,0,0,ANO C4 MES C2
ERRS1506.dbc,2016-10-04T10:21,162961,a0edfa6ae0b81eeec27ee38667157e07bd7b4fe92b4afdd6e59364383c3a7436,7109,0,0,ANO C4 MES C2
ERRS1507.dbc,2016-10-04T10:21,172029,945678c070f3b0c56b284f39a0120588a2cdff2e640129587e0a46f3fbe70343,7630,0,0,ANO C4 MES C2
ERRS1508.dbc,2016-10-04T10:21,142110,c48c518a6016cc0b76743ac6c24787eeed8e37a2fc9a256b4a083cac24df6fb6,6224,0,0,ANO C4 MES C2
ERRS1509.dbc,2016-10-04T10:21,170682,1fc24092618743e52e9fdb32aa661b6fec103e7b4023fa4d1c7aea9616f66ffd,7534,0,0,ANO C4 MES C2
ERRS1510.dbc,2016-10-04T10:21,177509,b0f1b446b1dfa74076eee1e5ebeac6b6f6a74a1da06d5321b68621b21653a872,7753,0,0,ANO C4 MES C2
ERRS1511.dbc,2016-10-04T10:21,139078,a1ff356a5b99fb5af8bb1089527cf2d838703fa575e5ec858b8ded76ea3301ea,5979,0,0,ANO C4 MES C2
ERRS1512.dbc,2016-10-04T10:21,161613,ca7866a25651185af010bba76f055e23d88d108b9c603e46ff3d7001a6660d7d,7119,0,0,ANO C4 MES C2
ERRS1601.dbc,2017-04-10T10:08,157654,b7b7df0e448a12302abb7b2e411a509bd60106a40f5af546db7aebf2e985d99a,6833,0,0,ANO C4 MES C2
ERRS1602.dbc,2017-04-10T10:08,110890,fc89b6c6466ab910d45d4753b8db590f84aa86bf7d85cabeec5c22a67dbb0a47,4730,0,0,ANO C4 MES C2
ERRS1603.dbc,2017-05-05T14:38,123264,0f79aedfa7317177bdd8e770a4bfe868ef5b14989463bc87ae06693303fe2603,5125,0,0,ANO C4 MES C2
ERRS1604.dbc,2017-06-05T09:59,119202,ce34b57939be9725f8b0725d5ce39aab8631657c837a951db87bf7c63a2e6b44,5056,0,0,ANO C4 MES C2
ERRS1605.dbc,2018-01-08T15:28,126683,6036610f1e3dcc621912a621631f9607af0a4bfe15ba843511b97b632ffb7d60,5371,0,0,ANO C4 MES C2
ERRS1606.dbc,2018-01-08T15:28,140495,0152e179966e97b8ca6fa9227669ad38a2623b25eba2f0bc868f3fff9ec74bd0,5945,0,0,ANO C4 MES C2
ERRS1607.dbc,2018-01-08T15:28,125481,a72ce1a042215bb985e22a320646326ac3488793b3b718a3eb0fdd23be0f05a5,5463,0,0,ANO C4 MES C2
ERRS1608.dbc,2018-01-08T15:28,148543,0d8fa48dc280d3a030018d4419b634a0e534f8b1155cab8817bb74c1000e3d88,6299,0,0,ANO C4 MES C2
ERRS1609.dbc,2018-01-08T15:28,172185,c5652b9d10a59b7b6f9b822892661b58e4a44f4a645f219838953ec5104f2c65,7417,0,0,ANO C4 MES C2
ERRS1610.dbc,2018-01-08T15:28,119943,4cec7fb3a2c603ccc6a1aa0b7bf20f71c19eab841685e89f34a875740d21b6ec,5113,0,0,ANO C4 MES C2
ERRS1611.dbc,2018-01-08T15:28,133155,6940c002d792f5f2f9e9358a229666829355307f7fa2a08f839fb15f0bcf1a7d,5624,0,0,ANO C4 MES C2
ERRS1612.dbc,2018-02-05T09:38,105171,b5e3d0639caf3f29f70b4281128f85a77319e3b55af30cc00204ec8db27459c9,4457,0,0,ANO C4 MES C2
ERRS1701.dbc,2019-04-10T16:27,117393,e689e3a811bb0fbee651feef46f3df4befbea4818963e218c6436384b8fcd1bb,5094,0,0,ANO C4 MES C2
ERRS1702.dbc,2019-04-10T16:27,146836,25eb284c80885188ec14758962c7c77f84a894e6dd81bac8245dae5c294b740b,6355,0,0,ANO C4 MES C2
ERRS1703.dbc,2019-04-10T16:27,149705,1db00cc34c844db49846df7ac2e307afa2cc3b80f96cbe02b4bd911f6ce94c7e,6572,0,0,ANO C4 MES C2
ERRS1704.dbc,2019-04-10T16:27,165036,04ecad5176e4c9f622f63db6a2ab4a2c9c4e6a2c1c10f3466fbec13ca262d7c4,7253,0,0,ANO C4 MES C2
ERRS1705.dbc,2019-04-10T16:27,182279,2e7228979bb5b7dc5b03e1ce11828df1e9467bf0e01c446424c3fdda44803f30,8031,0,0,ANO C4 MES C2
ERRS1706.dbc,2019-04-10T16:27,182650,23b7c3a708cc3f8607bd99b89003fa124f967ab270b5214fb1286e43891e3151,8066,0,0,ANO C4 MES C2
ERRS1707.dbc,2019-04-10T16:27,191067,ffdfd866c9cecfdc742552705e3aaed0072cc5820e54eba8f17276b571137c86,8451,0,0,ANO C4 MES C2
ERRS1708.dbc,2019-04-10T16:27,197600,0cb53c96bcb36ce7f81d35a24a20144a34a1e22694ce94a63ef1043836f62e88,8762,0,0,ANO C4 MES C2
ERRS1709.dbc,2019-04-10T16:27,171774,29b9a6031466b5a7b656241db184c0df78132f5d726413607ffc15a96e8250e3,7481,0,0,ANO C4 MES C2
ERRS1710.dbc,2019-04-10T16:27,198945,9a5c588320d26ace2c9923f9701873cefa6921653a4708105cedc9071abbc198,8548,0,0,ANO C4 MES C2
ERRS1711.dbc,2019-04-10T16:27,166999,27785327ed485b8e187f971d71a595a6996592300538335a2baaa0edffbae9e7,7358,0,0,ANO C4 MES C2
ERRS1712.dbc,2019-07-08T14:45,222048,225e1f4f32d9fbe6e2c033de0559e3134a0cb85349296253b0017e848f388a5a,9701,0,0,ANO C4 MES C2
ERRS1801.dbc,2019-08-05T14:39,215997,cdc93296101c8580c80e0b42fb3dc6a7233d929e65ba75e1938a24b230fd23a8,9582,0,0,ANO C4 MES C2
ERRS1802.dbc,2019-08-05T14:39,187999,b2462b358d27d4d5a906402a62e61de372fc72bad02828139bbc454c82aad06b,8430,0,0,ANO C4 MES C2
ERRS1803.dbc,2019-08-05T14:39,204532,3114663e4526b53ef7d3e0d1c4ebde08459fb0a601516110c8acd766ddc9ea19,8989,0,0,ANO C4 MES C2
ERRS1804.dbc,2019-08-05T14:39,214069,6c5aac9787284ee1ca2a3d9a6b0d197005bec621cb52fda045f375d358636bde,9534,0,0,ANO C4 MES C2
ERRS1805.dbc,2019-08-05T14:39,211907,cd6a27a8c6b4a80f06d02a30ae0ab1b5d7496ca1a50e7dc64543410a19bc7bba,9550,0,0,ANO C4 MES C2
ERRS1806.dbc,2020-01-09T16:48,191947,3cc8c365583a0c431014d253def792eccfe5d36254048016cea4e04db2a0ed51,8626,0,0,ANO C4 MES C2
ERRS1807.dbc,2020-01-09T16:48,225127,0af07357d6c7e119e86d4e46926bf5361df0888b3ddc6b82d99e7b3b20a97562,10155,0,0,ANO C4 MES C2
ERRS1808.dbc,2020-01-09T16:48,223781,cbd7658e636cf4029a1cff193ea4e9225ea6c3bbf15bdf8f64cccf4cf919cd26,10141,0,0,ANO C4 MES C2
ERRS1809.dbc,2020-01-09T16:48,235404,a14d21bfb49c44b1f4edf77424c2351244ec45edc5f056491d6e3f07eea8268a,10708,0,0,ANO C4 MES C2
ERRS1810.dbc,2020-01-09T16:48,240481,a361416aea6eb2035cfd60b7fd6215dc61bbc84a7c0a2412b9a1aef4eb76abf0,10872,0,0,ANO C4 MES C2
ERRS1811.dbc,2020-01-09T16:48,190958,568eb4b417770210086a4f396a7bed239a2eec96746299f32c073fed7ed76e6f,8577,0,0,ANO C4 MES C2
ERRS1812.dbc,2020-02-07T15:02,204728,783c30ea3def98afb311ae39c52700ba0a48377755a9acd7396f6fc7e34ddb6d,9044,0,0,ANO C4 MES C2
ERRS1901.dbc,2020-03-10T14:42,203937,3c351d34d72b912679a1e631e967c1d01d8b2b8563a971f60e9ff7241568132b,9280,0,0,ANO C4 MES C2
ERRS1902.dbc,2020-04-05T14:39,195628,21bc57b588d9d6025bf99f36c354f4f1466f204bf7a6e791b7b14cab5e7f899f,8979,0,0,ANO C4 MES C2
ERRS1903.dbc,2020-06-04T13:54,194412,b31629d6ef983c5dd20cabf3d1b239853a251dd94c123099f7a74a98c7cfa81e,8480,0,0,ANO C4 MES C2
ERRS1904.dbc,2020-06-04T13:54,174477,f5ecbc6a3f606621dff812e1b022aab1a81f2517402a1590a8355ac3c9a40284,7668,0,0,ANO C4 MES C2
ERRS1905.dbc,2020-07-04T11:39,168145,e3f74aebd3ec59932bd95b1e087dee4bb59bbf690ffc5c23b78eb54056b3a47b,7457,0,0,ANO C4 MES C2
ERRS1906.dbc,2020-08-04T10:41,162646,b208adc456ac783288c5826822dad442f54e8bef13d95cc10b32f19f42113b61,7308,0,0,ANO C4 MES C2
ERRS1907.dbc,2020-10-06T08:42,173875,65b82daf81f31d4b85776804897b7e5814d8b0bd5197af87ae230bdd0753eb55,7632,0,0,ANO C4 MES C2
ERRS1908.dbc,2020-10-06T08:42,158958,fe90ee4e2acf4c9e84eb3db06aec8a13e71e8c775a5904f7bb527a9296beff11,7014,0,0,ANO C4 MES C2
ERRS1909.dbc,2020-11-18T10:38,150681,bb00adc76e662867cdfac1b24ff4dc08046b177cac8e5018d2e40117f088a66a,6635,0,0,ANO C4 MES C2
ERRS1910.dbc,2020-12-07T11:23,166855,24e7fab7984e18266a2d19717d93c562e902e6e57cef76dd7c2f8fd8ee9e6bda,7269,0,0,ANO C4 MES C2
ERRS1911.dbc,2021-01-14T08:09,176154,606e3eb763cd9eddcc487824e7035fd878fa88dbea33a82536547acbfc07c553,7740,0,0,ANO C4 MES C2
ERRS1912.dbc,2021-02-05T10:25,177566,7ad9cc6a2d125e8fcb24db55cce0ebd14d2cb80b6bc012a41ba29144cd4ed064,7676,0,0,ANO C4 MES C2
ERRS2001.dbc,2021-04-05T13:24,170168,0ed07eae1e3f8ec80d80f0940a1c9a3ddbc6769f5dfffb8dacdea96f20caf046,7428,0,0,ANO C4 MES C2
ERRS2002.dbc,2021-05-07T16:35,148654,e1928301fa152422d21104c98339d4f6aaca9e7b6bddc598e70d0df948b6210d,6515,0,0,ANO C4 MES C2
ERRS2003.dbc,2021-05-07T16:35,78546,7c41614e2d728fbde8468b24044a5d167170b11ed25991ab4e968c4740b43a94,3399,0,0,ANO C4 MES C2
ERRS2004.dbc,2022-01-10T14:21,54883,4f8c6328dd9e28b60182b0810f4de8e4388e32331b9ca3ea8b760ed38ae59ba1,2343,0,0,ANO C4 MES C2
ERRS2005.dbc,2022-01-10T14:21,64799,a8a2de483ba6a029ee0d48990f8199ad82f42bc6469949b1ce7d265391dd3874,2783,0,0,ANO C4 MES C2
ERRS2006.dbc,2022-01-10T14:21,66507,2c7fe5de1b77fde644b941a220cf6850924a0b710687a81df4739619bdd9be16,2911,0,0,ANO C4 MES C2
ERRS2007.dbc,2022-01-10T14:21,52384,fb8f05c9ffc3a4c0c653fc2287d0c29266c7fed1a40de8ab8bf5b69d43ffbdab,2204,0,0,ANO C4 MES C2
ERRS2008.dbc,2022-02-07T10:04,61199,f20d903de1c390a8768e9e2c111cd1db1e084a755ffcf6af21bed69ab738c85a,2586,0,0,ANO C4 MES C2
ERRS2009.dbc,2022-02-07T10:04,62506,5da1804da2b53a7d606efab5ba1971937f1a80caea1c491703412744ffd075c7,2693,0,0,ANO C4 MES C2
ERRS2010.dbc,2022-02-07T10:04,65665,d72775509843d63e0500ce5eb346221e0d4f882c74b367ac1ca029502ec8a389,2789,0,0,ANO C4 MES C2
ERRS2011.dbc,2022-02-07T10:04,71876,6b678a6f1eccc2e38a3206ff2b1b95e603dddb687b7842f8d229660b0b856e15,3013,0,0,ANO C4 MES C2
ERRS2012.dbc,2022-03-07T13:12,75800,16806812d5e7f4fae71531a22a277bf2efd2911090292827badaab210e9c6290,3201,0,0,ANO C4 MES C2
ERRS2101.dbc,2022-03-07T13:12,72064,d7b39eb5224e7a74b33281bedd64eef037369fc0ed294ffe0e606a6cb84aee32,3056,0,0,ANO C4 MES C2
ERRS2102.dbc,2022-04-11T19:22,69459,2a738f4bdf058b228c453e411d9733c5971157882d762184d229955c9ec2aca8,2954,0,0,ANO C4 MES C2
ERRS2103.dbc,2022-05-04T12:32,73834,dcdaea30e2b9e6cfbb960cf9b2131a450a4a8491848b5ece0e23d8e0803f9787,3171,0,0,ANO C4 MES C2
ERRS2104.dbc,2022-05-04T12:32,84133,89ce8309da53215439ec5e499055ea67d3f5cb1f3f533a74e7763e72174e380b,3739,0,0,ANO C4 MES C2
ERRS2105.dbc,2022-06-03T13:03,74176,4cfdaac5a406b17685944ae54ee8124a999e45dee46fe7596563d9883621c719,3300,0,0,ANO C4 MES C2
ERRS2106.dbc,2022-07-06T13:10,81711,26bf4d95245a439b8be20f530864362054708c9d6f9280405085703346c46e13,3650,0,0,ANO C4 MES C2
ERRS2107.dbc,2022-08-04T15:38,82545,07e29c515fdd90b67b0719a86b18e4f217865a28b8910d402320ab39ca47e268,3757,0,0,ANO C4 MES C2
ERRS2108.dbc,2022-09-06T11:15,70203,a3c13dd6552a52b9b61b2132fbb4c646558074c545e5bb685983eff908434481,3172,0,0,ANO C4 MES C2
ERRS2109.dbc,2022-10-05T14:25,62420,0e8400792ddc2a513f41647f418fe2afd8996ba35a167259fabfeac6eb1932fd,2690,0,0,ANO C4 MES C2
ERRS2110.dbc,2022-11-03T17:53,67297,6d82ea5418a7dd53deec8ec9f0c8eccb51ff29ab2430430e03e324074a4b9259,2938,0,0,ANO C4 MES C2
ERRS2111.dbc,2022-12-06T16:21,67001,8b5faec40e5c5734249881f72453d61e0f0b57328a94a4401446df514619e5cd,2910,0,0,ANO C4 MES C2
ERRS2112.dbc,2023-01-04T12:45,72313,c82857a4f7d45ae2ea0b7f9a317a172bdd2fd59f070b617df173f436326f7ff0,3101,0,0,ANO C4 MES C2
ERRS2201.dbc,2023-02-06T12:59,69031,7e336323e6ac5f7f24b33a78c1d884c887a5357351279d25bc4dbade50ae476c,2994,0,0,ANO C4 MES C2
ERRS2202.dbc,2023-03-09T16:42,68540,65bc4bbcc9a43de2095762b26b91a475c8ac0f8c2f9294089e8073a120eede61,3011,0,0,ANO C4 MES C2
ERRS2203.dbc,2023-04-05T13:30,75566,5a65bc6feae7b6e22d19d2013260df7ba79c368d553a7a210fe57c695ff24e13,3256,0,0,ANO C4 MES C2
ERRS2204.dbc,2023-05-08T14:30,82859,b7359ca157eca32d1abccbaafb982a2dd9be5d4f333d9103d294e3eff5ee6208,3568,0,0,ANO C4 MES C2
ERRS2205.dbc,2023-06-05T11:30,165261,707364fbf8686e0111fb6ae2c6d510b71e54aa476439090a94bc894f28166f93,7598,0,0,ANO C4 MES C2
ERRS2206.dbc,2023-07-05T12:43,143803,6588666cea863835dd70ef2803edd5c06d306e9ef784dac63f1411cb641af6c6,6389,0,0,ANO C4 MES C2
ERRS2207.dbc,2023-08-03T16:36,147370,6a8c68e1f73ed5117aaa1735ba2ecbaa431fc6dd009c7207fdcbd990a4194d73,6517,0,0,ANO C4 MES C2
ERRS2208.dbc,2023-09-04T21:02,177077,b861d2b567b6e01a20797c0b0aa1698ed1354628c1df4936c075bdc473c8c070,7887,0,0,ANO C4 MES C2
ERRS2209.dbc,2023-10-04T17:01,124493,67767ec3015554c20b8a22443513491a1621537d2093e9d27e80e6706d18a5ed,5528,0,0,ANO C4 MES C2
ERRS2210.dbc,2023-11-06T15:48,104207,0a08357f821efda20b1258c02e6965e5f6ac739f3cbe352792b9b2f6cb699fee,4541,0,0,ANO C4 MES C2
ERRS2211.dbc,2023-12-05T14:58,83638,aa52eb3f1d74c9b3e571f842d3ef32c08e6ad1695283ece52c4a3da5ac3592c9,3549,0,0,ANO C4 MES C2
ERRS2212.dbc,2024-01-05T17:49,79610,447119198b571b247f2013a0911cfada3041bf5b9c727148993556dd3968c2d7,3443,0,0,ANO C4 MES C2
ERRS2301.dbc,2024-02-05T22:48,77814,548352dfb203caedb5d6c400db9a791e8b62a11d62af6ffbc7e754d50894191e,3381,0,0,ANO C4 MES C2
ERRS2302.dbc,2024-03-07T18:39,73333,832cf1ce39ac198551ff621ba64786467b37e9224d68a3ccafcc3b90abc18d5b,3206,0,0,ANO C4 MES C2
ERRS2303.dbc,2024-04-09T14:24,75925,847a4765e6f5c41b4fe4f41b8827fac41f6cfbf964145e89bcc15ea4a3b09f09,3348,0,0,ANO C4 MES C2
ERRS2304.dbc,2024-06-16T01:07,61248,d8cbcab295b69a1835853eaa40487f0773d8aed0c8c8768a880e297e21a9ca5b,2638,0,0,ANO C4 MES C2
ERRS2305.dbc,2024-06-16T01:07,85915,7d2d6c1c4413e58c9119d5ad1ad676b1edd474b5c5eb76d6529802780691b4be,3746,0,0,ANO C4 MES C2
ERRS2306.dbc,2024-08-05T14:43,119039,66ad8b15cd6d7a64d03e82d6bbe28b71d471c1f3faf465876f3759fbaf761d21,5489,0,0,ANO C4 MES C2
ERRS2307.dbc,2024-08-05T14:43,88391,5a0a424d3775a3a77688b272c63219adbe2e4cf2055c223869428e1357949516,3915,0,0,ANO C4 MES C2
ERRS2308.dbc,2024-09-05T10:26,95071,b5f78087505653cc04e6de8221d01127700f936e30d60f22359ced11ac369158,4278,0,0,ANO C4 MES C2
ERRS2309.dbc,2024-10-08T12:05,78056,63176015b7196b395e0e75d8c96d311a83f7849f641c1a603702f2af04df5e1a,3417,0,0,ANO C4 MES C2
ERRS2310.dbc,2024-11-07T15:41,75466,313130ecf88dc3c91c7e1f742db3d5801f1b8d86a60110814dab66868a907240,3264,0,0,ANO C4 MES C2
ERRS2311.dbc,2025-01-05T18:55,64069,f7d1fd0edb29a03c71fe935bd975f674e41b1f8c0685aea676fc9624415be4ed,2743,0,0,ANO C4 MES C2
ERRS2312.dbc,2025-01-05T18:55,62554,cc10844a97d64a5323a8fb16afbc9f3507fb1f5d48c4452a4775a1ba0ae51892,2615,0,0,ANO C4 MES C2
ERRS2401.dbc,2025-02-09T21:24,61081,dc398c52eee10b342945e9ed43942d46eb02526c94a1afc074321b80e77f9f15,2548,0,0,ANO C4 MES C2
ERRS2402.dbc,2025-03-11T23:45,57339,77604bfed496acdad4b9888daec2d8906dc74919afa8b59cec1196cc7f4d76d8,2410,0,0,ANO C4 MES C2
ERRS2403.dbc,2025-04-05T12:12,63881,5710532bde8bcf1959b8df32e6e456c7605c32e8ae59fd93494aa8ffe97cf249,2673,0,0,ANO C4 MES C2
ERRS2404.dbc,2025-05-08T08:06,81159,92d7d74cee231da6b16ddf2f2efb3775d773a30f5d4b59f02adc08decfb1a374,3571,0,0,ANO C4 MES C2
ERRS2405.dbc,2025-06-06T10:44,75836,e6f265ec63ce1753e9e1c6af32428b7aa3554df965de2e8ee9cc2b629a5343ab,3392,0,0,ANO C4 MES C2
ERRS2406.dbc,2025-07-06T11:28,68719,3ac724d9e26b89276e251787b0aaed102dd2d784ff4001d7e459a41a2818536c,2912,0,0,ANO C4 MES C2
ERRS2407.dbc,2025-08-04T07:13,80169,217ebbd1125f5cc346d3d45d7ace244343d84c85dc93776a46776f96cb1cce69,3509,0,0,ANO C4 MES C2
ERRS2408.dbc,2025-09-05T12:54,78424,446fc86755b944907b2eb8ddabe0893aacc6d3d511dd955e62f1d85190b74a7a,3381,0,0,ANO C4 MES C2
ERRS2409.dbc,2025-10-06T17:04,85165,0e130caed3d46d9ee86f8d910f8a0f821dc573cbd79b9d2a1e8e78821947c2f1,3773,0,0,ANO C4 MES C2
ERRS2410.dbc,2025-11-06T16:20,87387,7de0fc160e10a7457f750c600d8e7bb7e326b72d51070ef9997f0444f8141a87,3859,0,0,ANO C4 MES C2
ERRS2411.dbc,2025-12-05T20:17,76999,f41630c12732bbe71cc3a52f2a802b345572277d8c6a00b80a158cf646012889,3436,0,0,ANO C4 MES C2
ERRS2412.dbc,2026-01-07T19:03,87257,78151f68d716326dfd75cdc8113ad121975a979b5c7d91a4cceda01289017989,3849,0,0,ANO C4 MES C2
ERRS2501.dbc,2026-02-08T14:12,80830,00f40c39f2a7fd29517a59767a04af023eaf6921786b8618ad36102968e79f3a,3638,0,0,ANO C4 MES C2
ERRS2502.dbc,2026-03-06T22:13,78083,0c4674c66167602481086ac32778cb529d0e13d6af3056aa399a88f3b507f952,3498,0,0,ANO C4 MES C2
ERRS2503.dbc,2026-04-07T07:24,76656,403f899a33894c7d2b1fd5575ef7de8a9a7ae2f367aedb814b517b74fb877ff4,3419,0,0,ANO C4 MES C2
ERRS2504.dbc,2026-05-06T18:59,78154,e6609df219b55058d1b4e91be36f109e444eefbe8c513b826305b4d2f6e3ce98,3518,0,0,ANO C4 MES C2
ERRS2505.dbc,2026-06-06T20:14,81755,ca0d1fdec6199f9b335b75b546e3d1862ac3db6d179ab40f3eae807ccde6a45a,3661,0,0,ANO C4 MES C2
ERRS2506.dbc,2026-07-06T15:10,84672,da8566bf41f221d759facd9c2c2058a4f3169ad3f81c1a292affe2492fbd7e46,3851,0,0,ANO C4 MES C2
ERRS2507.dbc,2026-08-07T12:25,101465,18f7720b3c7748f1b90628ed3b7929c834b887d8f934e46059ed08583d08a9da,4811,0,0,ANO C4 MES C2
ERRS2508.dbc,2026-09-06T21:26,135667,6858fff9737b4dc61528749293145fec9e5b9243a882f99aeb93024592060d7b,6559,0,0,ANO C4 MES C2
ERRS2509.dbc,2026-09-06T21:26,95184,4e90e536bf6991103179329f8816309507cdfc8720ce927e5bfed740f3fe1c8a,4333,0,0,ANO C4 MES C2
ERRS2510.dbc,2026-09-06T21:26,108054,2317fece1a3498a85beb8c894fb6f7cd04deb028c30328d3495a82a49e6923e4,5001,0,0,ANO C4 MES C2
ERRS2511.dbc,2026-09-06T21:26,83045,aadc63c31db32179b053d92cea59fe99291adc6fae0364f2a467fb3cc54bf332,3719,0,0,ANO C4 MES C2
ERRS2512.dbc,2026-09-06T21:26,82165,7e9e011e063b18be2888fd38783cbd08bb99add8b614d2f2f5e7c202f221e8f2,3589,0,0,ANO C4 MES C2
ERRS2601.dbc,2026-09-06T21:26,74682,91d3585cd9514c5b1cd39b759866af0b002b65f2f9058abdcf14aded0cdbaf1a,3247,0,0,ANO C4 MES C2
ERRS2602.dbc,2026-09-06T21:26,75883,e77a7e9f6686f1af2351ec69e71d520eec023a891b103637397908d28c191500,3335,0,0,ANO C4 MES C2
ERRS2603.dbc,2026-09-06T21:26,73834,272fbd0cbffed38ac9a15c49fb5a47ad200a18d5568a6aa06431511402009409,3179,0,0,ANO C4 MES C2
ERRS2604.dbc,2026-09-06T21:26,69820,26d1902dccc372f763b31ec36d06087530bc868a7c119c7c34269acb0ca1c565,3022,0,0,ANO C4 MES C2
ERRS2605.dbc,2026-09-06T21:26,70909,56878f0c1d49c173f01162a88649c72cd65cb7aa8985a52c43ac54c2f39ff1c0,3030,0,0,ANO C4 MES C2
ERRS2606.dbc,2026-09-06T21:26,67903,6363af257acd96995b05655b1bcd69a6a1f19c61e9023446e7a2598bb941bd95,2926,0,0,ANO C4 MES C2
ERRS2607.dbc,2026-09-06T21:26,79778,6ce1aba429a48d2ccfd6e926815036c6c7767aac4d3da038c6dfb512d829ff36,3565,0,0,ANO C4 MES C2
ERSC1101.dbc,2013-11-01T11:31,16373,e1c85632205e7e34e3908aae93e029ab324f9047f447d0fb3742a1ad2bdf7a7d,613,0,0,ANO C4 MES C2
ERSC1102.dbc,2013-11-01T11:31,17589,4801150c9e9f875cc0b462e82fe7fd65963984919c777e5692bef4cf793dd5b9,684,0,0,ANO C4 MES C2
ERSC1103.dbc,2013-11-01T11:31,20406,964bc645dfb6a9c084d841d5dd7e1580ce4d93882b9bac61d0fde3e683d1e7a1,771,0,0,ANO C4 MES C2
ERSC1104.dbc,2013-11-01T11:31,17986,fe3999c11a7a96c6cd4588ee431c117f6584c338298a990d1075ca15419a3a90,672,0,0,ANO C4 MES C2
ERSC1105.dbc,2013-11-01T11:31,22407,8a246770531503a8d10a04b64f312b85dfbeb71766a736a3ac0e1be699b396a8,874,0,0,ANO C4 MES C2
ERSC1106.dbc,2013-11-01T11:31,36883,3e457180c5912a27449347e937401c259cbcec59dfac360d262ab86f6d17b980,1552,0,0,ANO C4 MES C2
ERSC1107.dbc,2013-11-01T11:31,34224,dc5c1f1defb044a0666038c566c29a7480899f3584af3c91e31764c76f338087,1450,0,0,ANO C4 MES C2
ERSC1108.dbc,2013-11-01T11:31,30781,2f9098938229fde698784bdb43e1d8900d3a9ae20a5bf2ee645b0c2efeab05cb,1272,0,0,ANO C4 MES C2
ERSC1109.dbc,2013-11-01T11:31,61238,57ee7e1b812467e7a2a5bf8ad05593c5452ef5ea580dbb9a8243645a97e7ae91,2947,0,0,ANO C4 MES C2
ERSC1110.dbc,2013-11-01T11:31,30163,d92a0e6ff8c3b1afe17b43c0a0dc410c76a524227d39c52e7fb63898e6d55826,1230,0,0,ANO C4 MES C2
ERSC1111.dbc,2013-11-01T11:31,21913,47fb041100c32518124076469a0643b18463c847847b685206a3e5890d5b6213,852,0,0,ANO C4 MES C2
ERSC1112.dbc,2013-11-01T11:31,39235,7b9c00a59a42c467918b799ec3b964fae7462d98af098e4ee0ba3c30312f0c39,1878,0,0,ANO C4 MES C2
ERSC1201.dbc,2013-11-01T11:31,20749,cd9a96c768aa80aa7eb8028c942a396c797f54d14a3c781d5e6fc6b2ab962984,813,0,0,ANO C4 MES C2
ERSC1202.dbc,2013-11-01T11:31,24656,1fb47656afb23d391bf964b034df2623c49ef531fd4e9b95e9ea7997a22ef4b1,961,0,0,ANO C4 MES C2
ERSC1203.dbc,2013-11-01T11:31,15201,dce5ca4efed9e80090d403f84a4c90c971aad0d7493d30c6ce24a62a523e93b4,533,0,0,ANO C4 MES C2
ERSC1204.dbc,2013-11-01T11:31,14813,3b83d6834fb1e68361bd3adc1317e592e08132fd5433380c1dfe8763d304424c,552,0,0,ANO C4 MES C2
ERSC1205.dbc,2013-11-01T11:31,14295,d631aaea552e0eb23b59914c0b6acac6aaf75184ae88c23d205147c9ea324f0c,510,0,0,ANO C4 MES C2
ERSC1206.dbc,2013-11-01T11:31,19813,3aa5d7f9a5a02423df516aed1814fb1288c8e543c1f064cc27275f23e61da71a,765,0,0,ANO C4 MES C2
ERSC1207.dbc,2013-11-01T11:31,19779,da2aa99e3056eddc3ab49f9f6b8f6a28271f165c40389517caacb75efd4331c4,809,0,0,ANO C4 MES C2
ERSC1208.dbc,2013-11-01T11:31,23045,2206348725e1b2acf051919bed113636a3d1ea9e0700345b9a7ad2c2075cf20d,956,0,0,ANO C4 MES C2
ERSC1209.dbc,2013-11-01T11:31,30786,c281a4a8f5a27f90fe400de2d64465cee6ec5aa32313540359e8722cb5982d45,1451,0,0,ANO C4 MES C2
ERSC1210.dbc,2013-11-01T11:31,20918,f49ae471c1cd52c9b2c9372b84b942e3eb695cdb511ee3a364b47e464e168bad,826,0,0,ANO C4 MES C2
ERSC1211.dbc,2013-11-01T11:31,21977,aea48491365c94c0f4dc35ec170d5e1a568d1d42e24149fa7c56ef01099ae15d,845,0,0,ANO C4 MES C2
ERSC1212.dbc,2013-11-01T11:31,28940,c38906acd249ec6e596d2db25327eac090461ddb76ec3eea11cd739c099b1391,1221,0,0,ANO C4 MES C2
ERSC1301.dbc,2014-09-25T11:18,22916,b2ea7ae7cc60def8d92d3e332ebc1a06b58a570e2552e64458a90ff9cc03bf8f,903,0,0,ANO C4 MES C2
ERSC1302.dbc,2014-09-25T11:18,14877,f5d8bdc365306cd9f1094f1b400e9940b16ac73106943632d39809a4a71f944b,545,0,0,ANO C4 MES C2
ERSC1303.dbc,2014-09-25T11:18,18930,7686fc37a955d9d907ad4236c41d09e150037799ec19efd9a47fa207f0b9c467,721,0,0,ANO C4 MES C2
ERSC1304.dbc,2014-09-25T11:18,33040,a8424b4247cef7640d80bf23d541295d2085d4b0cc5201369fcab2d20929a591,1549,0,0,ANO C4 MES C2
ERSC1305.dbc,2014-09-25T11:18,19197,3e39e24feffdd22e1944e24a260a78f94a6dbbc90ab63e56815a31fab8290eaf,762,0,0,ANO C4 MES C2
ERSC1306.dbc,2014-09-25T11:18,21418,53cff8a174967239e0b68b86b258e3f99f2501f3c2371883ad336eb39c66d012,845,0,0,ANO C4 MES C2
ERSC1307.dbc,2014-09-25T11:18,21341,3f87566bd8507306c640610f86ecd2c007d0974df6892f327fc21f01f0f0021c,866,0,0,ANO C4 MES C2
ERSC1308.dbc,2014-09-25T11:18,16981,9522cb3c471d6a9a6436f028648a4959b43bf79786d19d42790bfe01b743036f,700,0,0,ANO C4 MES C2
ERSC1309.dbc,2014-09-25T11:18,22529,156bc126cfaf66a8cd31a7fc7b89d8df01917f36f0973cab40ac1001f0dc1b62,902,0,0,ANO C4 MES C2
ERSC1310.dbc,2014-09-25T11:18,25167,14aca3633efdcd7391af8397c9c66850fa6063a7c7d4a150206debb1db3cd55b,993,0,0,ANO C4 MES C2
ERSC1311.dbc,2014-09-25T11:18,23588,7e025464ce47313f5b45fd808e5f8ab73b9f3f36c7b10024232083c1bb0d8c4a,912,0,0,ANO C4 MES C2
ERSC1312.dbc,2014-09-25T11:18,29035,69469c5335b9a43a1621676bd523c42e5b2780084bdcebbad0eadd12d95ed881,1147,0,0,ANO C4 MES C2
ERSC1401.dbc,2015-10-05T11:57,24110,37a3b31e6e1508676b7d62fc1593145b64ec5542caea6aae8ce1a02424755e70,937,0,0,ANO C4 MES C2
ERSC1402.dbc,2015-10-05T11:57,14262,85c742dde1462f2c450aa7f396991c17e0355de90f85b732c6f47e33ac83a45b,510,0,0,ANO C4 MES C2
ERSC1403.dbc,2015-10-05T11:57,20926,07b82eff3f9168b9574cbc453b6e6c116ce30181e57fe9a6c327276279413f33,809,0,0,ANO C4 MES C2
ERSC1404.dbc,2015-10-05T11:57,30882,0fb7df9ea3637d8d131340940ca28415f17539a0e285d1f5471ef114be7f9b95,1266,0,0,ANO C4 MES C2
ERSC1405.dbc,2015-10-05T11:57,40271,3132e47343423a208d680c4f14ec283f4f75162c5f929a24548c0d5ff249bba3,1699,0,0,ANO C4 MES C2
ERSC1406.dbc,2015-10-05T11:57,32522,433738e2a9e42c75a3a54713b48be95350955659e82eef969b2ed97987e87fe2,1348,0,0,ANO C4 MES C2
ERSC1407.dbc,2015-10-05T11:57,62137,e6363c9ceff8da90d2cdf99bb64cea3a0989b9d5dae1158e9929648f468bac3d,2677,0,0,ANO C4 MES C2
ERSC1408.dbc,2015-10-05T11:57,45508,2a14adb9810d0f080c8697c03020d976402bfb67d638002b253db9720c6ca305,1794,0,0,ANO C4 MES C2
ERSC1409.dbc,2015-11-09T10:30,37466,593884322a87da109d74cb13fb63882acaef047bcb9f638b97e0164c1bc7f419,1486,0,0,ANO C4 MES C2
ERSC1410.dbc,2015-12-07T08:58,40683,369f987886847f0ab014acc00f66e6666cc3642280f69989f984e66bc86781f3,1702,0,0,ANO C4 MES C2
ERSC1411.dbc,2016-01-07T10:01,30235,d8bcfef98cc11dc76fe6d73e1e05751a57b35d1f0c5a3f2883bae137448633b1,1193,0,0,ANO C4 MES C2
ERSC1412.dbc,2016-02-05T09:09,34389,8e99101c81e6338acd6a6d591e1385a9396a5c240cc7e4f9be0fc87ecd7aa4dc,1343,0,0,ANO C4 MES C2
ERSC1501.dbc,2016-10-04T10:21,26076,0c52b03634fd3f6e4ede68f6d7fb5ac2dfe1d628bb66a79066c689a2d2a74a26,998,0,0,ANO C4 MES C2
ERSC1502.dbc,2016-10-04T10:21,24950,afd6b6dbe52b27044523b5d6d143f65f6958f0c1109aa8d53e04d0123ab5db25,965,0,0,ANO C4 MES C2
ERSC1503.dbc,2016-10-04T10:21,27101,b987def2fdc0cabeca11a27ecfcd4d3440963dc9cb3519456fe5345c621dfdad,1045,0,0,ANO C4 MES C2
ERSC1504.dbc,2016-10-04T10:21,26721,c721e526d92f18b6aeaa674499521cdc7e451c5cdf9842aa10c8bbab6e0018e9,1009,0,0,ANO C4 MES C2
ERSC1505.dbc,2016-10-04T10:21,26633,d46651fd3ea69860fbe98f6c00c7b1f8af1d1ad2ba0a489b280301e933e6ea0d,1023,0,0,ANO C4 MES C2
ERSC1506.dbc,2016-10-04T10:21,28747,c456c63ab32ea59b1fc74a946b6f82ab662e4425f4d8b3e160f26038a3697268,1126,0,0,ANO C4 MES C2
ERSC1507.dbc,2016-10-04T10:21,34046,929c3bd3593e80ad95ec4826ca1dda9289226c6d1cf96901c51c26dea767b4ed,1373,0,0,ANO C4 MES C2
ERSC1508.dbc,2016-10-04T10:21,28795,a136298514d0bcd3cd634b6ad900de4dc8aebbb1eb8bcb37522f9f62e8ce7e7d,1108,0,0,ANO C4 MES C2
ERSC1509.dbc,2016-10-04T10:21,22714,1c5cd01dd89ff258c9b5879dc8dfff5329e36e627c7d3842e91d3689490b32da,836,0,0,ANO C4 MES C2
ERSC1510.dbc,2016-10-04T10:21,27378,efc6d3bbdde4f4314e222280fd5a8e1296d89402b093fdd6b336b5e6fc8a1089,1092,0,0,ANO C4 MES C2
ERSC1511.dbc,2016-10-04T10:21,40703,8cc36a94e116b2c15553b130d6e3b630ea5540e280ca280e9c62e70f9cee7c28,1671,0,0,ANO C4 MES C2
ERSC1512.dbc,2016-10-04T10:21,25199,de9c28d0612c361f4c41ae61afa1e1cb0af026d0ce943ffe9434eb86dbd0a446,936,0,0,ANO C4 MES C2
ERSC1601.dbc,2017-04-10T10:08,20910,d70bea51abc77103b803d4d0e2b9289166ed294286e132aeeff02e6c1a47b7fe,777,0,0,ANO C4 MES C2
ERSC1602.dbc,2017-04-10T10:08,24017,f50639bc85a3f7909dbdfd736f8a7692fdc77a4352ecb2645fbf66ea856edb73,921,0,0,ANO C4 MES C2
ERSC1603.dbc,2017-05-05T14:38,29400,7997326a9a56bbc4c9e4ad0bec418c0d173645e3ebdc0c3f92b6fdd0d49ea775,1117,0,0,ANO C4 MES C2
ERSC1604.dbc,2017-06-05T09:59,27768,e136b42dc317d87f7aeadc04328cbae00f5b6b389e2780f4fefa849539cb5c5e,1064,0,0,ANO C4 MES C2
ERSC1605.dbc,2018-01-08T15:28,27159,62d66b4ca72eaa7b348e4b38ad5f9c39eba8a8255c64d261d8e68d8aadc3ce20,1009,0,0,ANO C4 MES C2
ERSC1606.dbc,2018-01-08T15:28,25477,09fdedff713e77c23d57a5bb8410c8694906188231a82e6616648c354fa308b4,966,0,0,ANO C4 MES C2
ERSC1607.dbc,2018-01-08T15:28,28071,ccccefd1fcf687423cb5d0d697a6b1131d4a55a0c80c8453f9be561420a5254f,1103,0,0,ANO C4 MES C2
ERSC1608.dbc,2018-01-08T15:28,24152,6f8202dd4cc95f907e47017907f1fa8f0459254d8b73cfa528bd19abb294295d,944,0,0,ANO C4 MES C2
ERSC1609.dbc,2018-01-08T15:28,34950,01cd669b20defa82d802c27c97162d843cb3d7adeb13ebe0539ea761f2c86960,1398,0,0,ANO C4 MES C2
ERSC1610.dbc,2018-01-08T15:28,39892,8cb6546f6ec203b6a00a8e41a1ab1a8131f3262c5d3b7b3260bccea200a0a8b8,1601,0,0,ANO C4 MES C2
ERSC1611.dbc,2018-01-08T15:28,37218,ca1d7e77c895b2c518c841b1c32a9e56c569c6b3645791a8ca5e2e280b4cb2cd,1471,0,0,ANO C4 MES C2
ERSC1612.dbc,2018-02-05T09:38,37035,9a64c68460e8c9b9adc11d1984e82d72d81b68b7d77ee34898f68a8cb6971f3d,1485,0,0,ANO C4 MES C2
ERSC1701.dbc,2019-04-10T16:27,24113,b0101d5c14b53e9ffa7612eff45bd1bf49bb87ce5dea4c3adf3c217af6de5e16,921,0,0,ANO C4 MES C2
ERSC1702.dbc,2019-04-10T16:27,36431,4d35663666bfe775b6933b21613e860176594f4784cfe004ad7be0e941bdb30c,1445,0,0,ANO C4 MES C2
ERSC1703.dbc,2019-04-10T16:27,32308,fa1ddcd2958e5b036ae7cde507d006c931cc42868e72e0644b3b68fa6cbc31e1,1263,0,0,ANO C4 MES C2
ERSC1704.dbc,2019-04-10T16:27,33534,d2814dd798efb03bf89c721320f194d4a6e990af35af72f8c3d70d47eca378ed,1367,0,0,ANO C4 MES C2
ERSC1705.dbc,2019-04-10T16:27,34856,9eb0f92722fec2ad81cd3789b668633c5af18610056ce953dea9aaeef00b4cd1,1375,0,0,ANO C4 MES C2
ERSC1706.dbc,2019-04-10T16:27,37394,be2050b2226bcac9cb31133d7402e2b4d308c321be64afdffd8be78fbe001195,1477,0,0,ANO C4 MES C2
ERSC1707.dbc,2019-04-10T16:27,31318,bd2a7197d885c5d2dfc6df6b4e5d8fd851357d4823fbddad5f4967e2b1e758ba,1236,0,0,ANO C4 MES C2
ERSC1708.dbc,2019-04-10T16:27,32276,c0dea0608e332a2825e5e6b961d4ee014b7d58561f3f391899752b7dc959efb8,1304,0,0,ANO C4 MES C2
ERSC1709.dbc,2019-04-10T16:27,42281,72a1bdf6051e551d76ecf4d32a0e03dd0d18e9cefc22477586c94539da593880,1775,0,0,ANO C4 MES C2
ERSC1710.dbc,2019-04-10T16:27,36341,07c53eee14627ad477b0353c1703a9ec73560b6ae48a0b1095f784709dbc4157,1442,0,0,ANO C4 MES C2
ERSC1711.dbc,2019-04-10T16:27,32225,8ad97a52553b6dbc9cf41a7886bdf2a5f632730c89daae97a9b7e3de7db6aee1,1307,0,0,ANO C4 MES C2
ERSC1712.dbc,2019-07-08T14:45,37378,6b0fff06cf0032af918b0e8a61ca5aa4cb4bd81418503f964f8ce0d50fe61ed2,1559,0,0,ANO C4 MES C2
ERSC1801.dbc,2019-08-05T14:39,89238,1c5a507d31a0ebf9ebf1c39f5d35a1bae77470cdfcc157c9596ad29200411409,3997,0,0,ANO C4 MES C2
ERSC1802.dbc,2019-08-05T14:39,55930,980fef3e612719c92eae3506059632412fe7059a45c475f9295b993a9a8c9045,2441,0,0,ANO C4 MES C2
ERSC1803.dbc,2019-08-05T14:39,48557,6c928c0dfe1e54cd3ef0ad207d5cfd65b9f8a0f88e67ef2b0812edd4ddd23747,2004,0,0,ANO C4 MES C2
ERSC1804.dbc,2019-08-05T14:39,40573,d67426c6e9ff3f95afd3c544a15ce4f22ff462b64e0a66695cba0b74d05ccff4,1682,0,0,ANO C4 MES C2
ERSC1805.dbc,2019-08-05T14:39,40347,bdae6eff9888018e5a2e8a3659b441472a6483554939bdfdadc567a621053dc8,1675,0,0,ANO C4 MES C2
ERSC1806.dbc,2020-01-09T16:48,39357,217ae78da44008d7306ce268ccd028ee9b55ef9a52dd51eefe19dfbb56c5b74f,1626,0,0,ANO C4 MES C2
ERSC1807.dbc,2020-01-09T16:48,42192,0ebde7011bd00e144e2e637422c5204a3d73c09faa1c53b0ef1ef5ede9483fbc,1749,0,0,ANO C4 MES C2
ERSC1808.dbc,2020-01-09T16:48,38259,8a79e5c9c8daa2fe5c972fcde72270e4b4e6d9b99d8e73dd6031148fc1016a37,1554,0,0,ANO C4 MES C2
ERSC1809.dbc,2020-01-09T16:48,42418,d90e3a33aede0a185798f462fc95d5c090212d843b689374dd068971b13a141e,1743,0,0,ANO C4 MES C2
ERSC1810.dbc,2020-01-09T16:48,43228,fe4d1f2470cff9c57ecfc427f51384ab94687d2ffab38cf79763bd98191ff097,1786,0,0,ANO C4 MES C2
ERSC1811.dbc,2020-01-09T16:48,31396,05677a9877aee0b62895d284626884de4ddfe0eaed58543a6eaf2499c357450c,1234,0,0,ANO C4 MES C2
ERSC1812.dbc,2020-02-07T15:02,54933,bea652f6a5e6edf21718115d2e3171a8b0200b3cf62f04c48f32c8e22cda2d71,2291,0,0,ANO C4 MES C2
ERSC1901.dbc,2020-03-10T14:42,47317,e828792b0bf2ad850149a1f4e383e4e68360f15d0cd50c1a31a7e11ca841b9cb,1925,0,0,ANO C4 MES C2
ERSC1902.dbc,2020-04-05T14:39,36547,160ca9824c3733bd3ac6716ef1208257472e350279dd59ffa7f1cfb2bccabaa5,1474,0,0,ANO C4 MES C2
ERSC1903.dbc,2020-06-04T13:54,48591,62a577b1a01edd8da891e083453894c29037390d8173730411cdcaa6fa6905f0,2000,0,0,ANO C4 MES C2
ERSC1904.dbc,2020-06-04T13:54,41765,1f11220967a46c5cd924190d26eb0b275285d00dd5b6dc05e4b125b8873af3c2,1743,0,0,ANO C4 MES C2
ERSC1905.dbc,2020-07-04T11:39,54424,9d94c23850a9f0a8f0b49d7d4c72d20727dc21f2126dd92a6ccd0f3eaa6292e5,2235,0,0,ANO C4 MES C2
ERSC1906.dbc,2020-08-04T10:41,44507,ee0ee10ef501bb9ca3b93eb3c3493650464ecda620e066c39fc6e0cb0294af52,1868,0,0,ANO C4 MES C2
ERSC1907.dbc,2020-10-06T08:42,50517,9a18d2aefff2e017af6be73ad9fdb602e50392dd407a17673491244d92a9ada5,2062,0,0,ANO C4 MES C2
ERSC1908.dbc,2020-10-06T08:42,45092,25d2a870bc7f5bd17d753b7a96e7e65a21fe082a0e4c60583949fbe4207bd98e,1853,0,0,ANO C4 MES C2
ERSC1909.dbc,2020-11-18T10:38,46227,37f6121a4aa0ee4ad4236f274c7f21c4427c01c74adf606749bde1ab47fbc852,1982,0,0,ANO C4 MES C2
ERSC1910.dbc,2020-12-07T11:23,48255,02fce507600862da68df88d5bf8b7060b0854d72e7ebf9579617ba76112e0713,1992,0,0,ANO C4 MES C2
ERSC1911.dbc,2021-01-14T08:09,54827,d0c20c206a230669302c20a7b1ec65e138b0ff3bbc76d5897c646e384221b021,2327,0,0,ANO C4 MES C2
ERSC1912.dbc,2021-02-05T10:25,54951,559b8084a3057486fe3b37e29b808576e0fa1b99d76f950899d00d5bc731b421,2282,0,0,ANO C4 MES C2
ERSC2001.dbc,2021-04-05T13:24,62296,4a42910d305d5c7b47f3fcb0bcca858e4687e06502535a817f65724909e488b5,2699,0,0,ANO C4 MES C2
ERSC2002.dbc,2021-05-07T16:35,42775,a152720fb1399cf2676f98f183ec845dca3c4e1f88390d719158b607e1f285be,1804,0,0,ANO C4 MES C2
ERSC2003.dbc,2021-05-07T16:35,27286,bb5274a7e79d01309f35390889901935da11f92ab45e2922c1c75847c96485ca,1085,0,0,ANO C4 MES C2
ERSC2004.dbc,2022-01-10T14:21,25655,5b9802ea25303b1f338655a2658037c95fdcd76e1b1943cab782d4f7e3c16888,999,0,0,ANO C4 MES C2
ERSC2005.dbc,2022-01-10T14:21,37675,8323ac6085015ef44880f25934a0e4af8d043f044215cba8e419f44aa0241204,1658,0,0,ANO C4 MES C2
ERSC2006.dbc,2022-01-10T14:21,34084,1021ac463bd303c9cf74c6a307ecd9ab241833851346ca04b0416cae486b0c2a,1411,0,0,ANO C4 MES C2
ERSC2007.dbc,2022-01-10T14:21,114766,cbd71832ff07dce99a3c3063927866e3724764a3587d594d75a3750687d05759,5846,0,0,ANO C4 MES C2
ERSC2008.dbc,2022-02-07T10:04,118675,1464469ada6909188ea5a072215c01a4094d163f635383c6e904337a90ff3855,6156,0,0,ANO C4 MES C2
ERSC2009.dbc,2022-02-07T10:04,125083,5c0d43e735632098deb8426d9107eafb31c17d49b08a3a6f70e5668695afb895,6426,0,0,ANO C4 MES C2
ERSC2010.dbc,2022-02-07T10:04,133460,c740349076ed4d6425674a30e97e61ffd9d70956d61e282b4337937b2fee7ffb,6604,0,0,ANO C4 MES C2
ERSC2011.dbc,2022-02-07T10:04,65409,9a67d0c7c8d0690b1645804517fc0a80d50dd6b96f85a4d3d3a89ec5f8168c9b,2912,0,0,ANO C4 MES C2
ERSC2012.dbc,2022-03-07T13:12,65045,d1995968baf90805524d51efe4a8d532ab15e207f4665a80b602d6641eeaa171,2868,0,0,ANO C4 MES C2
ERSC2101.dbc,2022-03-07T13:12,61599,490f86f3c2c23f650340be0d791f955a855ea1391d77e2bdd219c16469ba31b5,2659,0,0,ANO C4 MES C2
ERSC2102.dbc,2022-04-11T19:22,57293,4aaff2828b6ff8637f9e08074cfbe59dd4aafac24f3b40e0fbadc78be7371e82,2440,0,0,ANO C4 MES C2
ERSC2103.dbc,2022-05-04T12:32,77981,935f2c3f60a927a8eba43b8506e4afcc3dca485fc14dc0e51fd7ec22e11ac2c8,3489,0,0,ANO C4 MES C2
ERSC2104.dbc,2022-05-04T12:32,74632,7d08af57b0cc4807e791ed7c0f290498f379852be6260ea0fafee6653a759fe8,3300,0,0,ANO C4 MES C2
ERSC2105.dbc,2022-06-03T13:03,74846,d83dd660f9b0d79ac4a49731b137fa7260b825d6582c9bf005b8f7fa2c952f08,3347,0,0,ANO C4 MES C2
ERSC2106.dbc,2022-07-06T13:10,84501,7a9d532ce8e69d6c7a4e888df35d64a978cdcda34c086ad57f372850fe0cf427,3883,0,0,ANO C4 MES C2
ERSC2107.dbc,2022-08-04T15:38,60069,e247aa7496e1be33f89979adcecac30bf7172f41d1208a257207bb16adced8bc,2571,0,0,ANO C4 MES C2
ERSC2108.dbc,2022-09-06T11:15,52926,7e1a684c3509abf39da17cdc792a10a5b8dc6c74afb1c4c1cb6d029e3c730395,2265,0,0,ANO C4 MES C2
ERSC2109.dbc,2022-10-05T14:25,43919,be1654ada93fae86e7c6c72d85cda8972b7f89c5958d8f770353072f7739b3d2,1820,0,0,ANO C4 MES C2
ERSC2110.dbc,2022-11-03T17:53,44639,ccf69e5f2ac8f81b9ca2cadec200244d2b9cb300462322da9a2105a2f10db6f1,1845,0,0,ANO C4 MES C2
ERSC2111.dbc,2022-12-06T16:21,44161,99626235bc83ec999d547f8353e594008bc466711847401f3c96a86d674fa56c,1828,0,0,ANO C4 MES C2
ERSC2112.dbc,2023-01-04T12:45,43529,cec646b28d192e13e73c47b17609a09b3ae5fc1c47b1d6b286b85fe29c59e391,1811,0,0,ANO C4 MES C2
ERSC2201.dbc,2023-02-06T12:59,41005,6f2ca1aa55b1a437d39e933cbd5016a3db5e434cccc27e32c8e8209929179c8e,1656,0,0,ANO C4 MES C2
ERSC2202.dbc,2023-03-09T16:42,42221,1150bbab89335b59c5a1b813f6e9bce8e66ee68cd1d735f2206d92159385c5d4,1724,0,0,ANO C4 MES C2
ERSC2203.dbc,2023-04-05T13:30,52528,88d078880bd998e2176ef1877c12a01b2f3df149515fe823b2bd20e63117ab49,2187,0,0,ANO C4 MES C2
ERSC2204.dbc,2023-05-08T14:30,56304,aa2994b1c8dcb4ababed01eaeff85d8db556cc20e82f5817568772dc61bf360f,2394,0,0,ANO C4 MES C2
ERSC2205.dbc,2023-06-05T11:30,96773,9fbd920e70318f5528acac2da93168079f4b33336b94b9208f9dfa5d459bf388,4379,0,0,ANO C4 MES C2
ERSC2206.dbc,2023-07-05T12:43,103561,dfa40ec3c00a3979802d4d6269aeb9f123d28bcf59c4087a92b5aad76510e195,4545,0,0,ANO C4 MES C2
ERSC2207.dbc,2023-08-03T16:36,103176,23262f7e421ca8ce6729d0d9c4529eb30a5e05aab18baa62ca3f21d1266a0555,4764,0,0,ANO C4 MES C2
ERSC2208.dbc,2023-09-04T21:02,99072,10f44480d345b5a1b57384238477e3a974f0332b30af699aeb3ade92a9e0005f,4617,0,0,ANO C4 MES C2
ERSC2209.dbc,2023-10-04T17:01,85032,d7b622664520079adef2868b1b88a5ca0c5f1963ef0d67ad1311b17e99d91ca9,3761,0,0,ANO C4 MES C2
ERSC2210.dbc,2023-11-06T15:48,63902,1cdea3f88258a2865325e612815878cb740977427c5821ed69ff08629506ab6d,2736,0,0,ANO C4 MES C2
ERSC2211.dbc,2023-12-05T14:58,61761,858dbb9ecfd71dedd65c59c8cc1e3065ed561292ff3346f883a0ce3f37504726,2551,0,0,ANO C4 MES C2
ERSC2212.dbc,2024-01-05T17:49,63319,434ad6a56ef8672da58e55d3249ad6610953a52c77520bdcfc0bc5cad2887eef,2700,0,0,ANO C4 MES C2
ERSC2301.dbc,2024-02-05T22:48,59065,853da747cec6c450c9cefd82fb8311a97892ea4e12fe26466d2e17bcee44da58,2494,0,0,ANO C4 MES C2
ERSC2302.dbc,2024-03-07T18:39,50075,1678592172d4ca89235c1833761328850ce042f04df963e77c87ffcc4970d01a,2086,0,0,ANO C4 MES C2
ERSC2303.dbc,2024-04-09T14:24,56183,e56b66b406d53e0d87d2163826ee9761715751949236917d36eaf4fd9125bc77,2410,0,0,ANO C4 MES C2
ERSC2304.dbc,2024-06-16T01:07,55481,8dbcc0d46d0595e96fecd6a9ffdd6518306bec3bf103bd4eb2672f8bfd155146,2404,0,0,ANO C4 MES C2
ERSC2305.dbc,2024-06-16T01:07,64982,e2c058bb1e34053d678216e4a13320ee5b704fe5a761d54c46d9502154a79728,2844,0,0,ANO C4 MES C2
ERSC2306.dbc,2024-08-05T14:43,92395,e23e66e178c6d57ddd4e66b07d7e5f42376f81fe3f1faf1741c2387300fda9fb,4223,0,0,ANO C4 MES C2
ERSC2307.dbc,2024-08-05T14:43,99086,0cea71c2ec3edc1e52598e55df33eb1da08600e588d5902d970df7f055361166,4535,0,0,ANO C4 MES C2
ERSC2308.dbc,2024-09-05T10:26,92245,46f31be65ced4611e305e1ccc937f1e9a1bae41fb8e525745f31a61fd85095d4,4110,0,0,ANO C4 MES C2
ERSC2309.dbc,2024-10-08T12:05,81744,a39c67df81416c7fc03319cec7bef6b09af0a5f58214b16d8511c3c0633a40aa,3566,0,0,ANO C4 MES C2
ERSC2310.dbc,2024-11-07T15:41,87272,c1b59dac9ebce4e09bb895c32b2116ec08ca079173f4ca3903b1cd27d5d501b9,3813,0,0,ANO C4 MES C2
ERSC2311.dbc,2025-01-05T18:55,84961,23aea0a45dd6cfc585ee92abdb05b3b8138e46fbc98070d95acdd0ad40877afc,3751,0,0,ANO C4 MES C2
ERSC2312.dbc,2025-01-05T18:55,92027,676ec805185ce8371290064925363f2a605d910772ee4a4ae382876806734ec8,3933,0,0,ANO C4 MES C2
ERSC2401.dbc,2025-02-09T21:24,79532,d7f233ea800f1c1d86be888c488540fd59805cebe9c8a0c94cc19d1f27b299c2,3479,0,0,ANO C4 MES C2
ERSC2402.dbc,2025-03-11T23:45,76169,b100ec7e8e732b97c39b39d1487a5884aa7fffe56661aa08d5f3d27c59d7ae24,3264,0,0,ANO C4 MES C2
ERSC2403.dbc,2025-04-05T12:12,97000,60c139d6759afa40e03e1c3bdcd51d7a76093cd700c406abfc0cae09ed9b8867,4125,0,0,ANO C4 MES C2
ERSC2404.dbc,2025-05-08T08:05,82167,2eb34affbae0d6f071cb6e7a4ea142c89e92d7db7f218f601c8c59316d6209e1,3479,0,0,ANO C4 MES C2
ERSC2405.dbc,2025-06-06T10:44,86940,a505cfaa8b58e52195d6c8b3ab2a25d68daa2741f26d7450452774c390382af8,3668,0,0,ANO C4 MES C2
ERSC2406.dbc,2025-07-06T11:28,97420,a3641de6bcec60b5c93920266434b6f1586e150dffee40600a05338d55086577,4167,0,0,ANO C4 MES C2
ERSC2407.dbc,2025-08-04T07:13,96179,8768801c14d536a99d60589193728cb3c1393241fc0ef207b938bea794f824a8,4189,0,0,ANO C4 MES C2
ERSC2408.dbc,2025-09-05T12:54,96506,7ad79dc47102528c904c68e3605b027cc3b40a5b5b54a8718170e7d79b3cfddf,4213,0,0,ANO C4 MES C2
ERSC2409.dbc,2025-10-06T17:04,129745,ff6f071612d71eb999a292cb83b7638262b881897c113e196c95002235168bde,5567,0,0,ANO C4 MES C2
ERSC2410.dbc,2025-11-06T16:20,116553,845cb16ca25b39d279f6542feff5b7778f02dfe7d0bec5933357f49048574313,5221,0,0,ANO C4 MES C2
ERSC2411.dbc,2025-12-05T20:17,192531,8e2fc1242753f442fd44dc63b022137c5a944f98502ff8745abe5cb3507cbd88,8464,0,0,ANO C4 MES C2
ERSC2412.dbc,2026-01-07T19:03,127842,db31e847b83ff8f6f5f10938fe9e4e4a877c4cd88a67dbf6bd33ba5a724d47b2,5558,0,0,ANO C4 MES C2
ERSC2501.dbc,2026-02-08T14:12,97480,a1aa5820aecb312d7c3d58f7352d43bc0feda38022c7fdb87175b29c6bab4074,4197,0,0,ANO C4 MES C2
ERSC2502.dbc,2026-03-06T22:13,103321,2dd7db3292df8b781dacfe7e636a45a71477e6fec8289f2fb30d60cdb4b48932,4412,0,0,ANO C4 MES C2
ERSC2503.dbc,2026-04-07T07:24,85358,19a91015b22abd6e8f81127bc3e875c4c92907990c8e1e7ce1bf24789dd764f2,3674,0,0,ANO C4 MES C2
ERSC2504.dbc,2026-05-06T18:59,81224,f2aea11cf38ce05f8fa703e2aa0d55fdd0dfc2a97ee0253c65e825399ac1e6e8,3443,0,0,ANO C4 MES C2
ERSC2505.dbc,2026-06-06T20:14,84546,2c1312384dff9ec5a58f5edf21929be3544e1502f103915e27e78114a2a048a7,3651,0,0,ANO C4 MES C2
ERSC2506.dbc,2026-07-06T15:10,87988,a4ccec470b3317edfcb811eed9630a293b268f0c06592bf2fc66ba541e08a735,3817,0,0,ANO C4 MES C2
ERSC2507.dbc,2026-08-07T12:25,74179,2d72d873148eb2646a62791f161527c2342026c4e44dd907499a335b9b3ad5bd,3121,0,0,ANO C4 MES C2
ERSC2508.dbc,2026-09-06T21:26,80369,68e5d16065f9620ed0c567246adcbc95a5ec223928c606b78a529c418f9df377,3518,0,0,ANO C4 MES C2
ERSC2509.dbc,2026-09-06T21:26,90516,3b083eb053ec5d06825f22dc264e871aac7a770e117a0b1b657105ccc476454b,3891,0,0,ANO C4 MES C2
ERSC2510.dbc,2026-09-06T21:26,98034,fea0ada75acef6d3f5d01770bf6c64f8936e43d728df215fbdc496cbd4ed734c,4172,0,0,ANO C4 MES C2
ERSC2511.dbc,2026-09-06T21:26,92179,6c2e19cc899ee77b6e643addda806634a0e3f857a33bfeff9b9cd86b4228c9ae,3975,0,0,ANO C4 MES C2
ERSC2512.dbc,2026-09-06T21:26,81640,66d09e536afe87147c29880c941492765017b980d439a0c060f16ed8783f849e,3409,0,0,ANO C4 MES C2
ERSC2601.dbc,2026-09-06T21:26,69873,ce901a06f4bdab6393649a8da38c3db4da6567798c1f8cb8c03818fd07528d43,2915,0,0,ANO C4 MES C2
ERSC2602.dbc,2026-09-06T21:26,89063,122774e195a888505f63fa478c3afbea2892846c8be3af85e693b06ad6b75317,3806,0,0,ANO C4 MES C2
ERSC2603.dbc,2026-09-06T21:26,88257,34732a9645dec02ef4d19230565f5d1d3ae86bfd70df151d2dac77505e1c81f4,3809,0,0,ANO C4 MES C2
ERSC2604.dbc,2026-09-06T21:26,96017,0bdd5ef94e9d75209f39b063ade4b1c95bb8327c3da2617763776687b34b6eb3,4148,0,0,ANO C4 MES C2
ERSC2605.dbc,2026-09-06T21:26,92310,2589d291e05b8b7c09e7756f1335f1cd841fbcf21850cb718cd0a1e905168ec0,4035,0,0,ANO C4 MES C2
ERSC2606.dbc,2026-09-06T21:26,68163,580f36aeab027573c34055526e1c1449bc52ba9ccba67beca3f6c569065c0ca9,2830,0,0,ANO C4 MES C2
ERSC2607.dbc,2026-09-06T21:26,88998,4fb4f0359b598b326b6e3aa8420f759a0c914de8a326be8a937d3b8048d49125,3796,0,0,ANO C4 MES C2
ERSE1101.dbc,2013-11-01T11:31,10713,320474732b821f18af23dbf1d12ca6223584a51a823f1101c7b5013cc7789485,503,0,0,ANO C4 MES C2
ERSE1102.dbc,2013-11-01T11:31,11219,a3ffa3245f44a24a7054949594dfc53d8f7c58673ebd5810e8bf28a76d319b32,482,0,0,ANO C4 MES C2
ERSE1103.dbc,2013-11-01T11:31,7918,313bb75ddf576c88f790c623b3c9a1350aed006aeb8e05ad7973728612a159f4,342,0,0,ANO C4 MES C2
ERSE1104.dbc,2013-11-01T11:31,8697,d45f59a942596438aec005ab6b93fa5c72a1f8fbdec8fab212a2781ce3dcdb9a,368,0,0,ANO C4 MES C2
ERSE1105.dbc,2013-11-01T11:31,21218,c3e07385ff6a1337b77444340da44c4b12b64916f6d93a2aa992018c1f639149,966,0,0,ANO C4 MES C2
ERSE1106.dbc,2013-11-01T11:31,27061,48ffb44a35da6fdbcb81e638ddd5f1575dc16c9fda746228a1cdf6aba0dc70e4,1316,0,0,ANO C4 MES C2
ERSE1107.dbc,2013-11-01T11:31,20014,a19a408874638911050d9900b69cdac98ae577a79f22fa614b616209ff75274e,907,0,0,ANO C4 MES C2
ERSE1108.dbc,2013-11-01T11:31,19823,42be57323de4cea1fe72013abc992cd7bbc2a059fe2ed0753008df5a11f5417e,984,0,0,ANO C4 MES C2
ERSE1109.dbc,2013-11-01T11:32,14552,94c2a62ce8c0a81faba70f429b039fb2227b7526802def43d8c5785bf0ab1962,675,0,0,ANO C4 MES C2
ERSE1110.dbc,2013-11-01T11:32,13605,119b05af5658c7abfd38c100f1e3059f88b11f385105716a5ed8d5949441a626,597,0,0,ANO C4 MES C2
ERSE1111.dbc,2013-11-01T11:32,16348,18424863ef72042318c21e3927fb22fb04e1c9db9c98024c4e9d6a58b0c98373,751,0,0,ANO C4 MES C2
ERSE1112.dbc,2013-11-01T11:32,15527,cf87695a29b261ba81e2fb6a9812ec56a6fd332075bd1b4c674f4e1cdc4e166b,705,0,0,ANO C4 MES C2
ERSE1201.dbc,2013-11-01T11:32,21355,0e46dadc4a6f994726f39ec2321675c3debeae09e56cf0c4a5d0488f917c6110,1017,0,0,ANO C4 MES C2
ERSE1202.dbc,2013-11-01T11:32,22221,c32fa4fa70f7f3e059bd074127bb2e96e601e66729b29d590a938febe503161a,1058,0,0,ANO C4 MES C2
ERSE1203.dbc,2013-11-01T11:32,14377,a884fb1e5e9131d555303275e55c46d31b744f1107bef6c435b0f97ee1b0b049,644,0,0,ANO C4 MES C2
ERSE1204.dbc,2013-11-01T11:32,15207,c6a119827df746ac4539c8a7a41a38cbff67091f0fc9a93657509f9a01a19a12,689,0,0,ANO C4 MES C2
ERSE1205.dbc,2013-11-01T11:32,12525,c8af4071bb62c4cad124300fdd0f208d0f195a85b5aa1d13a6e45947849345dc,542,0,0,ANO C4 MES C2
ERSE1206.dbc,2013-11-01T11:32,18151,24ee48f478e2905b837abe4038035fb616bedb08a9f8309b44543dda734cf4c6,826,0,0,ANO C4 MES C2
ERSE1207.dbc,2013-11-01T11:32,18038,e38ed72aa1fc119bf947842f840df090485d21b2b011c732132f4272ce44f644,853,0,0,ANO C4 MES C2
ERSE1208.dbc,2013-11-01T11:32,20867,3f7d112c1fc29bdb78a390a16c9fa5e6f96ee1435793a58fa380461db69cce49,1003,0,0,ANO C4 MES C2
ERSE1209.dbc,2013-11-01T11:32,23324,88d0e518a28b5ffb96993b90dd1eb558a4a1859e949463511684a590101e2703,1100,0,0,ANO C4 MES C2
ERSE1210.dbc,2013-11-01T11:32,20140,ea14fecd79e4082ca0e7083f888ec4df497ca3726bcc7b2965e6aa5490022b02,963,0,0,ANO C4 MES C2
ERSE1211.dbc,2013-11-01T11:32,25921,7be6d9c8c186b8fb0e069397ffb14d9ec07a8ca449d22821831fb050a2f86c51,1253,0,0,ANO C4 MES C2
ERSE1212.dbc,2013-11-01T11:32,23397,35bbc40ea471e406fb32238e74dbdadf10f12eaed22512bf7073a492b3315658,1124,0,0,ANO C4 MES C2
ERSE1301.dbc,2014-09-25T11:18,25653,25efed2ce1490498bff0f13f418c7ebb84ef600c2749a0fbf54794d109aad9ef,1227,0,0,ANO C4 MES C2
ERSE1302.dbc,2014-09-25T11:18,23866,7d99b60a274d3233aace95999d0b69cb481f121427cf5fc3e13a4f759320bde1,1158,0,0,ANO C4 MES C2
ERSE1303.dbc,2014-09-25T11:18,16377,91fde43d59a3642f3fd29f42d255118dde8d2e22ff75de9e6d6dc3cb6d127416,769,0,0,ANO C4 MES C2
ERSE1304.dbc,2014-09-25T11:18,13061,de4e140f6d4bb761cccd4c122bb3fef1a43b1f7727a04f105ba95a666496a135,599,0,0,ANO C4 MES C2
ERSE1305.dbc,2014-09-25T11:18,22381,898db4dc72b5dd893216db63acee497ba08520f18fb81732c3286b61a0f99f95,1085,0,0,ANO C4 MES C2
ERSE1306.dbc,2014-09-25T11:18,19038,75110b7e1ba70e2712be5d17c67b07f36136a7b9a792bd0734f260bc747dcf3a,891,0,0,ANO C4 MES C2
ERSE1307.dbc,2014-09-25T11:18,21601,1e38f34c4330b2427fcb44b9fdeecce75a8a1b4450ea490840e1ce817322b40b,1018,0,0,ANO C4 MES C2
ERSE1308.dbc,2014-09-25T11:18,18702,a2fe176b4c268cf71bf20502265c5c851a9ddda2898ad26381885c884be3dc54,901,0,0,ANO C4 MES C2
ERSE1309.dbc,2014-09-25T11:18,18482,1d44f3c32c5325e37261f07d4c065d061999127144e46507674f06fe14213b1e,858,0,0,ANO C4 MES C2
ERSE1310.dbc,2014-09-25T11:17,18607,c8f4478f733c10c9358e48c9f0358d7d6aa528e5d12610b9462db72fb7c24858,868,0,0,ANO C4 MES C2
ERSE1311.dbc,2014-09-25T11:17,16284,c11a390199f573af25d729ced33f62d7fcb1cecf6198b1de940aea4ed3277e59,764,0,0,ANO C4 MES C2
ERSE1312.dbc,2014-09-25T11:17,14517,e1cccba75e1bf1879a63ea12024c8b10e8c109c580acf0ce18a1e58d394f4be8,639,0,0,ANO C4 MES C2
ERSE1401.dbc,2015-10-05T11:57,14969,2ce72a3acdcd1be36f35839fd7c7f10630589511fd290738377866fcd3f4a84f,687,0,0,ANO C4 MES C2
ERSE1402.dbc,2015-10-05T11:57,15056,f2ba49301b21fd52ea7b157064c2c2f606a2adbc0c13783d7d9d25ce51569d66,682,0,0,ANO C4 MES C2
ERSE1403.dbc,2015-10-05T11:57,17867,d6e5198c101c6ee10285fa4e3fc720d5ca082e6a530c2b0bde8fde5dfa6b5aca,811,0,0,ANO C4 MES C2
ERSE1404.dbc,2015-10-05T11:57,17042,c6ff1d584dfaf8b6c41c1ce48b502c7e6c3eeefafe32f468f6e1df50e33a7672,782,0,0,ANO C4 MES C2
ERSE1405.dbc,2015-10-05T11:57,20673,2a102c8d16c83e2ad88765594aa5d6ec8771a277528e6a32e4ae5ee919493a92,971,0,0,ANO C4 MES C2
ERSE1406.dbc,2015-10-05T11:57,21402,85033a78413d54c19cc8aa305586aaecd21ca356372d8bbe65014fb25c5a0e48,1003,0,0,ANO C4 MES C2
ERSE1407.dbc,2015-10-05T11:57,21280,1d87e830f1944634549fc06fe6b22e699f6f6ef3528e58760585572e204a529b,1013,0,0,ANO C4 MES C2
ERSE1408.dbc,2015-10-05T11:57,18633,e64e52472643dc67e64e28cf98943d2716dafdb2d20987b8cbf16f2b7240728a,879,0,0,ANO C4 MES C2
ERSE1409.dbc,2015-11-09T10:30,18039,fa55a5a8abe4451ddf4363026a12f261cb064857e32ec7f60825b3a518bf81cb,845,0,0,ANO C4 MES C2
ERSE1410.dbc,2015-12-07T08:58,20210,f7d0ce1070bf9d1bb93e85a7404e9328b0b958072ee7b60615d4619ebdaf669d,932,0,0,ANO C4 MES C2
ERSE1411.dbc,2016-01-07T10:01,16328,1c57581b295cba1457c072c38a7262c43dc9b1e652ab33d48aadea7534d3757c,754,0,0,ANO C4 MES C2
ERSE1412.dbc,2016-02-05T09:09,14976,262a456d3a878cabf0479f6d6c301f04b8767a034c4e7fb1e0a483069e79d00b,681,0,0,ANO C4 MES C2
ERSE1501.dbc,2016-10-04T10:21,12097,6178053850fd664bef3476ced19f8b9c846185d0ef0ade629f90defdac0cafb9,523,0,0,ANO C4 MES C2
ERSE1502.dbc,2016-10-04T10:21,9039,29d9a3d97f622c5b8a2869adff7ce52c2a784a7e1d2ffa736c026bd1a544f6dc,402,0,0,ANO C4 MES C2
ERSE1503.dbc,2016-10-04T10:21,9664,cc21f2193def9f012666fd16c512cae8a06ccbebf40e3042b600e614633295ae,445,0,0,ANO C4 MES C2
ERSE1504.dbc,2016-10-04T10:21,10894,6b43e3a4d70cba851c8827e13714ab703dd477880a61a9e590fc1f7df332f9b2,492,0,0,ANO C4 MES C2
ERSE1505.dbc,2016-10-04T10:21,7039,4464c5f815dd55ca1a18f61886db37b4cee3b22806b9d63e56706dad5726105f,297,0,0,ANO C4 MES C2
ERSE1506.dbc,2016-10-04T10:21,6276,6166668b4ebe7500e285adc13a0eebb652cc93de03a12e89b239b84594b99573,286,0,0,ANO C4 MES C2
ERSE1507.dbc,2016-10-04T10:21,5274,e4b98f45643e97594f8c742b91e9495454dc075eecc84b5cbf226e50ea3d9f22,246,0,0,ANO C4 MES C2
ERSE1508.dbc,2016-10-04T10:21,3808,f515ed6e8831543d9190e6cf0a807c2077118fdd33fc15bd82b6ff31ee03d65f,161,0,0,ANO C4 MES C2
ERSE1509.dbc,2016-10-04T10:21,4441,710a9717c693ec8847783f1789d849eb9c2f9773ad2ec67dfc7bfaf5a3a9ec12,205,0,0,ANO C4 MES C2
ERSE1510.dbc,2016-10-04T10:21,6836,3e8d4bf06a71796cfd62a4de5776f8f14b0242d01821a3318648237a66bd68d9,325,0,0,ANO C4 MES C2
ERSE1511.dbc,2016-10-04T10:21,2526,dedcbdb44c013ff98a725bb65700667fef5d5e275462519b03f41dce62e8215b,93,0,0,ANO C4 MES C2
ERSE1512.dbc,2016-10-04T10:21,2701,e6b5aca8efc16adc955d1fca16ab732a10d30a179b4ee3009c369c8773857f6d,98,0,0,ANO C4 MES C2
ERSE1601.dbc,2017-04-10T10:08,3266,a47a2ba4b82a71db1b62f2219b4b38c5650c794fbac2e123eae47dfcd7194506,130,0,0,ANO C4 MES C2
ERSE1602.dbc,2017-04-10T10:08,3685,6374ef35e7ef49f8e745741f11a5f068cbfa1625c5b543a88ef6555f0f69546b,141,0,0,ANO C4 MES C2
ERSE1603.dbc,2017-05-05T14:38,4515,c599f4a2f06023432b6af1a0ee0cbf964125472e5b4a3f6f81170b841c7f335b,203,0,0,ANO C4 MES C2
ERSE1604.dbc,2017-06-05T09:59,4389,91902829f486a71bd23f83e54465c33fc4b71c0c7382fc5407dd627d49f193dc,185,0,0,ANO C4 MES C2
ERSE1605.dbc,2018-01-08T15:28,3023,3dbc5e5d94e063fb0027bbe4cbb664053adb2c01f616b3539deabcb9c38c41a2,119,0,0,ANO C4 MES C2
ERSE1606.dbc,2018-01-08T15:28,3162,f12bd658b7627d67124b25ef14d0d7eaf4170a2aeffed6cd07154708863f7efd,125,0,0,ANO C4 MES C2
ERSE1607.dbc,2018-01-08T15:28,8412,e88cc3b89002e2af11892a5540ee43278539abac0d44068578b27cc5b349b848,379,0,0,ANO C4 MES C2
ERSE1608.dbc,2018-01-08T15:28,2110,a89f215e8ed487c463f1e3ee3d25ce449124ed8f3314677df7afcefa3abeba67,70,0,0,ANO C4 MES C2
ERSE1609.dbc,2018-01-08T15:28,3494,5dada75878861b57c9bf5f7126dd550e0d8414466dd6c1377d8a59c1dac978f4,138,0,0,ANO C4 MES C2
ERSE1610.dbc,2018-01-08T15:28,4350,2c6b7cdc0d2ad1e6e88c87a431efee359fdc2051647e448cb5e4c7e0fbf8f93f,187,0,0,ANO C4 MES C2
ERSE1611.dbc,2018-01-08T15:28,3837,9432e346867b9dfe50265b0d10245c83a58fcaa2f7b7b84b56f8d2608f1a080e,166,0,0,ANO C4 MES C2
ERSE1612.dbc,2018-02-05T09:38,5527,e918b75018ed1c442ed775e54dfe82cc76bb521d4297931daa978892b93fe1fa,236,0,0,ANO C4 MES C2
ERSE1701.dbc,2019-04-10T16:27,5212,05786df08ad97f3d7cf5defc05bb2fe8325181f2b7317770ce799b42c29bc0b7,224,0,0,ANO C4 MES C2
ERSE1702.dbc,2019-04-10T16:27,2362,5fddac1448b86f6ef70fd19f36263a5d0a799d3add9d061cb68d4784779189bb,88,0,0,ANO C4 MES C2
ERSE1703.dbc,2019-04-10T16:27,4387,39edcee73fff1376ad8ca0e07c39d76f71190b6bc5c51ebc17e9c32b98114559,179,0,0,ANO C4 MES C2
ERSE1704.dbc,2019-04-10T16:27,3667,3c55eeb95d5f9d89c128d74680b2f3be5465dfdf63e6899cdc4bcb199aa7458b,144,0,0,ANO C4 MES C2
ERSE1705.dbc,2019-04-10T16:27,4168,77ff14bc080fcac0768e1f098b20d6d2e45b5339b0c7f1f91f23e05dcc328888,177,0,0,ANO C4 MES C2
ERSE1706.dbc,2019-04-10T16:27,2536,e6f5da3f2a8d083ae56b006ed456c12cc26c1e8be2d1dd123f5a0d262503b67e,99,0,0,ANO C4 MES C2
ERSE1707.dbc,2019-04-10T16:27,4447,f5dd44a40443d066f99913b9bb4b836f3ff57575e502485fcab8e75cadfbf597,192,0,0,ANO C4 MES C2
ERSE1708.dbc,2019-04-10T16:27,5604,1bd78e188eec007ff43274864a4b87532b8c22f65354b0539cfbbaa137317f1a,239,0,0,ANO C4 MES C2
ERSE1709.dbc,2019-04-10T16:27,5407,cdd630e7848a615cb6241e4f7061b6e0f7e8cfe7c2e63f5f84ed7fa9c96a173c,239,0,0,ANO C4 MES C2
ERSE1710.dbc,2019-04-10T16:27,4278,7c886edba3448d3f0ee3046c1047151f7e504802b6521bd90591a3848ee10a9b,178,0,0,ANO C4 MES C2
ERSE1711.dbc,2019-04-10T16:27,2874,e73c1ca866a8682156533f69736dd832c1836466fff0fe993518a7770e44ded2,123,0,0,ANO C4 MES C2
ERSE1712.dbc,2019-07-08T14:45,1484,bcca28ecbe615a68aca06395f954e93802497ca3b410ecdc628612ec4424fde7,48,0,0,ANO C4 MES C2
ERSE1801.dbc,2019-08-05T14:39,2499,6dd1c399176c9f99469ac935d34075be5169029465b3f960f3b8e8a100e17d01,90,0,0,ANO C4 MES C2
ERSE1802.dbc,2019-08-05T14:39,3623,25ef6b8c73b5c2e3181253d8b6b0895f6fead25a6e475d617627648753554fc9,148,0,0,ANO C4 MES C2
ERSE1803.dbc,2019-08-05T14:39,4283,aa8ef686efd340ef5f79918911aa0985967e0d036c43316dce78f7651f4fdfb7,173,0,0,ANO C4 MES C2
ERSE1804.dbc,2019-08-05T14:39,5228,c16843c8d3383a9f8e583e0fe7b60afc75261d95c234a126ae488c8bcc535c2e,233,0,0,ANO C4 MES C2
ERSE1805.dbc,2019-08-05T14:39,7545,8f59be4d28010d7419c3b57c6f5bc891254594e3522c0d69ad733d6ebe5be785,346,0,0,ANO C4 MES C2
ERSE1806.dbc,2020-01-09T16:48,3864,e20772b8bcaf0ce364dc163a27249576e13bc128fa8534ff25528b0ff73ba219,168,0,0,ANO C4 MES C2
ERSE1807.dbc,2020-01-09T16:48,4724,00cf2ff470719f6d485773d20f2cc3fbea2cd13743f03bd54ed96e6a4fcea15b,209,0,0,ANO C4 MES C2
ERSE1808.dbc,2020-01-09T16:48,3592,261e5c9a1156452a8599111ba68ea28cd5e40e0dbd15aa9081b40fbe8bd90e4a,149,0,0,ANO C4 MES C2
ERSE1809.dbc,2020-01-09T16:48,3926,a253276870905f5cdc8f613910bcfdc5c265ae5d0b684cf8d0b2c83886cc5168,165,0,0,ANO C4 MES C2
ERSE1810.dbc,2020-01-09T16:48,3837,4dec9fd7895649617203816c19e3615b23283e23e6e24a372c518915155c3758,172,0,0,ANO C4 MES C2
ERSE1811.dbc,2020-01-09T16:48,4387,c240197bd31a104fee5beb871f3425d5649f25ba3e90b5e0c2f16123d6a5cb19,197,0,0,ANO C4 MES C2
ERSE1812.dbc,2020-02-07T15:02,1899,19e75596ff538c05e7b3d812da5227621f84b1d91a76a1fe897fc7324eb500c4,72,0,0,ANO C4 MES C2
ERSE1901.dbc,2020-03-10T14:42,2178,49e0dba536d162ebcde49a940a862442056528b40fec994eaf9befc910acde36,81,0,0,ANO C4 MES C2
ERSE1902.dbc,2020-04-05T14:39,1755,83a3b931f4e80c032f7365b82c72a8968f80d69580a871df3df67cbb54af288c,58,0,0,ANO C4 MES C2
ERSE1903.dbc,2020-06-04T13:54,3747,d3c4fc8b3368c3b2b4554655212cead01ce69bc8a8ffeceab92aecf698360920,164,0,0,ANO C4 MES C2
ERSE1904.dbc,2020-06-04T13:54,2781,f7730f2b5422a056278abbfa5cc236659fec3b59f6394ac6fc62a7cc8e8ecb86,118,0,0,ANO C4 MES C2
ERSE1905.dbc,2020-07-04T11:39,5118,48ff080591a21666385822d22b4cfbc8b9928d40f5eb755319cac72b1de5db30,235,0,0,ANO C4 MES C2
ERSE1906.dbc,2020-08-04T10:41,7263,0099acaa6f9a717b14ff2846562b02177e642b6d22c9425cf6f5f561bbc800f4,328,0,0,ANO C4 MES C2
ERSE1907.dbc,2020-10-06T08:42,3151,ca8f7cc69511ff0880710c37d4b283abad9e0bdc629320225405369ae90318c2,131,0,0,ANO C4 MES C2
ERSE1908.dbc,2020-10-06T08:42,4575,48a3b6d9dbbe0073ff02bd8f4c6a53aee3d1e7ebe3553561ae8bbb152cdefe3d,201,0,0,ANO C4 MES C2
ERSE1909.dbc,2020-11-18T10:37,2349,e54ee51a0dfa6df3d1576f8ad361f12db9bcc51532154db986267d29cdcccaba,95,0,0,ANO C4 MES C2
ERSE1910.dbc,2020-12-07T11:23,1517,1b0393a24b46b136ad533f84cd557c912223609f468b4ae8569cd885d8e0c41a,48,0,0,ANO C4 MES C2
ERSE1911.dbc,2021-01-14T08:09,1304,14a7fba5a714e188c79f7e936fd252203c203d21b50fd06e8ad0575ca0f2d8c2,35,0,0,ANO C4 MES C2
ERSE1912.dbc,2021-02-05T10:25,1014,21c9c92db80ae8bb50034553356508fc67c8d3ade10743d9d8d204dc96fc0dd5,22,0,0,ANO C4 MES C2
ERSE2001.dbc,2021-04-05T13:24,1662,7059d138a04cbdfee632c7815f047b603dc2ca270ee9091e35501a658abb0560,61,0,0,ANO C4 MES C2
ERSE2002.dbc,2021-05-07T16:35,851,22c28c4031a71e32b8b28cfe479c815694a2d086cfd4338db4e5c74bcea37371,13,0,0,ANO C4 MES C2
ERSE2003.dbc,2021-05-07T16:35,996,f4caea14a730964d6c9c484fb18a8ed6fd87005e7ead2a0b4c0cab39db0621b5,25,0,0,ANO C4 MES C2
ERSE2004.dbc,2022-01-10T14:21,3194,2336f427e46e2c93ff58b3e89b6b38e119da6f59fc0b6392c2bcb29d04a3ab6c,136,0,0,ANO C4 MES C2
ERSE2005.dbc,2022-01-10T14:21,1924,0673b6d7ad55da8862c29423a2fddc8484a454834a60099e842ac0c81e1436c3,73,0,0,ANO C4 MES C2
ERSE2006.dbc,2022-01-10T14:21,4203,27f0006acac78e30d8d6bf107f15cea66062503447d25aedb8972012a7826ebe,213,0,0,ANO C4 MES C2
ERSE2007.dbc,2022-01-10T14:21,4918,f095eb1a62d8042d4a5a1452638c55d39842aace372a483f8dc3ea758a45d514,253,0,0,ANO C4 MES C2
ERSE2008.dbc,2022-02-07T10:04,2521,4e1fb26c3fe26d8532c494019e08feabb369cdfb925257f249801034454d2a13,129,0,0,ANO C4 MES C2
ERSE2009.dbc,2022-02-07T10:04,2624,c740a3b7bd98770bcb1450117168ad829a2078efd8cb92e231a44026591ae2a9,120,0,0,ANO C4 MES C2
ERSE2010.dbc,2022-02-07T10:04,2936,043ac00f16af7a088d2d8968a6dba4a0c551a23b867a9fbd987f6d31800de5d3,136,0,0,ANO C4 MES C2
ERSE2011.dbc,2022-02-07T10:04,5188,eb0eb769f479e03e7214d83b3c8dcb60acfa801776d175deff5bf0e3aeac6573,262,0,0,ANO C4 MES C2
ERSE2012.dbc,2022-03-07T13:12,1317,cd1a3c3943538ba465043886955ec519baa9443f80cf7218fb9ed310ac206758,42,0,0,ANO C4 MES C2
ERSE2101.dbc,2022-03-07T13:12,1141,e787fa7b30542cce3f9c8b211b92b172e3774301e69b2090a3b03feb2d8c71aa,25,0,0,ANO C4 MES C2
ERSE2102.dbc,2022-04-11T19:22,1217,8d1c89ae2967d30dcd4a5a9540352939a6bb9a7718f06c0289f220e1c616f70c,33,0,0,ANO C4 MES C2
ERSE2103.dbc,2022-05-04T12:32,1475,5eb529a1daba8c4d6306a5e72bd6f4d179b44966ab75cd528b827c5f5408863c,46,0,0,ANO C4 MES C2
ERSE2104.dbc,2022-05-04T12:32,1948,6c2782e473d3f727a1214022e5326bc971481c0b4e8bd8be211b7342b8f70830,76,0,0,ANO C4 MES C2
ERSE2105.dbc,2022-06-03T13:03,1484,0d0cbc5528e2a3c537f89c4136f73ee8a84040cb656ef253ebc53d25acf8d826,48,0,0,ANO C4 MES C2
ERSE2106.dbc,2022-07-06T13:10,1976,4161aed6cd92b86fa44aff6d97d48e072006ff4130fadccd4bae4ec900e2b2dc,73,0,0,ANO C4 MES C2
ERSE2107.dbc,2022-08-04T15:38,3336,dec38a69e4f5bc09bef65c42d86ee44764a4612092b4fdacc676c11a02de6c2c,149,0,0,ANO C4 MES C2
ERSE2108.dbc,2022-09-06T11:15,2962,b528968e707397246a0084cd8488e5f7099abfd23325edd12c873a0be1f9f0a5,131,0,0,ANO C4 MES C2
ERSE2109.dbc,2022-10-05T14:25,2289,2a474953507b08b0936f7c7bb50e0d19871f075c377dd8590f75c5ec745d66cc,90,0,0,ANO C4 MES C2
ERSE2110.dbc,2022-11-03T17:53,1420,64c389cad5ce7001d3e399bca31b780aaead02452c9c2139734d2c9048b3c963,40,0,0,ANO C4 MES C2
ERSE2111.dbc,2022-12-06T16:21,1792,51044300fdfb492549c4b19e72fe8765d46db96a21ee5e92bcc8413bc27f0802,64,0,0,ANO C4 MES C2
ERSE2112.dbc,2023-01-04T12:45,1236,e19ad0a5150386d0725c5352d38bf10708be5db218132f9e91859464897a7e1f,31,0,0,ANO C4 MES C2
ERSE2201.dbc,2023-02-06T12:59,1732,2ffd3f601805c7e66119bbc009df834e2f0d5ec694cb3b213b6e60026478b9fb,68,0,0,ANO C4 MES C2
ERSE2202.dbc,2023-03-09T16:42,1859,7def5acb4213caf185fdcc6ba1d34dfb9bb9bc5945fffede75e8b4c53ba39a33,69,0,0,ANO C4 MES C2
ERSE2203.dbc,2023-04-05T13:30,2360,23a0ad4d00f6677dd1c1dfdf88d19afa5bd1147d31ace746bce732dbf1aaffa2,102,0,0,ANO C4 MES C2
ERSE2204.dbc,2023-05-08T14:30,7676,351bf9db66291bed5d9c47d2324b2eab51cd00e202bac6b38105fad63ad121d8,371,0,0,ANO C4 MES C2
ERSE2205.dbc,2023-06-05T11:30,5683,bfd3154172209ab18627b771474c13a15d7ea6a54a0f6571d3845e0285c132dd,281,0,0,ANO C4 MES C2
ERSE2206.dbc,2023-07-05T12:43,5894,84396bcd9aa233680ddb99a0c3f728c0e2d141909946a1852821b93090b54d1d,310,0,0,ANO C4 MES C2
ERSE2207.dbc,2023-08-03T16:36,3364,7a9ce7ed8fa8f07f2ead03b5744e67e14fd0d05826ab451e0c74e49c08ef2557,150,0,0,ANO C4 MES C2
ERSE2208.dbc,2023-09-04T21:02,3384,fe53d4df37c847f72fe99e0816037412d4e413c25f41c5d66a610cace4a73485,154,0,0,ANO C4 MES C2
ERSE2209.dbc,2023-10-04T17:01,3839,f40d97d56d307fa67359543bb74517de684ac54008b4c1ba66f77920b21f7e79,174,0,0,ANO C4 MES C2
ERSE2210.dbc,2023-11-06T15:48,3013,43b0999272efacd6c36f81f25a21f5a84578e66f6cc56c066559eeb9141f8e77,125,0,0,ANO C4 MES C2
ERSE2211.dbc,2023-12-05T14:58,3140,846b38c7100a1ddbbaf92edd755572c243759585c8b339f3f1ba8c72be8c3442,133,0,0,ANO C4 MES C2
ERSE2212.dbc,2024-01-05T17:49,2136,3bf8067c7fbbe28df04c6477b395f9c7d2f644f243512489a2d5d6cad6ec94c3,84,0,0,ANO C4 MES C2
ERSE2301.dbc,2024-02-05T22:48,2612,a1709307d01e36b54c450e7a11bfeb7ae3eddfc22febbd2bd8ea00eb32530f2f,113,0,0,ANO C4 MES C2
ERSE2302.dbc,2024-03-07T18:39,2950,7d9c24998ef218c9d799b49d91dde0dd8024fe1145d900a4d831003488ecc395,129,0,0,ANO C4 MES C2
ERSE2303.dbc,2024-04-09T14:24,2327,2d906741dbe9a0412980a1d76a718bcb75db4ebaefcd93d871ec2b94ede97dda,99,0,0,ANO C4 MES C2
ERSE2304.dbc,2024-06-16T01:07,5533,1b2f9a53e729b1b36ae3ef37a33ec9e76aeebc9ede1b9fc7f57ad86ee0983d11,273,0,0,ANO C4 MES C2
ERSE2305.dbc,2024-06-16T01:07,4876,df59b2fb60ebee8af976b7466643ac0d25c7dcb4a5f876136a5e87f98f10521d,240,0,0,ANO C4 MES C2
ERSE2306.dbc,2024-08-05T14:43,5348,9b5228f6fc29f5324eea7d949a7b2ee02d0aa64f020e03459e869cdcb275618b,251,0,0,ANO C4 MES C2
ERSE2307.dbc,2024-08-05T14:43,10415,310bc3ad2562f9b34989f27df14da65d3f90440b8d0f96f64ed923d77ef632fb,507,0,0,ANO C4 MES C2
ERSE2308.dbc,2024-09-05T10:26,10951,b69cfad389dea79e38dad516f389f0c4f5217167c00f93e926ae92808334fc86,542,0,0,ANO C4 MES C2
ERSE2309.dbc,2024-10-08T12:05,14834,049931d0b5a52709e5fb498aeb599d971b6df9619e35cf893f762e2978dcf495,740,0,0,ANO C4 MES C2
ERSE2310.dbc,2024-11-07T15:41,13901,0fa9118550b9f3ea5ddea1abadbb9de0e967caa89a3e431c918b702c71f73910,704,0,0,ANO C4 MES C2
ERSE2311.dbc,2025-01-05T18:55,10061,1e3be55e88a7d7eb40ee93160d7e5c61f543bdbcc78102c61bf340dbc882911b,501,0,0,ANO C4 MES C2
ERSE2312.dbc,2025-01-05T18:55,8858,f276a9867cf033b227d40ff966bf918f3d8ee29ab57b7465ff0429d7636b5942,429,0,0,ANO C4 MES C2
ERSE2401.dbc,2025-02-09T21:24,6786,a5b930015bc1cc89c9a08e8e61a1ccb2aca1e3a878bf5ca800f9fbea3c7f237f,350,0,0,ANO C4 MES C2
ERSE2402.dbc,2025-03-11T23:45,6211,04581fc72f18853d4cf6711c465936bf2d71860a6c2da061cd134161456cc238,319,0,0,ANO C4 MES C2
ERSE2403.dbc,2025-04-05T12:12,6097,60e1945094ab4b9c1838189114e9a5aff81f38b86a4cd4664aa164abd8f6f5da,328,0,0,ANO C4 MES C2
ERSE2404.dbc,2025-05-08T08:05,5863,5fdf2b10f3a3a6359b048516c5c1258dca36087a13fa4d3267ffa175614e36e6,301,0,0,ANO C4 MES C2
ERSE2405.dbc,2025-06-06T10:44,7647,4d57a746299397db729c43c5cd7bf25abff5d5e8913b7acc16d4208268f2b8e6,378,0,0,ANO C4 MES C2
ERSE2406.dbc,2025-07-06T11:28,8807,747e3b50b4f6db4450aef729c00311974e933ddfc477a2aa43ead815c24ddbf4,449,0,0,ANO C4 MES C2
ERSE2407.dbc,2025-08-04T07:13,8153,4fb1a0ab65e5296a36db82352d73b1fc2048493e807266e8677fe22634d49dc2,422,0,0,ANO C4 MES C2
ERSE2408.dbc,2025-09-05T12:53,8956,6b42df9331c27f69db0ad0685c973c48dc94bc44d8e2bca9d5dd07c911d2388e,449,0,0,ANO C4 MES C2
ERSE2409.dbc,2025-10-06T17:04,10964,3c46d1ca701f01df230c8058ea239f02c8872868dc0edfe07db4e9b7fc0a9470,553,0,0,ANO C4 MES C2
ERSE2410.dbc,2025-11-06T16:20,7190,483e0fdd555aca0ebdb5b31a98327c91caac79048f23b693c9206957fe2371f2,366,0,0,ANO C4 MES C2
ERSE2411.dbc,2025-12-05T20:17,7419,02b2a07f26ddd78d4f6919bf52241fbbabbf801f6fe63004a8de6c522b238397,361,0,0,ANO C4 MES C2
ERSE2412.dbc,2026-01-07T19:03,5021,9892d6df31502ae7ff2ff515d8cdd21b1191adfa5b80ef29091b4f8d4c5a02f4,270,0,0,ANO C4 MES C2
ERSE2501.dbc,2026-02-08T14:12,7901,cbbe3d8d092f55dede4b60531fcc2ee89385a3f399ee120b0b9f4dcef499d068,387,0,0,ANO C4 MES C2
ERSE2502.dbc,2026-03-06T22:13,10403,5688b2692bb6ea2ad65fc2dfe750a1d57343d0acaf66cda3829182ba492de873,519,0,0,ANO C4 MES C2
ERSE2503.dbc,2026-04-07T07:24,7101,0503ea1a65d8855520539601f276f9edce40688b3592799a64f0df450d8db4a3,361,0,0,ANO C4 MES C2
ERSE2504.dbc,2026-05-06T18:59,12881,fc35871e334169c898651930b0ecad7688192f488bcfcba5131318a9534c1e94,658,0,0,ANO C4 MES C2
ERSE2505.dbc,2026-06-06T20:14,4234,d11f53c3c3a8be6674236723eba7eb8715656e3efdf13a1cc2925cec84601636,184,0,0,ANO C4 MES C2
ERSE2506.dbc,2026-07-06T15:10,6633,5908153da4e98e43fc41d3b02c275e82a113ad04b553a3247d604ca92f7fc553,316,0,0,ANO C4 MES C2
ERSE2507.dbc,2026-08-07T12:25,6968,36a7945372fa21a081b38a2bf1216fc7dab101272a629f526c0753768f260c6b,317,0,0,ANO C4 MES C2
ERSE2508.dbc,2026-09-06T21:26,12039,215b92f6eda41ad2284e6c72b217db6084fe4304415a124f3ac7147bdd28c27c,573,0,0,ANO C4 MES C2
ERSE2509.dbc,2026-09-06T21:26,6311,2eee15215bbb93e7e5b4e617b9186aa89f43fee2900ad7f3a6467ba3055cb282,285,0,0,ANO C4 MES C2
ERSE2510.dbc,2026-09-06T21:26,5841,27a6060e4f7202197d0b6006fdcf64f2dab50cead9ee76b421583535145b9569,290,0,0,ANO C4 MES C2
ERSE2511.dbc,2026-09-06T21:26,4003,989b882e215ff532a97a0b4ff6e5d114e74b9a8da4abaf734df1217403c59be8,176,0,0,ANO C4 MES C2
ERSE2512.dbc,2026-09-06T21:26,13736,daf1677e57101491c0165aa3f7434620af58205139875f91155456abce9d4cea,706,0,0,ANO C4 MES C2
ERSE2601.dbc,2026-09-06T21:26,12687,1a9fa46a1db860905c2bf6b209dd14c65cb9cdd4814146104369093202313005,630,0,0,ANO C4 MES C2
ERSE2602.dbc,2026-09-06T21:26,5252,526bbdb246d9d4e6b3f2755a875fbf0a6bf03966818eb0acf1b1580c0abe45cf,246,0,0,ANO C4 MES C2
ERSE2603.dbc,2026-09-06T21:26,5028,9934881e7f2a96f72150a98ff15037851d4498b90dd1085647f68e0727135ebd,229,0,0,ANO C4 MES C2
ERSE2604.dbc,2026-09-06T21:26,4451,187dc56ff30a17a5afd2aa0112f8b09076666ab6c629fcf0116ceab1de76eda8,207,0,0,ANO C4 MES C2
ERSE2605.dbc,2026-09-06T21:26,9623,5bcf58763ad0d3dc7a02619c847ecef26d80ade93264bb90b049c876d7f82082,439,0,0,ANO C4 MES C2
ERSE2606.dbc,2026-09-06T21:26,7012,bb2ce5417351370ee6cc1b52e4dcff1cc54038d9754ee185b9043911d3a6fd03,324,0,0,ANO C4 MES C2
ERSE2607.dbc,2026-09-06T21:26,3690,e20c4d9ac16b06ec2e9f96db017a0149d77d87942b7474c9d0a56b618eee6602,163,0,0,ANO C4 MES C2
ERSP1101.dbc,2013-11-01T11:32,197839,1644ada598be9bf09731db2f2c9d1307e5353c8f2abd69967a9e18a42c0a0e33,9178,0,0,ANO C4 MES C2
ERSP1102.dbc,2013-11-01T11:32,217078,79e060f4d958bfe42808e65438cfee60877dc0b3c101561d7c3a08de90c1d7aa,10134,0,0,ANO C4 MES C2
ERSP1103.dbc,2013-11-01T11:32,200218,1d762a91961e4a3246ab687433de4e0772dae76719627309fa95b186d0e2ce9a,9002,0,0,ANO C4 MES C2
ERSP1104.dbc,2013-11-01T11:32,229983,833f52dbce60dc9621913260dfdc038aebba0ddcb772b47ebac6f6145f95ea55,10662,0,0,ANO C4 MES C2
ERSP1105.dbc,2013-11-01T11:32,343759,1d4a25d8ad3f63b55fbb486e4c1fc6fc6894b8cb1a26630cf3706ff3321c1796,16297,0,0,ANO C4 MES C2
ERSP1106.dbc,2013-11-01T11:32,411348,45420ce0235dd4c1c8d977061b671ce8f70699bd1c7fc176e231db628a245cf3,19724,0,0,ANO C4 MES C2
ERSP1107.dbc,2013-11-01T11:32,323593,9d38c7c17f268c7e8b3e9f01004924dee13db17304f880a6cb0fc3414a95053b,15042,0,0,ANO C4 MES C2
ERSP1108.dbc,2013-11-01T11:32,405410,755f7b28e209893e23714b4aac63ef48ec3bc36a9332c954f5008668da3b5ee7,19190,0,0,ANO C4 MES C2
ERSP1109.dbc,2013-11-01T11:32,313496,8e67d2be8add46cca91f4c08a4d3150125ba8488cb143d50a5240a4c42a534ae,14718,0,0,ANO C4 MES C2
ERSP1110.dbc,2013-11-01T11:32,240822,fc74305ad0e5f693f4605d64dcdb1030ec7e279b64ea77903bc18ad617fc2947,10985,0,0,ANO C4 MES C2
ERSP1111.dbc,2013-11-01T11:32,244984,210653576b00e6b4400073fb75805a9ce9bc8086eb4e59986e9adf40178888be,11096,0,0,ANO C4 MES C2
ERSP1112.dbc,2013-11-01T11:32,268948,abb940d845e39cdb4c632d4f4ccd778e42d0593e6a995fd34cf40a79cc9709f4,12966,0,0,ANO C4 MES C2
ERSP1201.dbc,2013-11-01T11:32,325618,b84716ea061c43eac1009d18d0ab38ac20738484440d9f78d84b22632007d62a,15313,0,0,ANO C4 MES C2
ERSP1202.dbc,2013-11-01T11:32,284393,f6f7de231ccd04d65a1a16c65b82a80bbb39e3b4c1883a70c7c6b09c9a953a6d,13735,0,0,ANO C4 MES C2
ERSP1203.dbc,2013-11-01T11:32,326772,10091906d5e71c46b68b75df775516e2d2c4d18d871f91776245db6188c27fea,15410,0,0,ANO C4 MES C2
ERSP1204.dbc,2013-11-01T11:32,271720,22f76b47c39f195b4886cb3056d2282a6f4f267ab6da10bd8eb38b81479ca9a6,13156,0,0,ANO C4 MES C2
ERSP1205.dbc,2013-11-01T11:32,296605,886b4193e0b885b6a7e98f117e819cade2a769cab7d818c68519b2d5bcd97283,13902,0,0,ANO C4 MES C2
ERSP1206.dbc,2013-11-01T11:32,262082,fdb2165024f248c4763edeca4ae3f9a8c5e06ae1d8fac07ea8861bc3ffd7814d,12317,0,0,ANO C4 MES C2
ERSP1207.dbc,2013-11-01T11:32,275306,68892355bf3d3af266b857913c89dca745890edbaa134461a4f9f650e97a879d,12625,0,0,ANO C4 MES C2
ERSP1208.dbc,2013-11-01T11:32,266919,439044542714ab8f58e078724aff8964483d4362219c918a3830c30ffe786b88,12321,0,0,ANO C4 MES C2
ERSP1209.dbc,2013-11-01T11:32,263145,788354136d9d598103c955c63f24b23ca96e4ce4980b9672555df0199aa70b0a,12638,0,0,ANO C4 MES C2
ERSP1210.dbc,2013-11-01T11:32,300627,7ca030bb5ef9d26e8f24faf8d36b8c3bf4b24cc141070d7fe4b40eef308ab093,13932,0,0,ANO C4 MES C2
ERSP1211.dbc,2013-11-01T11:32,256504,d2726e5e2f429ca7c5bf045155c7d1b373f3ae3a7f2d92797876055b7b4cac05,11581,0,0,ANO C4 MES C2
ERSP1212.dbc,2013-11-01T11:32,243422,2f51ff3ceeed47e28c5136f66f128cf4aff6cde949fd02e26c6daa18d97364d9,11031,0,0,ANO C4 MES C2
ERSP1301.dbc,2014-09-25T11:17,240588,975f73ec84305c00cbb2c450c23914661098166bee4f831f683d34483ddcb24a,11233,0,0,ANO C4 MES C2
ERSP1302.dbc,2014-09-25T11:17,223727,3d78d6330856c906e9ab7413ef450db1e5e4d5f71e94c9235cc6eb4ed1ef2bf9,10256,0,0,ANO C4 MES C2
ERSP1303.dbc,2014-09-25T11:17,247630,ec23ba49701f32a1065ff39159c8377d61b4a03654790c7cee384e4e5320b223,11624,0,0,ANO C4 MES C2
ERSP1304.dbc,2014-09-25T11:17,248757,512e9526f5890e4750ed7b236dc80b066524ed9b12c2a67b5749f63d57122653,11556,0,0,ANO C4 MES C2
ERSP1305.dbc,2014-09-25T11:17,308267,8f9ac3a66e9bc245528413cdea205db98b2cc68a7c8324a7c84a70676e61f3fb,14424,0,0,ANO C4 MES C2
ERSP1306.dbc,2014-09-25T11:17,291715,005942dfe1ac8d8c5189916f0cfedfe053ebfe31d1b6ef19d730de9fe618f1d4,13448,0,0,ANO C4 MES C2
ERSP1307.dbc,2014-09-25T11:17,282814,ef4b6ca09c50d7028976cfe8b5bfb68485160380fa62d40f201293e9043f673f,12688,0,0,ANO C4 MES C2
ERSP1308.dbc,2014-09-25T11:17,269766,88d3263faf5f2084acac70b402aaf156f17e107d08b7b1696cdef4c4e50edcb9,12425,0,0,ANO C4 MES C2
ERSP1309.dbc,2014-09-25T11:18,259147,a14906b1a6717f5a14e2a8a1d0b190324616ed39c2290be25d3d70b081b23bd6,11733,0,0,ANO C4 MES C2
ERSP1310.dbc,2014-09-25T11:18,253203,5e88a39c6e59ce3825ed4b7df1ba3dc7a38619af01f781687bef1394308c6f89,11726,0,0,ANO C4 MES C2
ERSP1311.dbc,2014-09-25T11:18,259061,dd6ce41add76f9dd88ccf113f4b59f07a8e3fc79573e1c71f356b4342c30be13,12009,0,0,ANO C4 MES C2
ERSP1312.dbc,2014-09-25T11:18,237882,38a6e026b75922764b2349dc8db101d6375e51373fc434083f067a87cdcafe87,10964,0,0,ANO C4 MES C2
ERSP1401.dbc,2015-10-05T11:57,278156,4c7f585123c5a504d81f9814e885b450b89dec70add920d18221fd60ee172acf,13272,0,0,ANO C4 MES C2
ERSP1402.dbc,2015-10-05T11:57,234957,6d1aa7c342f5e7f940694be2e37902926cdb166b2f2337737f2138c9e1e3c2d9,10738,0,0,ANO C4 MES C2
ERSP1403.dbc,2015-10-05T11:57,251289,0bb8c61a6ee40c085dfc5d7f8bdfa10fd978a5d59207b2449e4eb8f747c66bfc,11285,0,0,ANO C4 MES C2
ERSP1404.dbc,2015-10-05T11:57,231989,4ed188a2a8e659ceb75f103d3b76b29333d7016c6e553fa068dfed2576795c53,10841,0,0,ANO C4 MES C2
ERSP1405.dbc,2015-10-05T11:57,265560,1bcedc414b779cf02968b7feb7b84ad76430fda94689b92bbd724b048a7b4f60,12204,0,0,ANO C4 MES C2
ERSP1406.dbc,2015-10-05T11:57,261339,0055f23860ac03a048bf9dc09f6541d0b9ecacc86c5c284b641ee1ea252a9503,12176,0,0,ANO C4 MES C2
ERSP1407.dbc,2015-10-05T11:57,248780,683563e2124f33fae31976578673b0593e315a7963af3f283549dee6c70b3c21,11548,0,0,ANO C4 MES C2
ERSP1408.dbc,2015-10-05T11:57,251435,ded47994791f2bc4a1b88eb5560d349879c76923a3b6ae6769cd3b95388fa5d1,11346,0,0,ANO C4 MES C2
ERSP1409.dbc,2015-11-09T10:30,253533,e965f3e8222b574ce0a85df181da3d5e768e1975d7bdc1bca5aa97011f625b77,11495,0,0,ANO C4 MES C2
ERSP1410.dbc,2015-12-07T08:58,274820,80fcf12857d5218fc65e8474d0bdfb0c3b9afa4f0643b3430cf4989e4e7b7b7d,12853,0,0,ANO C4 MES C2
ERSP1411.dbc,2016-01-07T10:01,247541,0a6c621717c338b47d14c8135a1f2fb5947c6f2ff7f741b3f0a904c59ef3186f,11241,0,0,ANO C4 MES C2
ERSP1412.dbc,2016-02-05T09:09,268218,d491da1111eef163fa1c4e26d6d60eb41938e57d0b3e8807b8b9cd598a4ffee4,12526,0,0,ANO C4 MES C2
ERSP1501.dbc,2016-10-04T10:21,259693,a8bd86724a2dcb42d7646b0d38a0274582c3b3e26cf92adcff7e294d001671da,11757,0,0,ANO C4 MES C2
ERSP1502.dbc,2016-10-04T10:21,254323,6a9325356ea0d796232478b59068126280c0f1bde1dbf683b5475c723b6874f9,11655,0,0,ANO C4 MES C2
ERSP1503.dbc,2016-10-04T10:21,258163,392b50b18a61ab23a87f243c9f74e8081d02fa4ee9d5b7ba874b959e1057636b,11889,0,0,ANO C4 MES C2
ERSP1504.dbc,2016-10-04T10:21,288872,75c2df5c985c0bc9408f6f7a5627dca65a84441d93adc2b3347ce2818619ccb8,13926,0,0,ANO C4 MES C2
ERSP1505.dbc,2016-10-04T10:21,312815,56489177d046afc78d7e217df395d8a32702724fc74f7566af96ee80eabb3b08,14500,0,0,ANO C4 MES C2
ERSP1506.dbc,2016-10-04T10:21,356815,d25bdabba3a4b77653368be1f63990fbf40d6cefe7383e61b6044ebb3fca727f,16456,0,0,ANO C4 MES C2
ERSP1507.dbc,2016-10-04T10:21,286984,77f075b301ccc275a7653925237f6d24b09bb814015620d68ff700057c1b3a0c,13147,0,0,ANO C4 MES C2
ERSP1508.dbc,2016-10-04T10:21,308106,a51598dd9ee3422df33f7c66d7f76e21a1986528510d1195d905af47f2c76ea5,13729,0,0,ANO C4 MES C2
ERSP1509.dbc,2016-10-04T10:21,328244,17b5ade3903bb4f3642a0d68cd5cdb7ffa7372acc74ffd7ae37b38bdda525d4f,14690,0,0,ANO C4 MES C2
ERSP1510.dbc,2016-10-04T10:21,279594,8d68a011bc6fc0276c5d7b1bdef50b8f6558c10b12196e48f39048c732d8c3c3,12768,0,0,ANO C4 MES C2
ERSP1511.dbc,2016-10-04T10:21,261362,dc355d034fe15cce368c9e0ab95d9c88ceea51bd09aef88262ed156e7dd7debd,11803,0,0,ANO C4 MES C2
ERSP1512.dbc,2016-10-04T10:21,244385,3128d4df5270702605db212f76c6695959a99e5e1d00cd2b143b8b43732c06a3,10847,0,0,ANO C4 MES C2
ERSP1601.dbc,2017-04-10T10:08,242394,90d7939673c38f77a2ba01e268ea81d98576b2dd0b9e31b8325aafcfa5cfa303,10828,0,0,ANO C4 MES C2
ERSP1602.dbc,2017-04-10T10:08,217617,a01534e922dc39f898521c201639f3e2211ffd3c26808d4058d46b4d19164bed,9735,0,0,ANO C4 MES C2
ERSP1603.dbc,2017-05-05T14:38,247773,30fa5c2a45ece62ad7a097267b3ef62af28d7be4485094598ac2086b4d2de576,11304,0,0,ANO C4 MES C2
ERSP1604.dbc,2017-06-05T09:59,262917,f456c722a95f46b67340bb02dd405dd543592b2142a3a11d1ac9b1926d5c2f9a,12054,0,0,ANO C4 MES C2
ERSP1605.dbc,2018-01-08T15:28,273919,62f4e6bf2e0f8238c54f9d98fe0081fd5a6109e8c4ab52a67f215e34779097a2,12425,0,0,ANO C4 MES C2
ERSP1606.dbc,2018-01-08T15:28,275091,439fb3144ced2101a506c4e980eef761d08f9a96e6be20cfdee32401d752c2bc,12621,0,0,ANO C4 MES C2
ERSP1607.dbc,2018-01-08T15:28,259099,f0c3b275492c343a1aba74e9db8ba2174c69c3705739d4505520620fcdbfa6ea,11869,0,0,ANO C4 MES C2
ERSP1608.dbc,2018-01-08T15:28,235808,35f10e0ac50aecd3fa05cd6f329fd0a2a8fbfb55e893dba351e3adafe286c3a0,10754,0,0,ANO C4 MES C2
ERSP1609.dbc,2018-01-08T15:29,277850,08d0dae63486f1ca8564f709e0d95b1402823dc3f21c68238f0313927d65ad3b,12646,0,0,ANO C4 MES C2
ERSP1610.dbc,2018-01-08T15:29,258683,8d48a33dfc2401e8746283e708d474de1a65cab9fb914a21feb9ccb181c2b8fc,11870,0,0,ANO C4 MES C2
ERSP1611.dbc,2018-01-08T15:29,244922,d2d5983e9471264c1eb392cfde02637e23000025793ece2b27995fd3cbb4b367,11082,0,0,ANO C4 MES C2
ERSP1612.dbc,2018-02-05T09:38,234382,b2ed5d481bab26563fc661d05cb0af488adf76f1aafb26a225d301e2dcb15f5e,10643,0,0,ANO C4 MES C2
ERSP1701.dbc,2019-04-10T16:27,231235,723a35d273527e7eb8f99bfe8ed14b9429c0617c2e426f5a645e0a27ac5473f2,10337,0,0,ANO C4 MES C2
ERSP1702.dbc,2019-04-10T16:27,216057,028507396ab275e112ed2d83bf1ed4e3f4c55f85f2dd56a12caec25a1e389e47,9656,0,0,ANO C4 MES C2
ERSP1703.dbc,2019-04-10T16:27,254218,ce05d957ab3159a4b57155554a7e52b0ee14f6c67a0be5e41f1598ff31e9be56,11158,0,0,ANO C4 MES C2
ERSP1704.dbc,2019-04-10T16:27,253680,a773de007664b1b54e8267ce9bee7510fd8621f5c3a7836b10aa34b80c27a761,11408,0,0,ANO C4 MES C2
ERSP1705.dbc,2019-04-10T16:27,287251,d9b245610f01c02e8838258998776003f3b8a19a2ff75e5ec94ebe1fdf2bdab4,12768,0,0,ANO C4 MES C2
ERSP1706.dbc,2019-04-10T16:27,377812,9c0f37224d7964073d0d41b8ffa9780cb68847632202c1e5ef17063ba15a36b1,17195,0,0,ANO C4 MES C2
ERSP1707.dbc,2019-04-10T16:27,285494,9129223f9404d9c607986a07d30d0e8e6bac8cd3441d119c5e6c07e6b82939b1,13284,0,0,ANO C4 MES C2
ERSP1708.dbc,2019-04-10T16:27,324245,29fcfe626470c005e3f5a7ae508651c0b80cfc091e72d923659eb6b1570cda83,14719,0,0,ANO C4 MES C2
ERSP1709.dbc,2019-04-10T16:27,268257,98b3ac8f7f81e2f35fe3efb3884c927c236800b56bff83ba9df396e4fc778864,12225,0,0,ANO C4 MES C2
ERSP1710.dbc,2019-04-10T16:27,281331,6d99ca54845a2b19bf8ccdbced6bdfcd5c35a9d6fe0f1d3f43c2336553972446,12774,0,0,ANO C4 MES C2
ERSP1711.dbc,2019-04-10T16:26,232123,b7f0a5e44aec6ece8100a9d1fd6ce69082a3d868995a6eb91bcfe1e4c0db8e25,10471,0,0,ANO C4 MES C2
ERSP1712.dbc,2019-07-08T14:44,277361,997b9cd1970860eb7fd2c0bcf0d1a0de7053ab98f3a8a8027cbf7083dca75f7d,12357,0,0,ANO C4 MES C2
ERSP1801.dbc,2019-08-05T14:39,255435,d3c14d2a63c2336d77893ab71e2044adfe90482de15ed606d965488080720760,11636,0,0,ANO C4 MES C2
ERSP1802.dbc,2019-08-05T14:39,227262,acb97a91ee9dd3215c1804b7af8e5809834907aa684318151980997cadfa498e,10427,0,0,ANO C4 MES C2
ERSP1803.dbc,2019-08-05T14:39,264002,d6286d9cfc00258805cfe626acedaba60e3bad959b78f932799a37a595676e50,11980,0,0,ANO C4 MES C2
ERSP1804.dbc,2019-08-05T14:39,269608,4d69bc3f01e660f65fbf44736e6c78ef23781c0e8a9570b846fd2bb9dc540d79,12538,0,0,ANO C4 MES C2
ERSP1805.dbc,2019-08-05T14:39,280372,4c97d4d1779eaa7d47073c2ff0c8ccea4a25998b4b481b6ccb418c845a6a85e1,13029,0,0,ANO C4 MES C2
ERSP1806.dbc,2020-01-09T16:48,257190,431fabf4a446036eb9bd95f3d5414d989a66cc3f6abd9b42f10f5b4fc8f702dd,11902,0,0,ANO C4 MES C2
ERSP1807.dbc,2020-01-09T16:48,264077,051c4122182953af175ec8e6c4028e58691429ebff8b7544d7df3e25d2809052,12131,0,0,ANO C4 MES C2
ERSP1808.dbc,2020-01-09T16:48,285139,651a00f08d9759feb46d10e80f8e705f413c4b5fafce36210fbb4e8aea96f483,13060,0,0,ANO C4 MES C2
ERSP1809.dbc,2020-01-09T16:48,256645,70ab508f5cdc80615fbda21bbf382930d19123cda807d7344f299da364f8157d,11721,0,0,ANO C4 MES C2
ERSP1810.dbc,2020-01-09T16:48,267785,9aed3eab45707e7d4315436dd2301aa8a860bb01cd7e30335275531da1e2909c,12192,0,0,ANO C4 MES C2
ERSP1811.dbc,2020-01-09T16:48,250882,5ca2e6a09f4001e1b48162b58ac81178a063f0377ede32791ca4cab5084e1b58,11429,0,0,ANO C4 MES C2
ERSP1812.dbc,2020-02-07T15:02,246889,be14543d0c80ea3dd63cda0f081c02a6366f1f6ba3b28cd776530661cc209d7d,11156,0,0,ANO C4 MES C2
ERSP1901.dbc,2020-03-10T14:42,263552,bb42c63a2e926eaf28918cbc3019701ddc8844e55b726a29b4b29a6ba5a99647,12156,0,0,ANO C4 MES C2
ERSP1902.dbc,2020-04-05T14:39,247214,3fe3b9b116edb8e86a915feab34d05a28512d99a29846b03e05e108b637ee4ba,11338,0,0,ANO C4 MES C2
ERSP1903.dbc,2020-06-04T13:53,279362,86e3e8f2c1bd8e18bb18a625f26d3cf761ca2ee111b701f0dfc7739879f72c47,12724,0,0,ANO C4 MES C2
ERSP1904.dbc,2020-06-04T13:53,285844,9b939c420b907a9292245ef71b1c07769551bf1cbe035d88ca423a44238e0288,13182,0,0,ANO C4 MES C2
ERSP1905.dbc,2020-07-04T11:39,298965,584794fa4c8572f09ac05c464bf1a90851e7609734cae7384dacd9316f4cdb38,13696,0,0,ANO C4 MES C2
ERSP1906.dbc,2020-08-04T10:41,290979,eae77fd3c1a52536bff4a8213b734ce6bbd733cc0aca41c3696717e217de0a9e,13477,0,0,ANO C4 MES C2
ERSP1907.dbc,2020-10-06T08:42,283985,806e58215b4a71d8be1e4b4189e4aaed72056fb72b274a4bab0b5fbd129775ff,13057,0,0,ANO C4 MES C2
ERSP1908.dbc,2020-10-06T08:42,247361,82e04014122b2ad062fbd71475a3847d845573df5380452a4a04533f4c27709c,11017,0,0,ANO C4 MES C2
ERSP1909.dbc,2020-11-18T10:37,241041,0724d82b765db28b301a5a469dea197ed75386a6889cbcd682a36edc1498fb77,11078,0,0,ANO C4 MES C2
ERSP1910.dbc,2020-12-07T11:23,214290,97e5f9250878eedbcff783723db8882aeaa86a03c36fe80558fa51f1951c010a,9657,0,0,ANO C4 MES C2
ERSP1911.dbc,2021-01-14T08:09,232418,f62ee3fbcac4e6d4626a36185d24c8f3ab8c68768accabf50c14ad88a5f91e68,10702,0,0,ANO C4 MES C2
ERSP1912.dbc,2021-02-05T10:25,215845,744e0cffb41c734fb403e8329909f9be15f1d6a834aa70cdbc4748c63a6f69d9,9735,0,0,ANO C4 MES C2
ERSP2001.dbc,2021-04-05T13:24,227581,19619a449b348d60393e86c291c7548ea29c340ee972e97b597e366e6fd1826d,10146,0,0,ANO C4 MES C2
ERSP2002.dbc,2021-05-07T16:35,221241,0ec47a60315eaa1cf93167342b92e2ad6e4f8316f3ad0747e0071ebd691f5958,10414,0,0,ANO C4 MES C2
ERSP2003.dbc,2021-05-07T16:35,215169,549b1df3e4d48483a3b23e01c09e9f644ff67b4786ea5b7ffcd846f4804be472,9814,0,0,ANO C4 MES C2
ERSP2004.dbc,2022-01-10T14:21,228194,b0092dbdb9a634d73315963e472e64c3cdee18bcf3f1a436ce33827569897f90,10546,0,0,ANO C4 MES C2
ERSP2005.dbc,2022-01-10T14:21,260382,81dec94eb09bd75cb658a4b9827e46309f4c4f3709f0f06508f0bb52422584c5,12091,0,0,ANO C4 MES C2
ERSP2006.dbc,2022-01-10T14:21,303993,3600d09d4f725d48a00df61540784ff1c8f63ffb48234299dd14ed44fb20cd38,14414,0,0,ANO C4 MES C2
ERSP2007.dbc,2022-01-10T14:21,279712,3427dd4406bd23c8b9ee1d4d1277fff6b62bc2b30ba2ade0cfbd82d0fa92135f,13357,0,0,ANO C4 MES C2
ERSP2008.dbc,2022-02-07T10:04,275955,fdae335574280c43938359872bce490eb1caa827c8a3e119e5d55b0c3b49257c,13092,0,0,ANO C4 MES C2
ERSP2009.dbc,2022-02-07T10:04,308930,8f75c49e14dc2f3fac90a48174cd328b32517a9920a3292870bd5823c63ff72b,15056,0,0,ANO C4 MES C2
ERSP2010.dbc,2022-02-07T10:04,370282,28fa85b3fca8d163e06e447e3bbd24a2ea7bb23b15e60572cfec21d983f9772b,18272,0,0,ANO C4 MES C2
ERSP2011.dbc,2022-02-07T10:04,314828,f5c9f11479ce6d374e4dcf4ac8c10792383087045ae9fe409168e083f0585210,15320,0,0,ANO C4 MES C2
ERSP2012.dbc,2022-03-07T13:12,342870,5334fb60993fea910e42bc6e3d77daa984eb0f9dd98c22438dc08c63d655c6c5,16651,0,0,ANO C4 MES C2
ERSP2101.dbc,2022-03-07T13:12,382978,1694382399056a214ce6e96c04cc1aae52dabcd35d4a79e61a0337d9bc61c120,18631,0,0,ANO C4 MES C2
ERSP2102.dbc,2022-04-11T19:22,335017,c27610dedb04a3f715f1bbaeb98df620174e7668ad97c58b3ce54b55590880f0,16325,0,0,ANO C4 MES C2
ERSP2103.dbc,2022-05-04T12:32,426664,e6e455089554b4404b0cb81df1bc5525a1e89114d61b538256811cd90710ba75,21165,0,0,ANO C4 MES C2
ERSP2104.dbc,2022-05-04T12:32,371009,0c4224959819371e8496709d52149bca07b16f195b26140a081c7b1466a2ccf2,18027,0,0,ANO C4 MES C2
ERSP2105.dbc,2022-06-03T13:03,386161,4d65c536f40471bba3e19f83d8f923042ddd08f3c23dcfdd85bc2aac38257274,18298,0,0,ANO C4 MES C2
ERSP2106.dbc,2022-07-06T13:10,338365,660a7503c39ffc533d83875ed891af06aab4c560dd01c5de97d96211d91cc2c9,15335,0,0,ANO C4 MES C2
ERSP2107.dbc,2022-08-04T15:38,289845,15e3f1fe2bb0ec0ed1b68995fcc31fae43680bcaad7ce203afc8700a402ae636,12876,0,0,ANO C4 MES C2
ERSP2108.dbc,2022-09-06T11:15,261931,371c3ba67221d1360e49da55de035979f04af51e83f447afbfde95983b10d949,11546,0,0,ANO C4 MES C2
ERSP2109.dbc,2022-10-05T14:25,237843,78f42826f85546c48d631e87b025acf7c86aac62a45cadc49838cf6bdd12f03e,10791,0,0,ANO C4 MES C2
ERSP2110.dbc,2022-11-03T17:53,236692,4d161ade21267f54047f9e6b42a6c937ad16bc10e65800297cd793d26e20856e,10680,0,0,ANO C4 MES C2
ERSP2111.dbc,2022-12-06T16:21,224539,7bac66a44620464e5f5bc2424ccaca0f3818fa14707b25c302102945e0dd1020,10222,0,0,ANO C4 MES C2
ERSP2112.dbc,2023-01-04T12:45,246656,cf037717ca2b690c1be53e9456a7fd4e39a873988f7b9200a3cc6cc7e2c316e0,11334,0,0,ANO C4 MES C2
ERSP2201.dbc,2023-02-06T12:59,254558,4dc05c03ab7f3396153a32bb29ba97c92250484a23b0f8d9e6f2e82105c4ae50,11781,0,0,ANO C4 MES C2
ERSP2202.dbc,2023-03-09T16:42,257353,bb19214c2f493004053548e66b03f2fc998ec245e15a806bf08b10d85438199c,11815,0,0,ANO C4 MES C2
ERSP2203.dbc,2023-04-05T13:30,291091,a7e8c2907f8b2940718eb9a04d2ea16f2a7c5ac3f4532440d54a907107272816,13083,0,0,ANO C4 MES C2
ERSP2204.dbc,2023-05-08T14:30,276972,a20b69db54f704787f34a7b3dac13e79f7d182cc0f726e5eb0fc15de48fe5625,12845,0,0,ANO C4 MES C2
ERSP2205.dbc,2023-06-05T11:30,558545,b26d0b7fe6c7c40628735cc6ec9fb9c5679e4fbed6ddceabc598f2ee43065fd3,26816,0,0,ANO C4 MES C2
ERSP2206.dbc,2023-07-05T12:43,687832,5a2f9a3fc763f932a8a75826f5700086127674e805ea971e07b782604c2b9d9f,32890,0,0,ANO C4 MES C2
ERSP2207.dbc,2023-08-03T16:36,484022,710e673f1b33b9739c960c8492fe15dcc2c52513ca9d7d48f9323e2637a99e3c,23020,0,0,ANO C4 MES C2
ERSP2208.dbc,2023-09-04T21:02,493740,f629ae6eab98d321bb747f0ab32d663eab21c7c51d741b9d9416f456e15a50ab,23262,0,0,ANO C4 MES C2
ERSP2209.dbc,2023-10-04T17:01,372942,825b74c75760139509950c3d3dc81fae8f27e8285f918917415d6ec3a311ad51,17204,0,0,ANO C4 MES C2
ERSP2210.dbc,2023-11-06T15:48,376691,c1555dd74bc3cd25d33c63ca55839d1a0e901558c75ae9b0e85acf9510b331a3,17680,0,0,ANO C4 MES C2
ERSP2211.dbc,2023-12-05T14:58,306026,dcd50637bb944b3c55c44b5939e7e0d7625353724af5f152471cb64d02bef694,14331,0,0,ANO C4 MES C2
ERSP2212.dbc,2024-01-05T17:49,285355,c09fd902e5ecfee70be3afa1d81b18cdc3ce43911688ea626400722463c9d20d,13172,0,0,ANO C4 MES C2
ERSP2301.dbc,2024-02-05T22:47,287401,f7a72bab3cf7c29a891e5233080b9a39739b90be8502066247255435ac00fb68,13264,0,0,ANO C4 MES C2
ERSP2302.dbc,2024-03-07T18:39,262735,e3c882c644470a54cda3e5ee2295ef8f81b0f3abe85b5c07042f711017749f8d,12380,0,0,ANO C4 MES C2
ERSP2303.dbc,2024-04-09T14:24,307956,b5b11b9fee4a5033027b4dd1e2a9a5338af9030c610320fe0e09cd73caff0ace,14253,0,0,ANO C4 MES C2
ERSP2304.dbc,2024-06-16T01:07,303303,0a92cc40f1183c9d3cf2426a66eb96bfd71f5394450df5e950096c7e9b3bb5da,13869,0,0,ANO C4 MES C2
ERSP2305.dbc,2024-06-16T01:07,466309,88a217bdcb82fc43222d6aeef7312afe4daf4a83b889cc330a8dc11a9320dc1c,21363,0,0,ANO C4 MES C2
ERSP2306.dbc,2024-08-05T14:43,361578,4ab8ff53efa6cc3b6d92fe2e9a7f363c28aa3e3020cbb7ac973c8c36a71e8635,16601,0,0,ANO C4 MES C2
ERSP2307.dbc,2024-08-05T14:43,303639,118036c06569eda07418ec62a887bbd21f0cfd01bf0470579d8472c98998637d,14432,0,0,ANO C4 MES C2
ERSP2308.dbc,2024-09-05T10:26,313650,41c2dede97dec17360256600e6d4b34e19f758a8e32f30345d771557c0233d94,14757,0,0,ANO C4 MES C2
ERSP2309.dbc,2024-10-08T12:05,317672,59a0d445eaa87a82ba9e818a0e15883c96f3a98baa58c3e9052823719f07edcd,14282,0,0,ANO C4 MES C2
ERSP2310.dbc,2024-11-07T15:41,285460,9b6d6179bf5edce98c7fe4e2e66a903d60358a47e64b5d3b2ff775d2d0e73667,13092,0,0,ANO C4 MES C2
ERSP2311.dbc,2025-01-05T18:55,293763,404d7187e57639c46c6cca727af3ae44953c2a03e4fed9dd0e8211aa6a6653d2,13838,0,0,ANO C4 MES C2
ERSP2312.dbc,2025-01-05T18:55,268796,9f47eea13c459e2c779a87c292da048b902a2342261a2b9d418e9e9daa00f0bb,12608,0,0,ANO C4 MES C2
ERSP2401.dbc,2025-02-09T21:24,273046,2f7f1139738a949e6e758a9111aaeb2795c5ad6ffa5d03b81e37954f0e76c8ed,12891,0,0,ANO C4 MES C2
ERSP2402.dbc,2025-03-11T23:45,238385,a4846c32cd993a1a41101f79f2896ab92619d1e9d7f857d737a5b42ca04a1453,10695,0,0,ANO C4 MES C2
ERSP2403.dbc,2025-04-05T12:12,233977,5968ce2d17bed3b7623e2afb2058b946aee3446d20dacc86739c53af4a803bff,10708,0,0,ANO C4 MES C2
ERSP2404.dbc,2025-05-08T08:05,271293,80cb4368fe8e5741438b8a08e1bd3f02cab46915dd6096ef8aeda80152e800e4,12601,0,0,ANO C4 MES C2
ERSP2405.dbc,2025-06-06T10:44,297689,ff7e12ce798beb6b3d02828c7c0df4781ee0bd920f42f8c3180a679f3c0e9f55,13916,0,0,ANO C4 MES C2
ERSP2406.dbc,2025-07-06T11:28,283223,61f5f61e61fd0798a88f35cb2763221887a01beaae6a3df2de74003f5271f608,13161,0,0,ANO C4 MES C2
ERSP2407.dbc,2025-08-04T07:13,281448,7dd98a08736b9eba098394e07fc6704483f8ffdd0401ea514281f21362dd1343,13359,0,0,ANO C4 MES C2
ERSP2408.dbc,2025-09-05T12:53,280983,1d7c5f7fdab949234df6e6cb3cb01b7d08f0f2221b99b93d29178af140c2187d,13156,0,0,ANO C4 MES C2
ERSP2409.dbc,2025-10-06T17:04,263100,dc7eac19ac80a5fd27d69ca4a1177baf842dc159bed648e2fd1af638d7e4c010,12318,0,0,ANO C4 MES C2
ERSP2410.dbc,2025-11-06T16:20,246055,652977508d721cd74cfd0e4b2e3479220e794d4e51e1f0e8b28f7601c9871bd8,11071,0,0,ANO C4 MES C2
ERSP2411.dbc,2025-12-05T20:17,244781,852d9c3a3495d668a76d513910ee612a088b57a40cffb23b398ac43253904887,11494,0,0,ANO C4 MES C2
ERSP2412.dbc,2026-01-07T19:03,224990,ed85e228718e02cd776d3d99b826c3024a58d549515e2d147d62e1a37bd41330,10381,0,0,ANO C4 MES C2
ERSP2501.dbc,2026-02-08T14:12,238583,dcc26ca0ae3aa8b2fd08fd9dba253cb34967ced0546e24de52903bd771dd536f,11231,0,0,ANO C4 MES C2
ERSP2502.dbc,2026-03-06T22:13,239316,035e4455590f400490699aa71232b7013386c695fa4639b944e63107cf1a3e7f,11098,0,0,ANO C4 MES C2
ERSP2503.dbc,2026-04-07T07:24,261734,44e1e4ba3550159352a5ad65cb3faf3f04e2371624e43c7ae06bc7b70ccae4bf,12184,0,0,ANO C4 MES C2
ERSP2504.dbc,2026-05-06T18:59,301973,b04e678d331c073e3f83a5cad678516bcc3753e8f2d7b6d62e37bcd79f6c22b0,14379,0,0,ANO C4 MES C2
ERSP2505.dbc,2026-06-06T20:14,329287,de338d1a09b05b690e38d17b4bd775bd16f3b4d1b3988d061a1989860b2a37a3,15324,0,0,ANO C4 MES C2
ERSP2506.dbc,2026-07-06T15:10,320565,eb1b41835994e7e86b163390351173595d38cdb55feaed5f3c0cdfb0da8e12c2,15060,0,0,ANO C4 MES C2
ERSP2507.dbc,2026-08-07T12:25,301053,3dac6e24e73bb60fb3e74aff032cf4519e83c7ebd15006786591b05828e72800,13624,0,0,ANO C4 MES C2
ERSP2508.dbc,2026-09-06T21:26,306697,587fe1f96940cc1ec459a09eb0bf21071d57917ea864237688b14549af457087,14550,0,0,ANO C4 MES C2
ERSP2509.dbc,2026-09-06T21:26,332982,3928aa870c8f531ed6f1d72d81963f11c7cbca3f1c9ab40c50fa61c53109c78e,15793,0,0,ANO C4 MES C2
ERSP2510.dbc,2026-09-06T21:26,311747,77637929a18c96f58bddc278a3cb170de6ce3f1646df2a5d4d5d678abeb72934,14438,0,0,ANO C4 MES C2
ERSP2511.dbc,2026-09-06T21:26,281120,f8584552a4093350fd295a805748e7261559455b13bdea8bf5fd4882313c0f3c,13082,0,0,ANO C4 MES C2
ERSP2512.dbc,2026-09-06T21:26,272653,c62e68ed73509d1d8d24ebd5b97cff7b8ce078eb45b5ecc8a91f29903ccb1608,12703,0,0,ANO C4 MES C2
ERSP2601.dbc,2026-09-06T21:26,331655,e06304e8732771a1451d2da21c3c6a0c56a3f026712234e1f0e1cf1726a559fb,14982,0,0,ANO C4 MES C2
ERSP2602.dbc,2026-09-06T21:26,303345,f07b9baf40afac1d2ec696e7bc04fbe30e1f41675b68dd257936ca33fd7f0871,13973,0,0,ANO C4 MES C2
ERSP2603.dbc,2026-09-06T21:26,323825,a5f9affd934bc06f1c7fbcfbf2086c6003e4993b88e951e455dfbbf6e4df4fc3,14597,0,0,ANO C4 MES C2
ERSP2604.dbc,2026-09-06T21:26,364235,8e7ce3779d0ddbf4211692753bcff7ba34c300d5ff42ee92eb13ec9275b13c9c,17245,0,0,ANO C4 MES C2
ERSP2605.dbc,2026-09-06T21:26,328163,be158d5dee7ab745007dbd4ea78eb898645fcf094431729fe70c6e83a998c981,15157,0,0,ANO C4 MES C2
ERSP2606.dbc,2026-09-06T21:26,341265,f47a93f83bf04fabbe1862cea0a33f5366b9f63e21bda940dc74465bf7147417,15764,0,0,ANO C4 MES C2
ERSP2607.dbc,2026-09-06T21:26,389759,05cdc75787b90a5a26819200b66624351408134bdfe4ab746f9ab786e8740600,18771,0,0,ANO C4 MES C2
ERTO1101.dbc,2013-11-01T11:32,5679,0e734c9bdf8b94132e40eaa57691471a2d4eb59264c64897c05fad14fa3b9da3,245,0,0,ANO C4 MES C2
ERTO1102.dbc,2013-11-01T11:32,4206,3d16eae867e00e033ce045f5c8f154f93cb1a64f4f96a3481a2a739949b983ba,162,0,0,ANO C4 MES C2
ERTO1103.dbc,2013-11-01T11:32,4663,4ec9d7302f8248d59ade8703f6113cb15228834a2a2816bf51b6cf0e4d1344db,189,0,0,ANO C4 MES C2
ERTO1104.dbc,2013-11-01T11:32,6594,aae94c4e8b6b536dac5b7d450a8465712b6ec44b92785289e962c88665a7ca1e,291,0,0,ANO C4 MES C2
ERTO1105.dbc,2013-11-01T11:32,10634,10c119f4238f575552e4eca8731931d5225574944144dd21fe99fb8a6f494713,465,0,0,ANO C4 MES C2
ERTO1106.dbc,2013-11-01T11:32,10699,6ce529f76f7871900a5d9eaf5fd7e9a9a36bb4b288397ba69d504be2ba1bc6d9,468,0,0,ANO C4 MES C2
ERTO1107.dbc,2013-11-01T11:32,7586,8feeacae9b257638e5520620d04bd34db5a64ec7656ce6c6dc0df1637c2f1aeb,327,0,0,ANO C4 MES C2
ERTO1108.dbc,2013-11-01T11:32,10142,bf3321373c23a0b4499817268120b65b35daee78a40ba8c24e459255ea11f08d,419,0,0,ANO C4 MES C2
ERTO1109.dbc,2013-11-01T11:32,8532,fe97f1979a1e44d03d40c6fcd438b327bda9f57e58dc6596f0039e771d913f8b,352,0,0,ANO C4 MES C2
ERTO1110.dbc,2013-11-01T11:32,15748,d969a76499d7d8f547d5f059ec13db4cfd409d44716fdea8cb586599cce02a81,740,0,0,ANO C4 MES C2
ERTO1111.dbc,2013-11-01T11:32,14917,19e4bf607f152268197f332f9d57fc1abceddae2c6d4edfd7885a8a97d25a5f6,653,0,0,ANO C4 MES C2
ERTO1112.dbc,2013-11-01T11:32,14013,7865e5fff5d12989557fea1b2b106d55f2cb620fac326d001b54e772bcfe7d85,617,0,0,ANO C4 MES C2
ERTO1201.dbc,2013-11-01T11:32,13479,8c0badeda372db1a23cc0b362e5f49c681ab0264a68cfac56c53a039dbfadc75,600,0,0,ANO C4 MES C2
ERTO1202.dbc,2013-11-01T11:32,9293,0e3ce28be638af19603678604cd251f7f06bcaf18e6693ffc80cff3e95c26cf5,388,0,0,ANO C4 MES C2
ERTO1203.dbc,2013-11-01T11:32,15172,d7e89fda1047ba09e0169c56b87739660a87162f19ea1192900b1d7ebd828044,674,0,0,ANO C4 MES C2
ERTO1204.dbc,2013-11-01T11:32,15538,9970c5290b657f050d2303d045a00638c471fee5d85fb647e5f559493567b138,700,0,0,ANO C4 MES C2
ERTO1205.dbc,2013-11-01T11:32,19473,58c5f7ba3a7e48e89f6120a56008f35448a3e17e47f6e8e4ebd492408da5985c,928,0,0,ANO C4 MES C2
ERTO1206.dbc,2013-11-01T11:32,18268,0a81449246529fa922e581efdcb74376b44f6b8bd6212e684567b6d01d6b3fcd,840,0,0,ANO C4 MES C2
ERTO1207.dbc,2013-11-01T11:32,11514,b7588e944fa3b54badf5ef730f340122e1de44f65690258c21e5c3169bda160b,484,0,0,ANO C4 MES C2
ERTO1208.dbc,2013-11-01T11:32,12105,3393e2c0e21da0621146cc797ae11e8b96216460ac47a7c9d67a4a742ef721a4,546,0,0,ANO C4 MES C2
ERTO1209.dbc,2013-11-01T11:32,8293,27b42e4ab82fcbb995ea46f53013044cbd29eccdf11f4045768d30ac0bd64349,346,0,0,ANO C4 MES C2
ERTO1210.dbc,2013-11-01T11:32,6167,62b9e9b9942e6800985215e1a25af12950bcb6012c7aa03bb30712aff23e251b,265,0,0,ANO C4 MES C2
ERTO1211.dbc,2013-11-01T11:32,8999,50b02266c7af23ec37c0211d255a27eee403d51a363d46b776ffd96eed6b3782,394,0,0,ANO C4 MES C2
ERTO1212.dbc,2013-11-01T11:32,17231,205190ee654fcf54ce7e3f8d0bbb33eb05d8b10cf25788817539a8e105a2b117,904,0,0,ANO C4 MES C2
ERTO1301.dbc,2014-09-25T11:18,11227,149cbac1d65dfb1ec574e0d69421d819c10ef953379f60da15e3e56bdcecb5ba,481,0,0,ANO C4 MES C2
ERTO1302.dbc,2014-09-25T11:18,15281,1b9da6a69e298c526dfdc61b0ca6ffdc2370071f15558e82bc2ed3d4ea7e4a3a,696,0,0,ANO C4 MES C2
ERTO1303.dbc,2014-09-25T11:18,12032,7a95071541255da4e59118fdf6661b4b40e70933e2aa80ff87c756996209cc89,532,0,0,ANO C4 MES C2
ERTO1304.dbc,2014-09-25T11:18,15882,2fe5cecba4f5a84e61d719d46c40677e4610e2ec1c36ffe297044314f6154366,724,0,0,ANO C4 MES C2
ERTO1305.dbc,2014-09-25T11:18,15914,d466090e6dc2abfc4a4de6f50a01b723e726aa033104b8738806eb3f5485b58e,731,0,0,ANO C4 MES C2
ERTO1306.dbc,2014-09-25T11:17,14218,6071c011a4c42dbb6de9ebf310181d258e788641cbfbe10e2bc8ffe8e19e2b2d,638,0,0,ANO C4 MES C2
ERTO1307.dbc,2014-09-25T11:17,12932,a0bd00ade6bfee03189318f495e73230026255fce4af0a3e2719b65ecf1811e5,579,0,0,ANO C4 MES C2
ERTO1308.dbc,2014-09-25T11:17,15547,33068c52bed8b6b7445f1addcfd8e2f4070746e0a4b0cbf53ab412e45658bfaa,695,0,0,ANO C4 MES C2
ERTO1309.dbc,2014-09-25T11:17,16548,94757197c1c77f0d9c49e9875063b1231314ade1945746b5d63da8cef194638f,800,0,0,ANO C4 MES C2
ERTO1310.dbc,2014-09-25T11:17,17352,f6b1166016b1d2bca0d220aecfcf5c15048632631793f785fef33fb1791111bf,829,0,0,ANO C4 MES C2
ERTO1311.dbc,2014-09-25T11:17,14861,03fd61bdd104373b29e4f5d5c46c9b6dfc3d160538ca79b53ac402f9008db3fd,693,0,0,ANO C4 MES C2
ERTO1312.dbc,2014-09-25T11:17,9365,7c45772978a87a7d44c3db75bfb59918c116cc633e82194c531811f55e9cef94,415,0,0,ANO C4 MES C2
ERTO1401.dbc,2015-10-05T11:57,6929,4deeda8ffd5d954b07fbf6036ad52c344e43771c02654ec9e08e75658cda87a4,314,0,0,ANO C4 MES C2
ERTO1402.dbc,2015-10-05T11:57,10559,b83e44a939a49c2d85fabe221057528fe86e03f4d5ffa24aed5559b59a5ea7b9,488,0,0,ANO C4 MES C2
ERTO1403.dbc,2015-10-05T11:57,11419,b60219b84c627225bd6f95f3c85ffdd4ece27545d95062a6c3d3b1bd9db2ef61,509,0,0,ANO C4 MES C2
ERTO1404.dbc,2015-10-05T11:57,13142,73dde0a987667451c469cb2cebafb8e3d41159ac97a0beb110f9d36dc643d67e,606,0,0,ANO C4 MES C2
ERTO1405.dbc,2015-10-05T11:57,11309,f2ebe0ccd3051cb41c016068169ebcbd9f0781963b817646334cc1aade9c4c25,521,0,0,ANO C4 MES C2
ERTO1406.dbc,2015-10-05T11:57,8703,d4782624c40e71e9f4ee5d4deb443cc56addff546e57c46d762cd11281f737d0,390,0,0,ANO C4 MES C2
ERTO1407.dbc,2015-10-05T11:57,5814,2ba69ee5b1af7e38132cf725964d41a789b47e6950a49f40aec6778a73f4c8a5,260,0,0,ANO C4 MES C2
ERTO1408.dbc,2015-10-05T11:57,5446,52b53baf97bb40b5e0e9ef8222d74935b5d06524c47bb22e3745fa25283fe7e0,244,0,0,ANO C4 MES C2
ERTO1409.dbc,2015-11-09T10:30,5069,f41f0f597e6cd2e785daaa70c679b373f8e7524328fe98bc6fb6a67109b30370,215,0,0,ANO C4 MES C2
ERTO1410.dbc,2015-12-07T08:58,5374,a2be60e8d78d8b7d27bb16506ea591e22148a1c29ee99628585e659c417196b1,229,0,0,ANO C4 MES C2
ERTO1411.dbc,2016-01-07T10:01,6923,db4026e2eeebf21116cf7b615c081d365876f3d5dbd582c523cc2492b7c0ecfd,299,0,0,ANO C4 MES C2
ERTO1412.dbc,2016-02-05T09:09,5758,87f10d740372be7bcc35d179472bf6b6279466b40c2b1bdb5bc8475c9b282b8f,243,0,0,ANO C4 MES C2
ERTO1501.dbc,2016-10-04T10:21,4374,ae1d7ebfd084a2bcef4ab2c13a829427c0cb95bd698e0dd3cc6a5df22c65fac8,180,0,0,ANO C4 MES C2
ERTO1502.dbc,2016-10-04T10:21,5031,1da42c6961e3eac537ed53a7c0e22683452c2895f40f6567101322283eafdfd9,227,0,0,ANO C4 MES C2
ERTO1503.dbc,2016-10-04T10:21,8545,d120c80e17bc70396310b7746994bd55fff9c511192f180dd6eb924add8d8de4,378,0,0,ANO C4 MES C2
ERTO1504.dbc,2016-10-04T10:21,7833,35728795e618ed763c808e38ffeba4995e54e27321b73f9319f1fa49133048ee,349,0,0,ANO C4 MES C2
ERTO1505.dbc,2016-10-04T10:21,10396,da0ac877a3f2a05a6530c4a8c01986b4917cb8f876c274ed6f4c46d3680d0d65,478,0,0,ANO C4 MES C2
ERTO1506.dbc,2016-10-04T10:21,12324,b28243b3854803245e87f6d8f26a8a97530879cf859a6f34102fc30fa1c57dcc,552,0,0,ANO C4 MES C2
ERTO1507.dbc,2016-10-04T10:21,10334,45599e0a94ed62f65903996f0ca29e2dde4721a18cea8b27c1782e9384d79830,467,0,0,ANO C4 MES C2
ERTO1508.dbc,2016-10-04T10:21,7257,c5e473281889411d12d89e27cc159389d83e3877c797eed5d4c6075c2de1f308,326,0,0,ANO C4 MES C2
ERTO1509.dbc,2016-10-04T10:21,4809,1e605a0e2e112962566db34578571046f09ef48450130a7df0ddef229f2713ff,192,0,0,ANO C4 MES C2
ERTO1510.dbc,2016-10-04T10:21,5589,149405b7baf629c74c3983adb893fed07db3dc8bfb8283de83b54d787f162d3c,239,0,0,ANO C4 MES C2
ERTO1511.dbc,2016-10-04T10:21,5768,d99d6e45e898faec349aa5fb694ca2c60ac1ee935bfd4696caba1d91a6db8fb1,236,0,0,ANO C4 MES C2
ERTO1512.dbc,2016-10-04T10:21,11634,47fbfb13b93a478f844fea7923c01e88cd9667244d7cfdbdbd64fc6247119cba,522,0,0,ANO C4 MES C2
ERTO1601.dbc,2017-04-10T10:08,12083,3d346435367efdaa9b69de381483490d1924b02cfb46c3c7526f56b434c1d45d,536,0,0,ANO C4 MES C2
ERTO1602.dbc,2017-04-10T10:08,7535,7c6ed0a86e6cb40f92acbcbe84c86b70c399fe8d5b9069f477013fc17c9f557d,308,0,0,ANO C4 MES C2
ERTO1603.dbc,2017-05-05T14:38,5502,154ae41aa0132d08c7e19bc9181db01e31f1e4d48e9777202314ea10862f0eac,232,0,0,ANO C4 MES C2
ERTO1604.dbc,2017-06-05T09:59,6368,c87e5fee15fa8fe71ad95367d4ec562e967a6102ce3774a621b7f94375a1ed2e,268,0,0,ANO C4 MES C2
ERTO1605.dbc,2018-01-08T15:29,6738,c08439da7b62add7e27d8e5962cba1488386566d36fed9a85f452e48f06126b9,291,0,0,ANO C4 MES C2
ERTO1606.dbc,2018-01-08T15:29,5630,7082257d601785414f2a01e4a49e2bb205278f0d74bf1258929e8f42943fbf05,240,0,0,ANO C4 MES C2
ERTO1607.dbc,2018-01-08T15:29,7029,23b2b1cb0b1faeb0913f510ceb323e0687df130cb069b86ef696d3f0ec147885,305,0,0,ANO C4 MES C2
ERTO1608.dbc,2018-01-08T15:29,8093,2d4a4f09091cad3694ecc73f863557a596709d11e0f016ed122c3bdebd902bbc,368,0,0,ANO C4 MES C2
ERTO1609.dbc,2018-01-08T15:29,11216,e31d48dd5febdfa7e13ef039867098f21ed3abefe608f0a99686651d166db602,513,0,0,ANO C4 MES C2
ERTO1610.dbc,2018-01-08T15:29,8332,5f45ab0fa0cbf38db13d92b485e85c6a853be7d69a2377f5fefe1e0cf61ba076,416,0,0,ANO C4 MES C2
ERTO1611.dbc,2018-01-08T15:29,3816,34db28646b51230f37f0509a4be96529a7965c2db5a3b68fc3148ef5bb5383f3,160,0,0,ANO C4 MES C2
ERTO1612.dbc,2018-02-05T09:38,5323,4b33bdc02976d81891a8057feeacd928d3a5b10696c260cb4944dbcdb884bcb5,237,0,0,ANO C4 MES C2
ERTO1701.dbc,2019-04-10T16:26,10044,922d1d9ed4c35f59b338d4df0f3f8e2a47968ceb8a3a5784ce28bfdc78eb4a7f,421,0,0,ANO C4 MES C2
ERTO1702.dbc,2019-04-10T16:26,9227,4ccd9c6017c06f8cbedb6cabbc411cb36f44eddb00ca4e6421c3d8239ef453c7,383,0,0,ANO C4 MES C2
ERTO1703.dbc,2019-04-10T16:26,9394,d57b187df85cd18b862b4cacb781608d5992792a94c4b6fde4de76cb5fea6ce6,379,0,0,ANO C4 MES C2
ERTO1704.dbc,2019-04-10T16:26,13979,0cbb21fd0c47176ba5e2b873ad375d037c64139e098e0d754fbe7cbb8e25723e,644,0,0,ANO C4 MES C2
ERTO1705.dbc,2019-04-10T16:26,12030,93bd6538b9b6f1d2b25747ccb3d9db13258fedd7255c96ed81c56cea7fd698b8,515,0,0,ANO C4 MES C2
ERTO1706.dbc,2019-04-10T16:26,11636,70158947e0d9090df398e4097fe58988905c0acb55f8cb9c0ef2383cd5c0d5f3,498,0,0,ANO C4 MES C2
ERTO1707.dbc,2019-04-10T16:26,10765,55557f5454067ae25314fa61a65fb58cdc8e51580fa17cb62a512dd60f829c23,456,0,0,ANO C4 MES C2
ERTO1708.dbc,2019-04-10T16:26,18773,f0414f18fafb7998ba75dcfa65dbf9e554abc5325e9971924d0be731abbd794c,877,0,0,ANO C4 MES C2
ERTO1709.dbc,2019-04-10T16:26,10414,0af876683aa23e18fe410aba3698d411025f14604351fc1853995f0e3f3466b8,444,0,0,ANO C4 MES C2
ERTO1710.dbc,2019-04-10T16:26,11069,a7662c9eea7a2077f3bc8435062da8186c7004bb329f8e7e241a0f4080788803,473,0,0,ANO C4 MES C2
ERTO1711.dbc,2019-04-10T16:26,18182,341ce3f11990fe38ef4280fb514c2d6b6ba9ab986f0d1cc7ace2035de845b323,826,0,0,ANO C4 MES C2
ERTO1712.dbc,2019-07-08T14:44,18560,5cd9ee03110ce434617259693f46fd947904e70303bc4b66d1ba4b546c4e50a0,838,0,0,ANO C4 MES C2
ERTO1801.dbc,2019-08-05T14:39,8653,cbcd0038f35ab2ed80029ec2ae7bc21ce2b8b1404804b21984c400aea3fdc0dc,351,0,0,ANO C4 MES C2
ERTO1802.dbc,2019-08-05T14:39,11698,eca927e7134a9d892fe14ae17b635f0700babd1611fc5eac52b51127ffbf5e37,519,0,0,ANO C4 MES C2
ERTO1803.dbc,2019-08-05T14:39,9892,d7877121d12c09e9b57df13af83c7ed07fa515a9b7517cc8d80b0197c0eceece,426,0,0,ANO C4 MES C2
ERTO1804.dbc,2019-08-05T14:39,23737,a50656ab82cf2b6e58eebf2fdacb2acf6a68611c6b6fe7bb6d288c69ce20a32c,1090,0,0,ANO C4 MES C2
ERTO1805.dbc,2019-08-05T14:39,32965,b380a5579a8086d815c78c6a12a5434f7c87b33a4b84b40d0a45f7a97b003460,1585,0,0,ANO C4 MES C2
ERTO1806.dbc,2020-01-09T16:48,20565,219d97c6727903b0ea57563bfca895f926b94d4dd5e36ee576ea09e4ec49eac0,919,0,0,ANO C4 MES C2
ERTO1807.dbc,2020-01-09T16:48,16046,a2a490a2d4f5a7a518b3b67b0e9459bc7567b5bccc268d0c7cd592ce5cb160ee,718,0,0,ANO C4 MES C2
ERTO1808.dbc,2020-01-09T16:48,13580,af292065708341c5e7452cd085256f2a3abecc2dcdc6c9f70c09ce02d9b1576b,606,0,0,ANO C4 MES C2
ERTO1809.dbc,2020-01-09T16:48,18288,6d36b652e8c995c34daaf2cb500347f7f6fb6b2694c3d52fb67b2996949ff171,870,0,0,ANO C4 MES C2
ERTO1810.dbc,2020-01-09T16:48,17782,ef6aeb279ed3d2ff2d2958b066a2ca917130f950c0ccdcc8068734a4c3929e2c,815,0,0,ANO C4 MES C2
ERTO1811.dbc,2020-01-09T16:48,18076,abd6411640433c5836be47102bfa765b043923cb2bb8b6e62243b1a7abcb799d,844,0,0,ANO C4 MES C2
ERTO1812.dbc,2020-02-07T15:02,18660,88fb626562f315d3fe4ef7e32a4216a85e64e129b35eefb82ebdd018adabc018,906,0,0,ANO C4 MES C2
ERTO1901.dbc,2020-03-10T14:42,20504,82a69cd07d0ca21e718c12cf4df7db389bcafbbe5f0ac1814c04632060326519,936,0,0,ANO C4 MES C2
ERTO1902.dbc,2020-04-05T14:39,17537,8b642b120d7e3a50df994efa4d7ea09ae3501480b3f9ee1f66d87e7ba5d0f400,796,0,0,ANO C4 MES C2
ERTO1903.dbc,2020-06-04T13:53,18639,9a51ce99f84710628038d3ef7ec74793c6db6d0647767149071b8d6604ac736b,903,0,0,ANO C4 MES C2
ERTO1904.dbc,2020-06-04T13:53,19285,c688bb19e549a0d6791c5a6737ea37ab2e3d7ffada531ae44efdd8af385374be,906,0,0,ANO C4 MES C2
ERTO1905.dbc,2020-07-04T11:39,18932,f7a860d768c5b12de4aa7d702f1270c34bd0bea57a1a48215a63cc3285686633,851,0,0,ANO C4 MES C2
ERTO1906.dbc,2020-08-04T10:41,19042,5b059ae36d43866fc731be859d1fde4438068944d38ebbae7a86e6415ff1a407,901,0,0,ANO C4 MES C2
ERTO1907.dbc,2020-10-06T08:42,19453,72c9d73ed461c0165ac0034e04af91ceb6de7be340a074dc9023fed850d06755,890,0,0,ANO C4 MES C2
ERTO1908.dbc,2020-10-06T08:42,11169,b571409dba4360cbaecbcd550ea2016a74a57c167701641eda6e357a281cfa52,464,0,0,ANO C4 MES C2
ERTO1909.dbc,2020-11-18T10:37,6101,191712adbbce96ea80927683b1d62e43088b0fc75b04d156b299c293e7696f47,257,0,0,ANO C4 MES C2
ERTO1910.dbc,2020-12-07T11:23,6711,b8b49e1cef39d38e3d040b204e90fab1b8e24ba0109acfe539fad28fbabee6f9,281,0,0,ANO C4 MES C2
ERTO1911.dbc,2021-01-14T08:09,8882,423a0558cfbe014c24b5d11d93ecce1deb47cd2b925d75123a1f6e26cf4b70a0,383,0,0,ANO C4 MES C2
ERTO1912.dbc,2021-02-05T10:25,5021,40db096ade7f4d98817f28803f52d8a61a6f18954b53c96ec55340c6583618d1,199,0,0,ANO C4 MES C2
ERTO2001.dbc,2021-04-05T13:24,6206,e80bfd4537d333084899c218320504213886f612948c3df5e4638ef082a73563,267,0,0,ANO C4 MES C2
ERTO2002.dbc,2021-05-07T16:35,8426,0f2948d67f0d2ec7aacd3b2238af18479b6e7b59ffba124545ba833e145796e8,361,0,0,ANO C4 MES C2
ERTO2003.dbc,2021-05-07T16:35,14501,6479e8523bf4befb3afc0993530bb6157dce1d381b935ae9edd10947550989cd,652,0,0,ANO C4 MES C2
ERTO2004.dbc,2022-01-10T14:21,11521,2029f7ba74c5493ff8532608a642319b9d1a398108b2dad1aa9faca5d7df54f2,502,0,0,ANO C4 MES C2
ERTO2005.dbc,2022-01-10T14:21,7258,480d0c9d8f49e30235222b2b3393e1e7c4bd0d0a32d2178a01cd0fc9ea7b52de,309,0,0,ANO C4 MES C2
ERTO2006.dbc,2022-01-10T14:21,5500,39c7b9f90e915651c56a216e27abc88e64b8e5bfd989d70f102f87d70428b120,229,0,0,ANO C4 MES C2
ERTO2007.dbc,2022-01-10T14:21,5174,bd94ceb6d0889610d82ff71cd18c11d91030d34d36e1f7e7649f152546fe7fc5,210,0,0,ANO C4 MES C2
ERTO2008.dbc,2022-02-07T10:04,7368,dd67fd1621e40ca28bca3490d0942b7a15092bb4af7ecca635e8aa0cf4554af6,329,0,0,ANO C4 MES C2
ERTO2009.dbc,2022-02-07T10:04,6663,b98c7388da7e99c804e9902c0f0e042fcfd0ec9dc5af447419baa8346d694b1f,301,0,0,ANO C4 MES C2
ERTO2010.dbc,2022-02-07T10:04,10439,77e4866dc50eeb31d35c40460cb7916de1ca975604e5cd7efdf69f3d9d021991,447,0,0,ANO C4 MES C2
ERTO2011.dbc,2022-02-07T10:04,13841,27d0ce729755f38a4a47f68556793e919d149bfbdafe8fceba0634c2d079f08f,616,0,0,ANO C4 MES C2
ERTO2012.dbc,2022-03-07T13:12,33444,804e073bd5c05a5b071f42a35c7ec1e1ea4d37dd84101988aa0db4cd56ec346d,1917,0,0,ANO C4 MES C2
ERTO2101.dbc,2022-03-07T13:12,14280,b257d941b9a7f76025c5ee97f2b67a23f97ff02d4ab55e175861387c50ec045a,629,0,0,ANO C4 MES C2
ERTO2102.dbc,2022-04-11T19:22,11241,e48c79b20edb9800037661702c4bb880aaa8d6077b9ac4152108c025c3a36df4,487,0,0,ANO C4 MES C2
ERTO2103.dbc,2022-05-04T12:32,13655,e3d2457a4ff9a1e4b0e0803b3a1e1f34fefb97cd40338ccfce5ef27d9e9744a3,591,0,0,ANO C4 MES C2
ERTO2104.dbc,2022-05-04T12:32,14995,1e786bccd3c48da9dcb752efff9f4f221124d4fedd8da54ad66713ce7ad5527e,666,0,0,ANO C4 MES C2
ERTO2105.dbc,2022-06-03T13:02,14891,f79c4b05a79cbd40f5c9eb004ab7e25f5efb5cfaa3483ff76afb3253765af1c6,661,0,0,ANO C4 MES C2
ERTO2106.dbc,2022-07-06T13:10,19102,5f7d9533b4c25455cd2d96e3016fea7e4e3b6ef0e78652a2fa7484e5b7fcaca3,910,0,0,ANO C4 MES C2
ERTO2107.dbc,2022-08-04T15:38,14270,55a8f82f8e990b8d33bcf665cca818d2dd616c4f6b530af09ab4a8d50a70654c,601,0,0,ANO C4 MES C2
ERTO2108.dbc,2022-09-06T11:15,12814,e4787730180b2170471d79ef4471023a9d536cd09ff521310579257a9d66889e,515,0,0,ANO C4 MES C2
ERTO2109.dbc,2022-10-05T14:25,10426,ea4c1938c32e77c7d643db195cd0dee06fe6f4605a97eecdfad278faebaca182,425,0,0,ANO C4 MES C2
ERTO2110.dbc,2022-11-03T17:53,7672,cb15b5a47f20f061949d15bd39becd4126697c13507080e9a56e76384011b058,314,0,0,ANO C4 MES C2
ERTO2111.dbc,2022-12-06T16:21,12309,2f2451427da8dc39b5bee17493d1c3da36c9d202205ec00984781c8266f7bfb1,543,0,0,ANO C4 MES C2
ERTO2112.dbc,2023-01-04T12:45,9610,747c4a0b8d0a134d70822609b8e3e1434b3cb67f447d70f290c802aca14c1f0e,401,0,0,ANO C4 MES C2
ERTO2201.dbc,2023-02-06T12:59,8523,c0dac09b728ec8843bb3a2e5c738c0ed3bd00ea97b12fc09e481d9a74ee6eb21,342,0,0,ANO C4 MES C2
ERTO2202.dbc,2023-03-09T16:42,17393,cf862df263bae1fc8d83e212ddd0367769ff0f8408deacd77c30a37f6ecd57c8,807,0,0,ANO C4 MES C2
ERTO2203.dbc,2023-04-05T13:30,20397,051fe1ddb3bc6ee598633d4adbdb1f713d1ec26767e19d619611abbd7be802eb,916,0,0,ANO C4 MES C2
ERTO2204.dbc,2023-05-08T14:30,12097,32cb59a49449ef9b6b9426e15b317ca994ac47a1820352afef6e3cbbd4f6e456,526,0,0,ANO C4 MES C2
ERTO2205.dbc,2023-06-05T11:30,29648,6fc6def9119691cd7363cbd5167b9d06b236faa6503aabc6a544e389ed6ca37d,1442,0,0,ANO C4 MES C2
ERTO2206.dbc,2023-07-05T12:43,20270,78d8b5bc32e796b1eef6922f2ba58bce4566773ac60709dd3fe7faa28b731b66,917,0,0,ANO C4 MES C2
ERTO2207.dbc,2023-08-03T16:36,23026,79aec68211ecb453dab4962172654b65ad3dc861e0b175bd156367b7ff9d78ec,1054,0,0,ANO C4 MES C2
ERTO2208.dbc,2023-09-04T21:02,27503,3b3c1fec49415fe33df03954a33125233ef62dcb6ed860c1053af4d5f97a0a70,1280,0,0,ANO C4 MES C2
ERTO2209.dbc,2023-10-04T17:01,21384,4a1ba254598329c6ff005f2562d8a764ed3e3f00264602b1ee51d56870c9f810,976,0,0,ANO C4 MES C2
ERTO2210.dbc,2023-11-06T15:48,21761,c1a25db58309bf03ae9b2163b9c6b0d6c5946620a44a7b8768297d999bfa054c,1005,0,0,ANO C4 MES C2
ERTO2211.dbc,2023-12-05T14:58,23290,1790a9064363ecedc0962670f412480fda07bba817a2471973278d6b8c995441,1081,0,0,ANO C4 MES C2
ERTO2212.dbc,2024-01-05T17:49,18611,93c87d18de0258a0d08fe1f87fc657dce72570a67512bf0834046c17457226b4,851,0,0,ANO C4 MES C2
ERTO2301.dbc,2024-02-05T22:47,13129,c9b76a2ce7fee413f11d6369d4688c617eb0e0cdad7f74e1e0fe93c2e524120e,555,0,0,ANO C4 MES C2
ERTO2302.dbc,2024-03-07T18:39,16848,93c825e0760c05b61b679d7a53d128866e1ef82061329193631b91c72434ef97,760,0,0,ANO C4 MES C2
ERTO2303.dbc,2024-04-09T14:24,19364,b4e6170af560c113931b1861ed3864e974c95011913ab60c2dae1fa6c776b6f3,867,0,0,ANO C4 MES C2
ERTO2304.dbc,2024-06-16T01:07,14922,13929a92193eaaecfad713205c0565f6766eff17401f22e18ee5a86a0663afb6,644,0,0,ANO C4 MES C2
ERTO2305.dbc,2024-06-16T01:07,25555,88252983075c299202915b7eaed64a1efffa1d44a2107cede73e662a41d9f006,1230,0,0,ANO C4 MES C2
ERTO2306.dbc,2024-08-05T14:43,20963,7b8978836d1c642fb97aa9e84646fda58758af276f942a52b96c0c5f6acca880,958,0,0,ANO C4 MES C2
ERTO2307.dbc,2024-08-05T14:43,14619,73a1a8394b88f4b7e6052ef967c376aec3e56eee3e9195e9f614aba835e4511b,614,0,0,ANO C4 MES C2
ERTO2308.dbc,2024-09-05T10:26,18093,4f6673c6847d037e06e8a2ecabf3a035f3d56f8288a2f6ffa3607acb49ed3fff,772,0,0,ANO C4 MES C2
ERTO2309.dbc,2024-10-08T12:05,20830,b9411eed1d96bb9610074c8fc24fadc4b3b30686075631d3cf0bfe3f488b6c9c,898,0,0,ANO C4 MES C2
ERTO2310.dbc,2024-11-07T15:41,21782,a1cbe9ed062fec68ea2250f79c5f05cad9f1ff697aeed0774ab8a3303c94fd6e,951,0,0,ANO C4 MES C2
ERTO2311.dbc,2025-01-05T18:54,22780,1a13333f744b3d07dd27516f43964a1917e9bc411404396b1e8db7eec61892af,1036,0,0,ANO C4 MES C2
ERTO2312.dbc,2025-01-05T18:54,25346,8c0e5fd3feb822cc8f78701f2a529d683c0a1689ad32f69a62fce6b6705783be,1159,0,0,ANO C4 MES C2
ERTO2401.dbc,2025-02-09T21:24,16454,47929d27c1450c1a3830cc47c0ebf84fdc3a4758c6b0486997e3bf3a45caadfe,695,0,0,ANO C4 MES C2
ERTO2402.dbc,2025-03-11T23:45,18878,d09e5981d161654be0e4bad54a205236f6c6e220c392a7cb63e7d94eb6d94b90,805,0,0,ANO C4 MES C2
ERTO2403.dbc,2025-04-05T12:12,18256,ec920282622a3ac0911db8a7ef1f663e1a2732109e3605b21ded9cf5a6f387d6,787,0,0,ANO C4 MES C2
ERTO2404.dbc,2025-05-08T08:05,19197,46ac8cc3f0a97a253ee87cd0d90daf0b53d69427fb4acdb7339224b807bb4cdb,830,0,0,ANO C4 MES C2
ERTO2405.dbc,2025-06-06T10:44,32132,075bc7437ba058f604d61e078368255a71663908b29e2e1d26b68f62f64d6427,1517,0,0,ANO C4 MES C2
ERTO2406.dbc,2025-07-06T11:28,16025,7a6f504c954da93c758b3c9e3d24cdd7ac558c45be6fc00360bbbfa429e19d21,686,0,0,ANO C4 MES C2
ERTO2407.dbc,2025-08-04T07:13,21260,7c6af1f1fb3e87bb3761ec8cb823b5e1815c55231c15e1a858120754ae7afdbb,975,0,0,ANO C4 MES C2
ERTO2408.dbc,2025-09-05T12:53,21688,faa56e3cf0a797ba9591d0dd93f3b8ea520281af9e8a32908d9b6e673a0ae0b3,952,0,0,ANO C4 MES C2
ERTO2409.dbc,2025-10-06T17:04,21628,a21ba5181bc3c5a766501e3aaada19f583a5796b8c89570ef66fc07fcac82564,947,0,0,ANO C4 MES C2
ERTO2410.dbc,2025-11-06T16:20,18061,244adf361e895ef2e57686a0d71050506f0df60fefdaf2e94b408e4f121f2446,774,0,0,ANO C4 MES C2
ERTO2411.dbc,2025-12-05T20:17,23445,46f811f56a75b5ef06173ecf8755151b95855162c79ed7307473d6b72ed7d086,1072,0,0,ANO C4 MES C2
ERTO2412.dbc,2026-01-07T19:03,14807,c4e4d2e8eaf3668cd7b372270bf999e882af14aef71e3d081ff0e6ca39fc55ff,644,0,0,ANO C4 MES C2
ERTO2501.dbc,2026-02-08T14:12,15246,2ec5115f9b611000c94fd8b6c6c16f02ec6ccf43104fad256289fc8a53a53e1b,679,0,0,ANO C4 MES C2
ERTO2502.dbc,2026-03-06T22:13,20680,6b3046de9325b58f9723e11550c59194a00769783666249e96a2c3b5477d43c2,932,0,0,ANO C4 MES C2
ERTO2503.dbc,2026-04-07T07:24,20484,f61d84252177fceef2ace85a4dd68ba38578c6199eec731d0f46c6cf945f3313,921,0,0,ANO C4 MES C2
ERTO2504.dbc,2026-05-06T18:59,23025,ffbca7731af76c2ef19809086d1859fc7515e63c6eeb0283e9a3a87b24062600,1019,0,0,ANO C4 MES C2
ERTO2505.dbc,2026-06-06T20:14,28383,d2df574ea94d0e2d7559c26db91bd706a4c413ba10d1dfc1c8e2e00808aa72ec,1282,0,0,ANO C4 MES C2
ERTO2506.dbc,2026-07-06T15:10,25650,5e5e4ef32096ad39a97926a1ffacd409f139de7c19146f14e249c194b48b0989,1185,0,0,ANO C4 MES C2
ERTO2507.dbc,2026-08-07T12:25,24127,85cee0c2cdb9b908097e01a7846fd1c55aa1fde5cfe2b44eaad5af0008600ebb,1121,0,0,ANO C4 MES C2
ERTO2508.dbc,2026-09-06T21:26,22057,0e49e235333cb68f07b270ef9931eb1f54c13697ccd572b99f73c5931e54ed24,987,0,0,ANO C4 MES C2
ERTO2509.dbc,2026-09-06T21:26,29309,2035b638023e7928c75fcf1727611993304f057fc6a02d563892c3c06f36ed19,1369,0,0,ANO C4 MES C2
ERTO2510.dbc,2026-09-06T21:26,20266,2617bbb355ed0835fb0c4b505d25e632c8c267ee74d875afc0667fc918830134,899,0,0,ANO C4 MES C2
ERTO2511.dbc,2026-09-06T21:26,19097,810303b973fe03b610554bfb25fec0275828a3a1eba5fa7e35395c8561d8ae84,852,0,0,ANO C4 MES C2
ERTO2512.dbc,2026-09-06T21:26,13915,a0c3add25451ab8ace2d619eab2e66aa6d01b86b250dfa4d6b92122466009854,597,0,0,ANO C4 MES C2
ERTO2601.dbc,2026-09-06T21:26,17938,7ce83ee15ce582a1dd62394b3ace143dea2988061944dcb143b9ce7a3377d4e7,773,0,0,ANO C4 MES C2
ERTO2602.dbc,2026-09-06T21:26,16623,8222f61f11fa6be509f284bae1ce2752f681c60828c9fd7c07776b9b8fb20fc3,720,0,0,ANO C4 MES C2
ERTO2603.dbc,2026-09-06T21:26,20458,6fd13f4cc1886e84c22971ea842cb66e7929914344a375282d7be9e7bd4a25bd,918,0,0,ANO C4 MES C2
ERTO2604.dbc,2026-09-06T21:26,20569,c963405ab5ee0c96e3cf7f34da2313bcd55469825bbd5eceac6e0d98ea4269a9,929,0,0,ANO C4 MES C2
ERTO2605.dbc,2026-09-06T21:26,18681,ad59fd881ae0bb7b6cc540ebd2d959d255e053108350b83be9a365d54a660dc8,818,0,0,ANO C4 MES C2
ERTO2606.dbc,2026-09-06T21:26,24496,40c5069e4323f01a64a41a69013816fc8959b2e20b139c2b665cfb89b4bfc4fc,1099,0,0,ANO C4 MES C2
ERTO2607.dbc,2026-09-06T21:26,15582,7edb9e85bc6d9f3966d2d22d94046e6152b92736c2d8cb2785cdecfba9a415b0,688,0,0,ANO C4 MES C2
